{
    "15": {
        "BestCoverage": 0.8,
        "TestChangeProbability": {
            "action": 0.0668665647506714,
            "observation": 0.3333333333333333
        }
    },
    "20": {
        "BestCoverage": 0.8,
        "TestChangeProbability": {
            "action": -0.03861050605773926,
            "observation": 0.4001998980840047
        }
    },
    "25": {
        "BestCoverage": 0.8,
        "TestChangeProbability": {
            "action": 0.06260809898376465,
            "observation": 0.36158939202626544
        }
    },
    "30": {
        "BestCoverage": 0.8,
        "TestChangeProbability": {
            "action": 0.06531701087951661,
            "observation": 0.4241974910100301
        }
    },
    "35": {
        "BestCoverage": 0.8,
        "TestChangeProbability": {
            "action": 0.049164569377899175,
            "observation": 0.4895145018895467
        }
    },
    "40": {
        "BestCoverage": 0.8,
        "TestChangeProbability": {
            "action": -0.022572696208953857,
            "observation": 0.5386790712674459
        }
    },
    "45": {
        "BestCoverage": 0.8,
        "TestChangeProbability": {
            "action": 0.03343718051910399,
            "observation": 0.516106375058492
        }
    },
    "50": {
        "BestCoverage": 0.8,
        "TestChangeProbability": {
            "action": -0.01806594133377075,
            "observation": 0.549543555577596
        }
    },
    "55": {
        "BestCoverage": 0.8,
        "TestChangeProbability": {
            "action": 0.0442229151725769,
            "observation": 0.5314776142438253
        }
    },
    "60": {
        "BestCoverage": 0.8,
        "TestChangeProbability": {
            "action": -0.08256750702857972,
            "observation": 0.5757005294164023
        }
    },
    "65": {
        "BestCoverage": 0.8,
        "TestChangeProbability": {
            "action": -0.0724743902683258,
            "observation": 0.49313302238782253
        }
    },
    "70": {
        "BestCoverage": 0.8,
        "TestChangeProbability": {
            "action": -0.02351258993148804,
            "observation": 0.4206586321194967
        }
    },
    "75": {
        "BestCoverage": 0.8,
        "TestChangeProbability": {
            "action": -0.010484272241592402,
            "observation": 0.3971460421880087
        }
    },
    "80": {
        "BestCoverage": 0.8,
        "TestChangeProbability": {
            "action": 0.07798770666122437,
            "observation": 0.3866617699464163
        }
    },
    "85": {
        "BestCoverage": 0.8,
        "TestChangeProbability": {
            "action": 0.03797900676727295,
            "observation": 0.46464947660764067
        }
    },
    "90": {
        "BestCoverage": 0.8,
        "TestChangeProbability": {
            "action": -0.0694252371788025,
            "observation": 0.5026284833749136
        }
    },
    "95": {
        "BestCoverage": 0.8,
        "TestChangeProbability": {
            "action": -0.053551459312438966,
            "observation": 0.4332032461961111
        }
    },
    "100": {
        "BestCoverage": 0.8,
        "TestChangeProbability": {
            "action": -0.05445351004600525,
            "observation": 0.3796517868836721
        }
    },
    "105": {
        "BestCoverage": 0.8,
        "TestChangeProbability": {
            "action": -0.0071440875530242864,
            "observation": 0.3251982768376669
        }
    },
    "110": {
        "BestCoverage": 0.8,
        "TestChangeProbability": {
            "action": 0.020091009140014646,
            "observation": 0.3180541892846426
        }
    },
    "115": {
        "BestCoverage": 0.8,
        "TestChangeProbability": {
            "action": -0.03471129536628724,
            "observation": 0.33814519842465723
        }
    },
    "120": {
        "BestCoverage": 0.8,
        "TestChangeProbability": {
            "action": -0.045926821231842045,
            "observation": 0.30343390305837
        }
    },
    "125": {
        "BestCoverage": 0.8,
        "TestChangeProbability": {
            "action": 0.0074409961700439425,
            "observation": 0.25750708182652793
        }
    },
    "130": {
        "BestCoverage": 0.8,
        "TestChangeProbability": {
            "action": -0.09465681910514832,
            "observation": 0.2649480779965719
        }
    },
    "135": {
        "BestCoverage": 0.8,
        "TestChangeProbability": {
            "action": 0.0952681064605713,
            "observation": 0.17029125889142355
        }
    },
    "140": {
        "BestCoverage": 0.8,
        "TestChangeProbability": {
            "action": 0.03088073730468749,
            "observation": 0.26555936535199487
        }
    },
    "145": {
        "BestCoverage": 0.8,
        "TestChangeProbability": {
            "action": 0.051634788513183594,
            "observation": 0.29644010265668236
        }
    },
    "150": {
        "BestCoverage": 0.8,
        "TestChangeProbability": {
            "action": 0.08299148082733154,
            "observation": 0.34807489116986595
        }
    },
    "155": {
        "BestCoverage": 0.8,
        "TestChangeProbability": {
            "action": -0.009217590093612671,
            "observation": 0.4310663719971975
        }
    },
    "160": {
        "BestCoverage": 0.8,
        "TestChangeProbability": {
            "action": 0.07117437124252321,
            "observation": 0.4218487819035848
        }
    },
    "165": {
        "BestCoverage": 0.8,
        "TestChangeProbability": {
            "action": 0.016018557548522952,
            "observation": 0.493023153146108
        }
    },
    "170": {
        "BestCoverage": 0.8,
        "TestChangeProbability": {
            "action": -0.06349818110466005,
            "observation": 0.509041710694631
        }
    },
    "175": {
        "BestCoverage": 0.8,
        "TestChangeProbability": {
            "action": -0.0955713152885437,
            "observation": 0.44554352958997095
        }
    },
    "180": {
        "BestCoverage": 0.8,
        "TestChangeProbability": {
            "action": 0.03470590114593505,
            "observation": 0.3499722143014272
        }
    },
    "185": {
        "BestCoverage": 0.8,
        "TestChangeProbability": {
            "action": -0.059314393997192384,
            "observation": 0.3846781154473623
        }
    },
    "190": {
        "BestCoverage": 0.8,
        "TestChangeProbability": {
            "action": -0.08365991115570069,
            "observation": 0.3253637214501699
        }
    },
    "195": {
        "BestCoverage": 0.8,
        "TestChangeProbability": {
            "action": -0.09710478186607362,
            "observation": 0.2417038102944692
        }
    },
    "200": {
        "BestCoverage": 0.8,
        "TestChangeProbability": {
            "action": 0.043718528747558605,
            "observation": 0.14459902842839556
        }
    },
    "205": {
        "BestCoverage": 0.8,
        "TestChangeProbability": {
            "action": 0.08516349792480468,
            "observation": 0.18831755717595416
        }
    },
    "210": {
        "BestCoverage": 0.8,
        "TestChangeProbability": {
            "action": 0.05172169208526611,
            "observation": 0.2734810551007588
        }
    },
    "215": {
        "BestCoverage": 0.8,
        "TestChangeProbability": {
            "action": 0.015102338790893552,
            "observation": 0.32520274718602493
        }
    },
    "220": {
        "BestCoverage": 0.8,
        "TestChangeProbability": {
            "action": -0.0017187654972076472,
            "observation": 0.3403050859769185
        }
    },
    "225": {
        "BestCoverage": 0.8,
        "TestChangeProbability": {
            "action": 0.07292932271957397,
            "observation": 0.3385863204797108
        }
    },
    "230": {
        "BestCoverage": 0.8,