{
    "15": {
        "BestCoverage": 0.8,
        "TestInsertProbability": {
            "action": -0.05622321963310242,
            "observation": 0.3333333333333333
        }
    },
    "20": {
        "BestCoverage": 0.8,
        "TestInsertProbability": {
            "action": 0.07531838417053224,
            "observation": 0.27711011370023086
        }
    },
    "25": {
        "BestCoverage": 0.8,
        "TestInsertProbability": {
            "action": 0.013411080837249761,
            "observation": 0.35242849787076314
        }
    },
    "30": {
        "BestCoverage": 0.8,
        "TestInsertProbability": {
            "action": 0.09474790096282959,
            "observation": 0.36583957870801287
        }
    },
    "35": {
        "BestCoverage": 0.8,
        "TestInsertProbability": {
            "action": -0.04491273164749146,
            "observation": 0.46058747967084246
        }
    },
    "40": {
        "BestCoverage": 0.8,
        "TestInsertProbability": {
            "action": 0.09165165424346924,
            "observation": 0.415674748023351
        }
    },
    "45": {
        "BestCoverage": 0.8,
        "TestInsertProbability": {
            "action": -0.0553403913974762,
            "observation": 0.5073264022668202
        }
    },
    "50": {
        "BestCoverage": 0.8,
        "TestInsertProbability": {
            "action": -0.08828039765357971,
            "observation": 0.45198601086934403
        }
    },
    "55": {
        "BestCoverage": 0.8,
        "TestInsertProbability": {
            "action": -0.04524190425872803,
            "observation": 0.36370561321576433
        }
    },
    "60": {
        "BestCoverage": 0.8,
        "TestInsertProbability": {
            "action": -0.0009375751018524114,
            "observation": 0.3184637089570363
        }
    },
    "65": {
        "BestCoverage": 0.8,
        "TestInsertProbability": {
            "action": 0.057982683181762695,
            "observation": 0.3175261338551839
        }
    },
    "70": {
        "BestCoverage": 0.8,
        "TestInsertProbability": {
            "action": -0.04085607528686524,
            "observation": 0.3755088170369466
        }
    },
    "75": {
        "BestCoverage": 0.8,
        "TestInsertProbability": {
            "action": 0.0074103474617004395,
            "observation": 0.33465274175008136
        }
    },
    "80": {
        "BestCoverage": 0.8,
        "TestInsertProbability": {
            "action": 0.023787307739257815,
            "observation": 0.3420630892117818
        }
    },
    "85": {
        "BestCoverage": 0.8,
        "TestInsertProbability": {
            "action": -0.059413051605224615,
            "observation": 0.3658503969510396
        }
    },
    "90": {
        "BestCoverage": 0.8,
        "TestInsertProbability": {
            "action": -0.0749026656150818,
            "observation": 0.306437345345815
        }
    },
    "95": {
        "BestCoverage": 0.8,
        "TestInsertProbability": {
            "action": 0.06285529136657717,
            "observation": 0.23153467973073322
        }
    },
    "100": {
        "BestCoverage": 0.8,
        "TestInsertProbability": {
            "action": 0.04659174680709838,
            "observation": 0.29438997109731035
        }
    },
    "105": {
        "BestCoverage": 0.8,
        "TestInsertProbability": {
            "action": -0.0592938244342804,
            "observation": 0.34098171790440873
        }
    },
    "110": {
        "BestCoverage": 0.8,
        "TestInsertProbability": {
            "action": -0.021255421638488772,
            "observation": 0.28168789347012835
        }
    },
    "115": {
        "BestCoverage": 0.8,
        "TestInsertProbability": {
            "action": -0.007911902666091916,
            "observation": 0.2604324718316396
        }
    },
    "120": {
        "BestCoverage": 0.8,
        "TestInsertProbability": {
            "action": 0.05381202697753906,
            "observation": 0.25252056916554766
        }
    },
    "125": {
        "BestCoverage": 0.8,
        "TestInsertProbability": {
            "action": 0.004310464859008795,
            "observation": 0.3063325961430867
        }
    },
    "130": {
        "BestCoverage": 0.8,
        "TestInsertProbability": {
            "action": 0.021170067787170413,
            "observation": 0.3106430610020955
        }
    },
    "135": {
        "BestCoverage": 0.8,
        "TestInsertProbability": {
            "action": 0.007298374176025385,
            "observation": 0.3318131287892659
        }
    },
    "140": {
        "BestCoverage": 0.8,
        "TestInsertProbability": {
            "action": -0.08504064679145813,
            "observation": 0.33911150296529124
        }
    },
    "145": {
        "BestCoverage": 0.8,
        "TestInsertProbability": {
            "action": -0.06799544095993043,
            "observation": 0.2540708561738331
        }
    },
    "150": {
        "BestCoverage": 0.8,
        "TestInsertProbability": {
            "action": -0.0030418038368225098,
            "observation": 0.1860754152139027
        }
    },
    "155": {
        "BestCoverage": 0.8,
        "TestInsertProbability": {
            "action": 0.013973331451416021,
            "observation": 0.18303361137708019
        }
    },
    "160": {
        "BestCoverage": 0.8,
        "TestInsertProbability": {
            "action": -0.02359880208969116,
            "observation": 0.1970069428284962
        }
    },
    "165": {
        "BestCoverage": 0.8,
        "TestInsertProbability": {
            "action": -0.029119908809661865,
            "observation": 0.17340814073880506
        }
    },
    "170": {
        "BestCoverage": 0.8,
        "TestInsertProbability": {
            "action": 0.04140918254852294,
            "observation": 0.1442882319291432
        }
    },
    "175": {
        "BestCoverage": 0.8,
        "TestInsertProbability": {
            "action": 0.08572808504104615,
            "observation": 0.18569741447766613
        }
    },
    "180": {
        "BestCoverage": 0.8,
        "TestInsertProbability": {
            "action": 0.04040687084197997,
            "observation": 0.2714254995187123
        }
    },
    "185": {
        "BestCoverage": 0.8,
        "TestInsertProbability": {
            "action": 0.017060244083404535,
            "observation": 0.3118323703606923
        }
    },
    "190": {
        "BestCoverage": 0.8,
        "TestInsertProbability": {
            "action": 0.07954828739166261,
            "observation": 0.3288926144440968
        }
    },
    "195": {
        "BestCoverage": 0.8,
        "TestInsertProbability": {
            "action": -0.07043294310569764,
            "observation": 0.40844090183575943
        }
    },
    "200": {
        "BestCoverage": 0.8,
        "TestInsertProbability": {
            "action": 0.024892520904541013,
            "observation": 0.3380079587300618
        }
    },
    "205": {
        "BestCoverage": 0.8,
        "TestInsertProbability": {
            "action": -0.030990463495254514,
            "observation": 0.3629004796346028
        }
    },
    "210": {
        "BestCoverage": 0.8,
        "TestInsertProbability": {
            "action": 0.09885847568511963,
            "observation": 0.3319100161393483
        }
    },
    "215": {
        "BestCoverage": 0.8,
        "TestInsertProbability": {
            "action": -0.08862964510917665,
            "observation": 0.4307684918244679
        }
    },
    "220": {
        "BestCoverage": 0.8,
        "TestInsertProbability": {
            "action": 0.014502167701721191,
            "observation": 0.34213884671529127
        }
    },
    "225": {
        "BestCoverage": 0.8,
        "TestInsertProbability": {
            "action": 0.04697049856185914,
            "observation": 0.35664101441701246
        }
    },
    "230": {
        "BestCoverage": 0.8,