{
    "15": {
        "BestCoverage": 0.06666666666666667,
        "Population": {
            "action": -0.5952367782592773,
            "observation": 50
        }
    },
    "20": {
        "BestCoverage": 0.06666666666666667,
        "Population": {
            "action": 6.686994552612305,
            "observation": 49
        }
    },
    "25": {
        "BestCoverage": 0.06666666666666667,
        "Population": {
            "action": 7.198609352111816,
            "observation": 56
        }
    },
    "30": {
        "BestCoverage": 0.06666666666666667,
        "Population": {
            "action": -6.0720391273498535,
            "observation": 63
        }
    },
    "35": {
        "BestCoverage": 0.06666666666666667,
        "Population": {
            "action": -1.2294745445251465,
            "observation": 57
        }
    },
    "40": {
        "BestCoverage": 0.06666666666666667,
        "Population": {
            "action": 7.363424301147461,
            "observation": 56
        }
    },
    "45": {
        "BestCoverage": 0.06666666666666667,
        "Population": {
            "action": -2.889859199523926,
            "observation": 63
        }
    },
    "50": {
        "BestCoverage": 0.06666666666666667,
        "Population": {
            "action": 5.634546279907227,
            "observation": 60
        }
    },
    "55": {
        "BestCoverage": 0.06666666666666667,
        "Population": {
            "action": -3.7905216217041016,
            "observation": 66
        }
    },
    "60": {
        "BestCoverage": 0.06666666666666667,
        "Population": {
            "action": 4.887050628662109,
            "observation": 62
        }
    },
    "65": {
        "BestCoverage": 0.06666666666666667,
        "Population": {
            "action": 2.7542829513549805,
            "observation": 67
        }
    },
    "70": {
        "BestCoverage": 0.06666666666666667,
        "Population": {
            "action": -1.7595701217651367,
            "observation": 70
        }
    },
    "75": {
        "BestCoverage": 0.06666666666666667,
        "Population": {
            "action": 6.041482925415039,
            "observation": 68
        }
    },
    "80": {
        "BestCoverage": 0.06666666666666667,
        "Population": {
            "action": 6.243078231811523,
            "observation": 74
        }
    },
    "85": {
        "BestCoverage": 0.06666666666666667,
        "Population": {
            "action": -3.626770496368408,
            "observation": 80
        }
    },
    "90": {
        "BestCoverage": 0.06666666666666667,
        "Population": {
            "action": 6.626983642578125,
            "observation": 76
        }
    },
    "95": {
        "BestCoverage": 0.06666666666666667,
        "Population": {
            "action": -5.306375026702881,
            "observation": 83
        }
    },
    "100": {
        "BestCoverage": 0.06666666666666667,
        "Population": {
            "action": -2.691189765930176,
            "observation": 78
        }
    },
    "105": {
        "BestCoverage": 0.06666666666666667,
        "Population": {
            "action": 4.686427116394043,
            "observation": 75
        }
    },
    "110": {
        "BestCoverage": 0.06666666666666667,
        "Population": {
            "action": -3.9377098083496094,
            "observation": 80
        }
    },
    "115": {
        "BestCoverage": 0.06666666666666667,
        "Population": {
            "action": 4.63050651550293,
            "observation": 76
        }
    },
    "120": {
        "BestCoverage": 0.06666666666666667,
        "Population": {
            "action": 0.8378782272338867,
            "observation": 81
        }
    },
    "125": {
        "BestCoverage": 0.06666666666666667,
        "Population": {
            "action": 3.70526123046875,
            "observation": 82
        }
    },
    "130": {
        "BestCoverage": 0.06666666666666667,
        "Population": {
            "action": -5.2056050300598145,
            "observation": 86
        }
    },
    "135": {
        "BestCoverage": 0.06666666666666667,
        "Population": {
            "action": 7.150591850280762,
            "observation": 81
        }
    },
    "140": {
        "BestCoverage": 0.06666666666666667,
        "Population": {
            "action": -6.022222995758057,
            "observation": 88
        }
    },
    "145": {
        "BestCoverage": 0.06666666666666667,
        "Population": {
            "action": 5.953587532043457,
            "observation": 82
        }
    },
    "150": {
        "BestCoverage": 0.06666666666666667,
        "Population": {
            "action": 4.042817115783691,
            "observation": 88
        }
    },
    "155": {
        "BestCoverage": 0.06666666666666667,
        "Population": {
            "action": -6.260956287384033,
            "observation": 92
        }
    },
    "160": {
        "BestCoverage": 0.06666666666666667,
        "Population": {
            "action": -7.8453898429870605,
            "observation": 86
        }
    },
    "165": {
        "BestCoverage": 0.06666666666666667,
        "Population": {
            "action": 2.086587905883789,
            "observation": 78
        }
    },
    "170": {
        "BestCoverage": 0.06666666666666667,
        "Population": {
            "action": 5.573568344116211,
            "observation": 80
        }
    },
    "175": {
        "BestCoverage": 0.06666666666666667,
        "Population": {
            "action": 5.99262809753418,
            "observation": 86
        }
    },
    "180": {
        "BestCoverage": 0.06666666666666667,
        "Population": {
            "action": 5.312122344970703,
            "observation": 92
        }
    },
    "185": {
        "BestCoverage": 0.06666666666666667,
        "Population": {
            "action": 6.255086898803711,
            "observation": 97
        }
    },
    "190": {
        "BestCoverage": 0.06666666666666667,
        "Population": {
            "action": -0.0944671630859375,
            "observation": 100
        }
    },
    "195": {
        "BestCoverage": 0.06666666666666667,
        "Population": {
            "action": 1.6676721572875977,
            "observation": 100
        }
    },
    "200": {
        "BestCoverage": 0.06666666666666667,
        "Population": {
            "action": -5.35771369934082,
            "observation": 100
        }
    },
    "205": {
        "BestCoverage": 0.06666666666666667,
        "Population": {
            "action": 7.305133819580078,
            "observation": 95
        }
    },
    "210": {
        "BestCoverage": 0.06666666666666667,
        "Population": {
            "action": 7.1124420166015625,
            "observation": 100
        }
    },
    "215": {
        "BestCoverage": 0.06666666666666667,
        "Population": {
            "action": 2.6907777786254883,
            "observation": 100
        }
    },
    "220": {
        "BestCoverage": 0.06666666666666667,
        "Population": {
            "action": -7.811145782470703,
            "observation": 100
        }
    },
    "225": {
        "BestCoverage": 0.06666666666666667,
        "Population": {
            "action": 0.03256988525390625,
            "observation": 92
        }
    },
    "230": {
        "BestCoverage": 0.06666666666666667,
        "Population": {
            "action": -3.4820303916931152,
            "observation": 92
        }
    },
    "235": {
        "BestCoverage": 0.06666666666666667,
        "Population": {
            "action": -3.298977851867676,
            "observation": 89
        }
    },
    "240": {
        "BestCoverage": 0.06666666666666667,
        "Population": {
            "action": 3.7633676528930664,
            "observation": 86
        }
    },
    "245": {
        "BestCoverage": 0.06666666666666667,
        "Population": {
            "action": 0.30493831634521484,