{
    "15": {
        "BestCoverage": 0.8,
        "CrossoverRate": {
            "action": 0.08074321746826171,
            "observation": 0.75
        }
    },
    "20": {
        "BestCoverage": 0.8,
        "CrossoverRate": {
            "action": -0.061384510993957524,
            "observation": 0.8307432174682617
        }
    },
    "25": {
        "BestCoverage": 0.8,
        "CrossoverRate": {
            "action": 0.022934687137603757,
            "observation": 0.7693587064743043
        }
    },
    "30": {
        "BestCoverage": 0.8,
        "CrossoverRate": {
            "action": 0.05691361427307129,
            "observation": 0.792293393611908
        }
    },
    "35": {
        "BestCoverage": 0.8,
        "CrossoverRate": {
            "action": -0.006471014022827154,
            "observation": 0.8492070078849793
        }
    },
    "40": {
        "BestCoverage": 0.8,
        "CrossoverRate": {
            "action": -0.03880286812782288,
            "observation": 0.8427359938621521
        }
    },
    "45": {
        "BestCoverage": 0.8,
        "CrossoverRate": {
            "action": 0.023534631729125982,
            "observation": 0.8039331257343293
        }
    },
    "50": {
        "BestCoverage": 0.8,
        "CrossoverRate": {
            "action": -0.05912065505981445,
            "observation": 0.8274677574634552
        }
    },
    "55": {
        "BestCoverage": 0.8,
        "CrossoverRate": {
            "action": -0.09417614340782166,
            "observation": 0.7683471024036408
        }
    },
    "60": {
        "BestCoverage": 0.8,
        "CrossoverRate": {
            "action": -0.08113058805465699,
            "observation": 0.6741709589958191
        }
    },
    "65": {
        "BestCoverage": 0.8,
        "CrossoverRate": {
            "action": 0.0346442699432373,
            "observation": 0.5930403709411621
        }
    },
    "70": {
        "BestCoverage": 0.8,
        "CrossoverRate": {
            "action": -0.09038893580436708,
            "observation": 0.6276846408843995
        }
    },
    "75": {
        "BestCoverage": 0.8,
        "CrossoverRate": {
            "action": 0.002505576610565191,
            "observation": 0.5372957050800324
        }
    },
    "80": {
        "BestCoverage": 0.8,
        "CrossoverRate": {
            "action": 0.026704704761505133,
            "observation": 0.5398012816905976
        }
    },
    "85": {
        "BestCoverage": 0.8,
        "CrossoverRate": {
            "action": -0.08360122442245484,
            "observation": 0.5665059864521027
        }
    },
    "90": {
        "BestCoverage": 0.8,
        "CrossoverRate": {
            "action": -0.010719281435012815,
            "observation": 0.4829047620296479
        }
    },
    "95": {
        "BestCoverage": 0.8,
        "CrossoverRate": {
            "action": 0.01603343486785888,
            "observation": 0.47218548059463505
        }
    },
    "100": {
        "BestCoverage": 0.8,
        "CrossoverRate": {
            "action": 0.07810530662536622,
            "observation": 0.48821891546249396
        }
    },
    "105": {
        "BestCoverage": 0.8,
        "CrossoverRate": {
            "action": -0.06813296675682068,
            "observation": 0.5663242220878602
        }
    },
    "110": {
        "BestCoverage": 0.8,
        "CrossoverRate": {
            "action": 0.05983974933624267,
            "observation": 0.4981912553310395
        }
    },
    "115": {
        "BestCoverage": 0.8,
        "CrossoverRate": {
            "action": 0.06005508899688722,
            "observation": 0.5580310046672822
        }
    },
    "120": {
        "BestCoverage": 0.8,
        "CrossoverRate": {
            "action": 0.039437747001647955,
            "observation": 0.6180860936641694
        }
    },
    "125": {
        "BestCoverage": 0.8,
        "CrossoverRate": {
            "action": 0.035623788833618164,
            "observation": 0.6575238406658174
        }
    },
    "130": {
        "BestCoverage": 0.8,
        "CrossoverRate": {
            "action": 0.0015450716018676758,
            "observation": 0.6931476294994355
        }
    },
    "135": {
        "BestCoverage": 0.8,
        "CrossoverRate": {
            "action": 0.07950183153152465,
            "observation": 0.6946927011013032
        }
    },
    "140": {
        "BestCoverage": 0.8,
        "CrossoverRate": {
            "action": 0.0795820951461792,
            "observation": 0.7741945326328279
        }
    },
    "145": {
        "BestCoverage": 0.8,
        "CrossoverRate": {
            "action": 0.021718180179595953,
            "observation": 0.8537766277790071
        }
    },
    "150": {
        "BestCoverage": 0.8,
        "CrossoverRate": {
            "action": -0.0036609828472137507,
            "observation": 0.875494807958603
        }
    },
    "155": {
        "BestCoverage": 0.8,
        "CrossoverRate": {
            "action": 0.052708292007446284,
            "observation": 0.8718338251113893
        }
    },
    "160": {
        "BestCoverage": 0.8,
        "CrossoverRate": {
            "action": -0.01448523998260498,
            "observation": 0.9245421171188356
        }
    },
    "165": {
        "BestCoverage": 0.8,
        "CrossoverRate": {
            "action": -0.07696995735168458,
            "observation": 0.9100568771362306
        }
    },
    "170": {
        "BestCoverage": 0.8,
        "CrossoverRate": {
            "action": -0.08248211741447449,
            "observation": 0.8330869197845461
        }
    },
    "175": {
        "BestCoverage": 0.8,
        "CrossoverRate": {
            "action": -0.08048236966133118,
            "observation": 0.7506048023700715
        }
    },
    "180": {
        "BestCoverage": 0.8,
        "CrossoverRate": {
            "action": -0.0016786575317382785,
            "observation": 0.6701224327087404
        }
    },
    "185": {
        "BestCoverage": 0.8,
        "CrossoverRate": {
            "action": 0.008795392513275144,
            "observation": 0.6684437751770022
        }
    },
    "190": {
        "BestCoverage": 0.8,
        "CrossoverRate": {
            "action": -0.03455111980438233,
            "observation": 0.6772391676902773
        }
    },
    "195": {
        "BestCoverage": 0.8,
        "CrossoverRate": {
            "action": -0.09164182543754579,
            "observation": 0.642688047885895
        }
    },
    "200": {
        "BestCoverage": 0.8,
        "CrossoverRate": {
            "action": 0.06204228401184084,
            "observation": 0.5510462224483492
        }
    },
    "205": {
        "BestCoverage": 0.8,
        "CrossoverRate": {
            "action": 0.046892726421356196,
            "observation": 0.6130885064601901
        }
    },
    "210": {
        "BestCoverage": 0.8,
        "CrossoverRate": {
            "action": 0.08482623100280762,
            "observation": 0.6599812328815463
        }
    },
    "215": {
        "BestCoverage": 0.8,
        "CrossoverRate": {
            "action": -0.01135598421096802,
            "observation": 0.7448074638843539
        }
    },
    "220": {
        "BestCoverage": 0.8,
        "CrossoverRate": {
            "action": 0.07792057991027831,
            "observation": 0.7334514796733859
        }
    },
    "225": {
        "BestCoverage": 0.8,
        "CrossoverRate": {
            "action": -0.06961819529533386,
            "observation": 0.8113720595836642
        }
    },
    "230": {
        "BestCoverage": 0.8,
        "CrossoverRate": {
            "action": -0.00039076209068297785,
            "observation": 0.7417538642883303
        }
    },
    "235": {
        "BestCoverage": 0.8,
        "CrossoverRate": {
            "action": -0.041764205694198614,
            "observation": 0.7413631021976473
        }
    },
    "240": {
        "BestCoverage": 0.8,