{
    "15": {
        "BestCoverage": 0.8,
        "StatementInsertionProbability": {
            "action": -0.04271266460418702,
            "observation": 0.5
        }
    },
    "20": {
        "BestCoverage": 0.8,
        "StatementInsertionProbability": {
            "action": -0.0052742481231689425,
            "observation": 0.457287335395813
        }
    },
    "25": {
        "BestCoverage": 0.8,
        "StatementInsertionProbability": {
            "action": 0.0801257610321045,
            "observation": 0.45201308727264405
        }
    },
    "30": {
        "BestCoverage": 0.8,
        "StatementInsertionProbability": {
            "action": -0.09529858231544495,
            "observation": 0.5321388483047486
        }
    },
    "35": {
        "BestCoverage": 0.8,
        "StatementInsertionProbability": {
            "action": 0.01981101036071778,
            "observation": 0.4368402659893036
        }
    },
    "40": {
        "BestCoverage": 0.8,
        "StatementInsertionProbability": {
            "action": -0.06747980117797853,
            "observation": 0.45665127635002134
        }
    },
    "45": {
        "BestCoverage": 0.8,
        "StatementInsertionProbability": {
            "action": 0.01834757328033447,
            "observation": 0.3891714751720428
        }
    },
    "50": {
        "BestCoverage": 0.8,
        "StatementInsertionProbability": {
            "action": 0.04887568950653076,
            "observation": 0.4075190484523773
        }
    },
    "55": {
        "BestCoverage": 0.8,
        "StatementInsertionProbability": {
            "action": -0.028567421436309817,
            "observation": 0.45639473795890806
        }
    },
    "60": {
        "BestCoverage": 0.8,
        "StatementInsertionProbability": {
            "action": -0.0885415256023407,
            "observation": 0.42782731652259826
        }
    },
    "65": {
        "BestCoverage": 0.8,
        "StatementInsertionProbability": {
            "action": -0.021719980239868167,
            "observation": 0.33928579092025757
        }
    },
    "70": {
        "BestCoverage": 0.8,
        "StatementInsertionProbability": {
            "action": -0.05310695767402649,
            "observation": 0.3175658106803894
        }
    },
    "75": {
        "BestCoverage": 0.8,
        "StatementInsertionProbability": {
            "action": -0.021430528163909918,
            "observation": 0.2644588530063629
        }
    },
    "80": {
        "BestCoverage": 0.8,
        "StatementInsertionProbability": {
            "action": 0.02976679801940918,
            "observation": 0.243028324842453
        }
    },
    "85": {
        "BestCoverage": 0.8,
        "StatementInsertionProbability": {
            "action": 0.007172966003417963,
            "observation": 0.27279512286186214
        }
    },
    "90": {
        "BestCoverage": 0.8,
        "StatementInsertionProbability": {
            "action": -0.07171335816383362,
            "observation": 0.27996808886528013
        }
    },
    "95": {
        "BestCoverage": 0.8,
        "StatementInsertionProbability": {
            "action": -0.09670552611351013,
            "observation": 0.2082547307014465
        }
    },
    "100": {
        "BestCoverage": 0.8,
        "StatementInsertionProbability": {
            "action": -0.0206211268901825,
            "observation": 0.11154920458793638
        }
    },
    "105": {
        "BestCoverage": 0.8,
        "StatementInsertionProbability": {
            "action": -0.04624798893928528,
            "observation": 0.09092807769775388
        }
    },
    "110": {
        "BestCoverage": 0.8,
        "StatementInsertionProbability": {
            "action": -0.016785275936126706,
            "observation": 0.0446800887584686
        }
    },
    "115": {
        "BestCoverage": 0.8,
        "StatementInsertionProbability": {
            "action": 0.004655659198760986,
            "observation": 0.027894812822341894
        }
    },
    "120": {
        "BestCoverage": 0.8,
        "StatementInsertionProbability": {
            "action": -0.06450548768043518,
            "observation": 0.03255047202110288
        }
    },
    "125": {
        "BestCoverage": 0.8,
        "StatementInsertionProbability": {
            "action": -0.012402874231338498,
            "observation": 0.0
        }
    },
    "130": {
        "BestCoverage": 0.8,
        "StatementInsertionProbability": {
            "action": 0.02828134298324586,
            "observation": 0.0
        }
    },
    "135": {
        "BestCoverage": 0.8,
        "StatementInsertionProbability": {
            "action": 0.011189353466033933,
            "observation": 0.02828134298324586
        }
    },
    "140": {
        "BestCoverage": 0.8,
        "StatementInsertionProbability": {
            "action": 0.05161893367767334,
            "observation": 0.039470696449279793
        }
    },
    "145": {
        "BestCoverage": 0.8,
        "StatementInsertionProbability": {
            "action": 0.011650156974792478,
            "observation": 0.09108963012695313
        }
    },
    "150": {
        "BestCoverage": 0.8,
        "StatementInsertionProbability": {
            "action": -0.025851905345916748,
            "observation": 0.10273978710174561
        }
    },
    "155": {
        "BestCoverage": 0.8,
        "StatementInsertionProbability": {
            "action": -0.0884304940700531,
            "observation": 0.07688788175582886
        }
    },
    "160": {
        "BestCoverage": 0.8,
        "StatementInsertionProbability": {
            "action": 0.08687942028045656,
            "observation": 0.0
        }
    },
    "165": {
        "BestCoverage": 0.8,
        "StatementInsertionProbability": {
            "action": -0.03689765930175781,
            "observation": 0.08687942028045656
        }
    },
    "170": {
        "BestCoverage": 0.8,
        "StatementInsertionProbability": {
            "action": 0.07487077713012696,
            "observation": 0.04998176097869875
        }
    },
    "175": {
        "BestCoverage": 0.8,
        "StatementInsertionProbability": {
            "action": 0.07657232284545898,
            "observation": 0.12485253810882571
        }
    },
    "180": {
        "BestCoverage": 0.8,
        "StatementInsertionProbability": {
            "action": 0.05243504047393799,
            "observation": 0.2014248609542847
        }
    },
    "185": {
        "BestCoverage": 0.8,
        "StatementInsertionProbability": {
            "action": -0.01950016021728515,
            "observation": 0.2538599014282227
        }
    },
    "190": {
        "BestCoverage": 0.8,
        "StatementInsertionProbability": {
            "action": -0.058466446399688725,
            "observation": 0.23435974121093753
        }
    },
    "195": {
        "BestCoverage": 0.8,
        "StatementInsertionProbability": {
            "action": 0.06716569662094116,
            "observation": 0.1758932948112488
        }
    },
    "200": {
        "BestCoverage": 0.8,
        "StatementInsertionProbability": {
            "action": -0.08822321295738221,
            "observation": 0.24305899143218995
        }
    },
    "205": {
        "BestCoverage": 0.8,
        "StatementInsertionProbability": {
            "action": 0.03419041633605957,
            "observation": 0.15483577847480773
        }
    },
    "210": {
        "BestCoverage": 0.8,
        "StatementInsertionProbability": {
            "action": 0.05835626125335694,
            "observation": 0.1890261948108673
        }
    },
    "215": {
        "BestCoverage": 0.8,
        "StatementInsertionProbability": {
            "action": 0.009401881694793696,
            "observation": 0.24738245606422424
        }
    },
    "220": {
        "BestCoverage": 0.8,
        "StatementInsertionProbability": {
            "action": 0.0971139669418335,