{
    "30": {
        "BestCoverage": 0.775,
        "RandomPerturbation": {
            "action": 0.01684856414794922,
            "observation": 0.2
        }
    },
    "35": {
        "BestCoverage": 0.775,
        "RandomPerturbation": {
            "action": -0.08540523052215576,
            "observation": 0.21684856414794923
        }
    },
    "40": {
        "BestCoverage": 0.775,
        "RandomPerturbation": {
            "action": 0.0305640459060669,
            "observation": 0.13144333362579347
        }
    },
    "45": {
        "BestCoverage": 0.775,
        "RandomPerturbation": {
            "action": 0.0097344160079956,
            "observation": 0.16200737953186037
        }
    },
    "50": {
        "BestCoverage": 0.775,
        "RandomPerturbation": {
            "action": -0.02925385236740112,
            "observation": 0.17174179553985597
        }
    },
    "55": {
        "BestCoverage": 0.775,
        "RandomPerturbation": {
            "action": -0.07283076643943787,
            "observation": 0.14248794317245483
        }
    },
    "60": {
        "BestCoverage": 0.775,
        "RandomPerturbation": {
            "action": -0.026108312606811526,
            "observation": 0.06965717673301697
        }
    },
    "65": {
        "BestCoverage": 0.775,
        "RandomPerturbation": {
            "action": 0.04194453954696656,
            "observation": 0.04354886412620544
        }
    },
    "70": {
        "BestCoverage": 0.775,
        "RandomPerturbation": {
            "action": -0.006541335582733149,
            "observation": 0.085493403673172
        }
    },
    "75": {
        "BestCoverage": 0.775,
        "RandomPerturbation": {
            "action": -0.07889733314514161,
            "observation": 0.07895206809043885
        }
    },
    "80": {
        "BestCoverage": 0.775,
        "RandomPerturbation": {
            "action": 0.00873057842254639,
            "observation": 5.4734945297243986e-05
        }
    },
    "85": {
        "BestCoverage": 0.775,
        "RandomPerturbation": {
            "action": -0.08144291639328004,
            "observation": 0.008785313367843633
        }
    },
    "90": {
        "BestCoverage": 0.775,
        "RandomPerturbation": {
            "action": 0.013121616840362546,
            "observation": 0.0
        }
    },
    "95": {
        "BestCoverage": 0.775,
        "RandomPerturbation": {
            "action": 0.09626255035400391,
            "observation": 0.013121616840362546
        }
    },
    "100": {
        "BestCoverage": 0.775,
        "RandomPerturbation": {
            "action": 0.008326780796051023,
            "observation": 0.10938416719436646
        }
    },
    "105": {
        "BestCoverage": 0.775,
        "RandomPerturbation": {
            "action": -0.053593319654464726,
            "observation": 0.11771094799041748
        }
    },
    "110": {
        "BestCoverage": 0.775,
        "RandomPerturbation": {
            "action": -0.06844519376754761,
            "observation": 0.06411762833595275
        }
    },
    "115": {
        "BestCoverage": 0.775,
        "RandomPerturbation": {
            "action": 0.06670696735382081,
            "observation": 0.0
        }
    },
    "120": {
        "BestCoverage": 0.775,
        "RandomPerturbation": {
            "action": -0.014287167787551874,
            "observation": 0.06670696735382081
        }
    },
    "125": {
        "BestCoverage": 0.775,
        "RandomPerturbation": {
            "action": -0.03070269823074341,
            "observation": 0.05241979956626894
        }
    },
    "130": {
        "BestCoverage": 0.775,
        "RandomPerturbation": {
            "action": -0.013922160863876348,
            "observation": 0.021717101335525527
        }
    },
    "135": {
        "BestCoverage": 0.775,
        "RandomPerturbation": {
            "action": -0.011900019645690915,
            "observation": 0.007794940471649178
        }
    },
    "140": {
        "BestCoverage": 0.775,
        "RandomPerturbation": {
            "action": 0.0014052987098693848,
            "observation": 0.0
        }
    },
    "145": {
        "BestCoverage": 0.775,
        "RandomPerturbation": {
            "action": 0.04001466035842896,
            "observation": 0.0014052987098693848
        }
    },
    "150": {
        "BestCoverage": 0.775,
        "RandomPerturbation": {
            "action": -0.03775746822357178,
            "observation": 0.041419959068298345
        }
    },
    "155": {
        "BestCoverage": 0.775,
        "RandomPerturbation": {
            "action": 0.08630503416061402,
            "observation": 0.003662490844726564
        }
    },
    "160": {
        "BestCoverage": 0.775,
        "RandomPerturbation": {
            "action": 0.043333268165588384,
            "observation": 0.08996752500534058
        }
    },
    "165": {
        "BestCoverage": 0.775,
        "RandomPerturbation": {
            "action": -0.059817689657211306,
            "observation": 0.13330079317092897
        }
    },
    "170": {
        "BestCoverage": 0.775,
        "RandomPerturbation": {
            "action": 0.0745842695236206,
            "observation": 0.07348310351371766
        }
    },
    "175": {
        "BestCoverage": 0.775,
        "RandomPerturbation": {
            "action": 0.0253753662109375,
            "observation": 0.14806737303733825
        }
    },
    "180": {
        "BestCoverage": 0.775,
        "RandomPerturbation": {
            "action": 0.08957965373992921,
            "observation": 0.17344273924827575
        }
    },
    "185": {
        "BestCoverage": 0.775,
        "RandomPerturbation": {
            "action": -0.05834352970123291,
            "observation": 0.26302239298820496
        }
    },
    "190": {
        "BestCoverage": 0.775,
        "RandomPerturbation": {
            "action": -0.03946120738983155,
            "observation": 0.20467886328697205
        }
    },
    "195": {
        "BestCoverage": 0.775,
        "RandomPerturbation": {
            "action": -0.0001436889171600314,
            "observation": 0.1652176558971405
        }
    },
    "200": {
        "BestCoverage": 0.775,
        "RandomPerturbation": {
            "action": -0.0626970112323761,
            "observation": 0.16507396697998045
        }
    },
    "205": {
        "BestCoverage": 0.775,
        "RandomPerturbation": {
            "action": 0.03432090282440187,
            "observation": 0.10237695574760435
        }
    },
    "210": {
        "BestCoverage": 0.775,
        "RandomPerturbation": {
            "action": -0.029254043102264413,
            "observation": 0.13669785857200623
        }
    },
    "215": {
        "BestCoverage": 0.775,
        "RandomPerturbation": {
            "action": -0.05770582556724549,
            "observation": 0.10744381546974181
        }
    },
    "220": {
        "BestCoverage": 0.775,
        "RandomPerturbation": {
            "action": -0.09330210685729981,
            "observation": 0.049737989902496324
        }
    },
    "225": {
        "BestCoverage": 0.775,
        "RandomPerturbation": {
            "action": 0.08650323152542114,
            "observation": 0.0
        }
    },
    "230": {
        "BestCoverage": 0.775,
        "RandomPerturbation": {
            "action": -0.09080691933631897,
            "observation": 0.08650323152542114
        }
    },
    "235": {
        "BestCoverage": 0.775,
        "RandomPerturbation": {
            "action": 0.022328400611877436,
            "observation": 0.0
        }
    },
    "240": {
        "BestCoverage": 0.775,
        "RandomPerturbation": {
            "action": 0.07280567884445191,
            "observation": 0.022328400611877436
        }
    },
    "245": {
        "BestCoverage": 0.775,
        "RandomPerturbation": {
            "action": 0.010248923301696772,
            "observation": 0.09513407945632935
        }
    },