{
    "15": {
        "BestCoverage": 0.8,
        "TestChangeProbability": {
            "action": -0.01036180257797241,
            "observation": 0.3333333333333333
        }
    },
    "20": {
        "BestCoverage": 0.8,
        "TestChangeProbability": {
            "action": -0.08831360936164856,
            "observation": 0.3229715307553609
        }
    },
    "25": {
        "BestCoverage": 0.8,
        "TestChangeProbability": {
            "action": 0.09859756231307984,
            "observation": 0.23465792139371233
        }
    },
    "30": {
        "BestCoverage": 0.8,
        "TestChangeProbability": {
            "action": 0.061556792259216314,
            "observation": 0.33325548370679214
        }
    },
    "35": {
        "BestCoverage": 0.8,
        "TestChangeProbability": {
            "action": 0.04074243307113648,
            "observation": 0.39481227596600843
        }
    },
    "40": {
        "BestCoverage": 0.8,
        "TestChangeProbability": {
            "action": 0.0749518632888794,
            "observation": 0.4355547090371449
        }
    },
    "45": {
        "BestCoverage": 0.8,
        "TestChangeProbability": {
            "action": -0.08448498249053955,
            "observation": 0.5105065723260243
        }
    },
    "50": {
        "BestCoverage": 0.8,
        "TestChangeProbability": {
            "action": 0.005399906635284418,
            "observation": 0.4260215898354847
        }
    },
    "55": {
        "BestCoverage": 0.8,
        "TestChangeProbability": {
            "action": 0.08206459283828735,
            "observation": 0.4314214964707691
        }
    },
    "60": {
        "BestCoverage": 0.8,
        "TestChangeProbability": {
            "action": 0.06977715492248535,
            "observation": 0.5134860893090565
        }
    },
    "65": {
        "BestCoverage": 0.8,
        "TestChangeProbability": {
            "action": -0.037559330463409424,
            "observation": 0.5832632442315419
        }
    },
    "70": {
        "BestCoverage": 0.8,
        "TestChangeProbability": {
            "action": -0.043689978122711186,
            "observation": 0.5457039137681324
        }
    },
    "75": {
        "BestCoverage": 0.8,
        "TestChangeProbability": {
            "action": -0.05395888686180115,
            "observation": 0.5020139356454213
        }
    },
    "80": {
        "BestCoverage": 0.8,
        "TestChangeProbability": {
            "action": 0.018508648872375494,
            "observation": 0.4480550487836201
        }
    },
    "85": {
        "BestCoverage": 0.8,
        "TestChangeProbability": {
            "action": -0.010542339086532598,
            "observation": 0.4665636976559956
        }
    },
    "90": {
        "BestCoverage": 0.8,
        "TestChangeProbability": {
            "action": -0.022801566123962405,
            "observation": 0.456021358569463
        }
    },
    "95": {
        "BestCoverage": 0.8,
        "TestChangeProbability": {
            "action": -0.09506561160087586,
            "observation": 0.43321979244550063
        }
    },
    "100": {
        "BestCoverage": 0.8,
        "TestChangeProbability": {
            "action": -0.020190036296844488,
            "observation": 0.3381541808446248
        }
    },
    "105": {
        "BestCoverage": 0.8,
        "TestChangeProbability": {
            "action": 0.07456183433532715,
            "observation": 0.3179641445477803
        }
    },
    "110": {
        "BestCoverage": 0.8,
        "TestChangeProbability": {
            "action": -0.03943647146224976,
            "observation": 0.3925259788831075
        }
    },
    "115": {
        "BestCoverage": 0.8,
        "TestChangeProbability": {
            "action": -0.006168270111083979,
            "observation": 0.3530895074208577
        }
    },
    "120": {
        "BestCoverage": 0.8,
        "TestChangeProbability": {
            "action": -0.04013751745223999,
            "observation": 0.34692123730977376
        }
    },
    "125": {
        "BestCoverage": 0.8,
        "TestChangeProbability": {
            "action": 0.09490530490875246,
            "observation": 0.3067837198575338
        }
    },
    "130": {
        "BestCoverage": 0.8,
        "TestChangeProbability": {
            "action": -0.04523935317993164,
            "observation": 0.4016890247662862
        }
    },
    "135": {
        "BestCoverage": 0.8,
        "TestChangeProbability": {
            "action": 0.021427309513092047,
            "observation": 0.35644967158635454
        }
    },
    "140": {
        "BestCoverage": 0.8,
        "TestChangeProbability": {
            "action": 0.007782459259033203,
            "observation": 0.37787698109944656
        }
    },
    "145": {
        "BestCoverage": 0.8,
        "TestChangeProbability": {
            "action": -0.06758615374565125,
            "observation": 0.38565944035847977
        }
    },
    "150": {
        "BestCoverage": 0.8,
        "TestChangeProbability": {
            "action": -0.035506939888000494,
            "observation": 0.3180732866128285
        }
    },
    "155": {
        "BestCoverage": 0.8,
        "TestChangeProbability": {
            "action": -0.07254432439804077,
            "observation": 0.28256634672482805
        }
    },
    "160": {
        "BestCoverage": 0.8,
        "TestChangeProbability": {
            "action": -0.04994968175888062,
            "observation": 0.2100220223267873
        }
    },
    "165": {
        "BestCoverage": 0.8,
        "TestChangeProbability": {
            "action": 0.05999476909637452,
            "observation": 0.16007234056790667
        }
    },
    "170": {
        "BestCoverage": 0.8,
        "TestChangeProbability": {
            "action": -0.046614724397659305,
            "observation": 0.2200671096642812
        }
    },
    "175": {
        "BestCoverage": 0.8,
        "TestChangeProbability": {
            "action": 0.028765416145324713,
            "observation": 0.17345238526662188
        }
    },
    "180": {
        "BestCoverage": 0.8,
        "TestChangeProbability": {
            "action": -0.019333052635192874,
            "observation": 0.2022178014119466
        }
    },
    "185": {
        "BestCoverage": 0.8,
        "TestChangeProbability": {
            "action": 0.07865772247314454,
            "observation": 0.1828847487767537
        }
    },
    "190": {
        "BestCoverage": 0.8,
        "TestChangeProbability": {
            "action": 0.033582413196563715,
            "observation": 0.26154247124989827
        }
    },
    "195": {
        "BestCoverage": 0.8,
        "TestChangeProbability": {
            "action": 0.07838475704193115,
            "observation": 0.295124884446462
        }
    },
    "200": {
        "BestCoverage": 0.8,
        "TestChangeProbability": {
            "action": -0.06149281263351441,
            "observation": 0.37350964148839316
        }
    },
    "205": {
        "BestCoverage": 0.8,
        "TestChangeProbability": {
            "action": 0.09767663478851318,
            "observation": 0.31201682885487875
        }
    },
    "210": {
        "BestCoverage": 0.8,
        "TestChangeProbability": {
            "action": 0.07225459814071655,
            "observation": 0.40969346364339193
        }
    },
    "215": {
        "BestCoverage": 0.8,
        "TestChangeProbability": {
            "action": -0.09396697282791139,
            "observation": 0.4819480617841085
        }
    },
    "220": {
        "BestCoverage": 0.8,
        "TestChangeProbability": {
            "action": -0.09301832318305969,
            "observation": 0.3879810889561971
        }
    },
    "225": {
        "BestCoverage": 0.8,
        "TestChangeProbability": {
            "action": 0.04314836263656616,
            "observation": 0.2949627657731374
        }
    },
    "230": {
        "BestCoverage": 0.8,