{
    "15": {
        "BestCoverage": 0.8,
        "TestInsertionProbability": {
            "action": 0.015771794319152835,
            "observation": 0.1
        }
    },
    "20": {
        "BestCoverage": 0.8,
        "TestInsertionProbability": {
            "action": -0.04423401355743409,
            "observation": 0.11577179431915284
        }
    },
    "25": {
        "BestCoverage": 0.8,
        "TestInsertionProbability": {
            "action": 0.09707078933715821,
            "observation": 0.07153778076171875
        }
    },
    "30": {
        "BestCoverage": 0.8,
        "TestInsertionProbability": {
            "action": -0.004336321353912348,
            "observation": 0.16860857009887698
        }
    },
    "35": {
        "BestCoverage": 0.8,
        "TestInsertionProbability": {
            "action": 0.025613641738891607,
            "observation": 0.16427224874496463
        }
    },
    "40": {
        "BestCoverage": 0.8,
        "TestInsertionProbability": {
            "action": 0.034698307514190674,
            "observation": 0.18988589048385623
        }
    },
    "45": {
        "BestCoverage": 0.8,
        "TestInsertionProbability": {
            "action": 0.0027774214744567816,
            "observation": 0.2245841979980469
        }
    },
    "50": {
        "BestCoverage": 0.8,
        "TestInsertionProbability": {
            "action": -0.04924395084381104,
            "observation": 0.2273616194725037
        }
    },
    "55": {
        "BestCoverage": 0.8,
        "TestInsertionProbability": {
            "action": 0.0879159450531006,
            "observation": 0.17811766862869266
        }
    },
    "60": {
        "BestCoverage": 0.8,
        "TestInsertionProbability": {
            "action": 0.09006133079528808,
            "observation": 0.26603361368179324
        }
    },
    "65": {
        "BestCoverage": 0.8,
        "TestInsertionProbability": {
            "action": 0.011332488059997564,
            "observation": 0.35609494447708134
        }
    },
    "70": {
        "BestCoverage": 0.8,
        "TestInsertionProbability": {
            "action": -0.010595792531967158,
            "observation": 0.3674274325370789
        }
    },
    "75": {
        "BestCoverage": 0.8,
        "TestInsertionProbability": {
            "action": -0.05767871737480164,
            "observation": 0.3568316400051117
        }
    },
    "80": {
        "BestCoverage": 0.8,
        "TestInsertionProbability": {
            "action": -0.06200772523880005,
            "observation": 0.29915292263031007
        }
    },
    "85": {
        "BestCoverage": 0.8,
        "TestInsertionProbability": {
            "action": -0.0347108006477356,
            "observation": 0.23714519739151002
        }
    },
    "90": {
        "BestCoverage": 0.8,
        "TestInsertionProbability": {
            "action": 0.052919578552246105,
            "observation": 0.20243439674377442
        }
    },
    "95": {
        "BestCoverage": 0.8,
        "TestInsertionProbability": {
            "action": -0.062382942438125616,
            "observation": 0.25535397529602055
        }
    },
    "100": {
        "BestCoverage": 0.8,
        "TestInsertionProbability": {
            "action": -0.04397909045219422,
            "observation": 0.19297103285789494
        }
    },
    "105": {
        "BestCoverage": 0.8,
        "TestInsertionProbability": {
            "action": 0.08722755908966065,
            "observation": 0.1489919424057007
        }
    },
    "110": {
        "BestCoverage": 0.8,
        "TestInsertionProbability": {
            "action": -0.07320062518119813,
            "observation": 0.23621950149536136
        }
    },
    "115": {
        "BestCoverage": 0.8,
        "TestInsertionProbability": {
            "action": 0.09449537992477416,
            "observation": 0.16301887631416323
        }
    },
    "120": {
        "BestCoverage": 0.8,
        "TestInsertionProbability": {
            "action": -0.01049525141716004,
            "observation": 0.2575142562389374
        }
    },
    "125": {
        "BestCoverage": 0.8,
        "TestInsertionProbability": {
            "action": -0.07753687500953675,
            "observation": 0.24701900482177738
        }
    },
    "130": {
        "BestCoverage": 0.8,
        "TestInsertionProbability": {
            "action": -0.07174923419952393,
            "observation": 0.16948212981224064
        }
    },
    "135": {
        "BestCoverage": 0.8,
        "TestInsertionProbability": {
            "action": 0.015713381767272952,
            "observation": 0.09773289561271671
        }
    },
    "140": {
        "BestCoverage": 0.8,
        "TestInsertionProbability": {
            "action": 0.07347896099090576,
            "observation": 0.11344627737998966
        }
    },
    "145": {
        "BestCoverage": 0.8,
        "TestInsertionProbability": {
            "action": 0.041809344291687006,
            "observation": 0.18692523837089542
        }
    },
    "150": {
        "BestCoverage": 0.8,
        "TestInsertionProbability": {
            "action": -0.0038200378417968806,
            "observation": 0.22873458266258243
        }
    },
    "155": {
        "BestCoverage": 0.8,
        "TestInsertionProbability": {
            "action": -0.05934286713600159,
            "observation": 0.22491454482078554
        }
    },
    "160": {
        "BestCoverage": 0.8,
        "TestInsertionProbability": {
            "action": 0.061699712276458735,
            "observation": 0.16557167768478395
        }
    },
    "165": {
        "BestCoverage": 0.8,
        "TestInsertionProbability": {
            "action": 0.05052235126495361,
            "observation": 0.2272713899612427
        }
    },
    "170": {
        "BestCoverage": 0.8,
        "TestInsertionProbability": {
            "action": -0.0492671549320221,
            "observation": 0.27779374122619627
        }
    },
    "175": {
        "BestCoverage": 0.8,
        "TestInsertionProbability": {
            "action": 0.0863206148147583,
            "observation": 0.22852658629417416
        }
    },
    "180": {
        "BestCoverage": 0.8,
        "TestInsertionProbability": {
            "action": 0.0820993185043335,
            "observation": 0.3148472011089325
        }
    },
    "185": {
        "BestCoverage": 0.8,
        "TestInsertionProbability": {
            "action": -0.009340643882751465,
            "observation": 0.396946519613266
        }
    },
    "190": {
        "BestCoverage": 0.8,
        "TestInsertionProbability": {
            "action": -0.07991312742233277,
            "observation": 0.3876058757305145
        }
    },
    "195": {
        "BestCoverage": 0.8,
        "TestInsertionProbability": {
            "action": -0.0205863893032074,
            "observation": 0.3076927483081818
        }
    },
    "200": {
        "BestCoverage": 0.8,
        "TestInsertionProbability": {
            "action": 0.009567093849182126,
            "observation": 0.2871063590049744
        }
    },
    "205": {
        "BestCoverage": 0.8,
        "TestInsertionProbability": {
            "action": -0.028017050027847296,
            "observation": 0.2966734528541565
        }
    },
    "210": {
        "BestCoverage": 0.8,
        "TestInsertionProbability": {
            "action": -0.0364552915096283,
            "observation": 0.2686564028263092
        }
    },
    "215": {
        "BestCoverage": 0.8,
        "TestInsertionProbability": {
            "action": 0.06258108615875244,
            "observation": 0.23220111131668092
        }
    },
    "220": {
        "BestCoverage": 0.8,
        "TestInsertionProbability": {
            "action": 0.016434645652771,
            "observation": 0.2947821974754333
        }
    },
    "225": {
        "BestCoverage": 0.8,
        "TestInsertionProbability": {
            "action": -0.008544439077377314,