{
    "25": {
        "BestCoverage": 0.7375,
        "ChromosomeLength": {
            "action": 0.3729414939880371,
            "observation": 40
        }
    },
    "30": {
        "BestCoverage": 0.75,
        "ChromosomeLength": {
            "action": -2.9889707565307617,
            "observation": 40
        }
    },
    "35": {
        "BestCoverage": 0.75,
        "ChromosomeLength": {
            "action": -1.8239961862564087,
            "observation": 37
        }
    },
    "40": {
        "BestCoverage": 0.75,
        "ChromosomeLength": {
            "action": -1.491377592086792,
            "observation": 35
        }
    },
    "45": {
        "BestCoverage": 0.75,
        "ChromosomeLength": {
            "action": -2.9843108654022217,
            "observation": 34
        }
    },
    "50": {
        "BestCoverage": 0.75,
        "ChromosomeLength": {
            "action": -2.160900592803955,
            "observation": 31
        }
    },
    "55": {
        "BestCoverage": 0.75,
        "ChromosomeLength": {
            "action": 4.9701268672943115,
            "observation": 29
        }
    },
    "60": {
        "BestCoverage": 0.75,
        "ChromosomeLength": {
            "action": 2.510011911392212,
            "observation": 34
        }
    },
    "65": {
        "BestCoverage": 0.75,
        "ChromosomeLength": {
            "action": -1.6657018661499023,
            "observation": 37
        }
    },
    "70": {
        "BestCoverage": 0.75,
        "ChromosomeLength": {
            "action": -0.5802794694900513,
            "observation": 35
        }
    },
    "75": {
        "BestCoverage": 0.75,
        "ChromosomeLength": {
            "action": -0.30966317653656006,
            "observation": 34
        }
    },
    "80": {
        "BestCoverage": 0.75,
        "ChromosomeLength": {
            "action": 0.41840600967407227,
            "observation": 34
        }
    },
    "85": {
        "BestCoverage": 0.75,
        "ChromosomeLength": {
            "action": -5.167141914367676,
            "observation": 34
        }
    },
    "90": {
        "BestCoverage": 0.75,
        "ChromosomeLength": {
            "action": 3.0492982864379883,
            "observation": 29
        }
    },
    "95": {
        "BestCoverage": 0.75,
        "ChromosomeLength": {
            "action": 2.8071227073669434,
            "observation": 32
        }
    },
    "100": {
        "BestCoverage": 0.75,
        "ChromosomeLength": {
            "action": -0.8506221771240234,
            "observation": 35
        }
    },
    "105": {
        "BestCoverage": 0.75,
        "ChromosomeLength": {
            "action": -0.023930668830871582,
            "observation": 34
        }
    },
    "110": {
        "BestCoverage": 0.75,
        "ChromosomeLength": {
            "action": 5.735409736633301,
            "observation": 34
        }
    },
    "115": {
        "BestCoverage": 0.75,
        "ChromosomeLength": {
            "action": 0.4362666606903076,
            "observation": 40
        }
    },
    "120": {
        "BestCoverage": 0.75,
        "ChromosomeLength": {
            "action": 4.201608180999756,
            "observation": 40
        }
    },
    "125": {
        "BestCoverage": 0.75,
        "ChromosomeLength": {
            "action": -0.21918225288391113,
            "observation": 44
        }
    },
    "130": {
        "BestCoverage": 0.75,
        "ChromosomeLength": {
            "action": -0.9272675514221191,
            "observation": 44
        }
    },
    "135": {
        "BestCoverage": 0.75,
        "ChromosomeLength": {
            "action": -5.320693373680115,
            "observation": 43
        }
    },
    "140": {
        "BestCoverage": 0.75,
        "ChromosomeLength": {
            "action": 2.9908576011657715,
            "observation": 38
        }
    },
    "145": {
        "BestCoverage": 0.75,
        "ChromosomeLength": {
            "action": -1.951745867729187,
            "observation": 41
        }
    },
    "150": {
        "BestCoverage": 0.8,
        "ChromosomeLength": {
            "action": -1.501600742340088,
            "observation": 39
        }
    },
    "155": {
        "BestCoverage": 0.8,
        "ChromosomeLength": {
            "action": 0.6292719841003418,
            "observation": 37
        }
    },
    "160": {
        "BestCoverage": 0.8,
        "ChromosomeLength": {
            "action": -5.154003381729126,
            "observation": 38
        }
    },
    "165": {
        "BestCoverage": 0.8,
        "ChromosomeLength": {
            "action": 1.1901555061340332,
            "observation": 33
        }
    },
    "170": {
        "BestCoverage": 0.8,
        "ChromosomeLength": {
            "action": -5.943346381187439,
            "observation": 34
        }
    },
    "175": {
        "BestCoverage": 0.8,
        "ChromosomeLength": {
            "action": -2.0874091386795044,
            "observation": 28
        }
    },
    "180": {
        "BestCoverage": 0.8,
        "ChromosomeLength": {
            "action": -1.0191586017608643,
            "observation": 26
        }
    },
    "185": {
        "BestCoverage": 0.8,
        "ChromosomeLength": {
            "action": -0.3031940460205078,
            "observation": 25
        }
    },
    "190": {
        "BestCoverage": 0.8,
        "ChromosomeLength": {
            "action": 0.8966817855834961,
            "observation": 25
        }
    },
    "195": {
        "BestCoverage": 0.8,
        "ChromosomeLength": {
            "action": -2.9991366863250732,
            "observation": 26
        }
    },
    "200": {
        "BestCoverage": 0.8,
        "ChromosomeLength": {
            "action": -5.5890913009643555,
            "observation": 23
        }
    },
    "205": {
        "BestCoverage": 0.8,
        "ChromosomeLength": {
            "action": 3.092541217803955,
            "observation": 20
        }
    },
    "210": {
        "BestCoverage": 0.8125,
        "ChromosomeLength": {
            "action": -0.3394421339035034,
            "observation": 23
        }
    },
    "215": {
        "BestCoverage": 0.8125,
        "ChromosomeLength": {
            "action": -4.521766304969788,
            "observation": 23
        }
    },
    "220": {
        "BestCoverage": 0.8125,
        "ChromosomeLength": {
            "action": -3.531947135925293,
            "observation": 20
        }
    },
    "225": {
        "BestCoverage": 0.8125,
        "ChromosomeLength": {
            "action": 3.6821823120117188,
            "observation": 20
        }
    },
    "230": {
        "BestCoverage": 0.8125,
        "ChromosomeLength": {
            "action": -1.777602195739746,
            "observation": 24
        }
    },
    "235": {
        "BestCoverage": 0.8125,
        "ChromosomeLength": {
            "action": -0.10736203193664551,
            "observation": 22
        }
    },
    "240": {
        "BestCoverage": 0.8125,
        "ChromosomeLength": {
            "action": -2.6838351488113403,
            "observation": 22
        }
    },
    "245": {
        "BestCoverage": 0.8125,
        "ChromosomeLength": {
            "action": 2.8844833374023438,
            "observation": 20
        }
    },
    "250": {
        "BestCoverage": 0.8125,
        "ChromosomeLength": {
            "action": -1.7079262733459473,
            "observation": 23
        }
    },
    "255": {
        "BestCoverage": 0.8125,
        "ChromosomeLength": {
            "action": 3.0123367309570312,
            "observation": 21
        }
    },
    "260": {
        "BestCoverage": 0.8125,
        "ChromosomeLength": {
            "action": 2.0884451866149902,
            "observation": 24
        }
    },
    "265": {
        "BestCoverage": 0.8125,
        "ChromosomeLength": {
            "action": 3.711042881011963,
            "observation": 26
        }
    },