{
    "15": {
        "BestCoverage": 0.8,
        "CrossoverRate": {
            "action": -0.07496954202651979,
            "observation": 0.75
        }
    },
    "20": {
        "BestCoverage": 0.8,
        "CrossoverRate": {
            "action": -0.06691442131996156,
            "observation": 0.6750304579734803
        }
    },
    "25": {
        "BestCoverage": 0.8,
        "CrossoverRate": {
            "action": 0.0015294671058654757,
            "observation": 0.6081160366535188
        }
    },
    "30": {
        "BestCoverage": 0.8,
        "CrossoverRate": {
            "action": -0.0723480761051178,
            "observation": 0.6096455037593842
        }
    },
    "35": {
        "BestCoverage": 0.8,
        "CrossoverRate": {
            "action": -0.003880107402801508,
            "observation": 0.5372974276542664
        }
    },
    "40": {
        "BestCoverage": 0.8,
        "CrossoverRate": {
            "action": 0.08041466474533082,
            "observation": 0.5334173202514648
        }
    },
    "45": {
        "BestCoverage": 0.8,
        "CrossoverRate": {
            "action": -0.04483509063720703,
            "observation": 0.6138319849967957
        }
    },
    "50": {
        "BestCoverage": 0.8,
        "CrossoverRate": {
            "action": 0.01860918998718261,
            "observation": 0.5689968943595887
        }
    },
    "55": {
        "BestCoverage": 0.8,
        "CrossoverRate": {
            "action": -0.061659425497055054,
            "observation": 0.5876060843467713
        }
    },
    "60": {
        "BestCoverage": 0.8,
        "CrossoverRate": {
            "action": -0.058395206928253174,
            "observation": 0.5259466588497163
        }
    },
    "65": {
        "BestCoverage": 0.8,
        "CrossoverRate": {
            "action": 0.07342603206634521,
            "observation": 0.4675514519214631
        }
    },
    "70": {
        "BestCoverage": 0.8,
        "CrossoverRate": {
            "action": 0.06938579082489013,
            "observation": 0.5409774839878083
        }
    },
    "75": {
        "BestCoverage": 0.8,
        "CrossoverRate": {
            "action": 0.08299543857574462,
            "observation": 0.6103632748126985
        }
    },
    "80": {
        "BestCoverage": 0.8,
        "CrossoverRate": {
            "action": -0.09582247138023377,
            "observation": 0.6933587133884431
        }
    },
    "85": {
        "BestCoverage": 0.8,
        "CrossoverRate": {
            "action": 0.07273695468902588,
            "observation": 0.5975362420082093
        }
    },
    "90": {
        "BestCoverage": 0.8,
        "CrossoverRate": {
            "action": 0.09593117237091064,
            "observation": 0.6702731966972352
        }
    },
    "95": {
        "BestCoverage": 0.8,
        "CrossoverRate": {
            "action": 0.07191956043243408,
            "observation": 0.7662043690681458
        }
    },
    "100": {
        "BestCoverage": 0.8,
        "CrossoverRate": {
            "action": -0.0554356336593628,
            "observation": 0.8381239295005799
        }
    },
    "105": {
        "BestCoverage": 0.8,
        "CrossoverRate": {
            "action": 0.027123463153839122,
            "observation": 0.7826882958412171
        }
    },
    "110": {
        "BestCoverage": 0.8,
        "CrossoverRate": {
            "action": 0.04843767881393432,
            "observation": 0.8098117589950562
        }
    },
    "115": {
        "BestCoverage": 0.8,
        "CrossoverRate": {
            "action": -0.09911060929298401,
            "observation": 0.8582494378089905
        }
    },
    "120": {
        "BestCoverage": 0.8,
        "CrossoverRate": {
            "action": -0.012478148937225347,
            "observation": 0.7591388285160066
        }
    },
    "125": {
        "BestCoverage": 0.8,
        "CrossoverRate": {
            "action": -0.01698880195617676,
            "observation": 0.7466606795787812
        }
    },
    "130": {
        "BestCoverage": 0.8,
        "CrossoverRate": {
            "action": 0.02833940982818603,
            "observation": 0.7296718776226044
        }
    },
    "135": {
        "BestCoverage": 0.8,
        "CrossoverRate": {
            "action": -0.011018610000610357,
            "observation": 0.7580112874507905
        }
    },
    "140": {
        "BestCoverage": 0.8,
        "CrossoverRate": {
            "action": -0.008642280101776117,
            "observation": 0.7469926774501802
        }
    },
    "145": {
        "BestCoverage": 0.8,
        "CrossoverRate": {
            "action": 0.02794051170349121,
            "observation": 0.738350397348404
        }
    },
    "150": {
        "BestCoverage": 0.8,
        "CrossoverRate": {
            "action": 0.07854957580566407,
            "observation": 0.7662909090518952
        }
    },
    "155": {
        "BestCoverage": 0.8,
        "CrossoverRate": {
            "action": 0.07763984203338622,
            "observation": 0.8448404848575592
        }
    },
    "160": {
        "BestCoverage": 0.8,
        "CrossoverRate": {
            "action": -0.04509838819503784,
            "observation": 0.9224803268909455
        }
    },
    "165": {
        "BestCoverage": 0.8,
        "CrossoverRate": {
            "action": -0.0850237786769867,
            "observation": 0.8773819386959076
        }
    },
    "170": {
        "BestCoverage": 0.8,
        "CrossoverRate": {
            "action": -0.06122480630874634,
            "observation": 0.7923581600189209
        }
    },
    "175": {
        "BestCoverage": 0.8,
        "CrossoverRate": {
            "action": -0.005895525217056274,
            "observation": 0.7311333537101745
        }
    },
    "180": {
        "BestCoverage": 0.8,
        "CrossoverRate": {
            "action": 0.028428077697753906,
            "observation": 0.7252378284931182
        }
    },
    "185": {
        "BestCoverage": 0.8,
        "CrossoverRate": {
            "action": -0.09972752332687379,
            "observation": 0.7536659061908721
        }
    },
    "190": {
        "BestCoverage": 0.8,
        "CrossoverRate": {
            "action": -0.050475919246673585,
            "observation": 0.6539383828639984
        }
    },
    "195": {
        "BestCoverage": 0.8,
        "CrossoverRate": {
            "action": 0.08713421821594239,
            "observation": 0.6034624636173248
        }
    },
    "200": {
        "BestCoverage": 0.8,
        "CrossoverRate": {
            "action": 0.03640332221984863,
            "observation": 0.6905966818332672
        }
    },
    "205": {
        "BestCoverage": 0.8,
        "CrossoverRate": {
            "action": -0.03492108583450318,
            "observation": 0.7270000040531158
        }
    },
    "210": {
        "BestCoverage": 0.8,
        "CrossoverRate": {
            "action": -0.06757103204727173,
            "observation": 0.6920789182186127
        }
    },
    "215": {
        "BestCoverage": 0.8,
        "CrossoverRate": {
            "action": -0.035202002525329595,
            "observation": 0.6245078861713409
        }
    },
    "220": {
        "BestCoverage": 0.8,
        "CrossoverRate": {
            "action": -0.07544508576393127,
            "observation": 0.5893058836460113
        }
    },
    "225": {
        "BestCoverage": 0.8,
        "CrossoverRate": {
            "action": 0.060901355743408214,
            "observation": 0.5138607978820801
        }
    },
    "230": {
        "BestCoverage": 0.8,
        "CrossoverRate": {
            "action": 0.009651601314544678,
            "observation": 0.5747621536254883
        }
    },
    "235": {
        "BestCoverage": 0.8,
        "CrossoverRate": {
            "action": -0.0812966525554657,
            "observation": 0.584413754940033
        }
    },
    "240": {
        "BestCoverage": 0.8,
        "CrossoverRate": {
            "action": 0.09770921468734742,