{
    "15": {
        "BestCoverage": 0.8,
        "CrossoverRate": {
            "action": 0.04113973379135133,
            "observation": 0.75
        }
    },
    "20": {
        "BestCoverage": 0.8,
        "CrossoverRate": {
            "action": -0.018952482938766474,
            "observation": 0.7911397337913513
        }
    },
    "25": {
        "BestCoverage": 0.8,
        "CrossoverRate": {
            "action": -0.08043529987335206,
            "observation": 0.7721872508525848
        }
    },
    "30": {
        "BestCoverage": 0.8,
        "CrossoverRate": {
            "action": 0.05921585559844972,
            "observation": 0.6917519509792327
        }
    },
    "35": {
        "BestCoverage": 0.8,
        "CrossoverRate": {
            "action": -0.07581886053085328,
            "observation": 0.7509678065776824
        }
    },
    "40": {
        "BestCoverage": 0.8,
        "CrossoverRate": {
            "action": 0.020046031475067144,
            "observation": 0.6751489460468291
        }
    },
    "45": {
        "BestCoverage": 0.8,
        "CrossoverRate": {
            "action": -0.0746582865715027,
            "observation": 0.6951949775218962
        }
    },
    "50": {
        "BestCoverage": 0.8,
        "CrossoverRate": {
            "action": 0.006273245811462408,
            "observation": 0.6205366909503935
        }
    },
    "55": {
        "BestCoverage": 0.8,
        "CrossoverRate": {
            "action": -0.038214159011840824,
            "observation": 0.6268099367618559
        }
    },
    "60": {
        "BestCoverage": 0.8,
        "CrossoverRate": {
            "action": -0.049757313728332524,
            "observation": 0.5885957777500151
        }
    },
    "65": {
        "BestCoverage": 0.8,
        "CrossoverRate": {
            "action": 0.07439208030700684,
            "observation": 0.5388384640216827
        }
    },
    "70": {
        "BestCoverage": 0.8,
        "CrossoverRate": {
            "action": 0.0045997738838195745,
            "observation": 0.6132305443286895
        }
    },
    "75": {
        "BestCoverage": 0.8,
        "CrossoverRate": {
            "action": -0.06825643181800842,
            "observation": 0.6178303182125091
        }
    },
    "80": {
        "BestCoverage": 0.8,
        "CrossoverRate": {
            "action": -0.04567646384239197,
            "observation": 0.5495738863945007
        }
    },
    "85": {
        "BestCoverage": 0.8,
        "CrossoverRate": {
            "action": -0.022802102565765384,
            "observation": 0.5038974225521087
        }
    },
    "90": {
        "BestCoverage": 0.8,
        "CrossoverRate": {
            "action": 0.06990933418273926,
            "observation": 0.4810953199863433
        }
    },
    "95": {
        "BestCoverage": 0.8,
        "CrossoverRate": {
            "action": 0.022743153572082522,
            "observation": 0.5510046541690825
        }
    },
    "100": {
        "BestCoverage": 0.8,
        "CrossoverRate": {
            "action": 0.00363922119140625,
            "observation": 0.5737478077411651
        }
    },
    "105": {
        "BestCoverage": 0.8,
        "CrossoverRate": {
            "action": -0.03205143213272095,
            "observation": 0.5773870289325713
        }
    },
    "110": {
        "BestCoverage": 0.8,
        "CrossoverRate": {
            "action": -0.06187664866447449,
            "observation": 0.5453355967998503
        }
    },
    "115": {
        "BestCoverage": 0.8,
        "CrossoverRate": {
            "action": -0.031781566143035886,
            "observation": 0.4834589481353758
        }
    },
    "120": {
        "BestCoverage": 0.8,
        "CrossoverRate": {
            "action": -0.08071356415748597,
            "observation": 0.4516773819923399
        }
    },
    "125": {
        "BestCoverage": 0.8,
        "CrossoverRate": {
            "action": 0.0023281455039978055,
            "observation": 0.37096381783485394
        }
    },
    "130": {
        "BestCoverage": 0.8,
        "CrossoverRate": {
            "action": 0.057644414901733415,
            "observation": 0.37329196333885173
        }
    },
    "135": {
        "BestCoverage": 0.8,
        "CrossoverRate": {
            "action": -0.00740457177162171,
            "observation": 0.43093637824058517
        }
    },
    "140": {
        "BestCoverage": 0.8,
        "CrossoverRate": {
            "action": 0.01999036073684693,
            "observation": 0.4235318064689635
        }
    },
    "145": {
        "BestCoverage": 0.8,
        "CrossoverRate": {
            "action": -0.025892889499664312,
            "observation": 0.4435221672058104
        }
    },
    "150": {
        "BestCoverage": 0.8,
        "CrossoverRate": {
            "action": 0.07483781576156617,
            "observation": 0.4176292777061461
        }
    },
    "155": {
        "BestCoverage": 0.8,
        "CrossoverRate": {
            "action": -0.06695465445518495,
            "observation": 0.4924670934677123
        }
    },
    "160": {
        "BestCoverage": 0.8,
        "CrossoverRate": {
            "action": 0.039645254611968994,
            "observation": 0.42551243901252733
        }
    },
    "165": {
        "BestCoverage": 0.8,
        "CrossoverRate": {
            "action": 0.09774224758148195,
            "observation": 0.4651576936244963
        }
    },
    "170": {
        "BestCoverage": 0.8,
        "CrossoverRate": {
            "action": 0.06372547149658203,
            "observation": 0.5628999412059783
        }
    },
    "175": {
        "BestCoverage": 0.8,
        "CrossoverRate": {
            "action": 0.05388454198837281,
            "observation": 0.6266254127025603
        }
    },
    "180": {
        "BestCoverage": 0.8,
        "CrossoverRate": {
            "action": -0.06626493334770203,
            "observation": 0.6805099546909331
        }
    },
    "185": {
        "BestCoverage": 0.8,
        "CrossoverRate": {
            "action": -0.08296120166778564,
            "observation": 0.6142450213432311
        }
    },
    "190": {
        "BestCoverage": 0.8,
        "CrossoverRate": {
            "action": -0.09046381115913392,
            "observation": 0.5312838196754455
        }
    },
    "195": {
        "BestCoverage": 0.8,
        "CrossoverRate": {
            "action": 0.07822525501251221,
            "observation": 0.44082000851631153
        }
    },
    "200": {
        "BestCoverage": 0.8,
        "CrossoverRate": {
            "action": 0.010576403141021734,
            "observation": 0.5190452635288237
        }
    },
    "205": {
        "BestCoverage": 0.8,
        "CrossoverRate": {
            "action": -0.06488019227981567,
            "observation": 0.5296216666698454
        }
    },
    "210": {
        "BestCoverage": 0.8,
        "CrossoverRate": {
            "action": -0.04520713090896607,
            "observation": 0.4647414743900298
        }
    },
    "215": {
        "BestCoverage": 0.8,
        "CrossoverRate": {
            "action": 0.05381476879119873,
            "observation": 0.4195343434810637
        }
    },
    "220": {
        "BestCoverage": 0.8,
        "CrossoverRate": {
            "action": 0.09430427551269532,
            "observation": 0.47334911227226245
        }
    },
    "225": {
        "BestCoverage": 0.8,
        "CrossoverRate": {
            "action": 0.08214633464813234,
            "observation": 0.5676533877849578
        }
    },
    "230": {
        "BestCoverage": 0.8,
        "CrossoverRate": {
            "action": 0.0596001386642456,
            "observation": 0.6497997224330901
        }
    },
    "235": {
        "BestCoverage": 0.8,
        "CrossoverRate": {
            "action": 0.03893280029296875,
            "observation": 0.7093998610973358
        }
    },
    "240": {
        "BestCoverage": 0.8,
        "CrossoverRate": {
            "action": 0.025556290149688715,