{
    "15": {
        "BestCoverage": 0.0379746835443038,
        "ChangeParameterProbability": {
            "action": -0.0772650957107544,
            "observation": 0.1
        }
    },
    "20": {
        "BestCoverage": 0.0379746835443038,
        "ChangeParameterProbability": {
            "action": -0.0983773410320282,
            "observation": 0.0227349042892456
        }
    },
    "25": {
        "BestCoverage": 0.0379746835443038,
        "ChangeParameterProbability": {
            "action": 0.02679480314254762,
            "observation": 0.0
        }
    },
    "30": {
        "BestCoverage": 0.0379746835443038,
        "ChangeParameterProbability": {
            "action": 0.061956858634948736,
            "observation": 0.02679480314254762
        }
    },
    "35": {
        "BestCoverage": 0.0379746835443038,
        "ChangeParameterProbability": {
            "action": 0.016463589668273923,
            "observation": 0.08875166177749635
        }
    },
    "40": {
        "BestCoverage": 0.0379746835443038,
        "ChangeParameterProbability": {
            "action": 0.014014172554016116,
            "observation": 0.10521525144577028
        }
    },
    "45": {
        "BestCoverage": 0.0379746835443038,
        "ChangeParameterProbability": {
            "action": 0.0217892050743103,
            "observation": 0.1192294239997864
        }
    }
}