{
    "15": {
        "BestCoverage": 0.8,
        "Population": {
            "action": 1.5976028442382812,
            "observation": 50
        }
    },
    "20": {
        "BestCoverage": 0.8,
        "Population": {
            "action": -5.868613243103027,
            "observation": 52
        }
    },
    "25": {
        "BestCoverage": 0.8,
        "Population": {
            "action": -6.25507926940918,
            "observation": 46
        }
    },
    "30": {
        "BestCoverage": 0.8,
        "Population": {
            "action": -7.055821418762207,
            "observation": 40
        }
    },
    "35": {
        "BestCoverage": 0.8,
        "Population": {
            "action": -3.732877254486084,
            "observation": 33
        }
    },
    "40": {
        "BestCoverage": 0.8,
        "Population": {
            "action": 4.823461532592773,
            "observation": 29
        }
    },
    "45": {
        "BestCoverage": 0.8,
        "Population": {
            "action": -6.194897651672363,
            "observation": 34
        }
    },
    "50": {
        "BestCoverage": 0.8,
        "Population": {
            "action": 5.059466361999512,
            "observation": 28
        }
    },
    "55": {
        "BestCoverage": 0.8,
        "Population": {
            "action": -2.7768235206604004,
            "observation": 33
        }
    },
    "60": {
        "BestCoverage": 0.8,
        "Population": {
            "action": 0.7102928161621094,
            "observation": 30
        }
    },
    "65": {
        "BestCoverage": 0.8,
        "Population": {
            "action": -2.177323341369629,
            "observation": 31
        }
    },
    "70": {
        "BestCoverage": 0.8,
        "Population": {
            "action": 6.579381942749023,
            "observation": 29
        }
    },
    "75": {
        "BestCoverage": 0.8,
        "Population": {
            "action": -6.5369954109191895,
            "observation": 36
        }
    },
    "80": {
        "BestCoverage": 0.8,
        "Population": {
            "action": -6.827638626098633,
            "observation": 29
        }
    },
    "85": {
        "BestCoverage": 0.8,
        "Population": {
            "action": 7.728981018066406,
            "observation": 25
        }
    },
    "90": {
        "BestCoverage": 0.8,
        "Population": {
            "action": 4.274921417236328,
            "observation": 33
        }
    },
    "95": {
        "BestCoverage": 0.8,
        "Population": {
            "action": 5.665851593017578,
            "observation": 37
        }
    },
    "100": {
        "BestCoverage": 0.8,
        "Population": {
            "action": -6.307623386383057,
            "observation": 43
        }
    },
    "105": {
        "BestCoverage": 0.8,
        "Population": {
            "action": -0.6659893989562988,
            "observation": 37
        }
    },
    "110": {
        "BestCoverage": 0.8,
        "Population": {
            "action": 3.6638107299804688,
            "observation": 36
        }
    },
    "115": {
        "BestCoverage": 0.8,
        "Population": {
            "action": 2.8624467849731445,
            "observation": 40
        }
    },
    "120": {
        "BestCoverage": 0.8,
        "Population": {
            "action": 5.393760681152344,
            "observation": 43
        }
    },
    "125": {
        "BestCoverage": 0.8,
        "Population": {
            "action": -0.8549098968505859,
            "observation": 48
        }
    },
    "130": {
        "BestCoverage": 0.8,
        "Population": {
            "action": 1.7574996948242188,
            "observation": 47
        }
    },
    "135": {
        "BestCoverage": 0.8,
        "Population": {
            "action": -1.0808367729187012,
            "observation": 49
        }
    },
    "140": {
        "BestCoverage": 0.8,
        "Population": {
            "action": -3.4951095581054688,
            "observation": 48
        }
    },
    "145": {
        "BestCoverage": 0.8,
        "Population": {
            "action": 1.5037422180175781,
            "observation": 45
        }
    },
    "150": {
        "BestCoverage": 0.8,
        "Population": {
            "action": 6.500871658325195,
            "observation": 47
        }
    },
    "155": {
        "BestCoverage": 0.8,
        "Population": {
            "action": 2.5541582107543945,
            "observation": 54
        }
    },
    "160": {
        "BestCoverage": 0.8,
        "Population": {
            "action": -7.869333744049072,
            "observation": 57
        }
    },
    "165": {
        "BestCoverage": 0.8,
        "Population": {
            "action": 3.908885955810547,
            "observation": 49
        }
    },
    "170": {
        "BestCoverage": 0.8,
        "Population": {
            "action": -4.376354694366455,
            "observation": 53
        }
    },
    "175": {
        "BestCoverage": 0.8,
        "Population": {
            "action": -0.057660579681396484,
            "observation": 49
        }
    },
    "180": {
        "BestCoverage": 0.8,
        "Population": {
            "action": -5.1591877937316895,
            "observation": 49
        }
    },
    "185": {
        "BestCoverage": 0.8,
        "Population": {
            "action": -3.438537120819092,
            "observation": 44
        }
    },
    "190": {
        "BestCoverage": 0.8,
        "Population": {
            "action": 7.317151069641113,
            "observation": 41
        }
    },
    "195": {
        "BestCoverage": 0.8,
        "Population": {
            "action": 7.281471252441406,
            "observation": 48
        }
    },
    "200": {
        "BestCoverage": 0.8,
        "Population": {
            "action": -3.209090232849121,
            "observation": 55
        }
    },
    "205": {
        "BestCoverage": 0.8,
        "Population": {
            "action": -1.4825077056884766,
            "observation": 52
        }
    },
    "210": {
        "BestCoverage": 0.8,
        "Population": {
            "action": 6.658086776733398,
            "observation": 51
        }
    },
    "215": {
        "BestCoverage": 0.8,
        "Population": {
            "action": 4.964072227478027,
            "observation": 58
        }
    },
    "220": {
        "BestCoverage": 0.8,
        "Population": {
            "action": 0.7432794570922852,
            "observation": 63
        }
    },
    "225": {
        "BestCoverage": 0.8,
        "Population": {
            "action": 3.8544540405273438,
            "observation": 64
        }
    },
    "230": {
        "BestCoverage": 0.8,
        "Population": {
            "action": 6.354857444763184,
            "observation": 68
        }
    },
    "235": {
        "BestCoverage": 0.8,
        "Population": {
            "action": -1.409195899963379,
            "observation": 74
        }
    },
    "240": {
        "BestCoverage": 0.8,
        "Population": {
            "action": 1.5946264266967773,
            "observation": 73
        }
    },
    "245": {
        "BestCoverage": 0.8,
        "Population": {
            "action": -3.061433792114258,
            "observation": 75
        }
    },
    "250": {
        "BestCoverage": 0.8,
        "Population": {
            "action": -2.1141157150268555,
            "observation": 72
        }
    },
    "255": {
        "BestCoverage": 0.8,
        "Population": {
            "action": -3.8882293701171875,
            "observation": 70
        }
    },
    "260": {
        "BestCoverage": 0.8,
        "Population": {
            "action": 7.3393144607543945,
            "observation": 66
        }
    },
    "265": {
        "BestCoverage": 0.8,
        "Population": {
            "action": -2.8881869316101074,
            "observation": 73
        }
    },
    "270": {
        "BestCoverage": 0.8,
        "Population": {
            "action": 5.324102401733398,