{
    "25": {
        "BestCoverage": 0.7375,
        "Population": {
            "action": 7.387851715087891,
            "observation": 50
        }
    },
    "30": {
        "BestCoverage": 0.7375,
        "Population": {
            "action": -4.032299041748047,
            "observation": 57
        }
    },
    "35": {
        "BestCoverage": 0.7375,
        "Population": {
            "action": -4.4187164306640625,
            "observation": 53
        }
    },
    "40": {
        "BestCoverage": 0.75,
        "Population": {
            "action": -7.424570083618164,
            "observation": 49
        }
    },
    "45": {
        "BestCoverage": 0.75,
        "Population": {
            "action": -1.0932559967041016,
            "observation": 42
        }
    },
    "50": {
        "BestCoverage": 0.75,
        "Population": {
            "action": -6.140963554382324,
            "observation": 41
        }
    },
    "55": {
        "BestCoverage": 0.75,
        "Population": {
            "action": 6.208064079284668,
            "observation": 35
        }
    },
    "60": {
        "BestCoverage": 0.75,
        "Population": {
            "action": -6.199254989624023,
            "observation": 41
        }
    },
    "65": {
        "BestCoverage": 0.75,
        "Population": {
            "action": -1.6968464851379395,
            "observation": 35
        }
    },
    "70": {
        "BestCoverage": 0.75,
        "Population": {
            "action": -0.7061285972595215,
            "observation": 33
        }
    },
    "75": {
        "BestCoverage": 0.75,
        "Population": {
            "action": -3.145415782928467,
            "observation": 32
        }
    },
    "80": {
        "BestCoverage": 0.75,
        "Population": {
            "action": 4.389286041259766,
            "observation": 29
        }
    },
    "85": {
        "BestCoverage": 0.75,
        "Population": {
            "action": -6.259799003601074,
            "observation": 33
        }
    },
    "90": {
        "BestCoverage": 0.75,
        "Population": {
            "action": 5.519702911376953,
            "observation": 27
        }
    },
    "95": {
        "BestCoverage": 0.75,
        "Population": {
            "action": 0.4475545883178711,
            "observation": 33
        }
    },
    "100": {
        "BestCoverage": 0.75,
        "Population": {
            "action": 2.780803680419922,
            "observation": 33
        }
    },
    "105": {
        "BestCoverage": 0.75,
        "Population": {
            "action": 7.586029052734375,
            "observation": 36
        }
    },
    "110": {
        "BestCoverage": 0.75,
        "Population": {
            "action": -6.260601043701172,
            "observation": 44
        }
    },
    "115": {
        "BestCoverage": 0.75,
        "Population": {
            "action": -5.159814834594727,
            "observation": 38
        }
    },
    "120": {
        "BestCoverage": 0.75,
        "Population": {
            "action": 6.8914794921875,
            "observation": 33
        }
    },
    "125": {
        "BestCoverage": 0.75,
        "Population": {
            "action": 4.203879356384277,
            "observation": 40
        }
    },
    "130": {
        "BestCoverage": 0.75,
        "Population": {
            "action": -1.3340544700622559,
            "observation": 44
        }
    },
    "135": {
        "BestCoverage": 0.75,
        "Population": {
            "action": 1.2959651947021484,
            "observation": 43
        }
    },
    "140": {
        "BestCoverage": 0.75,
        "Population": {
            "action": 0.8706531524658203,
            "observation": 44
        }
    },
    "145": {
        "BestCoverage": 0.75,
        "Population": {
            "action": -2.120147705078125,
            "observation": 45
        }
    },
    "150": {
        "BestCoverage": 0.75,
        "Population": {
            "action": 2.9593276977539062,
            "observation": 43
        }
    },
    "155": {
        "BestCoverage": 0.75,
        "Population": {
            "action": 5.833566665649414,
            "observation": 46
        }
    },
    "160": {
        "BestCoverage": 0.75,
        "Population": {
            "action": 4.507528305053711,
            "observation": 52
        }
    },
    "165": {
        "BestCoverage": 0.75,
        "Population": {
            "action": 2.2953529357910156,
            "observation": 57
        }
    },
    "170": {
        "BestCoverage": 0.75,
        "Population": {
            "action": -6.255468368530273,
            "observation": 59
        }
    },
    "175": {
        "BestCoverage": 0.75,
        "Population": {
            "action": 7.232848167419434,
            "observation": 53
        }
    },
    "180": {
        "BestCoverage": 0.75,
        "Population": {
            "action": -4.476909160614014,
            "observation": 60
        }
    },
    "185": {
        "BestCoverage": 0.75,
        "Population": {
            "action": -2.378401756286621,
            "observation": 56
        }
    },
    "190": {
        "BestCoverage": 0.75,
        "Population": {
            "action": 7.158967971801758,
            "observation": 54
        }
    },
    "195": {
        "BestCoverage": 0.75,
        "Population": {
            "action": 6.510676383972168,
            "observation": 61
        }
    },
    "200": {
        "BestCoverage": 0.75,
        "Population": {
            "action": 7.188087463378906,
            "observation": 68
        }
    },
    "205": {
        "BestCoverage": 0.75,
        "Population": {
            "action": -0.3688802719116211,
            "observation": 75
        }
    },
    "210": {
        "BestCoverage": 0.75,
        "Population": {
            "action": -2.842855930328369,
            "observation": 75
        }
    },
    "215": {
        "BestCoverage": 0.75,
        "Population": {
            "action": 1.9024286270141602,
            "observation": 72
        }
    },
    "220": {
        "BestCoverage": 0.75,
        "Population": {
            "action": -6.030482769012451,
            "observation": 74
        }
    },
    "225": {
        "BestCoverage": 0.75,
        "Population": {
            "action": 5.474560737609863,
            "observation": 68
        }
    },
    "230": {
        "BestCoverage": 0.75,
        "Population": {
            "action": 2.262899398803711,
            "observation": 73
        }
    },
    "235": {
        "BestCoverage": 0.75,
        "Population": {
            "action": -1.6989154815673828,
            "observation": 75
        }
    },
    "240": {
        "BestCoverage": 0.75,
        "Population": {
            "action": -3.9817886352539062,
            "observation": 73
        }
    },
    "245": {
        "BestCoverage": 0.75,
        "Population": {
            "action": -7.587447643280029,
            "observation": 69
        }
    },
    "250": {
        "BestCoverage": 0.75,
        "Population": {
            "action": 0.8080739974975586,
            "observation": 61
        }
    },
    "255": {
        "BestCoverage": 0.75,
        "Population": {
            "action": 0.7739372253417969,
            "observation": 62
        }
    },
    "260": {
        "BestCoverage": 0.75,
        "Population": {
            "action": -6.608184337615967,
            "observation": 63
        }
    },
    "265": {
        "BestCoverage": 0.75,
        "Population": {
            "action": -4.16218900680542,
            "observation": 56
        }
    },
    "270": {
        "BestCoverage": 0.75,
        "Population": {
            "action": 5.085622787475586,
            "observation": 52
        }
    },
    "275": {
        "BestCoverage": 0.75,
        "Population": {
            "action": -3.464615821838379,
            "observation": 57
        }
    },
    "280": {
        "BestCoverage": 0.75,