{
    "15": {
        "BestCoverage": 0.8,
        "Population": {
            "action": 0.7345314025878906,
            "observation": 50
        }
    },
    "20": {
        "BestCoverage": 0.8,
        "Population": {
            "action": 7.767372131347656,
            "observation": 51
        }
    },
    "25": {
        "BestCoverage": 0.8,
        "Population": {
            "action": -2.746270179748535,
            "observation": 59
        }
    },
    "30": {
        "BestCoverage": 0.8,
        "Population": {
            "action": 7.029016494750977,
            "observation": 56
        }
    },
    "35": {
        "BestCoverage": 0.8,
        "Population": {
            "action": -4.654013633728027,
            "observation": 63
        }
    },
    "40": {
        "BestCoverage": 0.8,
        "Population": {
            "action": -4.012073040008545,
            "observation": 58
        }
    },
    "45": {
        "BestCoverage": 0.8,
        "Population": {
            "action": 6.430991172790527,
            "observation": 54
        }
    },
    "50": {
        "BestCoverage": 0.8,
        "Population": {
            "action": 4.004063606262207,
            "observation": 60
        }
    },
    "55": {
        "BestCoverage": 0.8,
        "Population": {
            "action": 3.248943328857422,
            "observation": 64
        }
    },
    "60": {
        "BestCoverage": 0.8,
        "Population": {
            "action": -2.4483766555786133,
            "observation": 67
        }
    },
    "65": {
        "BestCoverage": 0.8,
        "Population": {
            "action": -6.086310863494873,
            "observation": 65
        }
    },
    "70": {
        "BestCoverage": 0.8,
        "Population": {
            "action": 7.4080705642700195,
            "observation": 59
        }
    },
    "75": {
        "BestCoverage": 0.8,
        "Population": {
            "action": -3.0990896224975586,
            "observation": 66
        }
    },
    "80": {
        "BestCoverage": 0.8,
        "Population": {
            "action": -7.237249374389648,
            "observation": 63
        }
    },
    "85": {
        "BestCoverage": 0.8,
        "Population": {
            "action": -4.716541767120361,
            "observation": 56
        }
    },
    "90": {
        "BestCoverage": 0.8,
        "Population": {
            "action": 5.069997787475586,
            "observation": 51
        }
    },
    "95": {
        "BestCoverage": 0.8,
        "Population": {
            "action": 3.1891050338745117,
            "observation": 56
        }
    },
    "100": {
        "BestCoverage": 0.8,
        "Population": {
            "action": 0.766139030456543,
            "observation": 59
        }
    },
    "105": {
        "BestCoverage": 0.8,
        "Population": {
            "action": 5.8603973388671875,
            "observation": 60
        }
    },
    "110": {
        "BestCoverage": 0.8,
        "Population": {
            "action": 5.330047607421875,
            "observation": 66
        }
    },
    "115": {
        "BestCoverage": 0.8,
        "Population": {
            "action": -1.7251996994018555,
            "observation": 71
        }
    },
    "120": {
        "BestCoverage": 0.8,
        "Population": {
            "action": 5.751791000366211,
            "observation": 69
        }
    },
    "125": {
        "BestCoverage": 0.8,
        "Population": {
            "action": -7.055765151977539,
            "observation": 75
        }
    },
    "130": {
        "BestCoverage": 0.8,
        "Population": {
            "action": -0.6165304183959961,
            "observation": 68
        }
    },
    "135": {
        "BestCoverage": 0.8,
        "Population": {
            "action": 0.04195404052734375,
            "observation": 67
        }
    },
    "140": {
        "BestCoverage": 0.8,
        "Population": {
            "action": 6.110507011413574,
            "observation": 67
        }
    },
    "145": {
        "BestCoverage": 0.8,
        "Population": {
            "action": -6.594704627990723,
            "observation": 73
        }
    },
    "150": {
        "BestCoverage": 0.8,
        "Population": {
            "action": 4.276187896728516,
            "observation": 66
        }
    },
    "155": {
        "BestCoverage": 0.8,
        "Population": {
            "action": 6.221336364746094,
            "observation": 70
        }
    },
    "160": {
        "BestCoverage": 0.8,
        "Population": {
            "action": -4.849763870239258,
            "observation": 76
        }
    },
    "165": {
        "BestCoverage": 0.8,
        "Population": {
            "action": 6.742458343505859,
            "observation": 71
        }
    },
    "170": {
        "BestCoverage": 0.8,
        "Population": {
            "action": 5.572345733642578,
            "observation": 78
        }
    },
    "175": {
        "BestCoverage": 0.8,
        "Population": {
            "action": 1.3608779907226562,
            "observation": 84
        }
    },
    "180": {
        "BestCoverage": 0.8,
        "Population": {
            "action": -2.0824122428894043,
            "observation": 85
        }
    },
    "185": {
        "BestCoverage": 0.8,
        "Population": {
            "action": -0.34183502197265625,
            "observation": 83
        }
    },
    "190": {
        "BestCoverage": 0.8,
        "Population": {
            "action": 5.625621795654297,
            "observation": 83
        }
    },
    "195": {
        "BestCoverage": 0.8,
        "Population": {
            "action": 3.037405014038086,
            "observation": 89
        }
    },
    "200": {
        "BestCoverage": 0.8,
        "Population": {
            "action": -1.5991368293762207,
            "observation": 92
        }
    },
    "205": {
        "BestCoverage": 0.8,
        "Population": {
            "action": -2.359996795654297,
            "observation": 90
        }
    },
    "210": {
        "BestCoverage": 0.8,
        "Population": {
            "action": -4.819857120513916,
            "observation": 88
        }
    },
    "215": {
        "BestCoverage": 0.8,
        "Population": {
            "action": -2.3941240310668945,
            "observation": 83
        }
    },
    "220": {
        "BestCoverage": 0.8,
        "Population": {
            "action": -0.47972679138183594,
            "observation": 81
        }
    },
    "225": {
        "BestCoverage": 0.8,
        "Population": {
            "action": -4.968821048736572,
            "observation": 81
        }
    },
    "230": {
        "BestCoverage": 0.8,
        "Population": {
            "action": 7.905922889709473,
            "observation": 76
        }
    },
    "235": {
        "BestCoverage": 0.8,
        "Population": {
            "action": 2.867926597595215,
            "observation": 84
        }
    },
    "240": {
        "BestCoverage": 0.8,
        "Population": {
            "action": -0.030765056610107422,
            "observation": 87
        }
    },
    "245": {
        "BestCoverage": 0.8,
        "Population": {
            "action": 0.3911285400390625,
            "observation": 87
        }
    },
    "250": {
        "BestCoverage": 0.8,
        "Population": {
            "action": 5.110569000244141,
            "observation": 87
        }
    },
    "255": {
        "BestCoverage": 0.8,
        "Population": {
            "action": 4.656918525695801,
            "observation": 92
        }
    },
    "260": {
        "BestCoverage": 0.8,
        "Population": {
            "action": 2.634950637817383,
            "observation": 97
        }
    },
    "265": {
        "BestCoverage": 0.8,
        "Population": {
            "action": -2.6334972381591797,
            "observation": 100
        }
    },
    "270": {
        "BestCoverage": 0.8,
        "Population": {
            "action": -6.65053129196167,