{
    "15": {
        "BestCoverage": 0.8,
        "StatementInsertionProbability": {
            "action": -0.09729578495025636,
            "observation": 0.5
        }
    },
    "20": {
        "BestCoverage": 0.8,
        "StatementInsertionProbability": {
            "action": -0.031819188594818124,
            "observation": 0.40270421504974363
        }
    },
    "25": {
        "BestCoverage": 0.8,
        "StatementInsertionProbability": {
            "action": 0.05054473876953125,
            "observation": 0.3708850264549255
        }
    },
    "30": {
        "BestCoverage": 0.8,
        "StatementInsertionProbability": {
            "action": -0.07144854068756104,
            "observation": 0.42142976522445674
        }
    },
    "35": {
        "BestCoverage": 0.8,
        "StatementInsertionProbability": {
            "action": 0.07646846771240234,
            "observation": 0.34998122453689573
        }
    },
    "40": {
        "BestCoverage": 0.8,
        "StatementInsertionProbability": {
            "action": -0.07611144185066224,
            "observation": 0.4264496922492981
        }
    },
    "45": {
        "BestCoverage": 0.8,
        "StatementInsertionProbability": {
            "action": -0.05289229154586792,
            "observation": 0.35033825039863586
        }
    },
    "50": {
        "BestCoverage": 0.8,
        "StatementInsertionProbability": {
            "action": -0.03624446392059326,
            "observation": 0.2974459588527679
        }
    },
    "55": {
        "BestCoverage": 0.8,
        "StatementInsertionProbability": {
            "action": -0.09176526069641114,
            "observation": 0.26120149493217465
        }
    },
    "60": {
        "BestCoverage": 0.8,
        "StatementInsertionProbability": {
            "action": 0.05792027711868286,
            "observation": 0.1694362342357635
        }
    },
    "65": {
        "BestCoverage": 0.8,
        "StatementInsertionProbability": {
            "action": -0.07906348705291749,
            "observation": 0.22735651135444637
        }
    },
    "70": {
        "BestCoverage": 0.8,
        "StatementInsertionProbability": {
            "action": -0.014502388238906858,
            "observation": 0.14829302430152888
        }
    },
    "75": {
        "BestCoverage": 0.8,
        "StatementInsertionProbability": {
            "action": 0.03355283737182618,
            "observation": 0.13379063606262204
        }
    },
    "80": {
        "BestCoverage": 0.8,
        "StatementInsertionProbability": {
            "action": -0.04144214391708374,
            "observation": 0.16734347343444822
        }
    },
    "85": {
        "BestCoverage": 0.8,
        "StatementInsertionProbability": {
            "action": -0.07689476013183594,
            "observation": 0.1259013295173645
        }
    },
    "90": {
        "BestCoverage": 0.8,
        "StatementInsertionProbability": {
            "action": 0.06843628883361816,
            "observation": 0.04900656938552855
        }
    },
    "95": {
        "BestCoverage": 0.8,
        "StatementInsertionProbability": {
            "action": 0.036118483543396,
            "observation": 0.11744285821914671
        }
    },
    "100": {
        "BestCoverage": 0.8,
        "StatementInsertionProbability": {
            "action": -0.02059351801872253,
            "observation": 0.1535613417625427
        }
    },
    "105": {
        "BestCoverage": 0.8,
        "StatementInsertionProbability": {
            "action": -0.09932220578193665,
            "observation": 0.13296782374382018
        }
    },
    "110": {
        "BestCoverage": 0.8,
        "StatementInsertionProbability": {
            "action": 0.0878079414367676,
            "observation": 0.033645617961883534
        }
    },
    "115": {
        "BestCoverage": 0.8,
        "StatementInsertionProbability": {
            "action": -0.0989232063293457,
            "observation": 0.12145355939865113
        }
    },
    "120": {
        "BestCoverage": 0.8,
        "StatementInsertionProbability": {
            "action": 0.08263943195343018,
            "observation": 0.022530353069305425
        }
    },
    "125": {
        "BestCoverage": 0.8,
        "StatementInsertionProbability": {
            "action": -0.05283175110816956,
            "observation": 0.1051697850227356
        }
    },
    "130": {
        "BestCoverage": 0.8,
        "StatementInsertionProbability": {
            "action": -0.028477102518081665,
            "observation": 0.05233803391456605
        }
    },
    "135": {
        "BestCoverage": 0.8,
        "StatementInsertionProbability": {
            "action": 0.019479775428771967,
            "observation": 0.023860931396484382
        }
    },
    "140": {
        "BestCoverage": 0.8,
        "StatementInsertionProbability": {
            "action": -0.017509853839874273,
            "observation": 0.04334070682525635
        }
    },
    "145": {
        "BestCoverage": 0.8,
        "StatementInsertionProbability": {
            "action": -0.09839087128639222,
            "observation": 0.025830852985382076
        }
    },
    "150": {
        "BestCoverage": 0.8,
        "StatementInsertionProbability": {
            "action": 0.03629565238952637,
            "observation": 0.0
        }
    },
    "155": {
        "BestCoverage": 0.8,
        "StatementInsertionProbability": {
            "action": 0.03825260400772096,
            "observation": 0.03629565238952637
        }
    },
    "160": {
        "BestCoverage": 0.8,
        "StatementInsertionProbability": {
            "action": -0.037662905454635624,
            "observation": 0.07454825639724733
        }
    },
    "165": {
        "BestCoverage": 0.8,
        "StatementInsertionProbability": {
            "action": -0.06300591826438903,
            "observation": 0.0368853509426117
        }
    },
    "170": {
        "BestCoverage": 0.8,
        "StatementInsertionProbability": {
            "action": 0.006017637252807614,
            "observation": 0.0
        }
    },
    "175": {
        "BestCoverage": 0.8,
        "StatementInsertionProbability": {
            "action": -0.033154773712158206,
            "observation": 0.006017637252807614
        }
    },
    "180": {
        "BestCoverage": 0.8,
        "StatementInsertionProbability": {
            "action": -0.018689554929733274,
            "observation": 0.0
        }
    },
    "185": {
        "BestCoverage": 0.8,
        "StatementInsertionProbability": {
            "action": 0.030018508434295654,
            "observation": 0.0
        }
    },
    "190": {
        "BestCoverage": 0.8,
        "StatementInsertionProbability": {
            "action": -0.07599771022796631,
            "observation": 0.030018508434295654
        }
    },
    "195": {
        "BestCoverage": 0.8,
        "StatementInsertionProbability": {
            "action": -0.0386069655418396,
            "observation": 0.0
        }
    },
    "200": {
        "BestCoverage": 0.8,
        "StatementInsertionProbability": {
            "action": 0.096604061126709,
            "observation": 0.0
        }
    },
    "205": {
        "BestCoverage": 0.8,
        "StatementInsertionProbability": {
            "action": -0.09792195558547974,
            "observation": 0.096604061126709
        }
    },
    "210": {
        "BestCoverage": 0.8,
        "StatementInsertionProbability": {
            "action": -0.028752177953720093,
            "observation": 0.0
        }
    },
    "215": {
        "BestCoverage": 0.8,
        "StatementInsertionProbability": {
            "action": -0.008762305974960333,
            "observation": 0.0
        }
    },
    "220": {
        "BestCoverage": 0.8,
        "StatementInsertionProbability": {
            "action": 0.039594411849975586,
            "observation": 0.0
        }
    },
    "225": {
        "BestCoverage": 0.8,