{
    "15": {
        "BestCoverage": 0.725,
        "Population": {
            "action": 7.994029998779297,
            "observation": 50
        }
    },
    "20": {
        "BestCoverage": 0.75,
        "Population": {
            "action": 6.907114028930664,
            "observation": 58
        }
    },
    "25": {
        "BestCoverage": 0.75,
        "Population": {
            "action": 1.4902706146240234,
            "observation": 65
        }
    },
    "30": {
        "BestCoverage": 0.75,
        "Population": {
            "action": -3.1564650535583496,
            "observation": 66
        }
    },
    "35": {
        "BestCoverage": 0.75,
        "Population": {
            "action": 5.240001678466797,
            "observation": 63
        }
    },
    "40": {
        "BestCoverage": 0.75,
        "Population": {
            "action": -4.23192834854126,
            "observation": 68
        }
    },
    "45": {
        "BestCoverage": 0.7625,
        "Population": {
            "action": -4.558143138885498,
            "observation": 64
        }
    },
    "50": {
        "BestCoverage": 0.7625,
        "Population": {
            "action": 4.87421989440918,
            "observation": 59
        }
    },
    "55": {
        "BestCoverage": 0.7625,
        "Population": {
            "action": 5.8151350021362305,
            "observation": 64
        }
    },
    "60": {
        "BestCoverage": 0.7625,
        "Population": {
            "action": -6.93372917175293,
            "observation": 70
        }
    },
    "65": {
        "BestCoverage": 0.7625,
        "Population": {
            "action": 3.6234540939331055,
            "observation": 63
        }
    },
    "70": {
        "BestCoverage": 0.7625,
        "Population": {
            "action": -0.9561748504638672,
            "observation": 67
        }
    },
    "75": {
        "BestCoverage": 0.7625,
        "Population": {
            "action": -6.299220085144043,
            "observation": 66
        }
    },
    "80": {
        "BestCoverage": 0.7625,
        "Population": {
            "action": -5.692596912384033,
            "observation": 60
        }
    },
    "85": {
        "BestCoverage": 0.7625,
        "Population": {
            "action": -1.9743309020996094,
            "observation": 54
        }
    },
    "90": {
        "BestCoverage": 0.7625,
        "Population": {
            "action": -0.8943161964416504,
            "observation": 52
        }
    },
    "95": {
        "BestCoverage": 0.7625,
        "Population": {
            "action": -1.9457697868347168,
            "observation": 51
        }
    },
    "100": {
        "BestCoverage": 0.7625,
        "Population": {
            "action": 1.2792348861694336,
            "observation": 49
        }
    },
    "105": {
        "BestCoverage": 0.7625,
        "Population": {
            "action": 3.303213119506836,
            "observation": 50
        }
    },
    "110": {
        "BestCoverage": 0.7625,
        "Population": {
            "action": -5.013237476348877,
            "observation": 53
        }
    },
    "115": {
        "BestCoverage": 0.7625,
        "Population": {
            "action": -1.0342540740966797,
            "observation": 48
        }
    },
    "120": {
        "BestCoverage": 0.7625,
        "Population": {
            "action": -2.882077217102051,
            "observation": 47
        }
    },
    "125": {
        "BestCoverage": 0.7625,
        "Population": {
            "action": 7.1743927001953125,
            "observation": 44
        }
    },
    "130": {
        "BestCoverage": 0.7625,
        "Population": {
            "action": -2.472050666809082,
            "observation": 51
        }
    },
    "135": {
        "BestCoverage": 0.7625,
        "Population": {
            "action": -3.450376510620117,
            "observation": 49
        }
    },
    "140": {
        "BestCoverage": 0.7625,
        "Population": {
            "action": 4.509032249450684,
            "observation": 46
        }
    },
    "145": {
        "BestCoverage": 0.7625,
        "Population": {
            "action": -7.004695415496826,
            "observation": 51
        }
    },
    "150": {
        "BestCoverage": 0.7625,
        "Population": {
            "action": 4.094783782958984,
            "observation": 44
        }
    },
    "155": {
        "BestCoverage": 0.7625,
        "Population": {
            "action": -0.3334522247314453,
            "observation": 48
        }
    },
    "160": {
        "BestCoverage": 0.7625,
        "Population": {
            "action": 7.450047492980957,
            "observation": 48
        }
    },
    "165": {
        "BestCoverage": 0.7625,
        "Population": {
            "action": 7.675285339355469,
            "observation": 55
        }
    },
    "170": {
        "BestCoverage": 0.7625,
        "Population": {
            "action": 4.999479293823242,
            "observation": 63
        }
    },
    "175": {
        "BestCoverage": 0.7625,
        "Population": {
            "action": -1.607511043548584,
            "observation": 68
        }
    },
    "180": {
        "BestCoverage": 0.7625,
        "Population": {
            "action": -0.7544116973876953,
            "observation": 66
        }
    },
    "185": {
        "BestCoverage": 0.7625,
        "Population": {
            "action": 7.780428886413574,
            "observation": 65
        }
    },
    "190": {
        "BestCoverage": 0.7625,
        "Population": {
            "action": -3.0905961990356445,
            "observation": 73
        }
    },
    "195": {
        "BestCoverage": 0.7625,
        "Population": {
            "action": 6.668694496154785,
            "observation": 70
        }
    },
    "200": {
        "BestCoverage": 0.7625,
        "Population": {
            "action": 3.930990219116211,
            "observation": 77
        }
    },
    "205": {
        "BestCoverage": 0.7625,
        "Population": {
            "action": -6.713421821594238,
            "observation": 81
        }
    },
    "210": {
        "BestCoverage": 0.7625,
        "Population": {
            "action": -0.4161257743835449,
            "observation": 74
        }
    },
    "215": {
        "BestCoverage": 0.7625,
        "Population": {
            "action": 4.42723274230957,
            "observation": 74
        }
    },
    "220": {
        "BestCoverage": 0.7625,
        "Population": {
            "action": 3.489473342895508,
            "observation": 78
        }
    },
    "225": {
        "BestCoverage": 0.7625,
        "Population": {
            "action": 7.924130439758301,
            "observation": 81
        }
    },
    "230": {
        "BestCoverage": 0.7625,
        "Population": {
            "action": 1.0754451751708984,
            "observation": 89
        }
    },
    "235": {
        "BestCoverage": 0.7625,
        "Population": {
            "action": -4.379339218139648,
            "observation": 90
        }
    },
    "240": {
        "BestCoverage": 0.7625,
        "Population": {
            "action": -1.6891303062438965,
            "observation": 86
        }
    },
    "245": {
        "BestCoverage": 0.7625,
        "Population": {
            "action": 0.5986480712890625,
            "observation": 84
        }
    },
    "250": {
        "BestCoverage": 0.7625,
        "Population": {
            "action": -7.409581184387207,
            "observation": 85
        }
    },
    "255": {
        "BestCoverage": 0.7625,
        "Population": {
            "action": -7.437921047210693,
            "observation": 78
        }
    },
    "260": {
        "BestCoverage": 0.7625,
        "Population": {
            "action": -7.9924516677856445,
            "observation": 71
        }
    },
    "265": {
        "BestCoverage": 0.7625,
        "Population": {
            "action": 7.827303886413574,