{
    "15": {
        "BestCoverage": 0.8,
        "Population": {
            "action": -1.614823341369629,
            "observation": 50
        }
    },
    "20": {
        "BestCoverage": 0.8,
        "Population": {
            "action": 5.744331359863281,
            "observation": 48
        }
    },
    "25": {
        "BestCoverage": 0.8,
        "Population": {
            "action": 0.39474010467529297,
            "observation": 54
        }
    },
    "30": {
        "BestCoverage": 0.8,
        "Population": {
            "action": -7.038842678070068,
            "observation": 54
        }
    },
    "35": {
        "BestCoverage": 0.8,
        "Population": {
            "action": 6.274910926818848,
            "observation": 47
        }
    },
    "40": {
        "BestCoverage": 0.8,
        "Population": {
            "action": -3.4353418350219727,
            "observation": 53
        }
    },
    "45": {
        "BestCoverage": 0.8,
        "Population": {
            "action": -5.24992561340332,
            "observation": 50
        }
    },
    "50": {
        "BestCoverage": 0.8,
        "Population": {
            "action": -5.287298679351807,
            "observation": 45
        }
    },
    "55": {
        "BestCoverage": 0.8,
        "Population": {
            "action": 2.333576202392578,
            "observation": 40
        }
    },
    "60": {
        "BestCoverage": 0.8,
        "Population": {
            "action": 6.626043319702148,
            "observation": 42
        }
    },
    "65": {
        "BestCoverage": 0.8,
        "Population": {
            "action": -2.336717128753662,
            "observation": 49
        }
    },
    "70": {
        "BestCoverage": 0.8,
        "Population": {
            "action": -3.662067413330078,
            "observation": 47
        }
    },
    "75": {
        "BestCoverage": 0.8,
        "Population": {
            "action": 7.113382339477539,
            "observation": 43
        }
    },
    "80": {
        "BestCoverage": 0.8,
        "Population": {
            "action": 4.460487365722656,
            "observation": 50
        }
    },
    "85": {
        "BestCoverage": 0.8,
        "Population": {
            "action": -4.78227424621582,
            "observation": 54
        }
    },
    "90": {
        "BestCoverage": 0.8,
        "Population": {
            "action": 5.192343711853027,
            "observation": 49
        }
    },
    "95": {
        "BestCoverage": 0.8,
        "Population": {
            "action": -1.502683162689209,
            "observation": 54
        }
    },
    "100": {
        "BestCoverage": 0.8,
        "Population": {
            "action": -5.540731906890869,
            "observation": 52
        }
    },
    "105": {
        "BestCoverage": 0.8,
        "Population": {
            "action": 6.725576400756836,
            "observation": 46
        }
    },
    "110": {
        "BestCoverage": 0.8,
        "Population": {
            "action": -5.0736589431762695,
            "observation": 53
        }
    },
    "115": {
        "BestCoverage": 0.8,
        "Population": {
            "action": -3.630125045776367,
            "observation": 48
        }
    },
    "120": {
        "BestCoverage": 0.8,
        "Population": {
            "action": 7.697694778442383,
            "observation": 44
        }
    },
    "125": {
        "BestCoverage": 0.8,
        "Population": {
            "action": 3.6523447036743164,
            "observation": 52
        }
    },
    "130": {
        "BestCoverage": 0.8,
        "Population": {
            "action": -1.5705761909484863,
            "observation": 56
        }
    },
    "135": {
        "BestCoverage": 0.8,
        "Population": {
            "action": 7.7577362060546875,
            "observation": 54
        }
    },
    "140": {
        "BestCoverage": 0.8,
        "Population": {
            "action": 2.7075138092041016,
            "observation": 62
        }
    },
    "145": {
        "BestCoverage": 0.8,
        "Population": {
            "action": 7.050886154174805,
            "observation": 65
        }
    },
    "150": {
        "BestCoverage": 0.8,
        "Population": {
            "action": 3.7752037048339844,
            "observation": 72
        }
    },
    "155": {
        "BestCoverage": 0.8,
        "Population": {
            "action": 3.0913705825805664,
            "observation": 76
        }
    },
    "160": {
        "BestCoverage": 0.8,
        "Population": {
            "action": 4.203155517578125,
            "observation": 79
        }
    },
    "165": {
        "BestCoverage": 0.8,
        "Population": {
            "action": -3.989279270172119,
            "observation": 83
        }
    },
    "170": {
        "BestCoverage": 0.8,
        "Population": {
            "action": -3.609686851501465,
            "observation": 79
        }
    },
    "175": {
        "BestCoverage": 0.8,
        "Population": {
            "action": -3.2782788276672363,
            "observation": 75
        }
    },
    "180": {
        "BestCoverage": 0.8,
        "Population": {
            "action": 4.930782318115234,
            "observation": 72
        }
    },
    "185": {
        "BestCoverage": 0.8,
        "Population": {
            "action": -6.142558574676514,
            "observation": 77
        }
    },
    "190": {
        "BestCoverage": 0.8,
        "Population": {
            "action": -2.623589515686035,
            "observation": 71
        }
    },
    "195": {
        "BestCoverage": 0.8,
        "Population": {
            "action": -4.963513374328613,
            "observation": 68
        }
    },
    "200": {
        "BestCoverage": 0.8,
        "Population": {
            "action": 7.851984024047852,
            "observation": 63
        }
    },
    "205": {
        "BestCoverage": 0.8,
        "Population": {
            "action": -3.7505903244018555,
            "observation": 71
        }
    },
    "210": {
        "BestCoverage": 0.8,
        "Population": {
            "action": 6.637755393981934,
            "observation": 67
        }
    },
    "215": {
        "BestCoverage": 0.8,
        "Population": {
            "action": 3.432419776916504,
            "observation": 74
        }
    },
    "220": {
        "BestCoverage": 0.8,
        "Population": {
            "action": 4.004934310913086,
            "observation": 77
        }
    },
    "225": {
        "BestCoverage": 0.8,
        "Population": {
            "action": 5.7618865966796875,
            "observation": 81
        }
    },
    "230": {
        "BestCoverage": 0.8,
        "Population": {
            "action": 6.612701416015625,
            "observation": 87
        }
    },
    "235": {
        "BestCoverage": 0.8,
        "Population": {
            "action": -0.5576906204223633,
            "observation": 94
        }
    },
    "240": {
        "BestCoverage": 0.8,
        "Population": {
            "action": 7.3980712890625,
            "observation": 93
        }
    },
    "245": {
        "BestCoverage": 0.8,
        "Population": {
            "action": 5.912515640258789,
            "observation": 100
        }
    },
    "250": {
        "BestCoverage": 0.8,
        "Population": {
            "action": 2.803394317626953,
            "observation": 100
        }
    },
    "255": {
        "BestCoverage": 0.8,
        "Population": {
            "action": 3.989757537841797,
            "observation": 100
        }
    },
    "260": {
        "BestCoverage": 0.8,
        "Population": {
            "action": 5.818485260009766,
            "observation": 100
        }
    },
    "265": {
        "BestCoverage": 0.8,
        "Population": {
            "action": -0.8137044906616211,
            "observation": 100
        }
    },
    "270": {
        "BestCoverage": 0.8,
        "Population": {
            "action": -2.7513675689697266,