{
    "15": {
        "BestCoverage": 0.8,
        "TestInsertionProbability": {
            "action": 0.03767056465148927,
            "observation": 0.1
        }
    },
    "20": {
        "BestCoverage": 0.8,
        "TestInsertionProbability": {
            "action": -0.0030746340751647977,
            "observation": 0.13767056465148927
        }
    },
    "25": {
        "BestCoverage": 0.8,
        "TestInsertionProbability": {
            "action": -0.058044999837875366,
            "observation": 0.13459593057632446
        }
    },
    "30": {
        "BestCoverage": 0.8,
        "TestInsertionProbability": {
            "action": 0.06259021759033204,
            "observation": 0.0765509307384491
        }
    },
    "35": {
        "BestCoverage": 0.8,
        "TestInsertionProbability": {
            "action": -0.07605202198028566,
            "observation": 0.13914114832878113
        }
    },
    "40": {
        "BestCoverage": 0.8,
        "TestInsertionProbability": {
            "action": -0.02025779485702514,
            "observation": 0.06308912634849548
        }
    },
    "45": {
        "BestCoverage": 0.8,
        "TestInsertionProbability": {
            "action": -0.09370257854461671,
            "observation": 0.04283133149147034
        }
    },
    "50": {
        "BestCoverage": 0.8,
        "TestInsertionProbability": {
            "action": 0.045006227493286144,
            "observation": 0.0
        }
    },
    "55": {
        "BestCoverage": 0.8,
        "TestInsertionProbability": {
            "action": 0.076798415184021,
            "observation": 0.045006227493286144
        }
    },
    "60": {
        "BestCoverage": 0.8,
        "TestInsertionProbability": {
            "action": 0.04403245449066162,
            "observation": 0.12180464267730715
        }
    },
    "65": {
        "BestCoverage": 0.8,
        "TestInsertionProbability": {
            "action": -0.009561371803283689,
            "observation": 0.16583709716796877
        }
    },
    "70": {
        "BestCoverage": 0.8,
        "TestInsertionProbability": {
            "action": 0.036070454120635975,
            "observation": 0.1562757253646851
        }
    },
    "75": {
        "BestCoverage": 0.8,
        "TestInsertionProbability": {
            "action": -0.02959460616111756,
            "observation": 0.19234617948532107
        }
    },
    "80": {
        "BestCoverage": 0.8,
        "TestInsertionProbability": {
            "action": 0.049588394165039074,
            "observation": 0.1627515733242035
        }
    },
    "85": {
        "BestCoverage": 0.8,
        "TestInsertionProbability": {
            "action": 0.02267897129058838,
            "observation": 0.21233996748924258
        }
    },
    "90": {
        "BestCoverage": 0.8,
        "TestInsertionProbability": {
            "action": 0.036964511871337896,
            "observation": 0.23501893877983096
        }
    },
    "95": {
        "BestCoverage": 0.8,
        "TestInsertionProbability": {
            "action": -0.08894501924514771,
            "observation": 0.27198345065116886
        }
    },
    "100": {
        "BestCoverage": 0.8,
        "TestInsertionProbability": {
            "action": 0.05887236595153808,
            "observation": 0.18303843140602116
        }
    },
    "105": {
        "BestCoverage": 0.8,
        "TestInsertionProbability": {
            "action": 0.09283165931701662,
            "observation": 0.24191079735755924
        }
    },
    "110": {
        "BestCoverage": 0.8,
        "TestInsertionProbability": {
            "action": 0.061808848381042475,
            "observation": 0.33474245667457586
        }
    },
    "115": {
        "BestCoverage": 0.8,
        "TestInsertionProbability": {
            "action": 0.009440994262695318,
            "observation": 0.3965513050556183
        }
    },
    "120": {
        "BestCoverage": 0.8,
        "TestInsertionProbability": {
            "action": 0.023024559020996094,
            "observation": 0.4059922993183136
        }
    },
    "125": {
        "BestCoverage": 0.8,
        "TestInsertionProbability": {
            "action": 0.02176311016082763,
            "observation": 0.4290168583393097
        }
    },
    "130": {
        "BestCoverage": 0.8,
        "TestInsertionProbability": {
            "action": -0.04413135051727295,
            "observation": 0.45077996850013735
        }
    },
    "135": {
        "BestCoverage": 0.8,
        "TestInsertionProbability": {
            "action": 0.0849853515625,
            "observation": 0.4066486179828644
        }
    },
    "140": {
        "BestCoverage": 0.8,
        "TestInsertionProbability": {
            "action": -0.09419131278991699,
            "observation": 0.4916339695453644
        }
    },
    "145": {
        "BestCoverage": 0.8,
        "TestInsertionProbability": {
            "action": 0.035788857936859125,
            "observation": 0.39744265675544743
        }
    },
    "150": {
        "BestCoverage": 0.8,
        "TestInsertionProbability": {
            "action": 0.023535764217376715,
            "observation": 0.4332315146923066
        }
    },
    "155": {
        "BestCoverage": 0.8,
        "TestInsertionProbability": {
            "action": 0.055527567863464355,
            "observation": 0.45676727890968327
        }
    },
    "160": {
        "BestCoverage": 0.8,
        "TestInsertionProbability": {
            "action": 0.08221912384033203,
            "observation": 0.5122948467731476
        }
    },
    "165": {
        "BestCoverage": 0.8,
        "TestInsertionProbability": {
            "action": 0.05640659332275391,
            "observation": 0.5945139706134797
        }
    },
    "170": {
        "BestCoverage": 0.8,
        "TestInsertionProbability": {
            "action": -0.03908746838569641,
            "observation": 0.6509205639362335
        }
    },
    "175": {
        "BestCoverage": 0.8,
        "TestInsertionProbability": {
            "action": 0.03802044391632081,
            "observation": 0.6118330955505371
        }
    },
    "180": {
        "BestCoverage": 0.8,
        "TestInsertionProbability": {
            "action": -0.021258836984634405,
            "observation": 0.6498535394668579
        }
    },
    "185": {
        "BestCoverage": 0.8,
        "TestInsertionProbability": {
            "action": -0.02176066637039184,
            "observation": 0.6285947024822235
        }
    },
    "190": {
        "BestCoverage": 0.8,
        "TestInsertionProbability": {
            "action": -0.03258165121078492,
            "observation": 0.6068340361118316
        }
    },
    "195": {
        "BestCoverage": 0.8,
        "TestInsertionProbability": {
            "action": -0.05800778269767762,
            "observation": 0.5742523849010467
        }
    },
    "200": {
        "BestCoverage": 0.8,
        "TestInsertionProbability": {
            "action": 0.03234328031539918,
            "observation": 0.5162446022033691
        }
    },
    "205": {
        "BestCoverage": 0.8,
        "TestInsertionProbability": {
            "action": -0.08978240489959717,
            "observation": 0.5485878825187682
        }
    },
    "210": {
        "BestCoverage": 0.8,
        "TestInsertionProbability": {
            "action": -0.08163443207740784,
            "observation": 0.45880547761917106
        }
    },
    "215": {
        "BestCoverage": 0.8,
        "TestInsertionProbability": {
            "action": -0.0874215304851532,
            "observation": 0.37717104554176323
        }
    },
    "220": {
        "BestCoverage": 0.8,
        "TestInsertionProbability": {
            "action": 0.04854151010513305,
            "observation": 0.28974951505661
        }
    },
    "225": {
        "BestCoverage": 0.8,
        "TestInsertionProbability": {
            "action": 0.08632185459136962,
            "observation": 0.33829102516174303
        }
    },