{
    "15": {
        "BestCoverage": 0.8,
        "TestInsertionProbability": {
            "action": 0.0065076828002929715,
            "observation": 0.1
        }
    },
    "20": {
        "BestCoverage": 0.8,
        "TestInsertionProbability": {
            "action": -0.022430676221847537,
            "observation": 0.10650768280029298
        }
    },
    "25": {
        "BestCoverage": 0.8,
        "TestInsertionProbability": {
            "action": -0.06420661807060242,
            "observation": 0.08407700657844544
        }
    },
    "30": {
        "BestCoverage": 0.8,
        "TestInsertionProbability": {
            "action": 0.03769567012786865,
            "observation": 0.01987038850784302
        }
    },
    "35": {
        "BestCoverage": 0.8,
        "TestInsertionProbability": {
            "action": -0.05531796216964722,
            "observation": 0.05756605863571167
        }
    },
    "40": {
        "BestCoverage": 0.8,
        "TestInsertionProbability": {
            "action": 0.09331305027008058,
            "observation": 0.002248096466064449
        }
    },
    "45": {
        "BestCoverage": 0.8,
        "TestInsertionProbability": {
            "action": -0.03867384195327759,
            "observation": 0.09556114673614502
        }
    },
    "50": {
        "BestCoverage": 0.8,
        "TestInsertionProbability": {
            "action": 0.055217456817626964,
            "observation": 0.05688730478286743
        }
    },
    "55": {
        "BestCoverage": 0.8,
        "TestInsertionProbability": {
            "action": 0.03905978202819824,
            "observation": 0.1121047616004944
        }
    },
    "60": {
        "BestCoverage": 0.8,
        "TestInsertionProbability": {
            "action": -0.06689603328704835,
            "observation": 0.15116454362869264
        }
    },
    "65": {
        "BestCoverage": 0.8,
        "TestInsertionProbability": {
            "action": 0.02979168891906739,
            "observation": 0.08426851034164429
        }
    },
    "70": {
        "BestCoverage": 0.8,
        "TestInsertionProbability": {
            "action": -0.020155018568038946,
            "observation": 0.11406019926071168
        }
    },
    "75": {
        "BestCoverage": 0.8,
        "TestInsertionProbability": {
            "action": -0.028311103582382202,
            "observation": 0.09390518069267273
        }
    },
    "80": {
        "BestCoverage": 0.8,
        "TestInsertionProbability": {
            "action": -0.040713179111480716,
            "observation": 0.06559407711029053
        }
    },
    "85": {
        "BestCoverage": 0.8,
        "TestInsertionProbability": {
            "action": 0.03162963390350343,
            "observation": 0.02488089799880981
        }
    },
    "90": {
        "BestCoverage": 0.8,
        "TestInsertionProbability": {
            "action": -0.006746852397918696,
            "observation": 0.05651053190231324
        }
    },
    "95": {
        "BestCoverage": 0.8,
        "TestInsertionProbability": {
            "action": 0.008801317214965826,
            "observation": 0.049763679504394545
        }
    },
    "100": {
        "BestCoverage": 0.8,
        "TestInsertionProbability": {
            "action": -0.09023741483688355,
            "observation": 0.05856499671936037
        }
    },
    "105": {
        "BestCoverage": 0.8,
        "TestInsertionProbability": {
            "action": 0.03655180931091309,
            "observation": 0.0
        }
    },
    "110": {
        "BestCoverage": 0.8,
        "TestInsertionProbability": {
            "action": 0.0665273666381836,
            "observation": 0.03655180931091309
        }
    },
    "115": {
        "BestCoverage": 0.8,
        "TestInsertionProbability": {
            "action": 0.00897328853607178,
            "observation": 0.10307917594909669
        }
    },
    "120": {
        "BestCoverage": 0.8,
        "TestInsertionProbability": {
            "action": 0.05933918952941894,
            "observation": 0.11205246448516847
        }
    },
    "125": {
        "BestCoverage": 0.8,
        "TestInsertionProbability": {
            "action": -0.014787018299102783,
            "observation": 0.1713916540145874
        }
    },
    "130": {
        "BestCoverage": 0.8,
        "TestInsertionProbability": {
            "action": -0.034953844547271726,
            "observation": 0.1566046357154846
        }
    },
    "135": {
        "BestCoverage": 0.8,
        "TestInsertionProbability": {
            "action": -0.027121198177337644,
            "observation": 0.12165079116821288
        }
    },
    "140": {
        "BestCoverage": 0.8,
        "TestInsertionProbability": {
            "action": -0.037171590328216556,
            "observation": 0.09452959299087524
        }
    },
    "145": {
        "BestCoverage": 0.8,
        "TestInsertionProbability": {
            "action": -0.07271657586097718,
            "observation": 0.05735800266265868
        }
    },
    "150": {
        "BestCoverage": 0.8,
        "TestInsertionProbability": {
            "action": 0.07830343246459961,
            "observation": 0.0
        }
    },
    "155": {
        "BestCoverage": 0.8,
        "TestInsertionProbability": {
            "action": 0.029469060897827137,
            "observation": 0.07830343246459961
        }
    },
    "160": {
        "BestCoverage": 0.8,
        "TestInsertionProbability": {
            "action": 0.09850111007690429,
            "observation": 0.10777249336242675
        }
    },
    "165": {
        "BestCoverage": 0.8,
        "TestInsertionProbability": {
            "action": -0.04398385286331177,
            "observation": 0.20627360343933104
        }
    },
    "170": {
        "BestCoverage": 0.8,
        "TestInsertionProbability": {
            "action": 0.04390165805816651,
            "observation": 0.16228975057601927
        }
    },
    "175": {
        "BestCoverage": 0.8,
        "TestInsertionProbability": {
            "action": 0.041294264793395985,
            "observation": 0.20619140863418578
        }
    },
    "180": {
        "BestCoverage": 0.8,
        "TestInsertionProbability": {
            "action": -0.06156129837036133,
            "observation": 0.24748567342758176
        }
    },
    "185": {
        "BestCoverage": 0.8,
        "TestInsertionProbability": {
            "action": 0.03396385908126831,
            "observation": 0.18592437505722043
        }
    },
    "190": {
        "BestCoverage": 0.8,
        "TestInsertionProbability": {
            "action": -0.08778226375579834,
            "observation": 0.21988823413848874
        }
    },
    "195": {
        "BestCoverage": 0.8,
        "TestInsertionProbability": {
            "action": 0.06740276813507082,
            "observation": 0.1321059703826904
        }
    },
    "200": {
        "BestCoverage": 0.8,
        "TestInsertionProbability": {
            "action": 0.0811842679977417,
            "observation": 0.1995087385177612
        }
    },
    "205": {
        "BestCoverage": 0.8,
        "TestInsertionProbability": {
            "action": -0.025182992219924927,
            "observation": 0.2806930065155029
        }
    },
    "210": {
        "BestCoverage": 0.8,
        "TestInsertionProbability": {
            "action": -0.08530622720718384,
            "observation": 0.25551001429557796
        }
    },
    "215": {
        "BestCoverage": 0.8,
        "TestInsertionProbability": {
            "action": 0.027286934852600087,
            "observation": 0.17020378708839412
        }
    },
    "220": {
        "BestCoverage": 0.8,
        "TestInsertionProbability": {
            "action": -0.0968189299106598,
            "observation": 0.1974907219409942
        }
    },
    "225": {
        "BestCoverage": 0.8,
        "TestInsertionProbability": {
            "action": 0.09639248847961426,