{
    "15": {
        "BestCoverage": 0.8,
        "Elite": {
            "action": -0.3094267249107361,
            "observation": 1
        }
    },
    "20": {
        "BestCoverage": 0.8,
        "Elite": {
            "action": -0.38803356885910034,
            "observation": 1
        }
    },
    "25": {
        "BestCoverage": 0.8,
        "Elite": {
            "action": -0.12544500827789307,
            "observation": 1
        }
    },
    "30": {
        "BestCoverage": 0.8,
        "Elite": {
            "action": 0.00886988639831543,
            "observation": 1
        }
    },
    "35": {
        "BestCoverage": 0.8,
        "Elite": {
            "action": 0.19230198860168457,
            "observation": 1
        }
    },
    "40": {
        "BestCoverage": 0.8,
        "Elite": {
            "action": -0.30124431848526,
            "observation": 1
        }
    },
    "45": {
        "BestCoverage": 0.8,
        "Elite": {
            "action": 0.58024001121521,
            "observation": 1
        }
    },
    "50": {
        "BestCoverage": 0.8,
        "Elite": {
            "action": -0.3226812481880188,
            "observation": 2
        }
    },
    "55": {
        "BestCoverage": 0.8,
        "Elite": {
            "action": -0.9057819247245789,
            "observation": 2
        }
    },
    "60": {
        "BestCoverage": 0.8,
        "Elite": {
            "action": -0.3793613314628601,
            "observation": 1
        }
    },
    "65": {
        "BestCoverage": 0.8,
        "Elite": {
            "action": -0.6043489575386047,
            "observation": 1
        }
    },
    "70": {
        "BestCoverage": 0.8,
        "Elite": {
            "action": 0.5794401168823242,
            "observation": 0
        }
    },
    "75": {
        "BestCoverage": 0.8,
        "Elite": {
            "action": 0.4544961452484131,
            "observation": 1
        }
    },
    "80": {
        "BestCoverage": 0.8,
        "Elite": {
            "action": -0.12983763217926025,
            "observation": 1
        }
    },
    "85": {
        "BestCoverage": 0.8,
        "Elite": {
            "action": -0.6088817715644836,
            "observation": 1
        }
    },
    "90": {
        "BestCoverage": 0.8,
        "Elite": {
            "action": -0.2373175024986267,
            "observation": 0
        }
    },
    "95": {
        "BestCoverage": 0.8,
        "Elite": {
            "action": 0.11570024490356445,
            "observation": 0
        }
    },
    "100": {
        "BestCoverage": 0.8,
        "Elite": {
            "action": 0.7485759258270264,
            "observation": 0
        }
    },
    "105": {
        "BestCoverage": 0.8,
        "Elite": {
            "action": -0.216192364692688,
            "observation": 1
        }
    },
    "110": {
        "BestCoverage": 0.8,
        "Elite": {
            "action": -0.5684133172035217,
            "observation": 1
        }
    },
    "115": {
        "BestCoverage": 0.8,
        "Elite": {
            "action": 0.3617818355560303,
            "observation": 0
        }
    },
    "120": {
        "BestCoverage": 0.8,
        "Elite": {
            "action": -0.3586798906326294,
            "observation": 0
        }
    },
    "125": {
        "BestCoverage": 0.8,
        "Elite": {
            "action": 0.7585060596466064,
            "observation": 0
        }
    },
    "130": {
        "BestCoverage": 0.8,
        "Elite": {
            "action": 0.8130804300308228,
            "observation": 1
        }
    },
    "135": {
        "BestCoverage": 0.8,
        "Elite": {
            "action": 0.5072126388549805,
            "observation": 2
        }
    },
    "140": {
        "BestCoverage": 0.8,
        "Elite": {
            "action": 0.026233553886413574,
            "observation": 3
        }
    },
    "145": {
        "BestCoverage": 0.8,
        "Elite": {
            "action": 0.330366849899292,
            "observation": 3
        }
    },
    "150": {
        "BestCoverage": 0.8,
        "Elite": {
            "action": 0.9994451999664307,
            "observation": 3
        }
    },
    "155": {
        "BestCoverage": 0.8,
        "Elite": {
            "action": 0.16688597202301025,
            "observation": 4
        }
    },
    "160": {
        "BestCoverage": 0.8,
        "Elite": {
            "action": -0.6749740839004517,
            "observation": 4
        }
    },
    "165": {
        "BestCoverage": 0.8,
        "Elite": {
            "action": 0.8964102268218994,
            "observation": 3
        }
    },
    "170": {
        "BestCoverage": 0.8,
        "Elite": {
            "action": -0.7064459919929504,
            "observation": 4
        }
    },
    "175": {
        "BestCoverage": 0.8,
        "Elite": {
            "action": -0.6109099984169006,
            "observation": 3
        }
    },
    "180": {
        "BestCoverage": 0.8,
        "Elite": {
            "action": -0.9431309103965759,
            "observation": 2
        }
    },
    "185": {
        "BestCoverage": 0.8,
        "Elite": {
            "action": 0.0936734676361084,
            "observation": 1
        }
    },
    "190": {
        "BestCoverage": 0.8,
        "Elite": {
            "action": -0.5197579860687256,
            "observation": 1
        }
    },
    "195": {
        "BestCoverage": 0.8,
        "Elite": {
            "action": 0.4917641878128052,
            "observation": 0
        }
    },
    "200": {
        "BestCoverage": 0.8,
        "Elite": {
            "action": 0.07747483253479004,
            "observation": 0
        }
    },
    "205": {
        "BestCoverage": 0.8,
        "Elite": {
            "action": 0.5774973630905151,
            "observation": 0
        }
    },
    "210": {
        "BestCoverage": 0.8,
        "Elite": {
            "action": 0.31917691230773926,
            "observation": 1
        }
    },
    "215": {
        "BestCoverage": 0.8,
        "Elite": {
            "action": -0.5969793200492859,
            "observation": 1
        }
    },
    "220": {
        "BestCoverage": 0.8,
        "Elite": {
            "action": 0.12316226959228516,
            "observation": 0
        }
    },
    "225": {
        "BestCoverage": 0.8,
        "Elite": {
            "action": -0.6059501767158508,
            "observation": 0
        }
    },
    "230": {
        "BestCoverage": 0.8,
        "Elite": {
            "action": -0.5357516407966614,
            "observation": 0
        }
    },
    "235": {
        "BestCoverage": 0.8,
        "Elite": {
            "action": -0.35456252098083496,
            "observation": 0
        }
    },
    "240": {
        "BestCoverage": 0.8,
        "Elite": {
            "action": 0.017859578132629395,
            "observation": 0
        }
    },
    "245": {
        "BestCoverage": 0.8,
        "Elite": {
            "action": 0.756310224533081,
            "observation": 0
        }
    },
    "250": {
        "BestCoverage": 0.8,
        "Elite": {
            "action": -0.7674446702003479,
            "observation": 1
        }
    },
    "255": {
        "BestCoverage": 0.8,
        "Elite": {
            "action": 0.26471567153930664,
            "observation": 0
        }
    },
    "260": {
        "BestCoverage": 0.8,
        "Elite": {
            "action": 0.7614535093307495,
            "observation": 0
        }
    },
    "265": {
        "BestCoverage": 0.8,
        "Elite": {
            "action": -0.5676004886627197,
            "observation": 1
        }
    },
    "270": {
        "BestCoverage": 0.8,
        "Elite": {
            "action": 0.44863998889923096,
            "observation": 0
        }
    },
    "275": {
        "BestCoverage": 0.8,
        "Elite": {
            "action": -0.335659384727478,
            "observation": 0
        }
    },
    "280": {
        "BestCoverage": 0.8,