{
    "15": {
        "BestCoverage": 0.8,
        "TestInsertionProbability": {
            "action": -0.05859185457229615,
            "observation": 0.1
        }
    },
    "20": {
        "BestCoverage": 0.8,
        "TestInsertionProbability": {
            "action": 0.02331759929656982,
            "observation": 0.04140814542770386
        }
    },
    "25": {
        "BestCoverage": 0.8,
        "TestInsertionProbability": {
            "action": -0.03896346092224121,
            "observation": 0.06472574472427367
        }
    },
    "30": {
        "BestCoverage": 0.8,
        "TestInsertionProbability": {
            "action": 0.06466879844665527,
            "observation": 0.025762283802032458
        }
    },
    "35": {
        "BestCoverage": 0.8,
        "TestInsertionProbability": {
            "action": -0.06426162123680115,
            "observation": 0.09043108224868773
        }
    },
    "40": {
        "BestCoverage": 0.8,
        "TestInsertionProbability": {
            "action": -0.0019978821277618353,
            "observation": 0.02616946101188658
        }
    },
    "45": {
        "BestCoverage": 0.8,
        "TestInsertionProbability": {
            "action": -0.07192954421043396,
            "observation": 0.024171578884124745
        }
    },
    "50": {
        "BestCoverage": 0.8,
        "TestInsertionProbability": {
            "action": 0.06350712776184084,
            "observation": 0.0
        }
    },
    "55": {
        "BestCoverage": 0.8,
        "TestInsertionProbability": {
            "action": -0.013108867406845096,
            "observation": 0.06350712776184084
        }
    },
    "60": {
        "BestCoverage": 0.8,
        "TestInsertionProbability": {
            "action": -0.03330785036087036,
            "observation": 0.05039826035499574
        }
    },
    "65": {
        "BestCoverage": 0.8,
        "TestInsertionProbability": {
            "action": 0.038862526416778564,
            "observation": 0.01709040999412538
        }
    },
    "70": {
        "BestCoverage": 0.8,
        "TestInsertionProbability": {
            "action": 0.08168106079101564,
            "observation": 0.055952936410903945
        }
    },
    "75": {
        "BestCoverage": 0.8,
        "TestInsertionProbability": {
            "action": -0.045549225807189946,
            "observation": 0.1376339972019196
        }
    },
    "80": {
        "BestCoverage": 0.8,
        "TestInsertionProbability": {
            "action": 0.06928501129150391,
            "observation": 0.09208477139472965
        }
    },
    "85": {
        "BestCoverage": 0.8,
        "TestInsertionProbability": {
            "action": -0.08821200132369995,
            "observation": 0.16136978268623356
        }
    },
    "90": {
        "BestCoverage": 0.8,
        "TestInsertionProbability": {
            "action": 0.09519405364990235,
            "observation": 0.0731577813625336
        }
    },
    "95": {
        "BestCoverage": 0.8,
        "TestInsertionProbability": {
            "action": -0.03430616259574891,
            "observation": 0.16835183501243595
        }
    },
    "100": {
        "BestCoverage": 0.8,
        "TestInsertionProbability": {
            "action": -0.05396207571029663,
            "observation": 0.13404567241668702
        }
    },
    "105": {
        "BestCoverage": 0.8,
        "TestInsertionProbability": {
            "action": 0.011635196208953855,
            "observation": 0.0800835967063904
        }
    },
    "110": {
        "BestCoverage": 0.8,
        "TestInsertionProbability": {
            "action": -0.0867850661277771,
            "observation": 0.09171879291534425
        }
    },
    "115": {
        "BestCoverage": 0.8,
        "TestInsertionProbability": {
            "action": 0.009872877597808832,
            "observation": 0.00493372678756715
        }
    },
    "120": {
        "BestCoverage": 0.8,
        "TestInsertionProbability": {
            "action": 0.05785839557647707,
            "observation": 0.014806604385375982
        }
    },
    "125": {
        "BestCoverage": 0.8,
        "TestInsertionProbability": {
            "action": 0.045684802532196034,
            "observation": 0.07266499996185305
        }
    },
    "130": {
        "BestCoverage": 0.8,
        "TestInsertionProbability": {
            "action": -0.05736261606216431,
            "observation": 0.11834980249404908
        }
    },
    "135": {
        "BestCoverage": 0.8,
        "TestInsertionProbability": {
            "action": -0.008776098489761353,
            "observation": 0.06098718643188478
        }
    },
    "140": {
        "BestCoverage": 0.8,
        "TestInsertionProbability": {
            "action": -0.019662868976593015,
            "observation": 0.052211087942123424
        }
    },
    "145": {
        "BestCoverage": 0.8,
        "TestInsertionProbability": {
            "action": 0.06955132484436036,
            "observation": 0.03254821896553041
        }
    },
    "150": {
        "BestCoverage": 0.8,
        "TestInsertionProbability": {
            "action": 0.07121975421905519,
            "observation": 0.10209954380989077
        }
    },
    "155": {
        "BestCoverage": 0.8,
        "TestInsertionProbability": {
            "action": -0.0038813769817352267,
            "observation": 0.17331929802894597
        }
    },
    "160": {
        "BestCoverage": 0.8,
        "TestInsertionProbability": {
            "action": 0.049683296680450434,
            "observation": 0.16943792104721073
        }
    },
    "165": {
        "BestCoverage": 0.8,
        "TestInsertionProbability": {
            "action": -0.09034215807914735,
            "observation": 0.21912121772766116
        }
    },
    "170": {
        "BestCoverage": 0.8,
        "TestInsertionProbability": {
            "action": 0.07761404514312745,
            "observation": 0.12877905964851383
        }
    },
    "175": {
        "BestCoverage": 0.8,
        "TestInsertionProbability": {
            "action": 0.04851363897323607,
            "observation": 0.20639310479164127
        }
    },
    "180": {
        "BestCoverage": 0.8,
        "TestInsertionProbability": {
            "action": 0.021244692802429202,
            "observation": 0.2549067437648773
        }
    },
    "185": {
        "BestCoverage": 0.8,
        "TestInsertionProbability": {
            "action": 0.014446735382080078,
            "observation": 0.2761514365673065
        }
    },
    "190": {
        "BestCoverage": 0.8,
        "TestInsertionProbability": {
            "action": -0.08182471990585327,
            "observation": 0.2905981719493866
        }
    },
    "195": {
        "BestCoverage": 0.8,
        "TestInsertionProbability": {
            "action": -0.06050112843513489,
            "observation": 0.20877345204353331
        }
    },
    "200": {
        "BestCoverage": 0.8,
        "TestInsertionProbability": {
            "action": -0.05368449687957764,
            "observation": 0.14827232360839843
        }
    },
    "205": {
        "BestCoverage": 0.8,
        "TestInsertionProbability": {
            "action": 0.08835012912750245,
            "observation": 0.0945878267288208
        }
    },
    "210": {
        "BestCoverage": 0.8,
        "TestInsertionProbability": {
            "action": -0.015242862701416018,
            "observation": 0.18293795585632325
        }
    },
    "215": {
        "BestCoverage": 0.8,
        "TestInsertionProbability": {
            "action": -0.04459360837936402,
            "observation": 0.16769509315490722
        }
    },
    "220": {
        "BestCoverage": 0.8,
        "TestInsertionProbability": {
            "action": -0.054919475317001344,
            "observation": 0.1231014847755432
        }
    },
    "225": {
        "BestCoverage": 0.8,
        "TestInsertionProbability": {
            "action": 0.062183785438537614,