{
    "15": {
        "BestCoverage": 0.75,
        "TestInsertProbability": {
            "action": -0.011386024951934817,
            "observation": 0.3333333333333333
        }
    },
    "20": {
        "BestCoverage": 0.75,
        "TestInsertProbability": {
            "action": 0.019386506080627447,
            "observation": 0.3219473083813985
        }
    },
    "25": {
        "BestCoverage": 0.75,
        "TestInsertProbability": {
            "action": 0.04209752082824708,
            "observation": 0.34133381446202593
        }
    },
    "30": {
        "BestCoverage": 0.75,
        "TestInsertProbability": {
            "action": -0.08724165558815003,
            "observation": 0.383431335290273
        }
    },
    "35": {
        "BestCoverage": 0.75,
        "TestInsertProbability": {
            "action": 0.04936857223510743,
            "observation": 0.29618967970212295
        }
    },
    "40": {
        "BestCoverage": 0.75,
        "TestInsertProbability": {
            "action": -0.08393908143043519,
            "observation": 0.3455582519372304
        }
    },
    "45": {
        "BestCoverage": 0.75,
        "TestInsertProbability": {
            "action": -0.09714686274528504,
            "observation": 0.2616191705067952
        }
    },
    "50": {
        "BestCoverage": 0.75,
        "TestInsertProbability": {
            "action": 0.07855980396270754,
            "observation": 0.16447230776151012
        }
    },
    "55": {
        "BestCoverage": 0.75,
        "TestInsertProbability": {
            "action": -0.0018848240375518854,
            "observation": 0.24303211172421765
        }
    },
    "60": {
        "BestCoverage": 0.75,
        "TestInsertProbability": {
            "action": 0.03090937137603761,
            "observation": 0.24114728768666577
        }
    },
    "65": {
        "BestCoverage": 0.75,
        "TestInsertProbability": {
            "action": 0.08677918910980226,
            "observation": 0.2720566590627034
        }
    },
    "70": {
        "BestCoverage": 0.75,
        "TestInsertProbability": {
            "action": -0.0870174765586853,
            "observation": 0.35883584817250563
        }
    },
    "75": {
        "BestCoverage": 0.75,
        "TestInsertProbability": {
            "action": -0.08571651577949524,
            "observation": 0.27181837161382033
        }
    },
    "80": {
        "BestCoverage": 0.75,
        "TestInsertProbability": {
            "action": -0.069417405128479,
            "observation": 0.1861018558343251
        }
    },
    "85": {
        "BestCoverage": 0.75,
        "TestInsertProbability": {
            "action": 0.09919338226318361,
            "observation": 0.11668445070584609
        }
    },
    "90": {
        "BestCoverage": 0.75,
        "TestInsertProbability": {
            "action": 0.07686686515808105,
            "observation": 0.21587783296902968
        }
    },
    "95": {
        "BestCoverage": 0.75,
        "TestInsertProbability": {
            "action": -0.04389281272888184,
            "observation": 0.29274469812711074
        }
    },
    "100": {
        "BestCoverage": 0.75,
        "TestInsertProbability": {
            "action": -0.019953095912933344,
            "observation": 0.2488518853982289
        }
    },
    "105": {
        "BestCoverage": 0.75,
        "TestInsertProbability": {
            "action": -0.0024436891078949002,
            "observation": 0.22889878948529555
        }
    },
    "110": {
        "BestCoverage": 0.75,
        "TestInsertProbability": {
            "action": -0.09341787695884705,
            "observation": 0.22645510037740063
        }
    },
    "115": {
        "BestCoverage": 0.75,
        "TestInsertProbability": {
            "action": -0.013254439830780035,
            "observation": 0.13303722341855356
        }
    },
    "120": {
        "BestCoverage": 0.75,
        "TestInsertProbability": {
            "action": -0.017336875200271606,
            "observation": 0.11978278358777353
        }
    },
    "125": {
        "BestCoverage": 0.75,
        "TestInsertProbability": {
            "action": 0.058050775527954096,
            "observation": 0.10244590838750192
        }
    },
    "130": {
        "BestCoverage": 0.75,
        "TestInsertProbability": {
            "action": -0.09571104049682617,
            "observation": 0.16049668391545602
        }
    },
    "135": {
        "BestCoverage": 0.75,
        "TestInsertProbability": {
            "action": -0.04122303724288941,
            "observation": 0.06478564341862984
        }
    },
    "140": {
        "BestCoverage": 0.75,
        "TestInsertProbability": {
            "action": 0.06201890707015992,
            "observation": 0.023562606175740436
        }
    },
    "145": {
        "BestCoverage": 0.75,
        "TestInsertProbability": {
            "action": -0.056401783227920534,
            "observation": 0.08558151324590035
        }
    },
    "150": {
        "BestCoverage": 0.75,
        "TestInsertProbability": {
            "action": -0.025753808021545407,
            "observation": 0.02917973001797982
        }
    },
    "155": {
        "BestCoverage": 0.75,
        "TestInsertProbability": {
            "action": -0.011982554197311396,
            "observation": 0.0034259219964344126
        }
    },
    "160": {
        "BestCoverage": 0.8,
        "TestInsertProbability": {
            "action": 0.08005192279815673,
            "observation": 0.0
        }
    },
    "165": {
        "BestCoverage": 0.8,
        "TestInsertProbability": {
            "action": -0.08000186681747437,
            "observation": 0.08005192279815673
        }
    },
    "170": {
        "BestCoverage": 0.8,
        "TestInsertProbability": {
            "action": -0.07270914316177368,
            "observation": 5.0055980682361945e-05
        }
    },
    "175": {
        "BestCoverage": 0.8,
        "TestInsertProbability": {
            "action": -0.06521337628364562,
            "observation": 0.0
        }
    },
    "180": {
        "BestCoverage": 0.8,
        "TestInsertProbability": {
            "action": -0.07162539958953858,
            "observation": 0.0
        }
    },
    "185": {
        "BestCoverage": 0.8125,
        "TestInsertProbability": {
            "action": 0.025515341758728022,
            "observation": 0.0
        }
    },
    "190": {
        "BestCoverage": 0.8125,
        "TestInsertProbability": {
            "action": -0.002898484468460083,
            "observation": 0.025515341758728022
        }
    },
    "195": {
        "BestCoverage": 0.8125,
        "TestInsertProbability": {
            "action": -0.037463831901550296,
            "observation": 0.02261685729026794
        }
    },
    "200": {
        "BestCoverage": 0.8125,
        "TestInsertProbability": {
            "action": -0.03788352012634277,
            "observation": 0.0
        }
    },
    "205": {
        "BestCoverage": 0.8125,
        "TestInsertProbability": {
            "action": -0.05987893342971802,
            "observation": 0.0
        }
    },
    "210": {
        "BestCoverage": 0.8125,
        "TestInsertProbability": {
            "action": 0.08813819885253907,
            "observation": 0.0
        }
    },
    "215": {
        "BestCoverage": 0.8125,
        "TestInsertProbability": {
            "action": 0.09054579734802246,
            "observation": 0.08813819885253907
        }
    },
    "220": {
        "BestCoverage": 0.825,
        "TestInsertProbability": {
            "action": -0.09123255014419557,
            "observation": 0.17868399620056152
        }
    },
    "225": {
        "BestCoverage": 0.825,
        "TestInsertProbability": {
            "action": -0.010085141658782965,
            "observation": 0.08745144605636596
        }
    },
    "230": {
        "BestCoverage": 0.825,