{
    "15": {
        "BestCoverage": 0.8,
        "Elite": {
            "action": -0.757161557674408,
            "observation": 1
        }
    },
    "20": {
        "BestCoverage": 0.8,
        "Elite": {
            "action": -0.7545291781425476,
            "observation": 0
        }
    },
    "25": {
        "BestCoverage": 0.8,
        "Elite": {
            "action": -0.32060348987579346,
            "observation": 0
        }
    },
    "30": {
        "BestCoverage": 0.8,
        "Elite": {
            "action": -0.6981486082077026,
            "observation": 0
        }
    },
    "35": {
        "BestCoverage": 0.8,
        "Elite": {
            "action": 0.3758516311645508,
            "observation": 0
        }
    },
    "40": {
        "BestCoverage": 0.8,
        "Elite": {
            "action": -0.47904419898986816,
            "observation": 0
        }
    },
    "45": {
        "BestCoverage": 0.8,
        "Elite": {
            "action": 0.9325730800628662,
            "observation": 0
        }
    },
    "50": {
        "BestCoverage": 0.8,
        "Elite": {
            "action": 0.9050030708312988,
            "observation": 1
        }
    },
    "55": {
        "BestCoverage": 0.8,
        "Elite": {
            "action": 0.4221334457397461,
            "observation": 2
        }
    },
    "60": {
        "BestCoverage": 0.8,
        "Elite": {
            "action": -0.9841272830963135,
            "observation": 2
        }
    },
    "65": {
        "BestCoverage": 0.8,
        "Elite": {
            "action": 0.049513816833496094,
            "observation": 1
        }
    },
    "70": {
        "BestCoverage": 0.8,
        "Elite": {
            "action": -0.795642614364624,
            "observation": 1
        }
    },
    "75": {
        "BestCoverage": 0.8,
        "Elite": {
            "action": 0.05326199531555176,
            "observation": 0
        }
    },
    "80": {
        "BestCoverage": 0.8,
        "Elite": {
            "action": 0.26139354705810547,
            "observation": 0
        }
    },
    "85": {
        "BestCoverage": 0.8,
        "Elite": {
            "action": -0.8757396340370178,
            "observation": 0
        }
    },
    "90": {
        "BestCoverage": 0.8,
        "Elite": {
            "action": -0.8307930827140808,
            "observation": 0
        }
    },
    "95": {
        "BestCoverage": 0.8,
        "Elite": {
            "action": 0.48985183238983154,
            "observation": 0
        }
    },
    "100": {
        "BestCoverage": 0.8,
        "Elite": {
            "action": 0.5624723434448242,
            "observation": 0
        }
    },
    "105": {
        "BestCoverage": 0.8,
        "Elite": {
            "action": -0.22051435708999634,
            "observation": 1
        }
    },
    "110": {
        "BestCoverage": 0.8,
        "Elite": {
            "action": -0.5524886846542358,
            "observation": 1
        }
    },
    "115": {
        "BestCoverage": 0.8,
        "Elite": {
            "action": -0.702043354511261,
            "observation": 0
        }
    },
    "120": {
        "BestCoverage": 0.8,
        "Elite": {
            "action": 0.19903981685638428,
            "observation": 0
        }
    },
    "125": {
        "BestCoverage": 0.8,
        "Elite": {
            "action": -0.6233828663825989,
            "observation": 0
        }
    },
    "130": {
        "BestCoverage": 0.8,
        "Elite": {
            "action": 0.15311968326568604,
            "observation": 0
        }
    },
    "135": {
        "BestCoverage": 0.8,
        "Elite": {
            "action": 0.07279229164123535,
            "observation": 0
        }
    },
    "140": {
        "BestCoverage": 0.8,
        "Elite": {
            "action": 0.6057407855987549,
            "observation": 0
        }
    },
    "145": {
        "BestCoverage": 0.8,
        "Elite": {
            "action": 0.33261895179748535,
            "observation": 1
        }
    },
    "150": {
        "BestCoverage": 0.8,
        "Elite": {
            "action": 0.8058943748474121,
            "observation": 1
        }
    },
    "155": {
        "BestCoverage": 0.8,
        "Elite": {
            "action": -0.49109190702438354,
            "observation": 2
        }
    },
    "160": {
        "BestCoverage": 0.8,
        "Elite": {
            "action": -0.8687930703163147,
            "observation": 2
        }
    },
    "165": {
        "BestCoverage": 0.8,
        "Elite": {
            "action": 0.8633971214294434,
            "observation": 1
        }
    },
    "170": {
        "BestCoverage": 0.8,
        "Elite": {
            "action": 0.513340950012207,
            "observation": 2
        }
    },
    "175": {
        "BestCoverage": 0.8,
        "Elite": {
            "action": -0.4789081811904907,
            "observation": 3
        }
    },
    "180": {
        "BestCoverage": 0.8,
        "Elite": {
            "action": -0.6689372658729553,
            "observation": 3
        }
    },
    "185": {
        "BestCoverage": 0.8,
        "Elite": {
            "action": -0.5291099548339844,
            "observation": 2
        }
    },
    "190": {
        "BestCoverage": 0.8,
        "Elite": {
            "action": 0.36132872104644775,
            "observation": 1
        }
    },
    "195": {
        "BestCoverage": 0.8,
        "Elite": {
            "action": 0.6310133934020996,
            "observation": 1
        }
    },
    "200": {
        "BestCoverage": 0.8,
        "Elite": {
            "action": 0.7732408046722412,
            "observation": 2
        }
    },
    "205": {
        "BestCoverage": 0.8,
        "Elite": {
            "action": 0.6161420345306396,
            "observation": 3
        }
    },
    "210": {
        "BestCoverage": 0.8,
        "Elite": {
            "action": -0.033704519271850586,
            "observation": 4
        }
    },
    "215": {
        "BestCoverage": 0.8,
        "Elite": {
            "action": -0.6560554504394531,
            "observation": 4
        }
    },
    "220": {
        "BestCoverage": 0.8,
        "Elite": {
            "action": 0.03484082221984863,
            "observation": 3
        }
    },
    "225": {
        "BestCoverage": 0.8,
        "Elite": {
            "action": 0.2916581630706787,
            "observation": 3
        }
    },
    "230": {
        "BestCoverage": 0.8,
        "Elite": {
            "action": -0.45237600803375244,
            "observation": 3
        }
    },
    "235": {
        "BestCoverage": 0.8,
        "Elite": {
            "action": 0.9863332509994507,
            "observation": 3
        }
    },
    "240": {
        "BestCoverage": 0.8,
        "Elite": {
            "action": 0.6228492259979248,
            "observation": 4
        }
    },
    "245": {
        "BestCoverage": 0.8,
        "Elite": {
            "action": -0.7498227953910828,
            "observation": 5
        }
    },
    "250": {
        "BestCoverage": 0.8,
        "Elite": {
            "action": 0.3779456615447998,
            "observation": 4
        }
    },
    "255": {
        "BestCoverage": 0.8,
        "Elite": {
            "action": 0.3535585403442383,
            "observation": 4
        }
    },
    "260": {
        "BestCoverage": 0.8,
        "Elite": {
            "action": 0.5963228940963745,
            "observation": 4
        }
    },
    "265": {
        "BestCoverage": 0.8,
        "Elite": {
            "action": 0.3212074041366577,
            "observation": 5
        }
    },
    "270": {
        "BestCoverage": 0.8,
        "Elite": {
            "action": 0.6063308715820312,
            "observation": 5
        }
    },
    "275": {
        "BestCoverage": 0.8,
        "Elite": {
            "action": 0.0445704460144043,
            "observation": 6
        }
    },
    "280": {
        "BestCoverage": 0.8,