{
    "15": {
        "BestCoverage": 0.8,
        "CrossoverRate": {
            "observation": 0.75,
            "action": 0.03886445760726928
        },
        "Population": {
            "observation": 50,
            "action": 3.4731407165527344
        }
    },
    "20": {
        "BestCoverage": 0.8,
        "CrossoverRate": {
            "observation": 0.7888644576072693,
            "action": 0.002894234657287595
        },
        "Population": {
            "observation": 53,
            "action": 4.1536407470703125
        }
    },
    "25": {
        "BestCoverage": 0.8,
        "CrossoverRate": {
            "observation": 0.7917586922645569,
            "action": 0.031138205528259272
        },
        "Population": {
            "observation": 57,
            "action": -0.09438610076904297
        }
    },
    "30": {
        "BestCoverage": 0.8,
        "CrossoverRate": {
            "observation": 0.8228968977928162,
            "action": -0.06642544269561768
        },
        "Population": {
            "observation": 57,
            "action": 6.4938554763793945
        }
    },
    "35": {
        "BestCoverage": 0.8,
        "CrossoverRate": {
            "observation": 0.7564714550971985,
            "action": -0.01359345912933349
        },
        "Population": {
            "observation": 63,
            "action": -3.278311252593994
        }
    },
    "40": {
        "BestCoverage": 0.8,
        "CrossoverRate": {
            "observation": 0.742877995967865,
            "action": -0.047803670167922974
        },
        "Population": {
            "observation": 60,
            "action": 2.4510955810546875
        }
    },
    "45": {
        "BestCoverage": 0.8,
        "CrossoverRate": {
            "observation": 0.695074325799942,
            "action": 0.011136400699615481
        },
        "Population": {
            "observation": 62,
            "action": -5.219351768493652
        }
    },
    "50": {
        "BestCoverage": 0.8,
        "CrossoverRate": {
            "observation": 0.7062107264995575,
            "action": -0.05496143698692322
        },
        "Population": {
            "observation": 57,
            "action": 4.1988115310668945
        }
    },
    "55": {
        "BestCoverage": 0.8,
        "CrossoverRate": {
            "observation": 0.6512492895126343,
            "action": -0.03160152435302735
        },
        "Population": {
            "observation": 61,
            "action": 6.026838302612305
        }
    },
    "60": {
        "BestCoverage": 0.8,
        "CrossoverRate": {
            "observation": 0.619647765159607,
            "action": 0.00037226676940918524
        },
        "Population": {
            "observation": 67,
            "action": -7.3407063484191895
        }
    },
    "65": {
        "BestCoverage": 0.8,
        "CrossoverRate": {
            "observation": 0.6200200319290161,
            "action": -0.00919931530952453
        },
        "Population": {
            "observation": 60,
            "action": 4.37495231628418
        }
    },
    "70": {
        "BestCoverage": 0.8,
        "CrossoverRate": {
            "observation": 0.6108207166194916,
            "action": 0.004736089706420893
        },
        "Population": {
            "observation": 64,
            "action": 6.19133186340332
        }
    },
    "75": {
        "BestCoverage": 0.8,
        "CrossoverRate": {
            "observation": 0.6155568063259125,
            "action": 0.05080645084381105
        },
        "Population": {
            "observation": 70,
            "action": -7.537294864654541
        }
    },
    "80": {
        "BestCoverage": 0.8,
        "CrossoverRate": {
            "observation": 0.6663632571697236,
            "action": 0.042714631557464605
        },
        "Population": {
            "observation": 62,
            "action": -0.23691177368164062
        }
    },
    "85": {
        "BestCoverage": 0.8,
        "CrossoverRate": {
            "observation": 0.7090778887271881,
            "action": -0.05130301117897034
        },
        "Population": {
            "observation": 62,
            "action": 5.172229766845703
        }
    },
    "90": {
        "BestCoverage": 0.8,
        "CrossoverRate": {
            "observation": 0.6577748775482178,
            "action": 0.03655649423599244
        },
        "Population": {
            "observation": 67,
            "action": 5.626802444458008
        }
    },
    "95": {
        "BestCoverage": 0.8,
        "CrossoverRate": {
            "observation": 0.6943313717842103,
            "action": -0.05412847995758057
        },
        "Population": {
            "observation": 73,
            "action": 7.271354675292969
        }
    },
    "100": {
        "BestCoverage": 0.8,
        "CrossoverRate": {
            "observation": 0.6402028918266298,
            "action": -0.06410835981369019
        },
        "Population": {
            "observation": 80,
            "action": 3.3644018173217773
        }
    },
    "105": {
        "BestCoverage": 0.8,
        "CrossoverRate": {
            "observation": 0.5760945320129396,
            "action": -0.08400151133537292
        },
        "Population": {
            "observation": 83,
            "action": 0.772308349609375
        }
    },
    "110": {
        "BestCoverage": 0.8,
        "CrossoverRate": {
            "observation": 0.49209302067756666,
            "action": 0.07184083461761476
        },
        "Population": {
            "observation": 84,
            "action": -3.2870826721191406
        }
    },
    "115": {
        "BestCoverage": 0.8,
        "CrossoverRate": {
            "observation": 0.5639338552951814,
            "action": -0.050873690843582155
        },
        "Population": {
            "observation": 81,
            "action": 0.3431854248046875
        }
    },
    "120": {
        "BestCoverage": 0.8,
        "CrossoverRate": {
            "observation": 0.5130601644515992,
            "action": 0.04485108852386474
        },
        "Population": {
            "observation": 81,
            "action": -7.151297569274902
        }
    },
    "125": {
        "BestCoverage": 0.8,
        "CrossoverRate": {
            "observation": 0.557911252975464,
            "action": 0.002162075042724615
        },
        "Population": {
            "observation": 74,
            "action": -2.3336105346679688
        }
    },
    "130": {
        "BestCoverage": 0.8,
        "CrossoverRate": {
            "observation": 0.5600733280181885,
            "action": 0.07189636230468752
        },
        "Population": {
            "observation": 72,
            "action": 6.685551643371582
        }
    },
    "135": {
        "BestCoverage": 0.8,
        "CrossoverRate": {
            "observation": 0.6319696903228761,
            "action": 0.04982264041900636
        },
        "Population": {
            "observation": 79,
            "action": 6.840606689453125
        }
    },
    "140": {
        "BestCoverage": 0.8,
        "CrossoverRate": {
            "observation": 0.6817923307418825,
            "action": -0.0047421216964721735
        },
        "Population": {
            "observation": 86,
            "action": 7.4539642333984375
        }
    },
    "145": {
        "BestCoverage": 0.8,
        "CrossoverRate": {
            "observation": 0.6770502090454104,
            "action": -0.09122962951660157
        },
        "Population": {
            "observation": 93,
            "action": 3.8870849609375
        }
    },
    "150": {
        "BestCoverage": 0.8,
        "CrossoverRate": {
            "observation": 0.5858205795288087,
            "action": -0.03302814960479737
        },
        "Population": {
            "observation": 97,
            "action": -3.439887046813965
        }
    },
    "155": {
        "BestCoverage": 0.8,
        "CrossoverRate": {
            "observation": 0.5527924299240113,