{
    "15": {
        "BestCoverage": 0.8,
        "Population": {
            "action": -5.33136510848999,
            "observation": 50
        }
    },
    "20": {
        "BestCoverage": 0.8,
        "Population": {
            "action": -7.975604057312012,
            "observation": 45
        }
    },
    "25": {
        "BestCoverage": 0.8,
        "Population": {
            "action": -7.7069010734558105,
            "observation": 37
        }
    },
    "30": {
        "BestCoverage": 0.8,
        "Population": {
            "action": 2.3114824295043945,
            "observation": 29
        }
    },
    "35": {
        "BestCoverage": 0.8,
        "Population": {
            "action": -1.0902256965637207,
            "observation": 31
        }
    },
    "40": {
        "BestCoverage": 0.8,
        "Population": {
            "action": 3.3958492279052734,
            "observation": 30
        }
    },
    "45": {
        "BestCoverage": 0.8,
        "Population": {
            "action": 1.7108535766601562,
            "observation": 33
        }
    },
    "50": {
        "BestCoverage": 0.8,
        "Population": {
            "action": -6.156130790710449,
            "observation": 35
        }
    },
    "55": {
        "BestCoverage": 0.8,
        "Population": {
            "action": -6.10156774520874,
            "observation": 29
        }
    },
    "60": {
        "BestCoverage": 0.8,
        "Population": {
            "action": 1.3919715881347656,
            "observation": 25
        }
    },
    "65": {
        "BestCoverage": 0.8,
        "Population": {
            "action": 6.070831298828125,
            "observation": 26
        }
    },
    "70": {
        "BestCoverage": 0.8,
        "Population": {
            "action": 0.7338829040527344,
            "observation": 32
        }
    },
    "75": {
        "BestCoverage": 0.8,
        "Population": {
            "action": -5.088866710662842,
            "observation": 33
        }
    },
    "80": {
        "BestCoverage": 0.8,
        "Population": {
            "action": 4.06502628326416,
            "observation": 28
        }
    },
    "85": {
        "BestCoverage": 0.8,
        "Population": {
            "action": 0.5503139495849609,
            "observation": 32
        }
    },
    "90": {
        "BestCoverage": 0.8,
        "Population": {
            "action": 2.794426918029785,
            "observation": 33
        }
    },
    "95": {
        "BestCoverage": 0.8,
        "Population": {
            "action": -4.2836833000183105,
            "observation": 36
        }
    },
    "100": {
        "BestCoverage": 0.8,
        "Population": {
            "action": -0.05623197555541992,
            "observation": 32
        }
    },
    "105": {
        "BestCoverage": 0.8,
        "Population": {
            "action": -5.827172756195068,
            "observation": 32
        }
    },
    "110": {
        "BestCoverage": 0.8,
        "Population": {
            "action": -2.486726760864258,
            "observation": 26
        }
    },
    "115": {
        "BestCoverage": 0.8,
        "Population": {
            "action": -0.3981151580810547,
            "observation": 25
        }
    },
    "120": {
        "BestCoverage": 0.8,
        "Population": {
            "action": -1.483372688293457,
            "observation": 25
        }
    },
    "125": {
        "BestCoverage": 0.8,
        "Population": {
            "action": 4.350664138793945,
            "observation": 25
        }
    },
    "130": {
        "BestCoverage": 0.8,
        "Population": {
            "action": 5.3572797775268555,
            "observation": 29
        }
    },
    "135": {
        "BestCoverage": 0.8,
        "Population": {
            "action": 1.8841638565063477,
            "observation": 34
        }
    },
    "140": {
        "BestCoverage": 0.8,
        "Population": {
            "action": -6.241238594055176,
            "observation": 36
        }
    },
    "145": {
        "BestCoverage": 0.8,
        "Population": {
            "action": -4.380418300628662,
            "observation": 30
        }
    },
    "150": {
        "BestCoverage": 0.8,
        "Population": {
            "action": 6.379009246826172,
            "observation": 26
        }
    },
    "155": {
        "BestCoverage": 0.8,
        "Population": {
            "action": 2.387796401977539,
            "observation": 32
        }
    },
    "160": {
        "BestCoverage": 0.8,
        "Population": {
            "action": 7.145265579223633,
            "observation": 34
        }
    },
    "165": {
        "BestCoverage": 0.8,
        "Population": {
            "action": 1.4886999130249023,
            "observation": 41
        }
    },
    "170": {
        "BestCoverage": 0.8,
        "Population": {
            "action": -4.773078918457031,
            "observation": 42
        }
    },
    "175": {
        "BestCoverage": 0.8,
        "Population": {
            "action": 6.658206939697266,
            "observation": 37
        }
    },
    "180": {
        "BestCoverage": 0.8,
        "Population": {
            "action": -1.8864092826843262,
            "observation": 44
        }
    },
    "185": {
        "BestCoverage": 0.8,
        "Population": {
            "action": 3.621920585632324,
            "observation": 42
        }
    },
    "190": {
        "BestCoverage": 0.8,
        "Population": {
            "action": -3.20719051361084,
            "observation": 46
        }
    },
    "195": {
        "BestCoverage": 0.8,
        "Population": {
            "action": 0.48305797576904297,
            "observation": 43
        }
    },
    "200": {
        "BestCoverage": 0.8,
        "Population": {
            "action": 2.5966405868530273,
            "observation": 43
        }
    },
    "205": {
        "BestCoverage": 0.8,
        "Population": {
            "action": -0.1619863510131836,
            "observation": 46
        }
    },
    "210": {
        "BestCoverage": 0.8,
        "Population": {
            "action": 5.759984016418457,
            "observation": 46
        }
    },
    "215": {
        "BestCoverage": 0.8,
        "Population": {
            "action": 2.0674610137939453,
            "observation": 52
        }
    },
    "220": {
        "BestCoverage": 0.8,
        "Population": {
            "action": -3.6177139282226562,
            "observation": 54
        }
    },
    "225": {
        "BestCoverage": 0.8,
        "Population": {
            "action": -2.5775270462036133,
            "observation": 50
        }
    },
    "230": {
        "BestCoverage": 0.8,
        "Population": {
            "action": 6.983481407165527,
            "observation": 47
        }
    },
    "235": {
        "BestCoverage": 0.8,
        "Population": {
            "action": 6.858780860900879,
            "observation": 54
        }
    },
    "240": {
        "BestCoverage": 0.8,
        "Population": {
            "action": 4.433623313903809,
            "observation": 61
        }
    },
    "245": {
        "BestCoverage": 0.8,
        "Population": {
            "action": 3.9380245208740234,
            "observation": 65
        }
    },
    "250": {
        "BestCoverage": 0.8,
        "Population": {
            "action": 0.21219921112060547,
            "observation": 69
        }
    },
    "255": {
        "BestCoverage": 0.8,
        "Population": {
            "action": 4.244873046875,
            "observation": 69
        }
    },
    "260": {
        "BestCoverage": 0.8,
        "Population": {
            "action": 1.0182151794433594,
            "observation": 73
        }
    },
    "265": {
        "BestCoverage": 0.8,
        "Population": {
            "action": 4.956758499145508,
            "observation": 74
        }
    },
    "270": {
        "BestCoverage": 0.8,
        "Population": {
            "action": -0.5920529365539551,