{
    "20": {
        "BestCoverage": 0.75,
        "ChangeParameterProbability": {
            "action": -0.012593227624893191,
            "observation": 0.1
        }
    },
    "25": {
        "BestCoverage": 0.75,
        "ChangeParameterProbability": {
            "action": 0.020208275318145758,
            "observation": 0.08740677237510681
        }
    },
    "30": {
        "BestCoverage": 0.75,
        "ChangeParameterProbability": {
            "action": -0.05143684148788452,
            "observation": 0.10761504769325257
        }
    },
    "35": {
        "BestCoverage": 0.75,
        "ChangeParameterProbability": {
            "action": 0.042863833904266346,
            "observation": 0.05617820620536805
        }
    },
    "40": {
        "BestCoverage": 0.75,
        "ChangeParameterProbability": {
            "action": -0.010416501760482783,
            "observation": 0.0990420401096344
        }
    },
    "45": {
        "BestCoverage": 0.75,
        "ChangeParameterProbability": {
            "action": 0.08773524761199952,
            "observation": 0.08862553834915161
        }
    },
    "50": {
        "BestCoverage": 0.75,
        "ChangeParameterProbability": {
            "action": 0.024813175201416016,
            "observation": 0.17636078596115112
        }
    },
    "55": {
        "BestCoverage": 0.75,
        "ChangeParameterProbability": {
            "action": 0.06496121883392333,
            "observation": 0.20117396116256714
        }
    },
    "60": {
        "BestCoverage": 0.75,
        "ChangeParameterProbability": {
            "action": -0.036473202705383304,
            "observation": 0.2661351799964905
        }
    },
    "65": {
        "BestCoverage": 0.75,
        "ChangeParameterProbability": {
            "action": 0.05712609291076662,
            "observation": 0.2296619772911072
        }
    },
    "70": {
        "BestCoverage": 0.75,
        "ChangeParameterProbability": {
            "action": -0.037336647510528564,
            "observation": 0.2867880702018738
        }
    },
    "75": {
        "BestCoverage": 0.75,
        "ChangeParameterProbability": {
            "action": 0.09473724365234376,
            "observation": 0.24945142269134524
        }
    },
    "80": {
        "BestCoverage": 0.75,
        "ChangeParameterProbability": {
            "action": 0.08710353374481203,
            "observation": 0.344188666343689
        }
    },
    "85": {
        "BestCoverage": 0.75,
        "ChangeParameterProbability": {
            "action": -0.04346972107887268,
            "observation": 0.431292200088501
        }
    },
    "90": {
        "BestCoverage": 0.75,
        "ChangeParameterProbability": {
            "action": -0.034141087532043465,
            "observation": 0.3878224790096283
        }
    },
    "95": {
        "BestCoverage": 0.75,
        "ChangeParameterProbability": {
            "action": -0.08956668376922608,
            "observation": 0.3536813914775848
        }
    },
    "100": {
        "BestCoverage": 0.75,
        "ChangeParameterProbability": {
            "action": -0.044041240215301515,
            "observation": 0.26411470770835876
        }
    },
    "105": {
        "BestCoverage": 0.7625,
        "ChangeParameterProbability": {
            "action": 0.025538313388824452,
            "observation": 0.22007346749305726
        }
    },
    "110": {
        "BestCoverage": 0.7625,
        "ChangeParameterProbability": {
            "action": 0.02763680219650269,
            "observation": 0.2456117808818817
        }
    },
    "115": {
        "BestCoverage": 0.7625,
        "ChangeParameterProbability": {
            "action": -0.09722113013267518,
            "observation": 0.2732485830783844
        }
    },
    "120": {
        "BestCoverage": 0.7625,
        "ChangeParameterProbability": {
            "action": -0.04213800430297852,
            "observation": 0.1760274529457092
        }
    },
    "125": {
        "BestCoverage": 0.7625,
        "ChangeParameterProbability": {
            "action": 0.05666725635528566,
            "observation": 0.1338894486427307
        }
    },
    "130": {
        "BestCoverage": 0.7625,
        "ChangeParameterProbability": {
            "action": 0.0874629020690918,
            "observation": 0.19055670499801636
        }
    },
    "135": {
        "BestCoverage": 0.7625,
        "ChangeParameterProbability": {
            "action": 0.043843126296997076,
            "observation": 0.27801960706710815
        }
    },
    "140": {
        "BestCoverage": 0.7625,
        "ChangeParameterProbability": {
            "action": 0.026931953430175792,
            "observation": 0.3218627333641052
        }
    },
    "145": {
        "BestCoverage": 0.7625,
        "ChangeParameterProbability": {
            "action": -0.04248179197311402,
            "observation": 0.348794686794281
        }
    },
    "150": {
        "BestCoverage": 0.7625,
        "ChangeParameterProbability": {
            "action": -0.03643624186515808,
            "observation": 0.30631289482116697
        }
    },
    "155": {
        "BestCoverage": 0.7625,
        "ChangeParameterProbability": {
            "action": 0.07701299190521241,
            "observation": 0.2698766529560089
        }
    },
    "160": {
        "BestCoverage": 0.7625,
        "ChangeParameterProbability": {
            "action": 0.020964312553405764,
            "observation": 0.3468896448612213
        }
    },
    "165": {
        "BestCoverage": 0.7625,
        "ChangeParameterProbability": {
            "action": -0.015282273292541504,
            "observation": 0.36785395741462706
        }
    },
    "170": {
        "BestCoverage": 0.7625,
        "ChangeParameterProbability": {
            "action": 0.08324596881866456,
            "observation": 0.35257168412208556
        }
    },
    "175": {
        "BestCoverage": 0.7625,
        "ChangeParameterProbability": {
            "action": -0.08067456483840943,
            "observation": 0.43581765294075014
        }
    },
    "180": {
        "BestCoverage": 0.7625,
        "ChangeParameterProbability": {
            "action": -0.08800109624862672,
            "observation": 0.35514308810234074
        }
    },
    "185": {
        "BestCoverage": 0.7625,
        "ChangeParameterProbability": {
            "action": 0.029368090629577626,
            "observation": 0.267141991853714
        }
    },
    "190": {
        "BestCoverage": 0.7625,
        "ChangeParameterProbability": {
            "action": -0.018195164203643796,
            "observation": 0.29651008248329164
        }
    },
    "195": {
        "BestCoverage": 0.7625,
        "ChangeParameterProbability": {
            "action": 0.040913856029510504,
            "observation": 0.2783149182796478
        }
    },
    "200": {
        "BestCoverage": 0.7625,
        "ChangeParameterProbability": {
            "action": -0.04804474115371704,
            "observation": 0.3192287743091583
        }
    },
    "205": {
        "BestCoverage": 0.7625,
        "ChangeParameterProbability": {
            "action": 0.04908010959625245,
            "observation": 0.27118403315544126
        }
    },
    "210": {
        "BestCoverage": 0.7625,
        "ChangeParameterProbability": {
            "action": 0.012203133106231695,
            "observation": 0.3202641427516937
        }
    },
    "215": {
        "BestCoverage": 0.7625,
        "ChangeParameterProbability": {
            "action": -0.06566393375396729,
            "observation": 0.33246727585792535
        }
    },
    "220": {
        "BestCoverage": 0.7625,
        "ChangeParameterProbability": {
            "action": -0.08398891091346741,
            "observation": 0.26680334210395806
        }
    },
    "225": {
        "BestCoverage": 0.7625,
        "ChangeParameterProbability": {
            "action": -0.09877936840057373,