{
    "15": {
        "BestCoverage": 0.06666666666666667,
        "Population": {
            "action": 0.03370380401611328,
            "observation": 50
        }
    },
    "20": {
        "BestCoverage": 0.06666666666666667,
        "Population": {
            "action": -0.5478115081787109,
            "observation": 50
        }
    },
    "25": {
        "BestCoverage": 0.06666666666666667,
        "Population": {
            "action": -2.798623561859131,
            "observation": 49
        }
    },
    "30": {
        "BestCoverage": 0.06666666666666667,
        "Population": {
            "action": 2.6189212799072266,
            "observation": 46
        }
    },
    "35": {
        "BestCoverage": 0.06666666666666667,
        "Population": {
            "action": -3.524648666381836,
            "observation": 49
        }
    },
    "40": {
        "BestCoverage": 0.06666666666666667,
        "Population": {
            "action": 3.167713165283203,
            "observation": 45
        }
    },
    "45": {
        "BestCoverage": 0.06666666666666667,
        "Population": {
            "action": 0.2976064682006836,
            "observation": 48
        }
    },
    "50": {
        "BestCoverage": 0.06666666666666667,
        "Population": {
            "action": -7.349353790283203,
            "observation": 48
        }
    },
    "55": {
        "BestCoverage": 0.06666666666666667,
        "Population": {
            "action": 2.1776227951049805,
            "observation": 41
        }
    },
    "60": {
        "BestCoverage": 0.06666666666666667,
        "Population": {
            "action": 6.472258567810059,
            "observation": 43
        }
    },
    "65": {
        "BestCoverage": 0.06666666666666667,
        "Population": {
            "action": -7.064382553100586,
            "observation": 49
        }
    },
    "70": {
        "BestCoverage": 0.06666666666666667,
        "Population": {
            "action": 2.5071611404418945,
            "observation": 42
        }
    },
    "75": {
        "BestCoverage": 0.06666666666666667,
        "Population": {
            "action": 4.760298728942871,
            "observation": 45
        }
    },
    "80": {
        "BestCoverage": 0.06666666666666667,
        "Population": {
            "action": -2.8442130088806152,
            "observation": 50
        }
    },
    "85": {
        "BestCoverage": 0.06666666666666667,
        "Population": {
            "action": 4.790611267089844,
            "observation": 47
        }
    },
    "90": {
        "BestCoverage": 0.06666666666666667,
        "Population": {
            "action": 0.43059635162353516,
            "observation": 52
        }
    },
    "95": {
        "BestCoverage": 0.06666666666666667,
        "Population": {
            "action": 5.504753112792969,
            "observation": 52
        }
    },
    "100": {
        "BestCoverage": 0.06666666666666667,
        "Population": {
            "action": 0.8114566802978516,
            "observation": 58
        }
    },
    "105": {
        "BestCoverage": 0.06666666666666667,
        "Population": {
            "action": 6.188936233520508,
            "observation": 59
        }
    },
    "110": {
        "BestCoverage": 0.06666666666666667,
        "Population": {
            "action": 5.780226707458496,
            "observation": 65
        }
    },
    "115": {
        "BestCoverage": 0.06666666666666667,
        "Population": {
            "action": 1.5521116256713867,
            "observation": 71
        }
    },
    "120": {
        "BestCoverage": 0.06666666666666667,
        "Population": {
            "action": 3.723586082458496,
            "observation": 73
        }
    },
    "125": {
        "BestCoverage": 0.06666666666666667,
        "Population": {
            "action": -2.780014991760254,
            "observation": 77
        }
    },
    "130": {
        "BestCoverage": 0.06666666666666667,
        "Population": {
            "action": 6.7179365158081055,
            "observation": 74
        }
    },
    "135": {
        "BestCoverage": 0.06666666666666667,
        "Population": {
            "action": -7.336133003234863,
            "observation": 81
        }
    },
    "140": {
        "BestCoverage": 0.06666666666666667,
        "Population": {
            "action": -4.9840898513793945,
            "observation": 74
        }
    },
    "145": {
        "BestCoverage": 0.06666666666666667,
        "Population": {
            "action": 4.668832778930664,
            "observation": 69
        }
    },
    "150": {
        "BestCoverage": 0.06666666666666667,
        "Population": {
            "action": -6.3166632652282715,
            "observation": 74
        }
    },
    "155": {
        "BestCoverage": 0.06666666666666667,
        "Population": {
            "action": 5.561101913452148,
            "observation": 68
        }
    },
    "160": {
        "BestCoverage": 0.06666666666666667,
        "Population": {
            "action": -3.197477340698242,
            "observation": 74
        }
    },
    "165": {
        "BestCoverage": 0.06666666666666667,
        "Population": {
            "action": 0.7997112274169922,
            "observation": 71
        }
    },
    "170": {
        "BestCoverage": 0.06666666666666667,
        "Population": {
            "action": 7.541058540344238,
            "observation": 72
        }
    },
    "175": {
        "BestCoverage": 0.06666666666666667,
        "Population": {
            "action": -6.269536972045898,
            "observation": 80
        }
    },
    "180": {
        "BestCoverage": 0.06666666666666667,
        "Population": {
            "action": -5.059970378875732,
            "observation": 74
        }
    },
    "185": {
        "BestCoverage": 0.06666666666666667,
        "Population": {
            "action": 5.935089111328125,
            "observation": 69
        }
    },
    "190": {
        "BestCoverage": 0.06666666666666667,
        "Population": {
            "action": 2.685962677001953,
            "observation": 75
        }
    },
    "195": {
        "BestCoverage": 0.06666666666666667,
        "Population": {
            "action": 3.392129898071289,
            "observation": 78
        }
    },
    "200": {
        "BestCoverage": 0.06666666666666667,
        "Population": {
            "action": 5.464284896850586,
            "observation": 81
        }
    },
    "205": {
        "BestCoverage": 0.06666666666666667,
        "Population": {
            "action": -6.538835525512695,
            "observation": 86
        }
    },
    "210": {
        "BestCoverage": 0.06666666666666667,
        "Population": {
            "action": 3.2189455032348633,
            "observation": 79
        }
    },
    "215": {
        "BestCoverage": 0.06666666666666667,
        "Population": {
            "action": -5.5695905685424805,
            "observation": 82
        }
    },
    "220": {
        "BestCoverage": 0.06666666666666667,
        "Population": {
            "action": 2.0585994720458984,
            "observation": 76
        }
    },
    "225": {
        "BestCoverage": 0.06666666666666667,
        "Population": {
            "action": -1.6821703910827637,
            "observation": 78
        }
    },
    "230": {
        "BestCoverage": 0.06666666666666667,
        "Population": {
            "action": 5.249355316162109,
            "observation": 76
        }
    },
    "235": {
        "BestCoverage": 0.06666666666666667,
        "Population": {
            "action": -2.721835136413574,
            "observation": 81
        }
    },
    "240": {
        "BestCoverage": 0.06666666666666667,
        "Population": {
            "action": -2.594742774963379,
            "observation": 78
        }
    },
    "245": {
        "BestCoverage": 0.06666666666666667,
        "Population": {
            "action": 3.590561866760254,