{
    "15": {
        "BestCoverage": 0.8,
        "CrossoverRate": {
            "action": 0.04769313335418701,
            "observation": 0.75
        }
    },
    "20": {
        "BestCoverage": 0.8,
        "CrossoverRate": {
            "action": 0.035647654533386225,
            "observation": 0.797693133354187
        }
    },
    "25": {
        "BestCoverage": 0.8,
        "CrossoverRate": {
            "action": -0.05596526861190796,
            "observation": 0.8333407878875733
        }
    },
    "30": {
        "BestCoverage": 0.8,
        "CrossoverRate": {
            "action": -0.06497272253036498,
            "observation": 0.7773755192756653
        }
    },
    "35": {
        "BestCoverage": 0.8,
        "CrossoverRate": {
            "action": 0.03983809947967529,
            "observation": 0.7124027967453003
        }
    },
    "40": {
        "BestCoverage": 0.8,
        "CrossoverRate": {
            "action": 0.023362135887146,
            "observation": 0.7522408962249756
        }
    },
    "45": {
        "BestCoverage": 0.8,
        "CrossoverRate": {
            "action": 0.04505275487899779,
            "observation": 0.7756030321121216
        }
    },
    "50": {
        "BestCoverage": 0.8,
        "CrossoverRate": {
            "action": -0.07618842124938965,
            "observation": 0.8206557869911193
        }
    },
    "55": {
        "BestCoverage": 0.8,
        "CrossoverRate": {
            "action": -0.013467204570770261,
            "observation": 0.7444673657417297
        }
    },
    "60": {
        "BestCoverage": 0.8,
        "CrossoverRate": {
            "action": 0.027738428115844732,
            "observation": 0.7310001611709595
        }
    },
    "65": {
        "BestCoverage": 0.8,
        "CrossoverRate": {
            "action": 0.026458358764648443,
            "observation": 0.7587385892868042
        }
    },
    "70": {
        "BestCoverage": 0.8,
        "CrossoverRate": {
            "action": -0.06003711819648743,
            "observation": 0.7851969480514526
        }
    },
    "75": {
        "BestCoverage": 0.8,
        "CrossoverRate": {
            "action": 0.04490355253219605,
            "observation": 0.7251598298549652
        }
    },
    "80": {
        "BestCoverage": 0.8,
        "CrossoverRate": {
            "action": 0.038337969779968256,
            "observation": 0.7700633823871612
        }
    },
    "85": {
        "BestCoverage": 0.8,
        "CrossoverRate": {
            "action": -0.02104272842407226,
            "observation": 0.8084013521671295
        }
    },
    "90": {
        "BestCoverage": 0.8,
        "CrossoverRate": {
            "action": -0.04596903920173645,
            "observation": 0.7873586237430572
        }
    },
    "95": {
        "BestCoverage": 0.8,
        "CrossoverRate": {
            "action": 0.0018347740173339788,
            "observation": 0.7413895845413208
        }
    },
    "100": {
        "BestCoverage": 0.8,
        "CrossoverRate": {
            "action": 0.024706673622131345,
            "observation": 0.7432243585586548
        }
    },
    "105": {
        "BestCoverage": 0.8,
        "CrossoverRate": {
            "action": -0.022027599811553958,
            "observation": 0.7679310321807861
        }
    },
    "110": {
        "BestCoverage": 0.8,
        "CrossoverRate": {
            "action": 0.08475168943405151,
            "observation": 0.7459034323692321
        }
    },
    "115": {
        "BestCoverage": 0.8,
        "CrossoverRate": {
            "action": -0.041040629148483276,
            "observation": 0.8306551218032836
        }
    },
    "120": {
        "BestCoverage": 0.8,
        "CrossoverRate": {
            "action": -0.07542503476142884,
            "observation": 0.7896144926548003
        }
    },
    "125": {
        "BestCoverage": 0.8,
        "CrossoverRate": {
            "action": -0.027742624282836914,
            "observation": 0.7141894578933715
        }
    },
    "130": {
        "BestCoverage": 0.8,
        "CrossoverRate": {
            "action": 0.08022022247314453,
            "observation": 0.6864468336105346
        }
    },
    "135": {
        "BestCoverage": 0.8,
        "CrossoverRate": {
            "action": 0.034773325920104986,
            "observation": 0.7666670560836791
        }
    },
    "140": {
        "BestCoverage": 0.8,
        "CrossoverRate": {
            "action": -0.08216838836669922,
            "observation": 0.8014403820037841
        }
    },
    "145": {
        "BestCoverage": 0.8,
        "CrossoverRate": {
            "action": 0.010815143585205078,
            "observation": 0.7192719936370848
        }
    },
    "150": {
        "BestCoverage": 0.8,
        "CrossoverRate": {
            "action": -0.001075875759124753,
            "observation": 0.7300871372222899
        }
    },
    "155": {
        "BestCoverage": 0.8,
        "CrossoverRate": {
            "action": 0.02718561887741089,
            "observation": 0.7290112614631652
        }
    },
    "160": {
        "BestCoverage": 0.8,
        "CrossoverRate": {
            "action": 0.013531887531280512,
            "observation": 0.7561968803405761
        }
    },
    "165": {
        "BestCoverage": 0.8,
        "CrossoverRate": {
            "action": 0.068330717086792,
            "observation": 0.7697287678718566
        }
    },
    "170": {
        "BestCoverage": 0.8,
        "CrossoverRate": {
            "action": -0.025383615493774422,
            "observation": 0.8380594849586487
        }
    },
    "175": {
        "BestCoverage": 0.8,
        "CrossoverRate": {
            "action": 0.05348906517028809,
            "observation": 0.8126758694648742
        }
    },
    "180": {
        "BestCoverage": 0.8,
        "CrossoverRate": {
            "action": -0.030256569385528564,
            "observation": 0.8661649346351623
        }
    },
    "185": {
        "BestCoverage": 0.8,
        "CrossoverRate": {
            "action": 0.004112088680267328,
            "observation": 0.8359083652496337
        }
    },
    "190": {
        "BestCoverage": 0.8,
        "CrossoverRate": {
            "action": 0.00618101358413696,
            "observation": 0.8400204539299011
        }
    },
    "195": {
        "BestCoverage": 0.8,
        "CrossoverRate": {
            "action": 0.05933132171630859,
            "observation": 0.846201467514038
        }
    },
    "200": {
        "BestCoverage": 0.8,
        "CrossoverRate": {
            "action": 0.06534690856933595,
            "observation": 0.9055327892303466
        }
    },
    "205": {
        "BestCoverage": 0.8,
        "CrossoverRate": {
            "action": -0.07499257922172547,
            "observation": 0.9708796977996825
        }
    },
    "210": {
        "BestCoverage": 0.8,
        "CrossoverRate": {
            "action": 0.049485576152801525,
            "observation": 0.8958871185779571
        }
    },
    "215": {
        "BestCoverage": 0.8,
        "CrossoverRate": {
            "action": 0.06554820537567138,
            "observation": 0.9453726947307586
        }
    },
    "220": {
        "BestCoverage": 0.8,
        "CrossoverRate": {
            "action": -0.06264882683753967,
            "observation": 1.0
        }
    },
    "225": {
        "BestCoverage": 0.8,
        "CrossoverRate": {
            "action": 0.05592880249023438,
            "observation": 0.9373511731624603
        }
    },
    "230": {
        "BestCoverage": 0.8,
        "CrossoverRate": {
            "action": 0.0344411015510559,
            "observation": 0.9932799756526947
        }
    },
    "235": {
        "BestCoverage": 0.8,
        "CrossoverRate": {
            "action": -0.09650886654853821,
            "observation": 1.0
        }
    },
    "240": {
        "BestCoverage": 0.8,
        "CrossoverRate": {
            "action": 0.0590180277824402,