{
    "15": {
        "BestCoverage": 0.8,
        "TestInsertionProbability": {
            "action": 0.09835777282714844,
            "observation": 0.1
        }
    },
    "20": {
        "BestCoverage": 0.8,
        "TestInsertionProbability": {
            "action": 0.05965859889984132,
            "observation": 0.19835777282714845
        }
    },
    "25": {
        "BestCoverage": 0.8,
        "TestInsertionProbability": {
            "action": -0.030585867166519162,
            "observation": 0.25801637172698977
        }
    },
    "30": {
        "BestCoverage": 0.8,
        "TestInsertionProbability": {
            "action": -0.000313448905944827,
            "observation": 0.2274305045604706
        }
    },
    "35": {
        "BestCoverage": 0.8,
        "TestInsertionProbability": {
            "action": -0.05810748338699341,
            "observation": 0.22711705565452578
        }
    },
    "40": {
        "BestCoverage": 0.8,
        "TestInsertionProbability": {
            "action": 0.01551190614700318,
            "observation": 0.16900957226753238
        }
    },
    "45": {
        "BestCoverage": 0.8,
        "TestInsertionProbability": {
            "action": -0.00011034011840820035,
            "observation": 0.18452147841453556
        }
    },
    "50": {
        "BestCoverage": 0.8,
        "TestInsertionProbability": {
            "action": -0.0171440601348877,
            "observation": 0.18441113829612737
        }
    },
    "55": {
        "BestCoverage": 0.8,
        "TestInsertionProbability": {
            "action": -0.018459045886993403,
            "observation": 0.16726707816123967
        }
    },
    "60": {
        "BestCoverage": 0.8,
        "TestInsertionProbability": {
            "action": 0.08188716173171998,
            "observation": 0.14880803227424627
        }
    },
    "65": {
        "BestCoverage": 0.8,
        "TestInsertionProbability": {
            "action": 0.027038872241973877,
            "observation": 0.23069519400596625
        }
    },
    "70": {
        "BestCoverage": 0.8,
        "TestInsertionProbability": {
            "action": -0.019505131244659427,
            "observation": 0.25773406624794015
        }
    },
    "75": {
        "BestCoverage": 0.8,
        "TestInsertionProbability": {
            "action": 0.07168455123901368,
            "observation": 0.23822893500328074
        }
    },
    "80": {
        "BestCoverage": 0.8,
        "TestInsertionProbability": {
            "action": 0.04886656999588013,
            "observation": 0.3099134862422944
        }
    },
    "85": {
        "BestCoverage": 0.8,
        "TestInsertionProbability": {
            "action": 0.046238481998443604,
            "observation": 0.35878005623817455
        }
    },
    "90": {
        "BestCoverage": 0.8,
        "TestInsertionProbability": {
            "action": 0.055184197425842296,
            "observation": 0.40501853823661815
        }
    },
    "95": {
        "BestCoverage": 0.8,
        "TestInsertionProbability": {
            "action": 0.08689987659454346,
            "observation": 0.46020273566246045
        }
    },
    "100": {
        "BestCoverage": 0.8,
        "TestInsertionProbability": {
            "action": -0.05219600200653077,
            "observation": 0.547102612257004
        }
    },
    "105": {
        "BestCoverage": 0.8,
        "TestInsertionProbability": {
            "action": -0.0898109257221222,
            "observation": 0.4949066102504732
        }
    },
    "110": {
        "BestCoverage": 0.8,
        "TestInsertionProbability": {
            "action": 0.07313295602798461,
            "observation": 0.40509568452835104
        }
    },
    "115": {
        "BestCoverage": 0.8,
        "TestInsertionProbability": {
            "action": 9.533166885375421e-05,
            "observation": 0.4782286405563356
        }
    },
    "120": {
        "BestCoverage": 0.8,
        "TestInsertionProbability": {
            "action": -0.04059425592422486,
            "observation": 0.4783239722251894
        }
    },
    "125": {
        "BestCoverage": 0.8,
        "TestInsertionProbability": {
            "action": -0.08078875541687013,
            "observation": 0.4377297163009646
        }
    },
    "130": {
        "BestCoverage": 0.8,
        "TestInsertionProbability": {
            "action": -0.08877844810485841,
            "observation": 0.35694096088409444
        }
    },
    "135": {
        "BestCoverage": 0.8,
        "TestInsertionProbability": {
            "action": 0.08439266681671143,
            "observation": 0.26816251277923603
        }
    },
    "140": {
        "BestCoverage": 0.8,
        "TestInsertionProbability": {
            "action": -0.06905630230903625,
            "observation": 0.35255517959594745
        }
    },
    "145": {
        "BestCoverage": 0.8,
        "TestInsertionProbability": {
            "action": -0.008703553676605219,
            "observation": 0.2834988772869112
        }
    },
    "150": {
        "BestCoverage": 0.8,
        "TestInsertionProbability": {
            "action": 0.040532708168029785,
            "observation": 0.274795323610306
        }
    },
    "155": {
        "BestCoverage": 0.8,
        "TestInsertionProbability": {
            "action": -0.035427403450012204,
            "observation": 0.3153280317783358
        }
    },
    "160": {
        "BestCoverage": 0.8,
        "TestInsertionProbability": {
            "action": -0.08884531855583191,
            "observation": 0.2799006283283236
        }
    },
    "165": {
        "BestCoverage": 0.8,
        "TestInsertionProbability": {
            "action": 0.08072631359100343,
            "observation": 0.19105530977249166
        }
    },
    "170": {
        "BestCoverage": 0.8,
        "TestInsertionProbability": {
            "action": 0.030446398258209217,
            "observation": 0.2717816233634951
        }
    },
    "175": {
        "BestCoverage": 0.8,
        "TestInsertionProbability": {
            "action": -0.04299991726875305,
            "observation": 0.3022280216217043
        }
    },
    "180": {
        "BestCoverage": 0.8,
        "TestInsertionProbability": {
            "action": -0.0036722123622894287,
            "observation": 0.25922810435295124
        }
    },
    "185": {
        "BestCoverage": 0.8,
        "TestInsertionProbability": {
            "action": 0.0684657096862793,
            "observation": 0.2555558919906618
        }
    },
    "190": {
        "BestCoverage": 0.8,
        "TestInsertionProbability": {
            "action": 0.08367254734039306,
            "observation": 0.3240216016769411
        }
    },
    "195": {
        "BestCoverage": 0.8,
        "TestInsertionProbability": {
            "action": -0.030907464027404782,
            "observation": 0.40769414901733414
        }
    },
    "200": {
        "BestCoverage": 0.8,
        "TestInsertionProbability": {
            "action": -0.08911346197128296,
            "observation": 0.37678668498992934
        }
    },
    "205": {
        "BestCoverage": 0.8,
        "TestInsertionProbability": {
            "action": -0.07662407755851747,
            "observation": 0.2876732230186464
        }
    },
    "210": {
        "BestCoverage": 0.8,
        "TestInsertionProbability": {
            "action": 0.051706552505493164,
            "observation": 0.21104914546012893
        }
    },
    "215": {
        "BestCoverage": 0.8,
        "TestInsertionProbability": {
            "action": -0.04756157398223877,
            "observation": 0.2627556979656221
        }
    },
    "220": {
        "BestCoverage": 0.8,
        "TestInsertionProbability": {
            "action": -0.03614306449890137,
            "observation": 0.21519412398338333
        }
    },
    "225": {
        "BestCoverage": 0.8,
        "TestInsertionProbability": {
            "action": -0.006677901744842535,