{
    "15": {
        "BestCoverage": 0.75,
        "TestInsertProbability": {
            "action": -0.07834616303443909,
            "observation": 0.3333333333333333
        }
    },
    "20": {
        "BestCoverage": 0.75,
        "TestInsertProbability": {
            "action": -0.04732956886291504,
            "observation": 0.25498717029889423
        }
    },
    "25": {
        "BestCoverage": 0.75,
        "TestInsertProbability": {
            "action": -0.01408843398094177,
            "observation": 0.2076576014359792
        }
    },
    "30": {
        "BestCoverage": 0.75,
        "TestInsertProbability": {
            "action": -0.005302417278289798,
            "observation": 0.19356916745503744
        }
    },
    "35": {
        "BestCoverage": 0.75,
        "TestInsertProbability": {
            "action": -0.014766138792037961,
            "observation": 0.18826675017674765
        }
    },
    "40": {
        "BestCoverage": 0.75,
        "TestInsertProbability": {
            "action": 0.04187355041503907,
            "observation": 0.17350061138470968
        }
    },
    "45": {
        "BestCoverage": 0.75,
        "TestInsertProbability": {
            "action": -0.045559662580490115,
            "observation": 0.21537416179974875
        }
    },
    "50": {
        "BestCoverage": 0.75,
        "TestInsertProbability": {
            "action": -0.04180769324302674,
            "observation": 0.16981449921925862
        }
    },
    "55": {
        "BestCoverage": 0.75,
        "TestInsertProbability": {
            "action": 0.04273141622543336,
            "observation": 0.12800680597623187
        }
    },
    "60": {
        "BestCoverage": 0.75,
        "TestInsertProbability": {
            "action": 0.06834752559661866,
            "observation": 0.17073822220166524
        }
    },
    "65": {
        "BestCoverage": 0.75,
        "TestInsertProbability": {
            "action": 0.09986512660980226,
            "observation": 0.2390857477982839
        }
    },
    "70": {
        "BestCoverage": 0.75,
        "TestInsertProbability": {
            "action": 0.02987014055252074,
            "observation": 0.33895087440808613
        }
    },
    "75": {
        "BestCoverage": 0.75,
        "TestInsertProbability": {
            "action": 0.031854867935180664,
            "observation": 0.3688210149606069
        }
    },
    "80": {
        "BestCoverage": 0.75,
        "TestInsertProbability": {
            "action": 0.0080375075340271,
            "observation": 0.40067588289578754
        }
    },
    "85": {
        "BestCoverage": 0.75,
        "TestInsertProbability": {
            "action": -0.07708793878555298,
            "observation": 0.40871339042981464
        }
    },
    "90": {
        "BestCoverage": 0.75,
        "TestInsertProbability": {
            "action": -0.012176996469497686,
            "observation": 0.33162545164426166
        }
    },
    "95": {
        "BestCoverage": 0.75,
        "TestInsertProbability": {
            "action": 0.056381368637084955,
            "observation": 0.31944845517476395
        }
    },
    "100": {
        "BestCoverage": 0.75,
        "TestInsertProbability": {
            "action": 0.013222610950469976,
            "observation": 0.37582982381184893
        }
    },
    "105": {
        "BestCoverage": 0.75,
        "TestInsertProbability": {
            "action": 0.09253225326538086,
            "observation": 0.3890524347623189
        }
    },
    "110": {
        "BestCoverage": 0.75,
        "TestInsertProbability": {
            "action": 0.04676530361175538,
            "observation": 0.4815846880276997
        }
    },
    "115": {
        "BestCoverage": 0.75,
        "TestInsertProbability": {
            "action": 0.06280444860458376,
            "observation": 0.5283499916394551
        }
    },
    "120": {
        "BestCoverage": 0.75,
        "TestInsertProbability": {
            "action": 0.08384273052215577,
            "observation": 0.5911544402440388
        }
    },
    "125": {
        "BestCoverage": 0.75,
        "TestInsertProbability": {
            "action": 0.01646709442138672,
            "observation": 0.6749971707661946
        }
    },
    "130": {
        "BestCoverage": 0.75,
        "TestInsertProbability": {
            "action": -0.0070683538913726834,
            "observation": 0.6914642651875813
        }
    },
    "135": {
        "BestCoverage": 0.75,
        "TestInsertProbability": {
            "action": 0.0639106035232544,
            "observation": 0.6843959112962086
        }
    },
    "140": {
        "BestCoverage": 0.75,
        "TestInsertProbability": {
            "action": -0.03985610008239746,
            "observation": 0.748306514819463
        }
    },
    "145": {
        "BestCoverage": 0.75,
        "TestInsertProbability": {
            "action": -0.05193547606468201,
            "observation": 0.7084504147370655
        }
    },
    "150": {
        "BestCoverage": 0.75,
        "TestInsertProbability": {
            "action": 0.023836791515350342,
            "observation": 0.6565149386723835
        }
    },
    "155": {
        "BestCoverage": 0.75,
        "TestInsertProbability": {
            "action": 0.02604695558547973,
            "observation": 0.6803517301877339
        }
    },
    "160": {
        "BestCoverage": 0.75,
        "TestInsertProbability": {
            "action": -0.02840268611907959,
            "observation": 0.7063986857732136
        }
    },
    "165": {
        "BestCoverage": 0.75,
        "TestInsertProbability": {
            "action": 0.0023112177848815946,
            "observation": 0.677995999654134
        }
    },
    "170": {
        "BestCoverage": 0.75,
        "TestInsertProbability": {
            "action": 0.07470444440841675,
            "observation": 0.6803072174390157
        }
    },
    "175": {
        "BestCoverage": 0.75,
        "TestInsertProbability": {
            "action": -0.09880824089050294,
            "observation": 0.7550116618474324
        }
    },
    "180": {
        "BestCoverage": 0.75,
        "TestInsertProbability": {
            "action": 0.053652691841125505,
            "observation": 0.6562034209569294
        }
    },
    "185": {
        "BestCoverage": 0.75,
        "TestInsertProbability": {
            "action": 0.013967716693878168,
            "observation": 0.7098561127980549
        }
    },
    "190": {
        "BestCoverage": 0.75,
        "TestInsertProbability": {
            "action": -0.06157432794570923,
            "observation": 0.7238238294919331
        }
    },
    "195": {
        "BestCoverage": 0.75,
        "TestInsertProbability": {
            "action": 0.0698643445968628,
            "observation": 0.6622495015462239
        }
    },
    "200": {
        "BestCoverage": 0.75,
        "TestInsertProbability": {
            "action": -0.020631408691406256,
            "observation": 0.7321138461430867
        }
    },
    "205": {
        "BestCoverage": 0.75,
        "TestInsertProbability": {
            "action": -0.07564902901649476,
            "observation": 0.7114824374516805
        }
    },
    "210": {
        "BestCoverage": 0.75,
        "TestInsertProbability": {
            "action": 0.053702425956726085,
            "observation": 0.6358334084351858
        }
    },
    "215": {
        "BestCoverage": 0.75,
        "TestInsertProbability": {
            "action": -0.025031316280364993,
            "observation": 0.6895358343919118
        }
    },
    "220": {
        "BestCoverage": 0.75,
        "TestInsertProbability": {
            "action": -0.028231722116470334,
            "observation": 0.6645045181115468
        }
    },
    "225": {
        "BestCoverage": 0.75,
        "TestInsertProbability": {
            "action": 0.03414255380630493,
            "observation": 0.6362727959950765
        }
    },
    "230": {
        "BestCoverage": 0.75,