{
    "15": {
        "BestCoverage": 0.8,
        "TestDeleteProbability": {
            "action": 0.01412502527236939,
            "observation": 0.3333333333333333
        }
    },
    "20": {
        "BestCoverage": 0.8,
        "TestDeleteProbability": {
            "action": -0.09487057328224183,
            "observation": 0.34745835860570273
        }
    },
    "25": {
        "BestCoverage": 0.8,
        "TestDeleteProbability": {
            "action": -0.05294793248176575,
            "observation": 0.25258778532346093
        }
    },
    "30": {
        "BestCoverage": 0.8,
        "TestDeleteProbability": {
            "action": 0.09475407600402833,
            "observation": 0.1996398528416952
        }
    },
    "35": {
        "BestCoverage": 0.8,
        "TestDeleteProbability": {
            "action": 0.07595007419586183,
            "observation": 0.2943939288457235
        }
    },
    "40": {
        "BestCoverage": 0.8,
        "TestDeleteProbability": {
            "action": -0.04987146854400635,
            "observation": 0.3703440030415853
        }
    },
    "45": {
        "BestCoverage": 0.8,
        "TestDeleteProbability": {
            "action": -0.05351651310920716,
            "observation": 0.32047253449757895
        }
    },
    "50": {
        "BestCoverage": 0.8,
        "TestDeleteProbability": {
            "action": 0.07430249452590942,
            "observation": 0.2669560213883718
        }
    },
    "55": {
        "BestCoverage": 0.8,
        "TestDeleteProbability": {
            "action": 0.0713207244873047,
            "observation": 0.34125851591428125
        }
    },
    "60": {
        "BestCoverage": 0.8,
        "TestDeleteProbability": {
            "action": 0.009052348136901853,
            "observation": 0.41257924040158594
        }
    },
    "65": {
        "BestCoverage": 0.8,
        "TestDeleteProbability": {
            "action": -0.0845996379852295,
            "observation": 0.4216315885384878
        }
    },
    "70": {
        "BestCoverage": 0.8,
        "TestDeleteProbability": {
            "action": 0.08657734394073488,
            "observation": 0.3370319505532583
        }
    },
    "75": {
        "BestCoverage": 0.8,
        "TestDeleteProbability": {
            "action": -0.09953686594963074,
            "observation": 0.4236092944939932
        }
    },
    "80": {
        "BestCoverage": 0.8,
        "TestDeleteProbability": {
            "action": 0.09261167049407959,
            "observation": 0.32407242854436247
        }
    },
    "85": {
        "BestCoverage": 0.8,
        "TestDeleteProbability": {
            "action": -0.0488667905330658,
            "observation": 0.41668409903844206
        }
    },
    "90": {
        "BestCoverage": 0.8,
        "TestDeleteProbability": {
            "action": 0.04723764657974244,
            "observation": 0.36781730850537625
        }
    },
    "95": {
        "BestCoverage": 0.8,
        "TestDeleteProbability": {
            "action": 0.06198139190673829,
            "observation": 0.4150549550851187
        }
    },
    "100": {
        "BestCoverage": 0.8,
        "TestDeleteProbability": {
            "action": 0.0648290753364563,
            "observation": 0.477036346991857
        }
    },
    "105": {
        "BestCoverage": 0.8,
        "TestDeleteProbability": {
            "action": 0.08574831485748291,
            "observation": 0.5418654223283133
        }
    },
    "110": {
        "BestCoverage": 0.8,
        "TestDeleteProbability": {
            "action": -0.08528753519058228,
            "observation": 0.6276137371857962
        }
    },
    "115": {
        "BestCoverage": 0.8,
        "TestDeleteProbability": {
            "action": -0.062236452102661134,
            "observation": 0.5423262019952139
        }
    },
    "120": {
        "BestCoverage": 0.8,
        "TestDeleteProbability": {
            "action": 0.027686023712158198,
            "observation": 0.4800897498925527
        }
    },
    "125": {
        "BestCoverage": 0.8,
        "TestDeleteProbability": {
            "action": -0.017371648550033564,
            "observation": 0.5077757736047109
        }
    },
    "130": {
        "BestCoverage": 0.8,
        "TestDeleteProbability": {
            "action": 0.07797452211380004,
            "observation": 0.49040412505467734
        }
    },
    "135": {
        "BestCoverage": 0.8,
        "TestDeleteProbability": {
            "action": 0.0265147566795349,
            "observation": 0.5683786471684774
        }
    },
    "140": {
        "BestCoverage": 0.8,
        "TestDeleteProbability": {
            "action": -0.02132907509803772,
            "observation": 0.5948934038480123
        }
    },
    "145": {
        "BestCoverage": 0.8,
        "TestDeleteProbability": {
            "action": -0.000737351179122922,
            "observation": 0.5735643287499745
        }
    },
    "150": {
        "BestCoverage": 0.8,
        "TestDeleteProbability": {
            "action": -0.07577933073043824,
            "observation": 0.5728269775708517
        }
    },
    "155": {
        "BestCoverage": 0.8,
        "TestDeleteProbability": {
            "action": -0.06625500917434693,
            "observation": 0.4970476468404134
        }
    },
    "160": {
        "BestCoverage": 0.8,
        "TestDeleteProbability": {
            "action": 0.016894674301147466,
            "observation": 0.43079263766606646
        }
    },
    "165": {
        "BestCoverage": 0.8,
        "TestDeleteProbability": {
            "action": -0.035758709907531744,
            "observation": 0.4476873119672139
        }
    },
    "170": {
        "BestCoverage": 0.8,
        "TestDeleteProbability": {
            "action": 0.05864903926849366,
            "observation": 0.4119286020596822
        }
    },
    "175": {
        "BestCoverage": 0.8,
        "TestDeleteProbability": {
            "action": 0.0474270224571228,
            "observation": 0.4705776413281758
        }
    },
    "180": {
        "BestCoverage": 0.8,
        "TestDeleteProbability": {
            "action": 0.05143489837646484,
            "observation": 0.5180046637852986
        }
    },
    "185": {
        "BestCoverage": 0.8,
        "TestDeleteProbability": {
            "action": -0.007653534412384033,
            "observation": 0.5694395621617635
        }
    },
    "190": {
        "BestCoverage": 0.8,
        "TestDeleteProbability": {
            "action": -0.036942505836486825,
            "observation": 0.5617860277493795
        }
    },
    "195": {
        "BestCoverage": 0.8,
        "TestDeleteProbability": {
            "action": -0.0637388050556183,
            "observation": 0.5248435219128926
        }
    },
    "200": {
        "BestCoverage": 0.8,
        "TestDeleteProbability": {
            "action": 0.08708245754241944,
            "observation": 0.46110471685727433
        }
    },
    "205": {
        "BestCoverage": 0.8,
        "TestDeleteProbability": {
            "action": 0.07403535842895509,
            "observation": 0.5481871743996938
        }
    },
    "210": {
        "BestCoverage": 0.8,
        "TestDeleteProbability": {
            "action": -0.0522254765033722,
            "observation": 0.6222225328286488
        }
    },
    "215": {
        "BestCoverage": 0.8,
        "TestDeleteProbability": {
            "action": 0.09838817119598389,
            "observation": 0.5699970563252766
        }
    },
    "220": {
        "BestCoverage": 0.8,
        "TestDeleteProbability": {
            "action": -0.09606379866600037,
            "observation": 0.6683852275212605
        }
    },
    "225": {
        "BestCoverage": 0.8,
        "TestDeleteProbability": {
            "action": -0.0028880894184112604,
            "observation": 0.5723214288552602
        }
    },
    "230": {
        "BestCoverage": 0.8,