{
    "25": {
        "BestCoverage": 0.75,
        "TestInsertionProbability": {
            "action": 0.008498239517211917,
            "observation": 0.1
        }
    },
    "30": {
        "BestCoverage": 0.75,
        "TestInsertionProbability": {
            "action": 0.034875535964965815,
            "observation": 0.10849823951721192
        }
    },
    "35": {
        "BestCoverage": 0.75,
        "TestInsertionProbability": {
            "action": -0.028182220458984372,
            "observation": 0.14337377548217772
        }
    },
    "40": {
        "BestCoverage": 0.75,
        "TestInsertionProbability": {
            "action": 0.0903418779373169,
            "observation": 0.11519155502319335
        }
    },
    "45": {
        "BestCoverage": 0.75,
        "TestInsertionProbability": {
            "action": 0.040609169006347645,
            "observation": 0.20553343296051024
        }
    },
    "50": {
        "BestCoverage": 0.75,
        "TestInsertionProbability": {
            "action": -0.028668701648712158,
            "observation": 0.2461426019668579
        }
    },
    "55": {
        "BestCoverage": 0.75,
        "TestInsertionProbability": {
            "action": 0.0013815402984619085,
            "observation": 0.21747390031814573
        }
    },
    "60": {
        "BestCoverage": 0.75,
        "TestInsertionProbability": {
            "action": 0.006670975685119623,
            "observation": 0.21885544061660764
        }
    },
    "65": {
        "BestCoverage": 0.75,
        "TestInsertionProbability": {
            "action": -0.016892886161804205,
            "observation": 0.22552641630172726
        }
    },
    "70": {
        "BestCoverage": 0.75,
        "TestInsertionProbability": {
            "action": -0.053603929281234745,
            "observation": 0.20863353013992306
        }
    },
    "75": {
        "BestCoverage": 0.75,
        "TestInsertionProbability": {
            "action": 0.07853937149047852,
            "observation": 0.1550296008586883
        }
    },
    "80": {
        "BestCoverage": 0.75,
        "TestInsertionProbability": {
            "action": -0.04421346187591553,
            "observation": 0.23356897234916682
        }
    },
    "85": {
        "BestCoverage": 0.75,
        "TestInsertionProbability": {
            "action": -0.08214981555938722,
            "observation": 0.18935551047325128
        }
    },
    "90": {
        "BestCoverage": 0.75,
        "TestInsertionProbability": {
            "action": -0.06209663152694703,
            "observation": 0.10720569491386406
        }
    },
    "95": {
        "BestCoverage": 0.75,
        "TestInsertionProbability": {
            "action": 0.03676325082778931,
            "observation": 0.04510906338691703
        }
    },
    "100": {
        "BestCoverage": 0.75,
        "TestInsertionProbability": {
            "action": -0.07906858921051026,
            "observation": 0.08187231421470634
        }
    },
    "105": {
        "BestCoverage": 0.75,
        "TestInsertionProbability": {
            "action": 0.028142416477203364,
            "observation": 0.002803725004196081
        }
    },
    "110": {
        "BestCoverage": 0.75,
        "TestInsertionProbability": {
            "action": 0.016897809505462644,
            "observation": 0.030946141481399445
        }
    },
    "115": {
        "BestCoverage": 0.75,
        "TestInsertionProbability": {
            "action": 0.07662299871444703,
            "observation": 0.04784395098686209
        }
    },
    "120": {
        "BestCoverage": 0.75,
        "TestInsertionProbability": {
            "action": -0.01944259405136109,
            "observation": 0.12446694970130912
        }
    },
    "125": {
        "BestCoverage": 0.75,
        "TestInsertionProbability": {
            "action": 0.05105839967727663,
            "observation": 0.10502435564994803
        }
    },
    "130": {
        "BestCoverage": 0.75,
        "TestInsertionProbability": {
            "action": 0.014313101768493652,
            "observation": 0.15608275532722465
        }
    },
    "135": {
        "BestCoverage": 0.75,
        "TestInsertionProbability": {
            "action": 0.041473209857940674,
            "observation": 0.1703958570957183
        }
    },
    "140": {
        "BestCoverage": 0.75,
        "TestInsertionProbability": {
            "action": -0.04520664215087891,
            "observation": 0.21186906695365898
        }
    },
    "145": {
        "BestCoverage": 0.7625,
        "TestInsertionProbability": {
            "action": 0.0763154149055481,
            "observation": 0.16666242480278007
        }
    },
    "150": {
        "BestCoverage": 0.7625,
        "TestInsertionProbability": {
            "action": 0.09938287734985352,
            "observation": 0.24297783970832817
        }
    },
    "155": {
        "BestCoverage": 0.7625,
        "TestInsertionProbability": {
            "action": 0.017865300178527832,
            "observation": 0.3423607170581817
        }
    },
    "160": {
        "BestCoverage": 0.7625,
        "TestInsertionProbability": {
            "action": 0.00033527612686157227,
            "observation": 0.36022601723670955
        }
    },
    "165": {
        "BestCoverage": 0.7625,
        "TestInsertionProbability": {
            "action": 0.05908422470092775,
            "observation": 0.3605612933635711
        }
    },
    "170": {
        "BestCoverage": 0.7625,
        "TestInsertionProbability": {
            "action": 0.004979288578033453,
            "observation": 0.4196455180644989
        }
    },
    "175": {
        "BestCoverage": 0.7625,
        "TestInsertionProbability": {
            "action": -0.07888987064361573,
            "observation": 0.4246248066425323
        }
    },
    "180": {
        "BestCoverage": 0.7625,
        "TestInsertionProbability": {
            "action": -0.030512911081314084,
            "observation": 0.3457349359989166
        }
    },
    "185": {
        "BestCoverage": 0.7625,
        "TestInsertionProbability": {
            "action": -0.00938794612884522,
            "observation": 0.3152220249176025
        }
    },
    "190": {
        "BestCoverage": 0.7625,
        "TestInsertionProbability": {
            "action": -0.08446509838104249,
            "observation": 0.30583407878875724
        }
    },
    "195": {
        "BestCoverage": 0.7625,
        "TestInsertionProbability": {
            "action": 0.07263450622558595,
            "observation": 0.22136898040771474
        }
    },
    "200": {
        "BestCoverage": 0.7625,
        "TestInsertionProbability": {
            "action": 0.039057946205139166,
            "observation": 0.29400348663330067
        }
    },
    "205": {
        "BestCoverage": 0.7625,
        "TestInsertionProbability": {
            "action": 0.03142572641372682,
            "observation": 0.3330614328384398
        }
    },
    "210": {
        "BestCoverage": 0.7625,
        "TestInsertionProbability": {
            "action": 0.07535848617553711,
            "observation": 0.3644871592521666
        }
    },
    "215": {
        "BestCoverage": 0.7625,
        "TestInsertionProbability": {
            "action": -0.022111159563064572,
            "observation": 0.43984564542770377
        }
    },
    "220": {
        "BestCoverage": 0.7625,
        "TestInsertionProbability": {
            "action": 0.036602592468261724,
            "observation": 0.4177344858646392
        }
    },
    "225": {
        "BestCoverage": 0.7625,
        "TestInsertionProbability": {
            "action": -0.008784544467926023,
            "observation": 0.45433707833290093
        }
    },
    "230": {
        "BestCoverage": 0.7625,
        "TestInsertionProbability": {
            "action": -0.044731760025024415,
            "observation": 0.4455525338649749
        }
    },
    "235": {
        "BestCoverage": 0.7625,