{
    "15": {
        "BestCoverage": 0.8,
        "TestDeleteProbability": {
            "action": -0.0840886950492859,
            "observation": 0.3333333333333333
        }
    },
    "20": {
        "BestCoverage": 0.8,
        "TestDeleteProbability": {
            "action": -0.017668974399566648,
            "observation": 0.24924463828404742
        }
    },
    "25": {
        "BestCoverage": 0.8,
        "TestDeleteProbability": {
            "action": 0.022604978084564215,
            "observation": 0.23157566388448075
        }
    },
    "30": {
        "BestCoverage": 0.8,
        "TestDeleteProbability": {
            "action": -0.0155720591545105,
            "observation": 0.254180641969045
        }
    },
    "35": {
        "BestCoverage": 0.8,
        "TestDeleteProbability": {
            "action": -0.09253740310668945,
            "observation": 0.2386085828145345
        }
    },
    "40": {
        "BestCoverage": 0.8,
        "TestDeleteProbability": {
            "action": -0.03057233691215515,
            "observation": 0.14607117970784506
        }
    },
    "45": {
        "BestCoverage": 0.8,
        "TestDeleteProbability": {
            "action": 0.09470174312591553,
            "observation": 0.11549884279568991
        }
    },
    "50": {
        "BestCoverage": 0.8,
        "TestDeleteProbability": {
            "action": -0.00941804051399231,
            "observation": 0.21020058592160545
        }
    },
    "55": {
        "BestCoverage": 0.8,
        "TestDeleteProbability": {
            "action": 0.07425622940063478,
            "observation": 0.20078254540761314
        }
    },
    "60": {
        "BestCoverage": 0.8,
        "TestDeleteProbability": {
            "action": 0.012830734252929688,
            "observation": 0.2750387748082479
        }
    },
    "65": {
        "BestCoverage": 0.8,
        "TestDeleteProbability": {
            "action": 0.00668718814849853,
            "observation": 0.2878695090611776
        }
    },
    "70": {
        "BestCoverage": 0.8,
        "TestDeleteProbability": {
            "action": -0.06391037106513978,
            "observation": 0.29455669720967614
        }
    },
    "75": {
        "BestCoverage": 0.8,
        "TestDeleteProbability": {
            "action": 0.06397351026535034,
            "observation": 0.23064632614453637
        }
    },
    "80": {
        "BestCoverage": 0.8,
        "TestDeleteProbability": {
            "action": -0.02540479898452759,
            "observation": 0.2946198364098867
        }
    },
    "85": {
        "BestCoverage": 0.8,
        "TestDeleteProbability": {
            "action": -0.0922899603843689,
            "observation": 0.2692150374253591
        }
    },
    "90": {
        "BestCoverage": 0.8,
        "TestDeleteProbability": {
            "action": -0.05218937397003174,
            "observation": 0.17692507704099023
        }
    },
    "95": {
        "BestCoverage": 0.8,
        "TestDeleteProbability": {
            "action": 0.04844613075256349,
            "observation": 0.12473570307095849
        }
    },
    "100": {
        "BestCoverage": 0.8,
        "TestDeleteProbability": {
            "action": -0.06497808694839477,
            "observation": 0.17318183382352198
        }
    },
    "105": {
        "BestCoverage": 0.8,
        "TestDeleteProbability": {
            "action": 0.03125964403152465,
            "observation": 0.10820374687512721
        }
    },
    "110": {
        "BestCoverage": 0.8,
        "TestDeleteProbability": {
            "action": -0.032156717777252194,
            "observation": 0.13946339090665186
        }
    },
    "115": {
        "BestCoverage": 0.8,
        "TestDeleteProbability": {
            "action": -0.0516515851020813,
            "observation": 0.10730667312939966
        }
    },
    "120": {
        "BestCoverage": 0.8,
        "TestDeleteProbability": {
            "action": -0.08569146394729615,
            "observation": 0.05565508802731836
        }
    },
    "125": {
        "BestCoverage": 0.8,
        "TestDeleteProbability": {
            "action": -0.08125390410423279,
            "observation": 0.0
        }
    },
    "130": {
        "BestCoverage": 0.8,
        "TestDeleteProbability": {
            "action": -0.07846570611000062,
            "observation": 0.0
        }
    },
    "135": {
        "BestCoverage": 0.8,
        "TestDeleteProbability": {
            "action": 0.07690900564193726,
            "observation": 0.0
        }
    },
    "140": {
        "BestCoverage": 0.8,
        "TestDeleteProbability": {
            "action": 0.013123929500579834,
            "observation": 0.07690900564193726
        }
    },
    "145": {
        "BestCoverage": 0.8,
        "TestDeleteProbability": {
            "action": 0.008303213119506839,
            "observation": 0.09003293514251709
        }
    },
    "150": {
        "BestCoverage": 0.8,
        "TestDeleteProbability": {
            "action": -0.06818175911903382,
            "observation": 0.09833614826202393
        }
    },
    "155": {
        "BestCoverage": 0.8,
        "TestDeleteProbability": {
            "action": -0.07065715789794923,
            "observation": 0.03015438914299011
        }
    },
    "160": {
        "BestCoverage": 0.8,
        "TestDeleteProbability": {
            "action": -0.04498878717422486,
            "observation": 0.0
        }
    },
    "165": {
        "BestCoverage": 0.8,
        "TestDeleteProbability": {
            "action": 0.024985754489898676,
            "observation": 0.0
        }
    },
    "170": {
        "BestCoverage": 0.8,
        "TestDeleteProbability": {
            "action": -0.006690031290054327,
            "observation": 0.024985754489898676
        }
    },
    "175": {
        "BestCoverage": 0.8,
        "TestDeleteProbability": {
            "action": -0.07846569418907166,
            "observation": 0.01829572319984435
        }
    },
    "180": {
        "BestCoverage": 0.8,
        "TestDeleteProbability": {
            "action": -0.06844741106033325,
            "observation": 0.0
        }
    },
    "185": {
        "BestCoverage": 0.8,
        "TestDeleteProbability": {
            "action": 0.056900775432586675,
            "observation": 0.0
        }
    },
    "190": {
        "BestCoverage": 0.8,
        "TestDeleteProbability": {
            "action": 0.023791956901550296,
            "observation": 0.056900775432586675
        }
    },
    "195": {
        "BestCoverage": 0.8,
        "TestDeleteProbability": {
            "action": -0.06503433585166932,
            "observation": 0.08069273233413697
        }
    },
    "200": {
        "BestCoverage": 0.8,
        "TestDeleteProbability": {
            "action": 0.05477149486541749,
            "observation": 0.015658396482467654
        }
    },
    "205": {
        "BestCoverage": 0.8,
        "TestDeleteProbability": {
            "action": 0.08496272563934326,
            "observation": 0.07042989134788515
        }
    },
    "210": {
        "BestCoverage": 0.8,
        "TestDeleteProbability": {
            "action": -0.06353184580802917,
            "observation": 0.1553926169872284
        }
    },
    "215": {
        "BestCoverage": 0.8,
        "TestDeleteProbability": {
            "action": 0.047514009475708,
            "observation": 0.09186077117919922
        }
    },
    "220": {
        "BestCoverage": 0.8,
        "TestDeleteProbability": {
            "action": 0.09289476871490479,
            "observation": 0.13937478065490722
        }
    },
    "225": {
        "BestCoverage": 0.8,
        "TestDeleteProbability": {
            "action": 0.05030988454818727,
            "observation": 0.232269549369812
        }
    },
    "230": {
        "BestCoverage": 0.8,
        "TestDeleteProbability": {
            "action": 0.04195134639739989,
            "observation": 0.2825794339179993
        }
    },