{
    "15": {
        "BestCoverage": 0.12,
        "Population": {
            "action": -2.6429519653320312,
            "observation": 50
        }
    },
    "20": {
        "BestCoverage": 0.12,
        "Population": {
            "action": -6.350098609924316,
            "observation": 47
        }
    },
    "25": {
        "BestCoverage": 0.12,
        "Population": {
            "action": 5.0008544921875,
            "observation": 41
        }
    },
    "30": {
        "BestCoverage": 0.12,
        "Population": {
            "action": -4.669559478759766,
            "observation": 46
        }
    },
    "35": {
        "BestCoverage": 0.12,
        "Population": {
            "action": -4.168747901916504,
            "observation": 41
        }
    },
    "40": {
        "BestCoverage": 0.12,
        "Population": {
            "action": 2.5533294677734375,
            "observation": 37
        }
    },
    "45": {
        "BestCoverage": 0.12,
        "Population": {
            "action": -4.196572303771973,
            "observation": 40
        }
    },
    "50": {
        "BestCoverage": 0.12,
        "Population": {
            "action": 7.950170516967773,
            "observation": 36
        }
    },
    "55": {
        "BestCoverage": 0.12,
        "Population": {
            "action": -3.670919418334961,
            "observation": 44
        }
    },
    "60": {
        "BestCoverage": 0.12,
        "Population": {
            "action": -0.07727766036987305,
            "observation": 40
        }
    },
    "65": {
        "BestCoverage": 0.12,
        "Population": {
            "action": 6.999053955078125,
            "observation": 40
        }
    },
    "70": {
        "BestCoverage": 0.12,
        "Population": {
            "action": 0.6467552185058594,
            "observation": 47
        }
    },
    "75": {
        "BestCoverage": 0.12,
        "Population": {
            "action": -4.604269504547119,
            "observation": 48
        }
    },
    "80": {
        "BestCoverage": 0.12,
        "Population": {
            "action": 4.393884658813477,
            "observation": 43
        }
    },
    "85": {
        "BestCoverage": 0.12,
        "Population": {
            "action": 5.999057769775391,
            "observation": 47
        }
    },
    "90": {
        "BestCoverage": 0.12,
        "Population": {
            "action": -7.320262908935547,
            "observation": 53
        }
    },
    "95": {
        "BestCoverage": 0.12,
        "Population": {
            "action": -3.8123903274536133,
            "observation": 46
        }
    },
    "100": {
        "BestCoverage": 0.12,
        "Population": {
            "action": 3.1507320404052734,
            "observation": 42
        }
    },
    "105": {
        "BestCoverage": 0.12,
        "Population": {
            "action": 6.724834442138672,
            "observation": 45
        }
    },
    "110": {
        "BestCoverage": 0.12,
        "Population": {
            "action": -1.7655420303344727,
            "observation": 52
        }
    },
    "115": {
        "BestCoverage": 0.12,
        "Population": {
            "action": 0.2492361068725586,
            "observation": 50
        }
    },
    "120": {
        "BestCoverage": 0.12,
        "Population": {
            "action": 0.7241449356079102,
            "observation": 50
        }
    },
    "125": {
        "BestCoverage": 0.12,
        "Population": {
            "action": 5.2876787185668945,
            "observation": 51
        }
    },
    "130": {
        "BestCoverage": 0.12,
        "Population": {
            "action": 3.522149085998535,
            "observation": 56
        }
    },
    "135": {
        "BestCoverage": 0.12,
        "Population": {
            "action": 6.594245910644531,
            "observation": 60
        }
    },
    "140": {
        "BestCoverage": 0.12,
        "Population": {
            "action": 2.7873191833496094,
            "observation": 67
        }
    },
    "145": {
        "BestCoverage": 0.12,
        "Population": {
            "action": 4.968191146850586,
            "observation": 70
        }
    },
    "150": {
        "BestCoverage": 0.12,
        "Population": {
            "action": 5.860271453857422,
            "observation": 75
        }
    },
    "155": {
        "BestCoverage": 0.12,
        "Population": {
            "action": -6.504024982452393,
            "observation": 81
        }
    },
    "160": {
        "BestCoverage": 0.12,
        "Population": {
            "action": 3.3882923126220703,
            "observation": 74
        }
    },
    "165": {
        "BestCoverage": 0.12,
        "Population": {
            "action": -7.927873134613037,
            "observation": 77
        }
    },
    "170": {
        "BestCoverage": 0.12,
        "Population": {
            "action": -0.8249063491821289,
            "observation": 69
        }
    },
    "175": {
        "BestCoverage": 0.12,
        "Population": {
            "action": -1.6340899467468262,
            "observation": 68
        }
    },
    "180": {
        "BestCoverage": 0.12,
        "Population": {
            "action": 2.2766847610473633,
            "observation": 66
        }
    },
    "185": {
        "BestCoverage": 0.12,
        "Population": {
            "action": -6.378255844116211,
            "observation": 68
        }
    },
    "190": {
        "BestCoverage": 0.12,
        "Population": {
            "action": 1.8225574493408203,
            "observation": 62
        }
    },
    "195": {
        "BestCoverage": 0.12,
        "Population": {
            "action": 1.7739763259887695,
            "observation": 64
        }
    },
    "200": {
        "BestCoverage": 0.12,
        "Population": {
            "action": -1.7938852310180664,
            "observation": 66
        }
    },
    "205": {
        "BestCoverage": 0.12,
        "Population": {
            "action": 3.5843067169189453,
            "observation": 64
        }
    },
    "210": {
        "BestCoverage": 0.12,
        "Population": {
            "action": 2.894468307495117,
            "observation": 68
        }
    },
    "215": {
        "BestCoverage": 0.12,
        "Population": {
            "action": 3.478501319885254,
            "observation": 71
        }
    },
    "220": {
        "BestCoverage": 0.12,
        "Population": {
            "action": -1.498509407043457,
            "observation": 74
        }
    },
    "225": {
        "BestCoverage": 0.12,
        "Population": {
            "action": 7.786279678344727,
            "observation": 73
        }
    },
    "230": {
        "BestCoverage": 0.12,
        "Population": {
            "action": 4.031435012817383,
            "observation": 81
        }
    },
    "235": {
        "BestCoverage": 0.12,
        "Population": {
            "action": 7.158384323120117,
            "observation": 85
        }
    },
    "240": {
        "BestCoverage": 0.12,
        "Population": {
            "action": -7.895015716552734,
            "observation": 92
        }
    },
    "245": {
        "BestCoverage": 0.12,
        "Population": {
            "action": 3.0311412811279297,
            "observation": 84
        }
    },
    "250": {
        "BestCoverage": 0.12,
        "Population": {
            "action": 4.422893524169922,
            "observation": 87
        }
    },
    "255": {
        "BestCoverage": 0.12,
        "Population": {
            "action": -6.670203685760498,
            "observation": 91
        }
    },
    "260": {
        "BestCoverage": 0.12,
        "Population": {
            "action": -5.569114685058594,
            "observation": 84
        }
    },
    "265": {
        "BestCoverage": 0.12,
        "Population": {
            "action": 2.4181032180786133,
            "observation": 78
        }
    },
    "270": {
        "BestCoverage": 0.12,