{
    "15": {
        "BestCoverage": 0.12,
        "Population": {
            "action": -0.2080554962158203,
            "observation": 50
        }
    },
    "20": {
        "BestCoverage": 0.12,
        "Population": {
            "action": 3.492460250854492,
            "observation": 50
        }
    },
    "25": {
        "BestCoverage": 0.12,
        "Population": {
            "action": -6.177367687225342,
            "observation": 53
        }
    },
    "30": {
        "BestCoverage": 0.12,
        "Population": {
            "action": 4.878235816955566,
            "observation": 47
        }
    },
    "35": {
        "BestCoverage": 0.12,
        "Population": {
            "action": 4.633394241333008,
            "observation": 52
        }
    },
    "40": {
        "BestCoverage": 0.12,
        "Population": {
            "action": -0.3727998733520508,
            "observation": 57
        }
    },
    "45": {
        "BestCoverage": 0.12,
        "Population": {
            "action": 5.304111480712891,
            "observation": 57
        }
    },
    "50": {
        "BestCoverage": 0.12,
        "Population": {
            "action": 6.625069618225098,
            "observation": 62
        }
    },
    "55": {
        "BestCoverage": 0.12,
        "Population": {
            "action": -3.005308151245117,
            "observation": 69
        }
    },
    "60": {
        "BestCoverage": 0.12,
        "Population": {
            "action": 0.10128402709960938,
            "observation": 66
        }
    },
    "65": {
        "BestCoverage": 0.12,
        "Population": {
            "action": 5.197595596313477,
            "observation": 66
        }
    },
    "70": {
        "BestCoverage": 0.12,
        "Population": {
            "action": -3.419074058532715,
            "observation": 71
        }
    },
    "75": {
        "BestCoverage": 0.12,
        "Population": {
            "action": 1.1581315994262695,
            "observation": 68
        }
    },
    "80": {
        "BestCoverage": 0.12,
        "Population": {
            "action": -1.9612483978271484,
            "observation": 69
        }
    },
    "85": {
        "BestCoverage": 0.12,
        "Population": {
            "action": 7.930973052978516,
            "observation": 67
        }
    },
    "90": {
        "BestCoverage": 0.12,
        "Population": {
            "action": -0.16199970245361328,
            "observation": 75
        }
    },
    "95": {
        "BestCoverage": 0.12,
        "Population": {
            "action": 7.667606353759766,
            "observation": 75
        }
    },
    "100": {
        "BestCoverage": 0.12,
        "Population": {
            "action": 1.6506032943725586,
            "observation": 83
        }
    },
    "105": {
        "BestCoverage": 0.12,
        "Population": {
            "action": 5.54200553894043,
            "observation": 85
        }
    },
    "110": {
        "BestCoverage": 0.12,
        "Population": {
            "action": -1.8736529350280762,
            "observation": 91
        }
    },
    "115": {
        "BestCoverage": 0.12,
        "Population": {
            "action": 1.5283145904541016,
            "observation": 89
        }
    },
    "120": {
        "BestCoverage": 0.12,
        "Population": {
            "action": 7.39085578918457,
            "observation": 91
        }
    },
    "125": {
        "BestCoverage": 0.12,
        "Population": {
            "action": 7.767824172973633,
            "observation": 98
        }
    },
    "130": {
        "BestCoverage": 0.12,
        "Population": {
            "action": 4.13908576965332,
            "observation": 100
        }
    },
    "135": {
        "BestCoverage": 0.12,
        "Population": {
            "action": -0.2566814422607422,
            "observation": 100
        }
    },
    "140": {
        "BestCoverage": 0.12,
        "Population": {
            "action": -6.296514511108398,
            "observation": 100
        }
    },
    "145": {
        "BestCoverage": 0.12,
        "Population": {
            "action": -4.72324800491333,
            "observation": 94
        }
    },
    "150": {
        "BestCoverage": 0.12,
        "Population": {
            "action": 7.921514511108398,
            "observation": 89
        }
    },
    "155": {
        "BestCoverage": 0.12,
        "Population": {
            "action": -5.984667778015137,
            "observation": 97
        }
    },
    "160": {
        "BestCoverage": 0.12,
        "Population": {
            "action": 3.9818906784057617,
            "observation": 91
        }
    },
    "165": {
        "BestCoverage": 0.12,
        "Population": {
            "action": -5.392744064331055,
            "observation": 95
        }
    },
    "170": {
        "BestCoverage": 0.12,
        "Population": {
            "action": 4.823788642883301,
            "observation": 90
        }
    },
    "175": {
        "BestCoverage": 0.12,
        "Population": {
            "action": 4.719160079956055,
            "observation": 95
        }
    },
    "180": {
        "BestCoverage": 0.12,
        "Population": {
            "action": 5.976856231689453,
            "observation": 100
        }
    },
    "185": {
        "BestCoverage": 0.12,
        "Population": {
            "action": 2.926616668701172,
            "observation": 100
        }
    },
    "190": {
        "BestCoverage": 0.12,
        "Population": {
            "action": -0.2516021728515625,
            "observation": 100
        }
    },
    "195": {
        "BestCoverage": 0.12,
        "Population": {
            "action": 3.7468032836914062,
            "observation": 100
        }
    },
    "200": {
        "BestCoverage": 0.12,
        "Population": {
            "action": -3.328310489654541,
            "observation": 100
        }
    },
    "205": {
        "BestCoverage": 0.12,
        "Population": {
            "action": -3.683076858520508,
            "observation": 97
        }
    },
    "210": {
        "BestCoverage": 0.12,
        "Population": {
            "action": -6.079094886779785,
            "observation": 93
        }
    },
    "215": {
        "BestCoverage": 0.12,
        "Population": {
            "action": 0.38123607635498047,
            "observation": 87
        }
    },
    "220": {
        "BestCoverage": 0.12,
        "Population": {
            "action": -1.764875888824463,
            "observation": 87
        }
    },
    "225": {
        "BestCoverage": 0.12,
        "Population": {
            "action": -1.3700294494628906,
            "observation": 85
        }
    },
    "230": {
        "BestCoverage": 0.12,
        "Population": {
            "action": -7.719114780426025,
            "observation": 84
        }
    },
    "235": {
        "BestCoverage": 0.12,
        "Population": {
            "action": -2.23801326751709,
            "observation": 76
        }
    },
    "240": {
        "BestCoverage": 0.12,
        "Population": {
            "action": 2.890178680419922,
            "observation": 74
        }
    },
    "245": {
        "BestCoverage": 0.12,
        "Population": {
            "action": -0.8903322219848633,
            "observation": 77
        }
    },
    "250": {
        "BestCoverage": 0.12,
        "Population": {
            "action": -0.4828181266784668,
            "observation": 76
        }
    },
    "255": {
        "BestCoverage": 0.12,
        "Population": {
            "action": -6.888911724090576,
            "observation": 76
        }
    },
    "260": {
        "BestCoverage": 0.12,
        "Population": {
            "action": -5.7377238273620605,
            "observation": 69
        }
    },
    "265": {
        "BestCoverage": 0.12,
        "Population": {
            "action": -4.156786918640137,
            "observation": 63
        }
    },
    "270": {
        "BestCoverage": 0.12,