{
    "30": {
        "BestCoverage": 0.725,
        "ChromosomeLength": {
            "action": 0.2919001579284668,
            "observation": 40
        }
    },
    "35": {
        "BestCoverage": 0.725,
        "ChromosomeLength": {
            "action": 2.150503635406494,
            "observation": 40
        }
    },
    "40": {
        "BestCoverage": 0.75,
        "ChromosomeLength": {
            "action": -3.6428972482681274,
            "observation": 42
        }
    },
    "45": {
        "BestCoverage": 0.75,
        "ChromosomeLength": {
            "action": -2.1985366344451904,
            "observation": 38
        }
    },
    "50": {
        "BestCoverage": 0.75,
        "ChromosomeLength": {
            "action": -5.2217735052108765,
            "observation": 36
        }
    },
    "55": {
        "BestCoverage": 0.75,
        "ChromosomeLength": {
            "action": -4.744637131690979,
            "observation": 31
        }
    },
    "60": {
        "BestCoverage": 0.75,
        "ChromosomeLength": {
            "action": 1.234588623046875,
            "observation": 26
        }
    },
    "65": {
        "BestCoverage": 0.75,
        "ChromosomeLength": {
            "action": -1.0683249235153198,
            "observation": 27
        }
    },
    "70": {
        "BestCoverage": 0.75,
        "ChromosomeLength": {
            "action": 2.4420511722564697,
            "observation": 26
        }
    },
    "75": {
        "BestCoverage": 0.75,
        "ChromosomeLength": {
            "action": 4.954261779785156,
            "observation": 28
        }
    },
    "80": {
        "BestCoverage": 0.75,
        "ChromosomeLength": {
            "action": -0.4077697992324829,
            "observation": 33
        }
    },
    "85": {
        "BestCoverage": 0.75,
        "ChromosomeLength": {
            "action": -4.891669392585754,
            "observation": 33
        }
    },
    "90": {
        "BestCoverage": 0.75,
        "ChromosomeLength": {
            "action": -0.7608861923217773,
            "observation": 28
        }
    },
    "95": {
        "BestCoverage": 0.75,
        "ChromosomeLength": {
            "action": 4.372446298599243,
            "observation": 27
        }
    },
    "100": {
        "BestCoverage": 0.75,
        "ChromosomeLength": {
            "action": -3.4852774143218994,
            "observation": 31
        }
    },
    "105": {
        "BestCoverage": 0.75,
        "ChromosomeLength": {
            "action": 4.462841033935547,
            "observation": 28
        }
    },
    "110": {
        "BestCoverage": 0.75,
        "ChromosomeLength": {
            "action": -5.041553378105164,
            "observation": 32
        }
    },
    "115": {
        "BestCoverage": 0.75,
        "ChromosomeLength": {
            "action": 3.7321629524230957,
            "observation": 27
        }
    },
    "120": {
        "BestCoverage": 0.75,
        "ChromosomeLength": {
            "action": -0.06885623931884766,
            "observation": 31
        }
    },
    "125": {
        "BestCoverage": 0.75,
        "ChromosomeLength": {
            "action": 3.9747698307037354,
            "observation": 31
        }
    },
    "130": {
        "BestCoverage": 0.75,
        "ChromosomeLength": {
            "action": 0.2643413543701172,
            "observation": 35
        }
    },
    "135": {
        "BestCoverage": 0.75,
        "ChromosomeLength": {
            "action": -5.911904811859131,
            "observation": 35
        }
    },
    "140": {
        "BestCoverage": 0.75,
        "ChromosomeLength": {
            "action": -1.4906176328659058,
            "observation": 29
        }
    },
    "145": {
        "BestCoverage": 0.75,
        "ChromosomeLength": {
            "action": -3.3213711977005005,
            "observation": 28
        }
    },
    "150": {
        "BestCoverage": 0.775,
        "ChromosomeLength": {
            "action": 5.692498683929443,
            "observation": 25
        }
    },
    "155": {
        "BestCoverage": 0.775,
        "ChromosomeLength": {
            "action": -0.27010130882263184,
            "observation": 31
        }
    },
    "160": {
        "BestCoverage": 0.7875,
        "ChromosomeLength": {
            "action": 0.7774128913879395,
            "observation": 31
        }
    },
    "165": {
        "BestCoverage": 0.7875,
        "ChromosomeLength": {
            "action": -3.2521955966949463,
            "observation": 32
        }
    },
    "170": {
        "BestCoverage": 0.7875,
        "ChromosomeLength": {
            "action": 4.94653844833374,
            "observation": 29
        }
    },
    "175": {
        "BestCoverage": 0.7875,
        "ChromosomeLength": {
            "action": 2.9543874263763428,
            "observation": 34
        }
    },
    "180": {
        "BestCoverage": 0.7875,
        "ChromosomeLength": {
            "action": 4.717705249786377,
            "observation": 37
        }
    },
    "185": {
        "BestCoverage": 0.7875,
        "ChromosomeLength": {
            "action": -3.0387160778045654,
            "observation": 42
        }
    },
    "190": {
        "BestCoverage": 0.7875,
        "ChromosomeLength": {
            "action": 5.23009729385376,
            "observation": 39
        }
    },
    "195": {
        "BestCoverage": 0.7875,
        "ChromosomeLength": {
            "action": -0.9260008335113525,
            "observation": 44
        }
    },
    "200": {
        "BestCoverage": 0.7875,
        "ChromosomeLength": {
            "action": -5.71081817150116,
            "observation": 43
        }
    },
    "205": {
        "BestCoverage": 0.7875,
        "ChromosomeLength": {
            "action": 4.899355173110962,
            "observation": 37
        }
    },
    "210": {
        "BestCoverage": 0.7875,
        "ChromosomeLength": {
            "action": -0.8524510860443115,
            "observation": 42
        }
    },
    "215": {
        "BestCoverage": 0.7875,
        "ChromosomeLength": {
            "action": 3.477633476257324,
            "observation": 41
        }
    },
    "220": {
        "BestCoverage": 0.7875,
        "ChromosomeLength": {
            "action": -3.836356043815613,
            "observation": 44
        }
    },
    "225": {
        "BestCoverage": 0.7875,
        "ChromosomeLength": {
            "action": -1.9719793796539307,
            "observation": 40
        }
    },
    "230": {
        "BestCoverage": 0.7875,
        "ChromosomeLength": {
            "action": -3.650751829147339,
            "observation": 38
        }
    },
    "235": {
        "BestCoverage": 0.7875,
        "ChromosomeLength": {
            "action": -5.123731970787048,
            "observation": 34
        }
    },
    "240": {
        "BestCoverage": 0.7875,
        "ChromosomeLength": {
            "action": 3.1475844383239746,
            "observation": 29
        }
    },
    "245": {
        "BestCoverage": 0.7875,
        "ChromosomeLength": {
            "action": 0.8324353694915771,
            "observation": 32
        }
    },
    "250": {
        "BestCoverage": 0.7875,
        "ChromosomeLength": {
            "action": -5.25895893573761,
            "observation": 33
        }
    },
    "255": {
        "BestCoverage": 0.7875,
        "ChromosomeLength": {
            "action": 0.7294728755950928,
            "observation": 28
        }
    },
    "260": {
        "BestCoverage": 0.7875,
        "ChromosomeLength": {
            "action": 1.2030715942382812,
            "observation": 29
        }
    },
    "265": {
        "BestCoverage": 0.7875,
        "ChromosomeLength": {
            "action": 0.37953758239746094,
            "observation": 30
        }
    },
    "270": {
        "BestCoverage": 0.7875,
        "ChromosomeLength": {
            "action": 2.457148790359497,
            "observation": 30
        }
    },