{
    "15": {
        "BestCoverage": 0.8,
        "Population": {
            "action": 1.0708589553833008,
            "observation": 50
        }
    },
    "20": {
        "BestCoverage": 0.8,
        "Population": {
            "action": 2.2350826263427734,
            "observation": 51
        }
    },
    "25": {
        "BestCoverage": 0.8,
        "Population": {
            "action": -6.666923999786377,
            "observation": 53
        }
    },
    "30": {
        "BestCoverage": 0.8,
        "Population": {
            "action": 7.589073181152344,
            "observation": 46
        }
    },
    "35": {
        "BestCoverage": 0.8,
        "Population": {
            "action": 7.316693305969238,
            "observation": 54
        }
    },
    "40": {
        "BestCoverage": 0.8,
        "Population": {
            "action": -7.8086137771606445,
            "observation": 61
        }
    },
    "45": {
        "BestCoverage": 0.8,
        "Population": {
            "action": -7.67268180847168,
            "observation": 53
        }
    },
    "50": {
        "BestCoverage": 0.8,
        "Population": {
            "action": 5.047782897949219,
            "observation": 45
        }
    },
    "55": {
        "BestCoverage": 0.8,
        "Population": {
            "action": 4.901538848876953,
            "observation": 50
        }
    },
    "60": {
        "BestCoverage": 0.8,
        "Population": {
            "action": 6.981142044067383,
            "observation": 55
        }
    },
    "65": {
        "BestCoverage": 0.8,
        "Population": {
            "action": 3.4436416625976562,
            "observation": 62
        }
    },
    "70": {
        "BestCoverage": 0.8,
        "Population": {
            "action": 2.1146936416625977,
            "observation": 65
        }
    },
    "75": {
        "BestCoverage": 0.8,
        "Population": {
            "action": -6.579461097717285,
            "observation": 67
        }
    },
    "80": {
        "BestCoverage": 0.8,
        "Population": {
            "action": -0.5953540802001953,
            "observation": 60
        }
    },
    "85": {
        "BestCoverage": 0.8,
        "Population": {
            "action": 7.752021789550781,
            "observation": 59
        }
    },
    "90": {
        "BestCoverage": 0.8,
        "Population": {
            "action": -6.10301399230957,
            "observation": 67
        }
    },
    "95": {
        "BestCoverage": 0.8,
        "Population": {
            "action": -0.35985755920410156,
            "observation": 61
        }
    },
    "100": {
        "BestCoverage": 0.8,
        "Population": {
            "action": 1.6804542541503906,
            "observation": 61
        }
    },
    "105": {
        "BestCoverage": 0.8,
        "Population": {
            "action": 4.262380599975586,
            "observation": 63
        }
    },
    "110": {
        "BestCoverage": 0.8,
        "Population": {
            "action": 0.6257696151733398,
            "observation": 67
        }
    },
    "115": {
        "BestCoverage": 0.8,
        "Population": {
            "action": 3.096156120300293,
            "observation": 68
        }
    },
    "120": {
        "BestCoverage": 0.8,
        "Population": {
            "action": -3.24778413772583,
            "observation": 71
        }
    },
    "125": {
        "BestCoverage": 0.8,
        "Population": {
            "action": 5.801292419433594,
            "observation": 68
        }
    },
    "130": {
        "BestCoverage": 0.8,
        "Population": {
            "action": 0.05693340301513672,
            "observation": 74
        }
    },
    "135": {
        "BestCoverage": 0.8,
        "Population": {
            "action": 3.633831024169922,
            "observation": 74
        }
    },
    "140": {
        "BestCoverage": 0.8,
        "Population": {
            "action": -4.810387134552002,
            "observation": 78
        }
    },
    "145": {
        "BestCoverage": 0.8,
        "Population": {
            "action": 0.7147321701049805,
            "observation": 73
        }
    },
    "150": {
        "BestCoverage": 0.8,
        "Population": {
            "action": -2.9198484420776367,
            "observation": 74
        }
    },
    "155": {
        "BestCoverage": 0.8,
        "Population": {
            "action": -1.4214468002319336,
            "observation": 71
        }
    },
    "160": {
        "BestCoverage": 0.8,
        "Population": {
            "action": -6.608500957489014,
            "observation": 70
        }
    },
    "165": {
        "BestCoverage": 0.8,
        "Population": {
            "action": 7.5011749267578125,
            "observation": 63
        }
    },
    "170": {
        "BestCoverage": 0.8,
        "Population": {
            "action": 4.001497268676758,
            "observation": 71
        }
    },
    "175": {
        "BestCoverage": 0.8,
        "Population": {
            "action": -3.26601505279541,
            "observation": 75
        }
    },
    "180": {
        "BestCoverage": 0.8,
        "Population": {
            "action": 5.061405181884766,
            "observation": 72
        }
    },
    "185": {
        "BestCoverage": 0.8,
        "Population": {
            "action": 6.01397705078125,
            "observation": 77
        }
    },
    "190": {
        "BestCoverage": 0.8,
        "Population": {
            "action": 7.802471160888672,
            "observation": 83
        }
    },
    "195": {
        "BestCoverage": 0.8,
        "Population": {
            "action": -2.098690986633301,
            "observation": 91
        }
    },
    "200": {
        "BestCoverage": 0.8,
        "Population": {
            "action": -0.9973430633544922,
            "observation": 89
        }
    },
    "205": {
        "BestCoverage": 0.8,
        "Population": {
            "action": -4.200105667114258,
            "observation": 88
        }
    },
    "210": {
        "BestCoverage": 0.8,
        "Population": {
            "action": -7.298774242401123,
            "observation": 84
        }
    },
    "215": {
        "BestCoverage": 0.8,
        "Population": {
            "action": -3.888491630554199,
            "observation": 77
        }
    },
    "220": {
        "BestCoverage": 0.8,
        "Population": {
            "action": 1.0987110137939453,
            "observation": 73
        }
    },
    "225": {
        "BestCoverage": 0.8,
        "Population": {
            "action": 2.5649595260620117,
            "observation": 74
        }
    },
    "230": {
        "BestCoverage": 0.8,
        "Population": {
            "action": 3.4097232818603516,
            "observation": 77
        }
    },
    "235": {
        "BestCoverage": 0.8,
        "Population": {
            "action": -4.195268630981445,
            "observation": 80
        }
    },
    "240": {
        "BestCoverage": 0.8,
        "Population": {
            "action": -4.247528553009033,
            "observation": 76
        }
    },
    "245": {
        "BestCoverage": 0.8,
        "Population": {
            "action": -2.913153648376465,
            "observation": 72
        }
    },
    "250": {
        "BestCoverage": 0.8,
        "Population": {
            "action": 0.8194942474365234,
            "observation": 69
        }
    },
    "255": {
        "BestCoverage": 0.8,
        "Population": {
            "action": -0.5286321640014648,
            "observation": 70
        }
    },
    "260": {
        "BestCoverage": 0.8,
        "Population": {
            "action": -5.910367488861084,
            "observation": 69
        }
    },
    "265": {
        "BestCoverage": 0.8,
        "Population": {
            "action": 4.21220588684082,
            "observation": 63
        }
    },
    "270": {
        "BestCoverage": 0.8,
        "Population": {
            "action": -0.8100872039794922,