{
    "15": {
        "BestCoverage": 0.05714285714285714,
        "Population": {
            "action": 4.483098983764648,
            "observation": 50
        }
    },
    "20": {
        "BestCoverage": 0.05714285714285714,
        "Population": {
            "action": -5.295961856842041,
            "observation": 54
        }
    },
    "25": {
        "BestCoverage": 0.05714285714285714,
        "Population": {
            "action": 0.6170730590820312,
            "observation": 49
        }
    },
    "30": {
        "BestCoverage": 0.05714285714285714,
        "Population": {
            "action": -6.653595924377441,
            "observation": 50
        }
    },
    "35": {
        "BestCoverage": 0.05714285714285714,
        "Population": {
            "action": -5.886610984802246,
            "observation": 43
        }
    },
    "40": {
        "BestCoverage": 0.05714285714285714,
        "Population": {
            "action": -6.953798770904541,
            "observation": 37
        }
    },
    "45": {
        "BestCoverage": 0.05714285714285714,
        "Population": {
            "action": 5.663304328918457,
            "observation": 30
        }
    },
    "50": {
        "BestCoverage": 0.05714285714285714,
        "Population": {
            "action": -0.9811639785766602,
            "observation": 36
        }
    },
    "55": {
        "BestCoverage": 0.05714285714285714,
        "Population": {
            "action": -6.205556392669678,
            "observation": 35
        }
    },
    "60": {
        "BestCoverage": 0.05714285714285714,
        "Population": {
            "action": 3.417207717895508,
            "observation": 29
        }
    },
    "65": {
        "BestCoverage": 0.05714285714285714,
        "Population": {
            "action": 1.7751960754394531,
            "observation": 32
        }
    },
    "70": {
        "BestCoverage": 0.05714285714285714,
        "Population": {
            "action": -3.468815803527832,
            "observation": 34
        }
    },
    "75": {
        "BestCoverage": 0.05714285714285714,
        "Population": {
            "action": 5.599031448364258,
            "observation": 31
        }
    },
    "80": {
        "BestCoverage": 0.05714285714285714,
        "Population": {
            "action": 0.5391321182250977,
            "observation": 37
        }
    },
    "85": {
        "BestCoverage": 0.05714285714285714,
        "Population": {
            "action": -2.1129150390625,
            "observation": 38
        }
    },
    "90": {
        "BestCoverage": 0.05714285714285714,
        "Population": {
            "action": -4.185149192810059,
            "observation": 36
        }
    },
    "95": {
        "BestCoverage": 0.05714285714285714,
        "Population": {
            "action": 1.6449003219604492,
            "observation": 32
        }
    },
    "100": {
        "BestCoverage": 0.05714285714285714,
        "Population": {
            "action": 7.61196231842041,
            "observation": 34
        }
    },
    "105": {
        "BestCoverage": 0.05714285714285714,
        "Population": {
            "action": -6.061507701873779,
            "observation": 42
        }
    },
    "110": {
        "BestCoverage": 0.05714285714285714,
        "Population": {
            "action": 2.99648380279541,
            "observation": 36
        }
    },
    "115": {
        "BestCoverage": 0.05714285714285714,
        "Population": {
            "action": 2.3933334350585938,
            "observation": 39
        }
    },
    "120": {
        "BestCoverage": 0.05714285714285714,
        "Population": {
            "action": -5.3501129150390625,
            "observation": 41
        }
    },
    "125": {
        "BestCoverage": 0.05714285714285714,
        "Population": {
            "action": 6.896218299865723,
            "observation": 36
        }
    },
    "130": {
        "BestCoverage": 0.05714285714285714,
        "Population": {
            "action": -0.33463048934936523,
            "observation": 43
        }
    },
    "135": {
        "BestCoverage": 0.05714285714285714,
        "Population": {
            "action": -7.367693901062012,
            "observation": 43
        }
    },
    "140": {
        "BestCoverage": 0.05714285714285714,
        "Population": {
            "action": 1.5098752975463867,
            "observation": 36
        }
    },
    "145": {
        "BestCoverage": 0.05714285714285714,
        "Population": {
            "action": -6.463693618774414,
            "observation": 38
        }
    },
    "150": {
        "BestCoverage": 0.05714285714285714,
        "Population": {
            "action": 5.454280853271484,
            "observation": 32
        }
    },
    "155": {
        "BestCoverage": 0.05714285714285714,
        "Population": {
            "action": -6.614956378936768,
            "observation": 37
        }
    },
    "160": {
        "BestCoverage": 0.05714285714285714,
        "Population": {
            "action": -4.447360515594482,
            "observation": 30
        }
    },
    "165": {
        "BestCoverage": 0.05714285714285714,
        "Population": {
            "action": 5.802793502807617,
            "observation": 26
        }
    },
    "170": {
        "BestCoverage": 0.05714285714285714,
        "Population": {
            "action": -5.694404602050781,
            "observation": 32
        }
    },
    "175": {
        "BestCoverage": 0.05714285714285714,
        "Population": {
            "action": -3.1602535247802734,
            "observation": 26
        }
    },
    "180": {
        "BestCoverage": 0.05714285714285714,
        "Population": {
            "action": -3.4593095779418945,
            "observation": 25
        }
    },
    "185": {
        "BestCoverage": 0.05714285714285714,
        "Population": {
            "action": 1.8456087112426758,
            "observation": 25
        }
    },
    "190": {
        "BestCoverage": 0.05714285714285714,
        "Population": {
            "action": 2.7851219177246094,
            "observation": 27
        }
    },
    "195": {
        "BestCoverage": 0.05714285714285714,
        "Population": {
            "action": 0.5923004150390625,
            "observation": 30
        }
    },
    "200": {
        "BestCoverage": 0.05714285714285714,
        "Population": {
            "action": 4.253026962280273,
            "observation": 31
        }
    },
    "205": {
        "BestCoverage": 0.05714285714285714,
        "Population": {
            "action": 3.001688003540039,
            "observation": 35
        }
    },
    "210": {
        "BestCoverage": 0.05714285714285714,
        "Population": {
            "action": 0.6878757476806641,
            "observation": 38
        }
    },
    "215": {
        "BestCoverage": 0.05714285714285714,
        "Population": {
            "action": 7.217258453369141,
            "observation": 39
        }
    },
    "220": {
        "BestCoverage": 0.05714285714285714,
        "Population": {
            "action": 2.7320680618286133,
            "observation": 46
        }
    },
    "225": {
        "BestCoverage": 0.05714285714285714,
        "Population": {
            "action": 1.2391834259033203,
            "observation": 49
        }
    },
    "230": {
        "BestCoverage": 0.05714285714285714,
        "Population": {
            "action": -0.47081565856933594,
            "observation": 50
        }
    },
    "235": {
        "BestCoverage": 0.05714285714285714,
        "Population": {
            "action": 6.109630584716797,
            "observation": 50
        }
    },
    "240": {
        "BestCoverage": 0.05714285714285714,
        "Population": {
            "action": 1.597355842590332,
            "observation": 56
        }
    },
    "245": {
        "BestCoverage": 0.05714285714285714,
        "Population": {
            "action": 6.720187187194824,