{
    "15": {
        "BestCoverage": 0.8,
        "Population": {
            "action": -4.2298736572265625,
            "observation": 50
        }
    },
    "20": {
        "BestCoverage": 0.8,
        "Population": {
            "action": 1.2191972732543945,
            "observation": 46
        }
    },
    "25": {
        "BestCoverage": 0.8,
        "Population": {
            "action": 3.5824413299560547,
            "observation": 47
        }
    },
    "30": {
        "BestCoverage": 0.8,
        "Population": {
            "action": 7.591325759887695,
            "observation": 51
        }
    },
    "35": {
        "BestCoverage": 0.8,
        "Population": {
            "action": 0.561370849609375,
            "observation": 59
        }
    },
    "40": {
        "BestCoverage": 0.8,
        "Population": {
            "action": -7.254852294921875,
            "observation": 60
        }
    },
    "45": {
        "BestCoverage": 0.8,
        "Population": {
            "action": -2.7262916564941406,
            "observation": 53
        }
    },
    "50": {
        "BestCoverage": 0.8,
        "Population": {
            "action": 0.6188564300537109,
            "observation": 50
        }
    },
    "55": {
        "BestCoverage": 0.8,
        "Population": {
            "action": 7.075514793395996,
            "observation": 51
        }
    },
    "60": {
        "BestCoverage": 0.8,
        "Population": {
            "action": 4.358732223510742,
            "observation": 58
        }
    },
    "65": {
        "BestCoverage": 0.8,
        "Population": {
            "action": 3.1711435317993164,
            "observation": 62
        }
    },
    "70": {
        "BestCoverage": 0.8,
        "Population": {
            "action": 4.625731468200684,
            "observation": 65
        }
    },
    "75": {
        "BestCoverage": 0.8,
        "Population": {
            "action": -3.038092613220215,
            "observation": 70
        }
    },
    "80": {
        "BestCoverage": 0.8,
        "Population": {
            "action": -5.921196937561035,
            "observation": 67
        }
    },
    "85": {
        "BestCoverage": 0.8,
        "Population": {
            "action": -3.6151371002197266,
            "observation": 61
        }
    },
    "90": {
        "BestCoverage": 0.8,
        "Population": {
            "action": 0.21293354034423828,
            "observation": 57
        }
    },
    "95": {
        "BestCoverage": 0.8,
        "Population": {
            "action": -1.4906468391418457,
            "observation": 57
        }
    },
    "100": {
        "BestCoverage": 0.8,
        "Population": {
            "action": -3.2239608764648438,
            "observation": 56
        }
    },
    "105": {
        "BestCoverage": 0.8,
        "Population": {
            "action": -1.71113920211792,
            "observation": 53
        }
    },
    "110": {
        "BestCoverage": 0.8,
        "Population": {
            "action": -3.6330909729003906,
            "observation": 51
        }
    },
    "115": {
        "BestCoverage": 0.8,
        "Population": {
            "action": 0.6006574630737305,
            "observation": 47
        }
    },
    "120": {
        "BestCoverage": 0.8,
        "Population": {
            "action": 5.860589981079102,
            "observation": 48
        }
    },
    "125": {
        "BestCoverage": 0.8,
        "Population": {
            "action": 7.722925186157227,
            "observation": 54
        }
    },
    "130": {
        "BestCoverage": 0.8,
        "Population": {
            "action": 0.6239709854125977,
            "observation": 62
        }
    },
    "135": {
        "BestCoverage": 0.8,
        "Population": {
            "action": 4.597871780395508,
            "observation": 63
        }
    },
    "140": {
        "BestCoverage": 0.8,
        "Population": {
            "action": -5.100636005401611,
            "observation": 68
        }
    },
    "145": {
        "BestCoverage": 0.8,
        "Population": {
            "action": 5.591238021850586,
            "observation": 63
        }
    },
    "150": {
        "BestCoverage": 0.8,
        "Population": {
            "action": 5.201356887817383,
            "observation": 69
        }
    },
    "155": {
        "BestCoverage": 0.8,
        "Population": {
            "action": -7.264533996582031,
            "observation": 74
        }
    },
    "160": {
        "BestCoverage": 0.8,
        "Population": {
            "action": 2.130375862121582,
            "observation": 67
        }
    },
    "165": {
        "BestCoverage": 0.8,
        "Population": {
            "action": 0.4195127487182617,
            "observation": 69
        }
    },
    "170": {
        "BestCoverage": 0.8,
        "Population": {
            "action": 2.8586549758911133,
            "observation": 69
        }
    },
    "175": {
        "BestCoverage": 0.8,
        "Population": {
            "action": -7.069623947143555,
            "observation": 72
        }
    },
    "180": {
        "BestCoverage": 0.8,
        "Population": {
            "action": 2.403959274291992,
            "observation": 65
        }
    },
    "185": {
        "BestCoverage": 0.8,
        "Population": {
            "action": 7.945697784423828,
            "observation": 67
        }
    },
    "190": {
        "BestCoverage": 0.8,
        "Population": {
            "action": -1.6725258827209473,
            "observation": 75
        }
    },
    "195": {
        "BestCoverage": 0.8,
        "Population": {
            "action": -5.33089017868042,
            "observation": 73
        }
    },
    "200": {
        "BestCoverage": 0.8,
        "Population": {
            "action": 4.670743942260742,
            "observation": 68
        }
    },
    "205": {
        "BestCoverage": 0.8,
        "Population": {
            "action": -2.71630859375,
            "observation": 73
        }
    },
    "210": {
        "BestCoverage": 0.8,
        "Population": {
            "action": -4.701544761657715,
            "observation": 70
        }
    },
    "215": {
        "BestCoverage": 0.8,
        "Population": {
            "action": -4.736784934997559,
            "observation": 65
        }
    },
    "220": {
        "BestCoverage": 0.8,
        "Population": {
            "action": -2.716890335083008,
            "observation": 60
        }
    },
    "225": {
        "BestCoverage": 0.8,
        "Population": {
            "action": -5.427447319030762,
            "observation": 57
        }
    },
    "230": {
        "BestCoverage": 0.8,
        "Population": {
            "action": 7.31040096282959,
            "observation": 52
        }
    },
    "235": {
        "BestCoverage": 0.8,
        "Population": {
            "action": 1.2995796203613281,
            "observation": 59
        }
    },
    "240": {
        "BestCoverage": 0.8,
        "Population": {
            "action": 1.4737663269042969,
            "observation": 60
        }
    },
    "245": {
        "BestCoverage": 0.8,
        "Population": {
            "action": 7.447502136230469,
            "observation": 61
        }
    },
    "250": {
        "BestCoverage": 0.8,
        "Population": {
            "action": -0.16499662399291992,
            "observation": 68
        }
    },
    "255": {
        "BestCoverage": 0.8,
        "Population": {
            "action": 6.218304634094238,
            "observation": 68
        }
    },
    "260": {
        "BestCoverage": 0.8,
        "Population": {
            "action": 2.5964784622192383,
            "observation": 74
        }
    },
    "265": {
        "BestCoverage": 0.8,
        "Population": {
            "action": 6.789064407348633,
            "observation": 77
        }
    },
    "270": {
        "BestCoverage": 0.8,
        "Population": {
            "action": 1.9802684783935547,