{
    "15": {
        "BestCoverage": 0.05714285714285714,
        "Population": {
            "action": 5.062923431396484,
            "observation": 50
        }
    },
    "20": {
        "BestCoverage": 0.05714285714285714,
        "Population": {
            "action": -6.742581844329834,
            "observation": 55
        }
    },
    "25": {
        "BestCoverage": 0.05714285714285714,
        "Population": {
            "action": 2.8886051177978516,
            "observation": 48
        }
    },
    "30": {
        "BestCoverage": 0.05714285714285714,
        "Population": {
            "action": 7.415380477905273,
            "observation": 51
        }
    },
    "35": {
        "BestCoverage": 0.05714285714285714,
        "Population": {
            "action": 6.165538787841797,
            "observation": 58
        }
    },
    "40": {
        "BestCoverage": 0.05714285714285714,
        "Population": {
            "action": -2.7049121856689453,
            "observation": 64
        }
    },
    "45": {
        "BestCoverage": 0.05714285714285714,
        "Population": {
            "action": -2.9960412979125977,
            "observation": 61
        }
    },
    "50": {
        "BestCoverage": 0.05714285714285714,
        "Population": {
            "action": -4.285925388336182,
            "observation": 58
        }
    },
    "55": {
        "BestCoverage": 0.05714285714285714,
        "Population": {
            "action": 3.075381278991699,
            "observation": 54
        }
    },
    "60": {
        "BestCoverage": 0.05714285714285714,
        "Population": {
            "action": 7.668810844421387,
            "observation": 57
        }
    },
    "65": {
        "BestCoverage": 0.05714285714285714,
        "Population": {
            "action": 3.6281909942626953,
            "observation": 65
        }
    },
    "70": {
        "BestCoverage": 0.05714285714285714,
        "Population": {
            "action": -3.450737476348877,
            "observation": 69
        }
    },
    "75": {
        "BestCoverage": 0.05714285714285714,
        "Population": {
            "action": -4.0345048904418945,
            "observation": 66
        }
    },
    "80": {
        "BestCoverage": 0.05714285714285714,
        "Population": {
            "action": 5.354267120361328,
            "observation": 62
        }
    },
    "85": {
        "BestCoverage": 0.05714285714285714,
        "Population": {
            "action": 6.658557891845703,
            "observation": 67
        }
    },
    "90": {
        "BestCoverage": 0.05714285714285714,
        "Population": {
            "action": -6.975161075592041,
            "observation": 74
        }
    },
    "95": {
        "BestCoverage": 0.05714285714285714,
        "Population": {
            "action": 0.4065284729003906,
            "observation": 67
        }
    },
    "100": {
        "BestCoverage": 0.05714285714285714,
        "Population": {
            "action": 5.0137786865234375,
            "observation": 67
        }
    },
    "105": {
        "BestCoverage": 0.05714285714285714,
        "Population": {
            "action": -2.670738697052002,
            "observation": 72
        }
    },
    "110": {
        "BestCoverage": 0.05714285714285714,
        "Population": {
            "action": -0.6078801155090332,
            "observation": 69
        }
    },
    "115": {
        "BestCoverage": 0.05714285714285714,
        "Population": {
            "action": 2.1997108459472656,
            "observation": 68
        }
    },
    "120": {
        "BestCoverage": 0.05714285714285714,
        "Population": {
            "action": 2.403665542602539,
            "observation": 70
        }
    },
    "125": {
        "BestCoverage": 0.05714285714285714,
        "Population": {
            "action": 3.102108955383301,
            "observation": 72
        }
    },
    "130": {
        "BestCoverage": 0.05714285714285714,
        "Population": {
            "action": 3.5683975219726562,
            "observation": 75
        }
    },
    "135": {
        "BestCoverage": 0.05714285714285714,
        "Population": {
            "action": -0.8428773880004883,
            "observation": 79
        }
    },
    "140": {
        "BestCoverage": 0.05714285714285714,
        "Population": {
            "action": 1.834402084350586,
            "observation": 78
        }
    },
    "145": {
        "BestCoverage": 0.05714285714285714,
        "Population": {
            "action": -6.702951908111572,
            "observation": 80
        }
    },
    "150": {
        "BestCoverage": 0.05714285714285714,
        "Population": {
            "action": 7.246480941772461,
            "observation": 73
        }
    },
    "155": {
        "BestCoverage": 0.05714285714285714,
        "Population": {
            "action": -1.1449689865112305,
            "observation": 80
        }
    },
    "160": {
        "BestCoverage": 0.05714285714285714,
        "Population": {
            "action": 6.168848037719727,
            "observation": 79
        }
    },
    "165": {
        "BestCoverage": 0.05714285714285714,
        "Population": {
            "action": 4.841744422912598,
            "observation": 85
        }
    },
    "170": {
        "BestCoverage": 0.05714285714285714,
        "Population": {
            "action": 2.084141731262207,
            "observation": 90
        }
    },
    "175": {
        "BestCoverage": 0.05714285714285714,
        "Population": {
            "action": -7.112452983856201,
            "observation": 92
        }
    },
    "180": {
        "BestCoverage": 0.05714285714285714,
        "Population": {
            "action": 2.335698127746582,
            "observation": 85
        }
    },
    "185": {
        "BestCoverage": 0.05714285714285714,
        "Population": {
            "action": 5.038653373718262,
            "observation": 87
        }
    },
    "190": {
        "BestCoverage": 0.05714285714285714,
        "Population": {
            "action": 5.480186462402344,
            "observation": 92
        }
    },
    "195": {
        "BestCoverage": 0.05714285714285714,
        "Population": {
            "action": 3.875272750854492,
            "observation": 97
        }
    },
    "200": {
        "BestCoverage": 0.05714285714285714,
        "Population": {
            "action": 5.509544372558594,
            "observation": 100
        }
    },
    "205": {
        "BestCoverage": 0.05714285714285714,
        "Population": {
            "action": -6.395906448364258,
            "observation": 100
        }
    },
    "210": {
        "BestCoverage": 0.05714285714285714,
        "Population": {
            "action": 2.4371395111083984,
            "observation": 94
        }
    },
    "215": {
        "BestCoverage": 0.05714285714285714,
        "Population": {
            "action": 5.186893463134766,
            "observation": 96
        }
    },
    "220": {
        "BestCoverage": 0.05714285714285714,
        "Population": {
            "action": 0.6874303817749023,
            "observation": 100
        }
    },
    "225": {
        "BestCoverage": 0.05714285714285714,
        "Population": {
            "action": 6.095664024353027,
            "observation": 100
        }
    },
    "230": {
        "BestCoverage": 0.05714285714285714,
        "Population": {
            "action": -6.383586883544922,
            "observation": 100
        }
    },
    "235": {
        "BestCoverage": 0.05714285714285714,
        "Population": {
            "action": -4.041929721832275,
            "observation": 94
        }
    },
    "240": {
        "BestCoverage": 0.05714285714285714,
        "Population": {
            "action": -4.598594665527344,
            "observation": 90
        }
    },
    "245": {
        "BestCoverage": 0.05714285714285714,
        "Population": {
            "action": -1.7313494682312012,