{
    "25": {
        "BestCoverage": 0.7375,
        "TournamentSize": {
            "action": -0.7208204865455627,
            "observation": 5
        }
    },
    "30": {
        "BestCoverage": 0.7375,
        "TournamentSize": {
            "action": -0.6459731459617615,
            "observation": 4
        }
    },
    "35": {
        "BestCoverage": 0.7375,
        "TournamentSize": {
            "action": -0.24280285835266113,
            "observation": 3
        }
    },
    "40": {
        "BestCoverage": 0.7375,
        "TournamentSize": {
            "action": -0.1263691782951355,
            "observation": 3
        }
    },
    "45": {
        "BestCoverage": 0.7375,
        "TournamentSize": {
            "action": 0.8002700805664062,
            "observation": 3
        }
    },
    "50": {
        "BestCoverage": 0.7375,
        "TournamentSize": {
            "action": -0.9146930575370789,
            "observation": 4
        }
    },
    "55": {
        "BestCoverage": 0.75,
        "TournamentSize": {
            "action": 0.5724697113037109,
            "observation": 3
        }
    },
    "60": {
        "BestCoverage": 0.75,
        "TournamentSize": {
            "action": 0.8866622447967529,
            "observation": 4
        }
    },
    "65": {
        "BestCoverage": 0.75,
        "TournamentSize": {
            "action": -0.07505595684051514,
            "observation": 5
        }
    },
    "70": {
        "BestCoverage": 0.75,
        "TournamentSize": {
            "action": -0.8832781910896301,
            "observation": 5
        }
    },
    "75": {
        "BestCoverage": 0.75,
        "TournamentSize": {
            "action": -0.5840827226638794,
            "observation": 4
        }
    },
    "80": {
        "BestCoverage": 0.75,
        "TournamentSize": {
            "action": -0.10547548532485962,
            "observation": 3
        }
    },
    "85": {
        "BestCoverage": 0.75,
        "TournamentSize": {
            "action": -0.6295856237411499,
            "observation": 3
        }
    },
    "90": {
        "BestCoverage": 0.75,
        "TournamentSize": {
            "action": 0.7265894412994385,
            "observation": 2
        }
    },
    "95": {
        "BestCoverage": 0.75,
        "TournamentSize": {
            "action": 0.028476476669311523,
            "observation": 3
        }
    },
    "100": {
        "BestCoverage": 0.75,
        "TournamentSize": {
            "action": 0.29651761054992676,
            "observation": 3
        }
    },
    "105": {
        "BestCoverage": 0.75,
        "TournamentSize": {
            "action": 0.8486946821212769,
            "observation": 3
        }
    },
    "110": {
        "BestCoverage": 0.75,
        "TournamentSize": {
            "action": 0.5687036514282227,
            "observation": 4
        }
    },
    "115": {
        "BestCoverage": 0.75,
        "TournamentSize": {
            "action": 0.9980316162109375,
            "observation": 5
        }
    },
    "120": {
        "BestCoverage": 0.7625,
        "TournamentSize": {
            "action": -0.9332045912742615,
            "observation": 6
        }
    },
    "125": {
        "BestCoverage": 0.7625,
        "TournamentSize": {
            "action": -0.6498435735702515,
            "observation": 5
        }
    },
    "130": {
        "BestCoverage": 0.7625,
        "TournamentSize": {
            "action": 0.6521228551864624,
            "observation": 4
        }
    },
    "135": {
        "BestCoverage": 0.7625,
        "TournamentSize": {
            "action": -0.11153346300125122,
            "observation": 5
        }
    },
    "140": {
        "BestCoverage": 0.7625,
        "TournamentSize": {
            "action": 0.7844712734222412,
            "observation": 5
        }
    },
    "145": {
        "BestCoverage": 0.7625,
        "TournamentSize": {
            "action": 0.2203059196472168,
            "observation": 6
        }
    },
    "150": {
        "BestCoverage": 0.7625,
        "TournamentSize": {
            "action": 0.4584064483642578,
            "observation": 6
        }
    },
    "155": {
        "BestCoverage": 0.7625,
        "TournamentSize": {
            "action": 0.8781516551971436,
            "observation": 6
        }
    },
    "160": {
        "BestCoverage": 0.7625,
        "TournamentSize": {
            "action": 0.18334567546844482,
            "observation": 7
        }
    },
    "165": {
        "BestCoverage": 0.7625,
        "TournamentSize": {
            "action": -0.39398348331451416,
            "observation": 7
        }
    },
    "170": {
        "BestCoverage": 0.7625,
        "TournamentSize": {
            "action": -0.07806271314620972,
            "observation": 7
        }
    },
    "175": {
        "BestCoverage": 0.7625,
        "TournamentSize": {
            "action": -0.951032280921936,
            "observation": 7
        }
    },
    "180": {
        "BestCoverage": 0.7625,
        "TournamentSize": {
            "action": -0.9960282444953918,
            "observation": 6
        }
    },
    "185": {
        "BestCoverage": 0.7625,
        "TournamentSize": {
            "action": 0.5885430574417114,
            "observation": 5
        }
    },
    "190": {
        "BestCoverage": 0.7625,
        "TournamentSize": {
            "action": -0.6091580390930176,
            "observation": 6
        }
    },
    "195": {
        "BestCoverage": 0.7625,
        "TournamentSize": {
            "action": -0.058506906032562256,
            "observation": 5
        }
    },
    "200": {
        "BestCoverage": 0.7625,
        "TournamentSize": {
            "action": 0.9419111013412476,
            "observation": 5
        }
    },
    "205": {
        "BestCoverage": 0.7625,
        "TournamentSize": {
            "action": -0.3965625762939453,
            "observation": 6
        }
    },
    "210": {
        "BestCoverage": 0.7625,
        "TournamentSize": {
            "action": -0.28561556339263916,
            "observation": 6
        }
    },
    "215": {
        "BestCoverage": 0.7625,
        "TournamentSize": {
            "action": -0.802945613861084,
            "observation": 6
        }
    },
    "220": {
        "BestCoverage": 0.7625,
        "TournamentSize": {
            "action": -0.07718288898468018,
            "observation": 5
        }
    },
    "225": {
        "BestCoverage": 0.7625,
        "TournamentSize": {
            "action": -0.8292044997215271,
            "observation": 5
        }
    },
    "230": {
        "BestCoverage": 0.7625,
        "TournamentSize": {
            "action": 0.6651182174682617,
            "observation": 4
        }
    },
    "235": {
        "BestCoverage": 0.7625,
        "TournamentSize": {
            "action": 0.852858304977417,
            "observation": 5
        }
    },
    "240": {
        "BestCoverage": 0.7625,
        "TournamentSize": {
            "action": -0.6827810406684875,
            "observation": 6
        }
    },
    "245": {
        "BestCoverage": 0.7625,
        "TournamentSize": {
            "action": -0.14718115329742432,
            "observation": 5
        }
    },
    "250": {
        "BestCoverage": 0.7625,
        "TournamentSize": {
            "action": -0.39217400550842285,
            "observation": 5
        }
    },
    "255": {
        "BestCoverage": 0.7625,
        "TournamentSize": {
            "action": -0.7071607708930969,
            "observation": 5
        }
    },
    "260": {
        "BestCoverage": 0.7625,
        "TournamentSize": {
            "action": -0.4415539503097534,
            "observation": 4
        }
    },
    "265": {
        "BestCoverage": 0.7625,
        "TournamentSize": {
            "action": -0.3800576329231262,
            "observation": 4
        }
    },
    "270": {
        "BestCoverage": 0.7625,