{
    "30": {
        "BestCoverage": 0.75,
        "CrossoverRate": {
            "action": 0.04457541704177856,
            "observation": 0.75
        }
    },
    "35": {
        "BestCoverage": 0.75,
        "CrossoverRate": {
            "action": 0.07066439390182497,
            "observation": 0.7945754170417786
        }
    },
    "40": {
        "BestCoverage": 0.75,
        "CrossoverRate": {
            "action": 0.057442498207092296,
            "observation": 0.8652398109436036
        }
    },
    "45": {
        "BestCoverage": 0.75,
        "CrossoverRate": {
            "action": -0.021388244628906247,
            "observation": 0.9226823091506959
        }
    },
    "50": {
        "BestCoverage": 0.75,
        "CrossoverRate": {
            "action": 0.052293312549591076,
            "observation": 0.9012940645217897
        }
    },
    "55": {
        "BestCoverage": 0.75,
        "CrossoverRate": {
            "action": 0.0620434045791626,
            "observation": 0.9535873770713807
        }
    },
    "60": {
        "BestCoverage": 0.75,
        "CrossoverRate": {
            "action": 0.08506412506103517,
            "observation": 1.0
        }
    },
    "65": {
        "BestCoverage": 0.75,
        "CrossoverRate": {
            "action": -0.04724782109260559,
            "observation": 1.0
        }
    },
    "70": {
        "BestCoverage": 0.75,
        "CrossoverRate": {
            "action": -0.014740365743637088,
            "observation": 0.9527521789073944
        }
    },
    "75": {
        "BestCoverage": 0.75,
        "CrossoverRate": {
            "action": -0.046082311868667604,
            "observation": 0.9380118131637573
        }
    },
    "80": {
        "BestCoverage": 0.75,
        "CrossoverRate": {
            "action": -0.06090056896209717,
            "observation": 0.8919295012950896
        }
    },
    "85": {
        "BestCoverage": 0.75,
        "CrossoverRate": {
            "action": 0.021648180484771726,
            "observation": 0.8310289323329925
        }
    },
    "90": {
        "BestCoverage": 0.75,
        "CrossoverRate": {
            "action": -0.053973120450973515,
            "observation": 0.8526771128177641
        }
    },
    "95": {
        "BestCoverage": 0.75,
        "CrossoverRate": {
            "action": -0.04780904650688172,
            "observation": 0.7987039923667907
        }
    },
    "100": {
        "BestCoverage": 0.75,
        "CrossoverRate": {
            "action": -0.005981838703155523,
            "observation": 0.750894945859909
        }
    },
    "105": {
        "BestCoverage": 0.75,
        "CrossoverRate": {
            "action": -0.029965209960937503,
            "observation": 0.7449131071567535
        }
    },
    "110": {
        "BestCoverage": 0.75,
        "CrossoverRate": {
            "action": 0.0653443217277527,
            "observation": 0.714947897195816
        }
    },
    "115": {
        "BestCoverage": 0.75,
        "CrossoverRate": {
            "action": -0.06987643241882324,
            "observation": 0.7802922189235687
        }
    },
    "120": {
        "BestCoverage": 0.75,
        "CrossoverRate": {
            "action": 0.05646634101867676,
            "observation": 0.7104157865047455
        }
    },
    "125": {
        "BestCoverage": 0.75,
        "CrossoverRate": {
            "action": -0.07114970088005067,
            "observation": 0.7668821275234222
        }
    },
    "130": {
        "BestCoverage": 0.75,
        "CrossoverRate": {
            "action": -0.051419597864151005,
            "observation": 0.6957324266433715
        }
    },
    "135": {
        "BestCoverage": 0.75,
        "CrossoverRate": {
            "action": 0.03248579502105714,
            "observation": 0.6443128287792206
        }
    },
    "140": {
        "BestCoverage": 0.75,
        "CrossoverRate": {
            "action": -0.09145650863647461,
            "observation": 0.6767986238002777
        }
    },
    "145": {
        "BestCoverage": 0.75,
        "CrossoverRate": {
            "action": 0.0677651882171631,
            "observation": 0.5853421151638031
        }
    },
    "150": {
        "BestCoverage": 0.75,
        "CrossoverRate": {
            "action": -0.09564277529716492,
            "observation": 0.6531073033809662
        }
    },
    "155": {
        "BestCoverage": 0.75,
        "CrossoverRate": {
            "action": -0.07245956659317017,
            "observation": 0.5574645280838013
        }
    },
    "160": {
        "BestCoverage": 0.75,
        "CrossoverRate": {
            "action": -0.09383422136306763,
            "observation": 0.48500496149063116
        }
    },
    "165": {
        "BestCoverage": 0.75,
        "CrossoverRate": {
            "action": -0.09871674776077272,
            "observation": 0.39117074012756353
        }
    },
    "170": {
        "BestCoverage": 0.75,
        "CrossoverRate": {
            "action": -0.08544204235076905,
            "observation": 0.2924539923667908
        }
    },
    "175": {
        "BestCoverage": 0.75,
        "CrossoverRate": {
            "action": 0.03477572202682494,
            "observation": 0.20701195001602177
        }
    },
    "180": {
        "BestCoverage": 0.75,
        "CrossoverRate": {
            "action": 0.05091357231140137,
            "observation": 0.2417876720428467
        }
    },
    "185": {
        "BestCoverage": 0.75,
        "CrossoverRate": {
            "action": -0.05206212401390076,
            "observation": 0.29270124435424805
        }
    },
    "190": {
        "BestCoverage": 0.75,
        "CrossoverRate": {
            "action": 0.02091108560562134,
            "observation": 0.2406391203403473
        }
    },
    "195": {
        "BestCoverage": 0.75,
        "CrossoverRate": {
            "action": 0.04188549518585205,
            "observation": 0.2615502059459686
        }
    },
    "200": {
        "BestCoverage": 0.75,
        "CrossoverRate": {
            "action": 0.09191266298294068,
            "observation": 0.30343570113182067
        }
    },
    "205": {
        "BestCoverage": 0.75,
        "CrossoverRate": {
            "action": -0.05728893280029297,
            "observation": 0.3953483641147614
        }
    },
    "210": {
        "BestCoverage": 0.75,
        "CrossoverRate": {
            "action": 0.005152702331542969,
            "observation": 0.3380594313144684
        }
    },
    "215": {
        "BestCoverage": 0.75,
        "CrossoverRate": {
            "action": -0.004917216300964353,
            "observation": 0.3432121336460114
        }
    },
    "220": {
        "BestCoverage": 0.75,
        "CrossoverRate": {
            "action": 0.025111794471740723,
            "observation": 0.338294917345047
        }
    },
    "225": {
        "BestCoverage": 0.75,
        "CrossoverRate": {
            "action": -0.0197877049446106,
            "observation": 0.36340671181678774
        }
    },
    "230": {
        "BestCoverage": 0.75,
        "CrossoverRate": {
            "action": 0.044969749450683605,
            "observation": 0.34361900687217717
        }
    },
    "235": {
        "BestCoverage": 0.75,
        "CrossoverRate": {
            "action": -0.0007692277431488037,
            "observation": 0.3885887563228608
        }
    },
    "240": {
        "BestCoverage": 0.75,
        "CrossoverRate": {
            "action": -0.09115456342697144,
            "observation": 0.38781952857971197
        }
    },
    "245": {
        "BestCoverage": 0.75,
        "CrossoverRate": {
            "action": 0.04664553403854371,
            "observation": 0.29666496515274055
        }
    },
    "250": {
        "BestCoverage": 0.75,
        "CrossoverRate": {
            "action": 0.022968769073486328,
            "observation": 0.34331049919128426
        }
    },
    "255": {
        "BestCoverage": 0.75,