{
    "15": {
        "BestCoverage": 0.9166666666666666,
        "Population": {
            "action": 3.851199150085449,
            "observation": 50
        }
    },
    "20": {
        "BestCoverage": 0.9166666666666666,
        "Population": {
            "action": 0.8907995223999023,
            "observation": 54
        }
    },
    "25": {
        "BestCoverage": 0.9166666666666666,
        "Population": {
            "action": 7.184337615966797,
            "observation": 55
        }
    },
    "30": {
        "BestCoverage": 0.9166666666666666,
        "Population": {
            "action": 7.583989143371582,
            "observation": 62
        }
    },
    "35": {
        "BestCoverage": 0.9166666666666666,
        "Population": {
            "action": -6.20817232131958,
            "observation": 70
        }
    },
    "40": {
        "BestCoverage": 0.9166666666666666,
        "Population": {
            "action": 7.768038749694824,
            "observation": 64
        }
    },
    "45": {
        "BestCoverage": 0.9166666666666666,
        "Population": {
            "action": 5.302767753601074,
            "observation": 72
        }
    },
    "50": {
        "BestCoverage": 0.9166666666666666,
        "Population": {
            "action": -7.008448123931885,
            "observation": 77
        }
    },
    "55": {
        "BestCoverage": 0.9166666666666666,
        "Population": {
            "action": 5.795322418212891,
            "observation": 70
        }
    },
    "60": {
        "BestCoverage": 0.9166666666666666,
        "Population": {
            "action": 4.457126617431641,
            "observation": 76
        }
    },
    "65": {
        "BestCoverage": 0.9166666666666666,
        "Population": {
            "action": 4.570217132568359,
            "observation": 80
        }
    },
    "70": {
        "BestCoverage": 0.9166666666666666,
        "Population": {
            "action": 2.9479026794433594,
            "observation": 85
        }
    },
    "75": {
        "BestCoverage": 0.9166666666666666,
        "Population": {
            "action": 4.108791351318359,
            "observation": 88
        }
    },
    "80": {
        "BestCoverage": 0.9166666666666666,
        "Population": {
            "action": 7.681268692016602,
            "observation": 92
        }
    },
    "85": {
        "BestCoverage": 0.9166666666666666,
        "Population": {
            "action": 4.810081481933594,
            "observation": 100
        }
    },
    "90": {
        "BestCoverage": 0.9166666666666666,
        "Population": {
            "action": 3.022350311279297,
            "observation": 100
        }
    },
    "95": {
        "BestCoverage": 0.9166666666666666,
        "Population": {
            "action": 0.10308265686035156,
            "observation": 100
        }
    },
    "100": {
        "BestCoverage": 0.9166666666666666,
        "Population": {
            "action": -2.8375253677368164,
            "observation": 100
        }
    },
    "105": {
        "BestCoverage": 0.9166666666666666,
        "Population": {
            "action": 2.4698524475097656,
            "observation": 97
        }
    },
    "110": {
        "BestCoverage": 0.9166666666666666,
        "Population": {
            "action": 5.260808944702148,
            "observation": 99
        }
    },
    "115": {
        "BestCoverage": 0.9166666666666666,
        "Population": {
            "action": 6.438736915588379,
            "observation": 100
        }
    },
    "120": {
        "BestCoverage": 0.9166666666666666,
        "Population": {
            "action": 2.7472171783447266,
            "observation": 100
        }
    },
    "125": {
        "BestCoverage": 0.9166666666666666,
        "Population": {
            "action": -7.5686492919921875,
            "observation": 100
        }
    },
    "130": {
        "BestCoverage": 0.9166666666666666,
        "Population": {
            "action": -5.386370658874512,
            "observation": 92
        }
    },
    "135": {
        "BestCoverage": 0.9166666666666666,
        "Population": {
            "action": -7.314308166503906,
            "observation": 87
        }
    },
    "140": {
        "BestCoverage": 0.9166666666666666,
        "Population": {
            "action": 1.51702880859375,
            "observation": 80
        }
    },
    "145": {
        "BestCoverage": 0.9166666666666666,
        "Population": {
            "action": -2.6258716583251953,
            "observation": 82
        }
    },
    "150": {
        "BestCoverage": 0.9166666666666666,
        "Population": {
            "action": 2.735682487487793,
            "observation": 79
        }
    },
    "155": {
        "BestCoverage": 0.9166666666666666,
        "Population": {
            "action": 0.8467884063720703,
            "observation": 82
        }
    },
    "160": {
        "BestCoverage": 0.9166666666666666,
        "Population": {
            "action": 3.458510398864746,
            "observation": 83
        }
    },
    "165": {
        "BestCoverage": 0.9166666666666666,
        "Population": {
            "action": -7.558001518249512,
            "observation": 86
        }
    },
    "170": {
        "BestCoverage": 0.9166666666666666,
        "Population": {
            "action": -0.9555096626281738,
            "observation": 78
        }
    },
    "175": {
        "BestCoverage": 0.9166666666666666,
        "Population": {
            "action": 2.2859020233154297,
            "observation": 77
        }
    },
    "180": {
        "BestCoverage": 0.9166666666666666,
        "Population": {
            "action": -4.560856342315674,
            "observation": 79
        }
    },
    "185": {
        "BestCoverage": 0.9166666666666666,
        "Population": {
            "action": 4.489117622375488,
            "observation": 74
        }
    },
    "190": {
        "BestCoverage": 0.9166666666666666,
        "Population": {
            "action": -6.106229305267334,
            "observation": 78
        }
    },
    "195": {
        "BestCoverage": 0.9166666666666666,
        "Population": {
            "action": -2.776412010192871,
            "observation": 72
        }
    },
    "200": {
        "BestCoverage": 0.9166666666666666,
        "Population": {
            "action": 2.53810977935791,
            "observation": 69
        }
    },
    "205": {
        "BestCoverage": 0.9166666666666666,
        "Population": {
            "action": -5.263035774230957,
            "observation": 72
        }
    },
    "210": {
        "BestCoverage": 0.9166666666666666,
        "Population": {
            "action": 2.8981151580810547,
            "observation": 67
        }
    },
    "215": {
        "BestCoverage": 0.9166666666666666,
        "Population": {
            "action": 5.070324897766113,
            "observation": 70
        }
    },
    "220": {
        "BestCoverage": 0.9166666666666666,
        "Population": {
            "action": -2.680413246154785,
            "observation": 75
        }
    },
    "225": {
        "BestCoverage": 0.9166666666666666,
        "Population": {
            "action": 2.345874786376953,
            "observation": 72
        }
    },
    "230": {
        "BestCoverage": 0.9166666666666666,
        "Population": {
            "action": 0.13714218139648438,
            "observation": 74
        }
    },
    "235": {
        "BestCoverage": 0.9166666666666666,
        "Population": {
            "action": 0.1808643341064453,
            "observation": 74
        }
    },
    "240": {
        "BestCoverage": 0.9166666666666666,
        "Population": {
            "action": 2.296084403991699,
            "observation": 74
        }
    },
    "245": {
        "BestCoverage": 0.9166666666666666,
        "Population": {
            "action": 3.6269102096557617,
            "observation": 76
        }
    },