{
    "15": {
        "BestCoverage": 0.7375,
        "CrossoverRate": {
            "action": 0.04678907394409179,
            "observation": 0.75
        }
    },
    "20": {
        "BestCoverage": 0.7375,
        "CrossoverRate": {
            "action": 0.03580119609832763,
            "observation": 0.7967890739440918
        }
    },
    "25": {
        "BestCoverage": 0.7375,
        "CrossoverRate": {
            "action": -0.0449522614479065,
            "observation": 0.8325902700424195
        }
    },
    "30": {
        "BestCoverage": 0.7375,
        "CrossoverRate": {
            "action": -0.039874601364135745,
            "observation": 0.7876380085945129
        }
    },
    "35": {
        "BestCoverage": 0.7375,
        "CrossoverRate": {
            "action": 0.011587131023406985,
            "observation": 0.7477634072303772
        }
    },
    "40": {
        "BestCoverage": 0.7375,
        "CrossoverRate": {
            "action": 0.08126006126403809,
            "observation": 0.7593505382537842
        }
    },
    "45": {
        "BestCoverage": 0.7375,
        "CrossoverRate": {
            "action": 0.0168459415435791,
            "observation": 0.8406105995178222
        }
    },
    "50": {
        "BestCoverage": 0.7375,
        "CrossoverRate": {
            "action": -0.02104609608650207,
            "observation": 0.8574565410614013
        }
    },
    "55": {
        "BestCoverage": 0.7375,
        "CrossoverRate": {
            "action": -0.01645601391792298,
            "observation": 0.8364104449748992
        }
    },
    "60": {
        "BestCoverage": 0.7375,
        "CrossoverRate": {
            "action": 0.04350920915603637,
            "observation": 0.8199544310569763
        }
    },
    "65": {
        "BestCoverage": 0.75,
        "CrossoverRate": {
            "action": -0.08440501093864441,
            "observation": 0.8634636402130127
        }
    },
    "70": {
        "BestCoverage": 0.75,
        "CrossoverRate": {
            "action": -0.08584051728248597,
            "observation": 0.7790586292743683
        }
    },
    "75": {
        "BestCoverage": 0.75,
        "CrossoverRate": {
            "action": 0.05744509696960451,
            "observation": 0.6932181119918823
        }
    },
    "80": {
        "BestCoverage": 0.75,
        "CrossoverRate": {
            "action": -0.02026399374008178,
            "observation": 0.7506632089614869
        }
    },
    "85": {
        "BestCoverage": 0.75,
        "CrossoverRate": {
            "action": -0.09837467670440675,
            "observation": 0.730399215221405
        }
    },
    "90": {
        "BestCoverage": 0.75,
        "CrossoverRate": {
            "action": -0.03273743391036987,
            "observation": 0.6320245385169982
        }
    },
    "95": {
        "BestCoverage": 0.75,
        "CrossoverRate": {
            "action": 0.07556555271148682,
            "observation": 0.5992871046066284
        }
    },
    "100": {
        "BestCoverage": 0.75,
        "CrossoverRate": {
            "action": 0.05232834815979004,
            "observation": 0.6748526573181152
        }
    },
    "105": {
        "BestCoverage": 0.75,
        "CrossoverRate": {
            "action": -0.03271522521972657,
            "observation": 0.7271810054779052
        }
    },
    "110": {
        "BestCoverage": 0.75,
        "CrossoverRate": {
            "action": 0.013444006443023682,
            "observation": 0.6944657802581786
        }
    },
    "115": {
        "BestCoverage": 0.75,
        "CrossoverRate": {
            "action": -0.025296425819396978,
            "observation": 0.7079097867012023
        }
    },
    "120": {
        "BestCoverage": 0.75,
        "CrossoverRate": {
            "action": -0.09564171433448793,
            "observation": 0.6826133608818054
        }
    },
    "125": {
        "BestCoverage": 0.75,
        "CrossoverRate": {
            "action": 0.08192892074584962,
            "observation": 0.5869716465473174
        }
    },
    "130": {
        "BestCoverage": 0.75,
        "CrossoverRate": {
            "action": 0.020316600799560547,
            "observation": 0.6689005672931669
        }
    },
    "135": {
        "BestCoverage": 0.75,
        "CrossoverRate": {
            "action": -0.040860569477081304,
            "observation": 0.6892171680927275
        }
    },
    "140": {
        "BestCoverage": 0.75,
        "CrossoverRate": {
            "action": -0.08769426941871644,
            "observation": 0.6483565986156462
        }
    },
    "145": {
        "BestCoverage": 0.75,
        "CrossoverRate": {
            "action": 0.07543570995330812,
            "observation": 0.5606623291969297
        }
    },
    "150": {
        "BestCoverage": 0.75,
        "CrossoverRate": {
            "action": -0.05753324627876282,
            "observation": 0.6360980391502378
        }
    },
    "155": {
        "BestCoverage": 0.75,
        "CrossoverRate": {
            "action": 0.08321805000305177,
            "observation": 0.578564792871475
        }
    },
    "160": {
        "BestCoverage": 0.75,
        "CrossoverRate": {
            "action": 0.019831633567810064,
            "observation": 0.6617828428745267
        }
    },
    "165": {
        "BestCoverage": 0.75,
        "CrossoverRate": {
            "action": 0.03111805915832519,
            "observation": 0.6816144764423367
        }
    },
    "170": {
        "BestCoverage": 0.8,
        "CrossoverRate": {
            "action": -0.009503781795501709,
            "observation": 0.712732535600662
        }
    },
    "175": {
        "BestCoverage": 0.8,
        "CrossoverRate": {
            "action": -0.09652249217033387,
            "observation": 0.7032287538051603
        }
    },
    "180": {
        "BestCoverage": 0.8,
        "CrossoverRate": {
            "action": 0.04706921577453613,
            "observation": 0.6067062616348264
        }
    },
    "185": {
        "BestCoverage": 0.8,
        "CrossoverRate": {
            "action": 0.02188208103179931,
            "observation": 0.6537754774093626
        }
    },
    "190": {
        "BestCoverage": 0.8,
        "CrossoverRate": {
            "action": 0.09086430072784424,
            "observation": 0.6756575584411619
        }
    },
    "195": {
        "BestCoverage": 0.8,
        "CrossoverRate": {
            "action": -0.08464493155479431,
            "observation": 0.7665218591690062
        }
    },
    "200": {
        "BestCoverage": 0.8,
        "CrossoverRate": {
            "action": 0.03740899562835692,
            "observation": 0.6818769276142118
        }
    },
    "205": {
        "BestCoverage": 0.8,
        "CrossoverRate": {
            "action": 0.008886718749999994,
            "observation": 0.7192859232425688
        }
    },
    "210": {
        "BestCoverage": 0.8,
        "CrossoverRate": {
            "action": -0.08464397788047791,
            "observation": 0.7281726419925688
        }
    },
    "215": {
        "BestCoverage": 0.8,
        "CrossoverRate": {
            "action": 0.023472607135772705,
            "observation": 0.6435286641120909
        }
    },
    "220": {
        "BestCoverage": 0.8,
        "CrossoverRate": {
            "action": 0.04566283226013185,
            "observation": 0.6670012712478636
        }
    },
    "225": {
        "BestCoverage": 0.8125,
        "CrossoverRate": {
            "action": -0.07598403692245484,
            "observation": 0.7126641035079955
        }
    },
    "230": {
        "BestCoverage": 0.8125,
        "CrossoverRate": {
            "action": 0.04265873432159423,
            "observation": 0.6366800665855407
        }
    },
    "235": {
        "BestCoverage": 0.8125,
        "CrossoverRate": {
            "action": 0.06839628219604493,
            "observation": 0.6793388009071348
        }
    },
    "240": {
        "BestCoverage": 0.8125,