{
    "15": {
        "BestCoverage": 0.8611111111111112,
        "TournamentSize": {
            "action": -0.5226660370826721,
            "observation": 5
        }
    },
    "20": {
        "BestCoverage": 0.8888888888888888,
        "TournamentSize": {
            "action": 0.2053525447845459,
            "observation": 4
        }
    },
    "25": {
        "BestCoverage": 0.8888888888888888,
        "TournamentSize": {
            "action": -0.4269830584526062,
            "observation": 4
        }
    },
    "30": {
        "BestCoverage": 0.8888888888888888,
        "TournamentSize": {
            "action": 0.1467418670654297,
            "observation": 4
        }
    },
    "35": {
        "BestCoverage": 0.8888888888888888,
        "TournamentSize": {
            "action": 0.22504162788391113,
            "observation": 4
        }
    },
    "40": {
        "BestCoverage": 0.8888888888888888,
        "TournamentSize": {
            "action": 0.20561468601226807,
            "observation": 4
        }
    },
    "45": {
        "BestCoverage": 0.8888888888888888,
        "TournamentSize": {
            "action": -0.7609037756919861,
            "observation": 4
        }
    },
    "50": {
        "BestCoverage": 0.9166666666666666,
        "TournamentSize": {
            "action": 0.06710290908813477,
            "observation": 3
        }
    },
    "55": {
        "BestCoverage": 0.9166666666666666,
        "TournamentSize": {
            "action": -0.3514050245285034,
            "observation": 3
        }
    },
    "60": {
        "BestCoverage": 0.9166666666666666,
        "TournamentSize": {
            "action": 0.9133028984069824,
            "observation": 3
        }
    },
    "65": {
        "BestCoverage": 0.9166666666666666,
        "TournamentSize": {
            "action": 0.7108330726623535,
            "observation": 4
        }
    },
    "70": {
        "BestCoverage": 0.9166666666666666,
        "TournamentSize": {
            "action": 0.9319696426391602,
            "observation": 5
        }
    },
    "75": {
        "BestCoverage": 0.9166666666666666,
        "TournamentSize": {
            "action": -0.8718667030334473,
            "observation": 6
        }
    },
    "80": {
        "BestCoverage": 0.9166666666666666,
        "TournamentSize": {
            "action": 0.274181604385376,
            "observation": 5
        }
    },
    "85": {
        "BestCoverage": 0.9166666666666666,
        "TournamentSize": {
            "action": -0.5701979994773865,
            "observation": 5
        }
    },
    "90": {
        "BestCoverage": 0.9166666666666666,
        "TournamentSize": {
            "action": 0.8421785831451416,
            "observation": 4
        }
    },
    "95": {
        "BestCoverage": 0.9166666666666666,
        "TournamentSize": {
            "action": -0.061035096645355225,
            "observation": 5
        }
    },
    "100": {
        "BestCoverage": 0.9166666666666666,
        "TournamentSize": {
            "action": -0.6777773499488831,
            "observation": 5
        }
    },
    "105": {
        "BestCoverage": 0.9166666666666666,
        "TournamentSize": {
            "action": 0.137520432472229,
            "observation": 4
        }
    },
    "110": {
        "BestCoverage": 0.9166666666666666,
        "TournamentSize": {
            "action": -0.2136693000793457,
            "observation": 4
        }
    },
    "115": {
        "BestCoverage": 0.9166666666666666,
        "TournamentSize": {
            "action": -0.8448305726051331,
            "observation": 4
        }
    },
    "120": {
        "BestCoverage": 0.9166666666666666,
        "TournamentSize": {
            "action": 0.29273951053619385,
            "observation": 3
        }
    },
    "125": {
        "BestCoverage": 0.9166666666666666,
        "TournamentSize": {
            "action": 0.21457242965698242,
            "observation": 3
        }
    },
    "130": {
        "BestCoverage": 0.9166666666666666,
        "TournamentSize": {
            "action": 0.10886681079864502,
            "observation": 3
        }
    },
    "135": {
        "BestCoverage": 0.9166666666666666,
        "TournamentSize": {
            "action": -0.5400086045265198,
            "observation": 3
        }
    },
    "140": {
        "BestCoverage": 0.9166666666666666,
        "TournamentSize": {
            "action": -0.8082791566848755,
            "observation": 2
        }
    },
    "145": {
        "BestCoverage": 0.9166666666666666,
        "TournamentSize": {
            "action": -0.12654894590377808,
            "observation": 2
        }
    },
    "150": {
        "BestCoverage": 0.9166666666666666,
        "TournamentSize": {
            "action": -0.40167438983917236,
            "observation": 2
        }
    },
    "155": {
        "BestCoverage": 0.9166666666666666,
        "TournamentSize": {
            "action": 0.5559923648834229,
            "observation": 2
        }
    },
    "160": {
        "BestCoverage": 0.9166666666666666,
        "TournamentSize": {
            "action": -0.20475828647613525,
            "observation": 3
        }
    },
    "165": {
        "BestCoverage": 0.9166666666666666,
        "TournamentSize": {
            "action": 0.4814184904098511,
            "observation": 3
        }
    },
    "170": {
        "BestCoverage": 0.9166666666666666,
        "TournamentSize": {
            "action": 0.1079791784286499,
            "observation": 3
        }
    },
    "175": {
        "BestCoverage": 0.9166666666666666,
        "TournamentSize": {
            "action": 0.3169177770614624,
            "observation": 3
        }
    },
    "180": {
        "BestCoverage": 0.9166666666666666,
        "TournamentSize": {
            "action": 0.6576426029205322,
            "observation": 3
        }
    },
    "185": {
        "BestCoverage": 0.9166666666666666,
        "TournamentSize": {
            "action": -0.9412050247192383,
            "observation": 4
        }
    },
    "190": {
        "BestCoverage": 0.9166666666666666,
        "TournamentSize": {
            "action": -0.09743982553482056,
            "observation": 3
        }
    },
    "195": {
        "BestCoverage": 0.9166666666666666,
        "TournamentSize": {
            "action": -0.7380696535110474,
            "observation": 3
        }
    },
    "200": {
        "BestCoverage": 0.9166666666666666,
        "TournamentSize": {
            "action": -0.6330668926239014,
            "observation": 2
        }
    },
    "205": {
        "BestCoverage": 0.9166666666666666,
        "TournamentSize": {
            "action": 0.5627362728118896,
            "observation": 2
        }
    },
    "210": {
        "BestCoverage": 0.9166666666666666,
        "TournamentSize": {
            "action": 0.8410874605178833,
            "observation": 3
        }
    },
    "215": {
        "BestCoverage": 0.9166666666666666,
        "TournamentSize": {
            "action": 0.7551896572113037,
            "observation": 4
        }
    },
    "220": {
        "BestCoverage": 0.9166666666666666,
        "TournamentSize": {
            "action": -0.14886510372161865,
            "observation": 5
        }
    },
    "225": {
        "BestCoverage": 0.9166666666666666,
        "TournamentSize": {
            "action": -0.08836686611175537,
            "observation": 5
        }
    },
    "230": {
        "BestCoverage": 0.9166666666666666,
        "TournamentSize": {
            "action": 0.7260334491729736,
            "observation": 5
        }
    },
    "235": {
        "BestCoverage": 0.9166666666666666,
        "TournamentSize": {
            "action": 0.34148108959198,
            "observation": 6
        }
    },
    "240": {
        "BestCoverage": 0.9166666666666666,
        "TournamentSize": {
            "action": -0.8004412055015564,
            "observation": 6
        }
    },