{
    "15": {
        "BestCoverage": 0.8,
        "TestChangeProbability": {
            "action": 0.05085055828094484,
            "observation": 0.3333333333333333
        }
    },
    "20": {
        "BestCoverage": 0.8,
        "TestChangeProbability": {
            "action": 0.07700777053833008,
            "observation": 0.38418389161427813
        }
    },
    "25": {
        "BestCoverage": 0.8,
        "TestChangeProbability": {
            "action": -0.08417364358901978,
            "observation": 0.4611916621526082
        }
    },
    "30": {
        "BestCoverage": 0.8,
        "TestChangeProbability": {
            "action": -0.0423784077167511,
            "observation": 0.3770180185635884
        }
    },
    "35": {
        "BestCoverage": 0.8,
        "TestChangeProbability": {
            "action": 0.022561180591583255,
            "observation": 0.3346396108468373
        }
    },
    "40": {
        "BestCoverage": 0.8,
        "TestChangeProbability": {
            "action": -0.017650490999221807,
            "observation": 0.35720079143842054
        }
    },
    "45": {
        "BestCoverage": 0.8,
        "TestChangeProbability": {
            "action": 0.06817610263824464,
            "observation": 0.33955030043919876
        }
    },
    "50": {
        "BestCoverage": 0.8,
        "TestChangeProbability": {
            "action": -0.08283265829086305,
            "observation": 0.4077264030774434
        }
    },
    "55": {
        "BestCoverage": 0.8,
        "TestChangeProbability": {
            "action": 0.03796509504318238,
            "observation": 0.32489374478658034
        }
    },
    "60": {
        "BestCoverage": 0.8,
        "TestChangeProbability": {
            "action": 0.07673205137252809,
            "observation": 0.36285883982976275
        }
    },
    "65": {
        "BestCoverage": 0.8,
        "TestChangeProbability": {
            "action": -0.03217838406562805,
            "observation": 0.43959089120229083
        }
    },
    "70": {
        "BestCoverage": 0.8,
        "TestChangeProbability": {
            "action": -0.010373365879058835,
            "observation": 0.40741250713666277
        }
    },
    "75": {
        "BestCoverage": 0.8,
        "TestChangeProbability": {
            "action": 0.041191244125366205,
            "observation": 0.3970391412576039
        }
    },
    "80": {
        "BestCoverage": 0.8,
        "TestChangeProbability": {
            "action": 0.04761455059051514,
            "observation": 0.4382303853829701
        }
    },
    "85": {
        "BestCoverage": 0.8,
        "TestChangeProbability": {
            "action": 0.05243054628372193,
            "observation": 0.4858449359734852
        }
    },
    "90": {
        "BestCoverage": 0.8,
        "TestChangeProbability": {
            "action": -0.05332910418510437,
            "observation": 0.5382754822572071
        }
    },
    "95": {
        "BestCoverage": 0.8,
        "TestChangeProbability": {
            "action": -0.05983227491378784,
            "observation": 0.4849463780721027
        }
    },
    "100": {
        "BestCoverage": 0.8,
        "TestChangeProbability": {
            "action": 0.055411612987518316,
            "observation": 0.4251141031583149
        }
    },
    "105": {
        "BestCoverage": 0.8,
        "TestChangeProbability": {
            "action": 0.04760448932647704,
            "observation": 0.48052571614583317
        }
    },
    "110": {
        "BestCoverage": 0.8,
        "TestChangeProbability": {
            "action": 0.024503552913665766,
            "observation": 0.5281302054723103
        }
    },
    "115": {
        "BestCoverage": 0.8,
        "TestChangeProbability": {
            "action": 0.018331909179687494,
            "observation": 0.5526337583859761
        }
    },
    "120": {
        "BestCoverage": 0.8,
        "TestChangeProbability": {
            "action": -0.06898183226585389,
            "observation": 0.5709656675656636
        }
    },
    "125": {
        "BestCoverage": 0.8,
        "TestChangeProbability": {
            "action": -0.04951193332672119,
            "observation": 0.5019838352998097
        }
    },
    "130": {
        "BestCoverage": 0.8,
        "TestChangeProbability": {
            "action": 0.07161328792572022,
            "observation": 0.4524719019730885
        }
    },
    "135": {
        "BestCoverage": 0.8,
        "TestChangeProbability": {
            "action": -0.09875357747077942,
            "observation": 0.5240851898988087
        }
    },
    "140": {
        "BestCoverage": 0.8,
        "TestChangeProbability": {
            "action": 0.013941359519958493,
            "observation": 0.4253316124280293
        }
    },
    "145": {
        "BestCoverage": 0.8,
        "TestChangeProbability": {
            "action": 0.013099968433380127,
            "observation": 0.4392729719479878
        }
    },
    "150": {
        "BestCoverage": 0.8,
        "TestChangeProbability": {
            "action": -0.03687591552734375,
            "observation": 0.45237294038136794
        }
    },
    "155": {
        "BestCoverage": 0.8,
        "TestChangeProbability": {
            "action": -0.04706777930259705,
            "observation": 0.4154970248540242
        }
    },
    "160": {
        "BestCoverage": 0.8,
        "TestChangeProbability": {
            "action": 0.06631300449371338,
            "observation": 0.36842924555142714
        }
    },
    "165": {
        "BestCoverage": 0.8,
        "TestChangeProbability": {
            "action": -0.06055013537406922,
            "observation": 0.43474225004514055
        }
    },
    "170": {
        "BestCoverage": 0.8,
        "TestChangeProbability": {
            "action": -0.05348498821258545,
            "observation": 0.37419211467107133
        }
    },
    "175": {
        "BestCoverage": 0.8,
        "TestChangeProbability": {
            "action": -0.0029660999774932806,
            "observation": 0.32070712645848587
        }
    },
    "180": {
        "BestCoverage": 0.8,
        "TestChangeProbability": {
            "action": -0.03513971567153931,
            "observation": 0.31774102648099256
        }
    },
    "185": {
        "BestCoverage": 0.8,
        "TestChangeProbability": {
            "action": 0.03386141061782838,
            "observation": 0.2826013108094533
        }
    },
    "190": {
        "BestCoverage": 0.8,
        "TestChangeProbability": {
            "action": -0.03778495192527771,
            "observation": 0.31646272142728166
        }
    },
    "195": {
        "BestCoverage": 0.8,
        "TestChangeProbability": {
            "action": 0.017323744297027585,
            "observation": 0.27867776950200396
        }
    },
    "200": {
        "BestCoverage": 0.8,
        "TestChangeProbability": {
            "action": 0.012044227123260504,
            "observation": 0.29600151379903156
        }
    },
    "205": {
        "BestCoverage": 0.8,
        "TestChangeProbability": {
            "action": 0.09072282314300537,
            "observation": 0.3080457409222921
        }
    },
    "210": {
        "BestCoverage": 0.8,
        "TestChangeProbability": {
            "action": 0.06930826902389528,
            "observation": 0.3987685640652975
        }
    },
    "215": {
        "BestCoverage": 0.8,
        "TestChangeProbability": {
            "action": 0.09481614828109741,
            "observation": 0.4680768330891928
        }
    },
    "220": {
        "BestCoverage": 0.8,
        "TestChangeProbability": {
            "action": -0.07659908533096314,
            "observation": 0.5628929813702902
        }
    },
    "225": {
        "BestCoverage": 0.8,
        "TestChangeProbability": {
            "action": -0.0342780888080597,
            "observation": 0.48629389603932704
        }
    },
    "230": {
        "BestCoverage": 0.8,