{
    "15": {
        "BestCoverage": 0.8,
        "ChangeParameterProbability": {
            "action": 0.05592036247253418,
            "observation": 0.1
        }
    },
    "20": {
        "BestCoverage": 0.8,
        "ChangeParameterProbability": {
            "action": 0.05916248559951784,
            "observation": 0.15592036247253419
        }
    },
    "25": {
        "BestCoverage": 0.8,
        "ChangeParameterProbability": {
            "action": -0.09888131022453309,
            "observation": 0.21508284807205202
        }
    },
    "30": {
        "BestCoverage": 0.8,
        "ChangeParameterProbability": {
            "action": 0.04705226421356201,
            "observation": 0.11620153784751894
        }
    },
    "35": {
        "BestCoverage": 0.8,
        "ChangeParameterProbability": {
            "action": -0.015795993804931643,
            "observation": 0.16325380206108095
        }
    },
    "40": {
        "BestCoverage": 0.8,
        "ChangeParameterProbability": {
            "action": 0.06448698043823242,
            "observation": 0.1474578082561493
        }
    },
    "45": {
        "BestCoverage": 0.8,
        "ChangeParameterProbability": {
            "action": 0.05196127891540528,
            "observation": 0.2119447886943817
        }
    },
    "50": {
        "BestCoverage": 0.8,
        "ChangeParameterProbability": {
            "action": -0.07282114624977112,
            "observation": 0.26390606760978697
        }
    },
    "55": {
        "BestCoverage": 0.8,
        "ChangeParameterProbability": {
            "action": 0.004625415802001959,
            "observation": 0.19108492136001584
        }
    },
    "60": {
        "BestCoverage": 0.8,
        "ChangeParameterProbability": {
            "action": -0.09328466653823853,
            "observation": 0.1957103371620178
        }
    },
    "65": {
        "BestCoverage": 0.8,
        "ChangeParameterProbability": {
            "action": -0.07787000536918641,
            "observation": 0.10242567062377927
        }
    },
    "70": {
        "BestCoverage": 0.8,
        "ChangeParameterProbability": {
            "action": -0.04941339492797852,
            "observation": 0.024555665254592865
        }
    },
    "75": {
        "BestCoverage": 0.8,
        "ChangeParameterProbability": {
            "action": 0.027621579170227062,
            "observation": 0.0
        }
    },
    "80": {
        "BestCoverage": 0.8,
        "ChangeParameterProbability": {
            "action": -0.044420987367630005,
            "observation": 0.027621579170227062
        }
    },
    "85": {
        "BestCoverage": 0.8,
        "ChangeParameterProbability": {
            "action": -0.024006086587905887,
            "observation": 0.0
        }
    },
    "90": {
        "BestCoverage": 0.8,
        "ChangeParameterProbability": {
            "action": 0.06354528665542603,
            "observation": 0.0
        }
    },
    "95": {
        "BestCoverage": 0.8,
        "ChangeParameterProbability": {
            "action": -0.09119636416435242,
            "observation": 0.06354528665542603
        }
    },
    "100": {
        "BestCoverage": 0.8,
        "ChangeParameterProbability": {
            "action": -0.09052804112434387,
            "observation": 0.0
        }
    },
    "105": {
        "BestCoverage": 0.8,
        "ChangeParameterProbability": {
            "action": 0.014547038078308108,
            "observation": 0.0
        }
    },
    "110": {
        "BestCoverage": 0.8,
        "ChangeParameterProbability": {
            "action": 0.053180003166198725,
            "observation": 0.014547038078308108
        }
    },
    "115": {
        "BestCoverage": 0.8,
        "ChangeParameterProbability": {
            "action": -0.08667080402374268,
            "observation": 0.06772704124450683
        }
    },
    "120": {
        "BestCoverage": 0.8,
        "ChangeParameterProbability": {
            "action": -0.03077406287193299,
            "observation": 0.0
        }
    },
    "125": {
        "BestCoverage": 0.8,
        "ChangeParameterProbability": {
            "action": -0.024735277891159063,
            "observation": 0.0
        }
    },
    "130": {
        "BestCoverage": 0.8,
        "ChangeParameterProbability": {
            "action": 0.013605272769927984,
            "observation": 0.0
        }
    },
    "135": {
        "BestCoverage": 0.8,
        "ChangeParameterProbability": {
            "action": 0.0674258351325989,
            "observation": 0.013605272769927984
        }
    },
    "140": {
        "BestCoverage": 0.8,
        "ChangeParameterProbability": {
            "action": 0.058316659927368175,
            "observation": 0.08103110790252688
        }
    },
    "145": {
        "BestCoverage": 0.8,
        "ChangeParameterProbability": {
            "action": -0.08546990156173706,
            "observation": 0.13934776782989505
        }
    },
    "150": {
        "BestCoverage": 0.8,
        "ChangeParameterProbability": {
            "action": 0.07685604095458984,
            "observation": 0.05387786626815799
        }
    },
    "155": {
        "BestCoverage": 0.8,
        "ChangeParameterProbability": {
            "action": 0.08073406219482424,
            "observation": 0.13073390722274783
        }
    },
    "160": {
        "BestCoverage": 0.8,
        "ChangeParameterProbability": {
            "action": 0.041188836097717285,
            "observation": 0.21146796941757207
        }
    },
    "165": {
        "BestCoverage": 0.8,
        "ChangeParameterProbability": {
            "action": -0.08953254222869873,
            "observation": 0.25265680551528935
        }
    },
    "170": {
        "BestCoverage": 0.8,
        "ChangeParameterProbability": {
            "action": -0.03966464996337891,
            "observation": 0.16312426328659063
        }
    },
    "175": {
        "BestCoverage": 0.8,
        "ChangeParameterProbability": {
            "action": -0.0600075364112854,
            "observation": 0.12345961332321173
        }
    },
    "180": {
        "BestCoverage": 0.8,
        "ChangeParameterProbability": {
            "action": -0.042241811752319336,
            "observation": 0.06345207691192634
        }
    },
    "185": {
        "BestCoverage": 0.8,
        "ChangeParameterProbability": {
            "action": 0.04207262992858887,
            "observation": 0.021210265159607
        }
    },
    "190": {
        "BestCoverage": 0.8,
        "ChangeParameterProbability": {
            "action": 0.02079432010650635,
            "observation": 0.06328289508819587
        }
    },
    "195": {
        "BestCoverage": 0.8,
        "ChangeParameterProbability": {
            "action": -0.07599228620529175,
            "observation": 0.08407721519470222
        }
    },
    "200": {
        "BestCoverage": 0.8,
        "ChangeParameterProbability": {
            "action": -0.07815091013908387,
            "observation": 0.008084928989410475
        }
    },
    "205": {
        "BestCoverage": 0.8,
        "ChangeParameterProbability": {
            "action": -0.05316309928894043,
            "observation": 0.0
        }
    },
    "210": {
        "BestCoverage": 0.8,
        "ChangeParameterProbability": {
            "action": 0.07521563768386841,
            "observation": 0.0
        }
    },
    "215": {
        "BestCoverage": 0.8,
        "ChangeParameterProbability": {
            "action": -0.015338325500488276,
            "observation": 0.07521563768386841
        }
    },
    "220": {
        "BestCoverage": 0.8,
        "ChangeParameterProbability": {
            "action": -0.030192518234252938,
            "observation": 0.05987731218338013
        }
    },
    "225": {
        "BestCoverage": 0.8,
        "ChangeParameterProbability": {
            "action": 0.08186590671539307,
            "observation": 0.029684793949127194
        }
    },