{
    "15": {
        "BestCoverage": 0.8,
        "CrossoverRate": {
            "action": 0.022636473178863525,
            "observation": 0.75
        }
    },
    "20": {
        "BestCoverage": 0.8,
        "CrossoverRate": {
            "action": 0.005223524570465085,
            "observation": 0.7726364731788635
        }
    },
    "25": {
        "BestCoverage": 0.8,
        "CrossoverRate": {
            "action": -0.078641676902771,
            "observation": 0.7778599977493286
        }
    },
    "30": {
        "BestCoverage": 0.8,
        "CrossoverRate": {
            "action": 0.09638071060180664,
            "observation": 0.6992183208465576
        }
    },
    "35": {
        "BestCoverage": 0.8,
        "CrossoverRate": {
            "action": 0.03993613719940187,
            "observation": 0.7955990314483642
        }
    },
    "40": {
        "BestCoverage": 0.8,
        "CrossoverRate": {
            "action": 0.06594724655151368,
            "observation": 0.8355351686477661
        }
    },
    "45": {
        "BestCoverage": 0.8,
        "CrossoverRate": {
            "action": -0.02656469345092774,
            "observation": 0.9014824151992797
        }
    },
    "50": {
        "BestCoverage": 0.8,
        "CrossoverRate": {
            "action": 0.08128368854522705,
            "observation": 0.874917721748352
        }
    },
    "55": {
        "BestCoverage": 0.8,
        "CrossoverRate": {
            "action": -0.0982826590538025,
            "observation": 0.9562014102935791
        }
    },
    "60": {
        "BestCoverage": 0.8,
        "CrossoverRate": {
            "action": -0.027300918102264413,
            "observation": 0.8579187512397766
        }
    },
    "65": {
        "BestCoverage": 0.8,
        "CrossoverRate": {
            "action": 0.03629891872406005,
            "observation": 0.8306178331375121
        }
    },
    "70": {
        "BestCoverage": 0.8,
        "CrossoverRate": {
            "action": 0.0971768856048584,
            "observation": 0.8669167518615721
        }
    },
    "75": {
        "BestCoverage": 0.8,
        "CrossoverRate": {
            "action": 0.048909866809844965,
            "observation": 0.9640936374664305
        }
    },
    "80": {
        "BestCoverage": 0.8,
        "CrossoverRate": {
            "action": 0.0004737615585327093,
            "observation": 1.0
        }
    },
    "85": {
        "BestCoverage": 0.8,
        "CrossoverRate": {
            "action": 0.06347035169601442,
            "observation": 1.0
        }
    },
    "90": {
        "BestCoverage": 0.8,
        "CrossoverRate": {
            "action": 0.02948582172393799,
            "observation": 1.0
        }
    },
    "95": {
        "BestCoverage": 0.8,
        "CrossoverRate": {
            "action": -0.07193731665611268,
            "observation": 1.0
        }
    },
    "100": {
        "BestCoverage": 0.8,
        "CrossoverRate": {
            "action": 0.01598080396652221,
            "observation": 0.9280626833438873
        }
    },
    "105": {
        "BestCoverage": 0.8,
        "CrossoverRate": {
            "action": -0.09941756129264832,
            "observation": 0.9440434873104095
        }
    },
    "110": {
        "BestCoverage": 0.8,
        "CrossoverRate": {
            "action": -0.0013815343379974393,
            "observation": 0.8446259260177612
        }
    },
    "115": {
        "BestCoverage": 0.8,
        "CrossoverRate": {
            "action": 0.01487797498703003,
            "observation": 0.8432443916797637
        }
    },
    "120": {
        "BestCoverage": 0.8,
        "CrossoverRate": {
            "action": -0.018881314992904658,
            "observation": 0.8581223666667938
        }
    },
    "125": {
        "BestCoverage": 0.8,
        "CrossoverRate": {
            "action": -0.04686857461929322,
            "observation": 0.8392410516738891
        }
    },
    "130": {
        "BestCoverage": 0.8,
        "CrossoverRate": {
            "action": -0.0050463914871215765,
            "observation": 0.7923724770545959
        }
    },
    "135": {
        "BestCoverage": 0.8,
        "CrossoverRate": {
            "action": 0.01164276599884033,
            "observation": 0.7873260855674743
        }
    },
    "140": {
        "BestCoverage": 0.8,
        "CrossoverRate": {
            "action": 0.07293663024902344,
            "observation": 0.7989688515663146
        }
    },
    "145": {
        "BestCoverage": 0.8,
        "CrossoverRate": {
            "action": -0.04765532016754151,
            "observation": 0.871905481815338
        }
    },
    "150": {
        "BestCoverage": 0.8,
        "CrossoverRate": {
            "action": 0.0918813943862915,
            "observation": 0.8242501616477965
        }
    },
    "155": {
        "BestCoverage": 0.8,
        "CrossoverRate": {
            "action": 0.06011240482330324,
            "observation": 0.916131556034088
        }
    },
    "160": {
        "BestCoverage": 0.8,
        "CrossoverRate": {
            "action": 0.06015865802764894,
            "observation": 0.9762439608573913
        }
    },
    "165": {
        "BestCoverage": 0.8,
        "CrossoverRate": {
            "action": -0.09434071779251099,
            "observation": 1.0
        }
    },
    "170": {
        "BestCoverage": 0.8,
        "CrossoverRate": {
            "action": 0.035651481151580816,
            "observation": 0.905659282207489
        }
    },
    "175": {
        "BestCoverage": 0.8,
        "CrossoverRate": {
            "action": 0.001823556423187253,
            "observation": 0.9413107633590698
        }
    },
    "180": {
        "BestCoverage": 0.8,
        "CrossoverRate": {
            "action": 0.018977010250091547,
            "observation": 0.943134319782257
        }
    },
    "185": {
        "BestCoverage": 0.8,
        "CrossoverRate": {
            "action": 0.005027401447296145,
            "observation": 0.9621113300323486
        }
    },
    "190": {
        "BestCoverage": 0.8,
        "CrossoverRate": {
            "action": 0.058616495132446295,
            "observation": 0.9671387314796448
        }
    },
    "195": {
        "BestCoverage": 0.8,
        "CrossoverRate": {
            "action": 0.06790971755981445,
            "observation": 1.0
        }
    },
    "200": {
        "BestCoverage": 0.8,
        "CrossoverRate": {
            "action": -0.016654694080352778,
            "observation": 1.0
        }
    },
    "205": {
        "BestCoverage": 0.8,
        "CrossoverRate": {
            "action": 0.04063231945037843,
            "observation": 0.9833453059196472
        }
    },
    "210": {
        "BestCoverage": 0.8,
        "CrossoverRate": {
            "action": -0.049820846319198614,
            "observation": 1.0
        }
    },
    "215": {
        "BestCoverage": 0.8,
        "CrossoverRate": {
            "action": 0.0652766466140747,
            "observation": 0.9501791536808014
        }
    },
    "220": {
        "BestCoverage": 0.8,
        "CrossoverRate": {
            "action": 0.009931647777557367,
            "observation": 1.0
        }
    },
    "225": {
        "BestCoverage": 0.8,
        "CrossoverRate": {
            "action": 0.07998807430267335,
            "observation": 1.0
        }
    },
    "230": {
        "BestCoverage": 0.8,
        "CrossoverRate": {
            "action": -0.03558109998703003,
            "observation": 1.0
        }
    },
    "235": {
        "BestCoverage": 0.8,
        "CrossoverRate": {
            "action": -0.03188103437423706,
            "observation": 0.9644189000129699
        }
    },
    "240": {
        "BestCoverage": 0.8,
        "CrossoverRate": {
            "action": -0.09779034256935121,
            "observation": 0.9325378656387329
        }
    },
    "245": {
        "BestCoverage": 0.8,
        "CrossoverRate": {
            "action": -0.03912379145622254,