{
    "20": {
        "BestCoverage": 0.75,
        "Elite": {
            "action": 0.05465114116668701,
            "observation": 1
        }
    },
    "25": {
        "BestCoverage": 0.75,
        "Elite": {
            "action": 0.8337216377258301,
            "observation": 1
        }
    },
    "30": {
        "BestCoverage": 0.75,
        "Elite": {
            "action": 0.02565133571624756,
            "observation": 2
        }
    },
    "35": {
        "BestCoverage": 0.75,
        "Elite": {
            "action": -0.9569752216339111,
            "observation": 2
        }
    },
    "40": {
        "BestCoverage": 0.75,
        "Elite": {
            "action": 0.0706632137298584,
            "observation": 1
        }
    },
    "45": {
        "BestCoverage": 0.75,
        "Elite": {
            "action": 0.9386842250823975,
            "observation": 1
        }
    },
    "50": {
        "BestCoverage": 0.75,
        "Elite": {
            "action": -0.6648378968238831,
            "observation": 2
        }
    },
    "55": {
        "BestCoverage": 0.75,
        "Elite": {
            "action": 0.5891784429550171,
            "observation": 1
        }
    },
    "60": {
        "BestCoverage": 0.75,
        "Elite": {
            "action": -0.6276147365570068,
            "observation": 2
        }
    },
    "65": {
        "BestCoverage": 0.75,
        "Elite": {
            "action": 0.08500540256500244,
            "observation": 1
        }
    },
    "70": {
        "BestCoverage": 0.75,
        "Elite": {
            "action": 0.5015227794647217,
            "observation": 1
        }
    },
    "75": {
        "BestCoverage": 0.75,
        "Elite": {
            "action": 0.0542832612991333,
            "observation": 2
        }
    },
    "80": {
        "BestCoverage": 0.75,
        "Elite": {
            "action": -0.7186620235443115,
            "observation": 2
        }
    },
    "85": {
        "BestCoverage": 0.75,
        "Elite": {
            "action": -0.7176064848899841,
            "observation": 1
        }
    },
    "90": {
        "BestCoverage": 0.75,
        "Elite": {
            "action": 0.7092821598052979,
            "observation": 0
        }
    },
    "95": {
        "BestCoverage": 0.75,
        "Elite": {
            "action": 0.4628751277923584,
            "observation": 1
        }
    },
    "100": {
        "BestCoverage": 0.775,
        "Elite": {
            "action": 0.6745288372039795,
            "observation": 1
        }
    },
    "105": {
        "BestCoverage": 0.775,
        "Elite": {
            "action": 0.004786133766174316,
            "observation": 2
        }
    },
    "110": {
        "BestCoverage": 0.775,
        "Elite": {
            "action": -0.33277207612991333,
            "observation": 2
        }
    },
    "115": {
        "BestCoverage": 0.775,
        "Elite": {
            "action": 0.6525955200195312,
            "observation": 2
        }
    },
    "120": {
        "BestCoverage": 0.775,
        "Elite": {
            "action": 0.9090063571929932,
            "observation": 3
        }
    },
    "125": {
        "BestCoverage": 0.775,
        "Elite": {
            "action": 0.62432861328125,
            "observation": 4
        }
    },
    "130": {
        "BestCoverage": 0.775,
        "Elite": {
            "action": 0.8166177272796631,
            "observation": 5
        }
    },
    "135": {
        "BestCoverage": 0.775,
        "Elite": {
            "action": -0.4449763894081116,
            "observation": 6
        }
    },
    "140": {
        "BestCoverage": 0.775,
        "Elite": {
            "action": 0.6026163101196289,
            "observation": 6
        }
    },
    "145": {
        "BestCoverage": 0.775,
        "Elite": {
            "action": 0.2626230716705322,
            "observation": 7
        }
    },
    "150": {
        "BestCoverage": 0.775,
        "Elite": {
            "action": -0.3150073289871216,
            "observation": 7
        }
    },
    "155": {
        "BestCoverage": 0.775,
        "Elite": {
            "action": -0.5585392117500305,
            "observation": 7
        }
    },
    "160": {
        "BestCoverage": 0.775,
        "Elite": {
            "action": -0.537399172782898,
            "observation": 6
        }
    },
    "165": {
        "BestCoverage": 0.775,
        "Elite": {
            "action": -0.08761882781982422,
            "observation": 5
        }
    },
    "170": {
        "BestCoverage": 0.775,
        "Elite": {
            "action": -0.23185110092163086,
            "observation": 5
        }
    },
    "175": {
        "BestCoverage": 0.775,
        "Elite": {
            "action": 0.15056848526000977,
            "observation": 5
        }
    },
    "180": {
        "BestCoverage": 0.775,
        "Elite": {
            "action": -0.38145095109939575,
            "observation": 5
        }
    },
    "185": {
        "BestCoverage": 0.775,
        "Elite": {
            "action": 0.9692864418029785,
            "observation": 5
        }
    },
    "190": {
        "BestCoverage": 0.775,
        "Elite": {
            "action": -0.7413852214813232,
            "observation": 6
        }
    },
    "195": {
        "BestCoverage": 0.775,
        "Elite": {
            "action": -0.15841931104660034,
            "observation": 5
        }
    },
    "200": {
        "BestCoverage": 0.775,
        "Elite": {
            "action": -0.15448212623596191,
            "observation": 5
        }
    },
    "205": {
        "BestCoverage": 0.7875,
        "Elite": {
            "action": -0.9766826629638672,
            "observation": 5
        }
    },
    "210": {
        "BestCoverage": 0.7875,
        "Elite": {
            "action": -0.32681018114089966,
            "observation": 4
        }
    },
    "215": {
        "BestCoverage": 0.7875,
        "Elite": {
            "action": 0.7747176885604858,
            "observation": 4
        }
    },
    "220": {
        "BestCoverage": 0.7875,
        "Elite": {
            "action": -0.3077394366264343,
            "observation": 5
        }
    },
    "225": {
        "BestCoverage": 0.7875,
        "Elite": {
            "action": -0.32179760932922363,
            "observation": 5
        }
    },
    "230": {
        "BestCoverage": 0.7875,
        "Elite": {
            "action": -0.12670272588729858,
            "observation": 5
        }
    },
    "235": {
        "BestCoverage": 0.7875,
        "Elite": {
            "action": 0.4671531915664673,
            "observation": 5
        }
    },
    "240": {
        "BestCoverage": 0.7875,
        "Elite": {
            "action": 0.3261885643005371,
            "observation": 5
        }
    },
    "245": {
        "BestCoverage": 0.7875,
        "Elite": {
            "action": -0.4287046194076538,
            "observation": 5
        }
    },
    "250": {
        "BestCoverage": 0.7875,
        "Elite": {
            "action": -0.25526559352874756,
            "observation": 5
        }
    },
    "255": {
        "BestCoverage": 0.7875,
        "Elite": {
            "action": -0.40905076265335083,
            "observation": 5
        }
    },
    "260": {
        "BestCoverage": 0.7875,
        "Elite": {
            "action": 0.1918705701828003,
            "observation": 5
        }
    },
    "265": {
        "BestCoverage": 0.7875,
        "Elite": {
            "action": -0.8415857553482056,
            "observation": 5
        }
    },
    "270": {
        "BestCoverage": 0.7875,
        "Elite": {
            "action": 0.580949068069458,
            "observation": 4
        }
    },
    "275": {
        "BestCoverage": 0.7875,
        "Elite": {
            "action": -0.7880306839942932,
            "observation": 5
        }
    },
    "280": {
        "BestCoverage": 0.7875,
        "Elite": {
            "action": 0.23251128196716309,