{
    "15": {
        "BestCoverage": 0.8,
        "CrossoverRate": {
            "action": 0.09293386936187745,
            "observation": 0.75
        }
    },
    "20": {
        "BestCoverage": 0.8,
        "CrossoverRate": {
            "action": -0.09531180262565614,
            "observation": 0.8429338693618774
        }
    },
    "25": {
        "BestCoverage": 0.8,
        "CrossoverRate": {
            "action": 0.043676710128784185,
            "observation": 0.7476220667362212
        }
    },
    "30": {
        "BestCoverage": 0.8,
        "CrossoverRate": {
            "action": -0.004129779338836667,
            "observation": 0.7912987768650054
        }
    },
    "35": {
        "BestCoverage": 0.8,
        "CrossoverRate": {
            "action": -0.0331281065940857,
            "observation": 0.7871689975261688
        }
    },
    "40": {
        "BestCoverage": 0.8,
        "CrossoverRate": {
            "action": 0.09582178592681886,
            "observation": 0.754040890932083
        }
    },
    "45": {
        "BestCoverage": 0.8,
        "CrossoverRate": {
            "action": -0.05729636549949646,
            "observation": 0.8498626768589019
        }
    },
    "50": {
        "BestCoverage": 0.8,
        "CrossoverRate": {
            "action": -0.02231899499893189,
            "observation": 0.7925663113594055
        }
    },
    "55": {
        "BestCoverage": 0.8,
        "CrossoverRate": {
            "action": -0.025243902206420907,
            "observation": 0.7702473163604736
        }
    },
    "60": {
        "BestCoverage": 0.8,
        "CrossoverRate": {
            "action": -0.0012533366680145264,
            "observation": 0.7450034141540527
        }
    },
    "65": {
        "BestCoverage": 0.8,
        "CrossoverRate": {
            "action": -0.08234952688217163,
            "observation": 0.7437500774860382
        }
    },
    "70": {
        "BestCoverage": 0.8,
        "CrossoverRate": {
            "action": -0.012181138992309576,
            "observation": 0.6614005506038665
        }
    },
    "75": {
        "BestCoverage": 0.8,
        "CrossoverRate": {
            "action": 0.0039022803306579534,
            "observation": 0.6492194116115569
        }
    },
    "80": {
        "BestCoverage": 0.8,
        "CrossoverRate": {
            "action": 0.05102264881134033,
            "observation": 0.6531216919422149
        }
    },
    "85": {
        "BestCoverage": 0.8,
        "CrossoverRate": {
            "action": -0.03385663032531738,
            "observation": 0.7041443407535553
        }
    },
    "90": {
        "BestCoverage": 0.8,
        "CrossoverRate": {
            "action": 0.05759701728820801,
            "observation": 0.6702877104282379
        }
    },
    "95": {
        "BestCoverage": 0.8,
        "CrossoverRate": {
            "action": 0.06842830181121826,
            "observation": 0.7278847277164459
        }
    },
    "100": {
        "BestCoverage": 0.8,
        "CrossoverRate": {
            "action": 0.004371583461761475,
            "observation": 0.7963130295276641
        }
    },
    "105": {
        "BestCoverage": 0.8,
        "CrossoverRate": {
            "action": -0.0971696436405182,
            "observation": 0.8006846129894256
        }
    },
    "110": {
        "BestCoverage": 0.8,
        "CrossoverRate": {
            "action": -0.0985471546649933,
            "observation": 0.7035149693489074
        }
    },
    "115": {
        "BestCoverage": 0.8,
        "CrossoverRate": {
            "action": -0.030856871604919442,
            "observation": 0.6049678146839141
        }
    },
    "120": {
        "BestCoverage": 0.8,
        "CrossoverRate": {
            "action": -0.04261897206306458,
            "observation": 0.5741109430789947
        }
    },
    "125": {
        "BestCoverage": 0.8,
        "CrossoverRate": {
            "action": -0.025057888031005865,
            "observation": 0.5314919710159302
        }
    },
    "130": {
        "BestCoverage": 0.8,
        "CrossoverRate": {
            "action": -0.08237636089324951,
            "observation": 0.5064340829849243
        }
    },
    "135": {
        "BestCoverage": 0.8,
        "CrossoverRate": {
            "action": 0.0762493133544922,
            "observation": 0.4240577220916748
        }
    },
    "140": {
        "BestCoverage": 0.8,
        "CrossoverRate": {
            "action": 0.0651702880859375,
            "observation": 0.500307035446167
        }
    },
    "145": {
        "BestCoverage": 0.8,
        "CrossoverRate": {
            "action": 0.0442604899406433,
            "observation": 0.5654773235321044
        }
    },
    "150": {
        "BestCoverage": 0.8,
        "CrossoverRate": {
            "action": -0.07408928275108338,
            "observation": 0.6097378134727478
        }
    },
    "155": {
        "BestCoverage": 0.8,
        "CrossoverRate": {
            "action": -0.0880183219909668,
            "observation": 0.5356485307216644
        }
    },
    "160": {
        "BestCoverage": 0.8,
        "CrossoverRate": {
            "action": 0.027117609977722168,
            "observation": 0.4476302087306976
        }
    },
    "165": {
        "BestCoverage": 0.8,
        "CrossoverRate": {
            "action": -0.05627081990242005,
            "observation": 0.47474781870841976
        }
    },
    "170": {
        "BestCoverage": 0.8,
        "CrossoverRate": {
            "action": 0.051776802539825445,
            "observation": 0.4184769988059997
        }
    },
    "175": {
        "BestCoverage": 0.8,
        "CrossoverRate": {
            "action": 0.04973152875900269,
            "observation": 0.4702538013458252
        }
    },
    "180": {
        "BestCoverage": 0.8,
        "CrossoverRate": {
            "action": 0.0432194709777832,
            "observation": 0.5199853301048278
        }
    },
    "185": {
        "BestCoverage": 0.8,
        "CrossoverRate": {
            "action": -0.021212601661682123,
            "observation": 0.5632048010826111
        }
    },
    "190": {
        "BestCoverage": 0.8,
        "CrossoverRate": {
            "action": -0.044116222858428956,
            "observation": 0.5419921994209289
        }
    },
    "195": {
        "BestCoverage": 0.8,
        "CrossoverRate": {
            "action": -0.002150201797485346,
            "observation": 0.49787597656249993
        }
    },
    "200": {
        "BestCoverage": 0.8,
        "CrossoverRate": {
            "action": -0.035876262187957766,
            "observation": 0.49572577476501456
        }
    },
    "205": {
        "BestCoverage": 0.8,
        "CrossoverRate": {
            "action": 0.021257770061492917,
            "observation": 0.4598495125770568
        }
    },
    "210": {
        "BestCoverage": 0.8,
        "CrossoverRate": {
            "action": -0.012912762165069577,
            "observation": 0.48110728263854974
        }
    },
    "215": {
        "BestCoverage": 0.8,
        "CrossoverRate": {
            "action": 0.060491609573364274,
            "observation": 0.46819452047348015
        }
    },
    "220": {
        "BestCoverage": 0.8,
        "CrossoverRate": {
            "action": 0.09063037633895873,
            "observation": 0.5286861300468444
        }
    },
    "225": {
        "BestCoverage": 0.8,
        "CrossoverRate": {
            "action": 0.017483150959014898,
            "observation": 0.6193165063858032
        }
    },
    "230": {
        "BestCoverage": 0.8,
        "CrossoverRate": {
            "action": -0.06828585267066956,
            "observation": 0.636799657344818
        }
    },
    "235": {
        "BestCoverage": 0.8,
        "CrossoverRate": {
            "action": -0.06073167324066162,
            "observation": 0.5685138046741485
        }
    },
    "240": {
        "BestCoverage": 0.8,
        "CrossoverRate": {
            "action": 0.01266456842422485,