{
    "20": {
        "BestCoverage": 0.75,
        "CrossoverRate": {
            "action": 0.07583699226379395,
            "observation": 0.75
        }
    },
    "25": {
        "BestCoverage": 0.75,
        "CrossoverRate": {
            "action": 0.0882185459136963,
            "observation": 0.8258369922637939
        }
    },
    "30": {
        "BestCoverage": 0.75,
        "CrossoverRate": {
            "action": 0.03642053604125978,
            "observation": 0.9140555381774902
        }
    },
    "35": {
        "BestCoverage": 0.75,
        "CrossoverRate": {
            "action": 0.05292246341705323,
            "observation": 0.9504760742187499
        }
    },
    "40": {
        "BestCoverage": 0.75,
        "CrossoverRate": {
            "action": -0.0018154442310333307,
            "observation": 1.0
        }
    },
    "45": {
        "BestCoverage": 0.75,
        "CrossoverRate": {
            "action": 0.0933985948562622,
            "observation": 0.9981845557689667
        }
    },
    "50": {
        "BestCoverage": 0.75,
        "CrossoverRate": {
            "action": -0.08697447776794434,
            "observation": 1.0
        }
    },
    "55": {
        "BestCoverage": 0.75,
        "CrossoverRate": {
            "action": 0.07221941947937013,
            "observation": 0.9130255222320557
        }
    },
    "60": {
        "BestCoverage": 0.75,
        "CrossoverRate": {
            "action": 0.06450928449630738,
            "observation": 0.9852449417114258
        }
    },
    "65": {
        "BestCoverage": 0.75,
        "CrossoverRate": {
            "action": 0.014174318313598638,
            "observation": 1.0
        }
    },
    "70": {
        "BestCoverage": 0.75,
        "CrossoverRate": {
            "action": -0.030804562568664554,
            "observation": 1.0
        }
    },
    "75": {
        "BestCoverage": 0.75,
        "CrossoverRate": {
            "action": -0.007572448253631597,
            "observation": 0.9691954374313354
        }
    },
    "80": {
        "BestCoverage": 0.75,
        "CrossoverRate": {
            "action": 0.0770031452178955,
            "observation": 0.9616229891777038
        }
    },
    "85": {
        "BestCoverage": 0.75,
        "CrossoverRate": {
            "action": -0.02817333936691284,
            "observation": 1.0
        }
    },
    "90": {
        "BestCoverage": 0.75,
        "CrossoverRate": {
            "action": 0.021373081207275393,
            "observation": 0.9718266606330872
        }
    },
    "95": {
        "BestCoverage": 0.75,
        "CrossoverRate": {
            "action": 0.03182778358459473,
            "observation": 0.9931997418403626
        }
    },
    "100": {
        "BestCoverage": 0.75,
        "CrossoverRate": {
            "action": 0.0122035026550293,
            "observation": 1.0
        }
    },
    "105": {
        "BestCoverage": 0.75,
        "CrossoverRate": {
            "action": 0.09539692401885988,
            "observation": 1.0
        }
    },
    "110": {
        "BestCoverage": 0.7625,
        "CrossoverRate": {
            "action": 0.09561054706573488,
            "observation": 1.0
        }
    },
    "115": {
        "BestCoverage": 0.7625,
        "CrossoverRate": {
            "action": -0.0967696249485016,
            "observation": 1.0
        }
    },
    "120": {
        "BestCoverage": 0.7625,
        "CrossoverRate": {
            "action": -0.07280327677726746,
            "observation": 0.9032303750514984
        }
    },
    "125": {
        "BestCoverage": 0.7625,
        "CrossoverRate": {
            "action": -0.09410035610198975,
            "observation": 0.8304270982742309
        }
    },
    "130": {
        "BestCoverage": 0.7625,
        "CrossoverRate": {
            "action": 0.06760276556015016,
            "observation": 0.7363267421722411
        }
    },
    "135": {
        "BestCoverage": 0.7625,
        "CrossoverRate": {
            "action": 0.06649055480957031,
            "observation": 0.8039295077323914
        }
    },
    "140": {
        "BestCoverage": 0.7625,
        "CrossoverRate": {
            "action": 0.007501959800720215,
            "observation": 0.8704200625419617
        }
    },
    "145": {
        "BestCoverage": 0.7625,
        "CrossoverRate": {
            "action": -0.029948455095291135,
            "observation": 0.8779220223426819
        }
    },
    "150": {
        "BestCoverage": 0.7625,
        "CrossoverRate": {
            "action": 0.017267394065856936,
            "observation": 0.8479735672473908
        }
    },
    "155": {
        "BestCoverage": 0.7625,
        "CrossoverRate": {
            "action": 0.05474209785461426,
            "observation": 0.8652409613132478
        }
    },
    "160": {
        "BestCoverage": 0.7625,
        "CrossoverRate": {
            "action": 0.06272578239440918,
            "observation": 0.919983059167862
        }
    },
    "165": {
        "BestCoverage": 0.7625,
        "CrossoverRate": {
            "action": -0.005744403600692755,
            "observation": 0.9827088415622712
        }
    },
    "170": {
        "BestCoverage": 0.7625,
        "CrossoverRate": {
            "action": 0.07293710708618165,
            "observation": 0.9769644379615785
        }
    },
    "175": {
        "BestCoverage": 0.7625,
        "CrossoverRate": {
            "action": -0.010907948017120361,
            "observation": 1.0
        }
    },
    "180": {
        "BestCoverage": 0.7625,
        "CrossoverRate": {
            "action": -0.07473510503768921,
            "observation": 0.9890920519828796
        }
    },
    "185": {
        "BestCoverage": 0.7625,
        "CrossoverRate": {
            "action": 0.04943011999130248,
            "observation": 0.9143569469451904
        }
    },
    "190": {
        "BestCoverage": 0.7625,
        "CrossoverRate": {
            "action": -0.07485964298248292,
            "observation": 0.963787066936493
        }
    },
    "195": {
        "BestCoverage": 0.7625,
        "CrossoverRate": {
            "action": -0.006078928709030151,
            "observation": 0.88892742395401
        }
    },
    "200": {
        "BestCoverage": 0.7625,
        "CrossoverRate": {
            "action": 0.0721242070198059,
            "observation": 0.8828484952449799
        }
    },
    "205": {
        "BestCoverage": 0.7625,
        "CrossoverRate": {
            "action": -0.09594189524650575,
            "observation": 0.9549727022647858
        }
    },
    "210": {
        "BestCoverage": 0.7625,
        "CrossoverRate": {
            "action": 0.061578977108001726,
            "observation": 0.85903080701828
        }
    },
    "215": {
        "BestCoverage": 0.7625,
        "CrossoverRate": {
            "action": -0.07923447489738465,
            "observation": 0.9206097841262818
        }
    },
    "220": {
        "BestCoverage": 0.7625,
        "CrossoverRate": {
            "action": -0.05031580328941346,
            "observation": 0.8413753092288971
        }
    },
    "225": {
        "BestCoverage": 0.7625,
        "CrossoverRate": {
            "action": -0.09015253186225891,
            "observation": 0.7910595059394837
        }
    },
    "230": {
        "BestCoverage": 0.7625,
        "CrossoverRate": {
            "action": -0.013411986827850345,
            "observation": 0.7009069740772248
        }
    },
    "235": {
        "BestCoverage": 0.7625,
        "CrossoverRate": {
            "action": 0.030521953105926508,
            "observation": 0.6874949872493744
        }
    },
    "240": {
        "BestCoverage": 0.7625,
        "CrossoverRate": {
            "action": -0.0398338258266449,
            "observation": 0.718016940355301
        }
    },
    "245": {
        "BestCoverage": 0.7625,
        "CrossoverRate": {
            "action": -0.02496135830879212,
            "observation": 0.6781831145286561
        }
    },