{
    "15": {
        "BestCoverage": 0.8,
        "ChangeParameterProbability": {
            "action": 0.03880044221878051,
            "observation": 0.1
        }
    },
    "20": {
        "BestCoverage": 0.8,
        "ChangeParameterProbability": {
            "action": 0.07463600635528564,
            "observation": 0.13880044221878052
        }
    },
    "25": {
        "BestCoverage": 0.8,
        "ChangeParameterProbability": {
            "action": -0.07193804383277894,
            "observation": 0.21343644857406616
        }
    },
    "30": {
        "BestCoverage": 0.8,
        "ChangeParameterProbability": {
            "action": -0.020074921846389773,
            "observation": 0.14149840474128722
        }
    },
    "35": {
        "BestCoverage": 0.8,
        "ChangeParameterProbability": {
            "action": -0.04583638906478882,
            "observation": 0.12142348289489745
        }
    },
    "40": {
        "BestCoverage": 0.8,
        "ChangeParameterProbability": {
            "action": -0.044400930404663086,
            "observation": 0.07558709383010863
        }
    },
    "45": {
        "BestCoverage": 0.8,
        "ChangeParameterProbability": {
            "action": 0.06933143138885497,
            "observation": 0.031186163425445543
        }
    },
    "50": {
        "BestCoverage": 0.8,
        "ChangeParameterProbability": {
            "action": -0.09756538271903992,
            "observation": 0.10051759481430052
        }
    },
    "55": {
        "BestCoverage": 0.8,
        "ChangeParameterProbability": {
            "action": -0.060026264190673834,
            "observation": 0.0029522120952606007
        }
    },
    "60": {
        "BestCoverage": 0.8,
        "ChangeParameterProbability": {
            "action": 0.09995048046112062,
            "observation": 0.0
        }
    },
    "65": {
        "BestCoverage": 0.8,
        "ChangeParameterProbability": {
            "action": -0.09747107028961183,
            "observation": 0.09995048046112062
        }
    },
    "70": {
        "BestCoverage": 0.8,
        "ChangeParameterProbability": {
            "action": 0.09425441026687623,
            "observation": 0.0024794101715087946
        }
    },
    "75": {
        "BestCoverage": 0.8,
        "ChangeParameterProbability": {
            "action": -0.06476060748100282,
            "observation": 0.09673382043838502
        }
    },
    "80": {
        "BestCoverage": 0.8,
        "ChangeParameterProbability": {
            "action": 0.045903396606445324,
            "observation": 0.0319732129573822
        }
    },
    "85": {
        "BestCoverage": 0.8,
        "ChangeParameterProbability": {
            "action": -0.002466946840286255,
            "observation": 0.07787660956382753
        }
    },
    "90": {
        "BestCoverage": 0.8,
        "ChangeParameterProbability": {
            "action": -0.011323863267898554,
            "observation": 0.07540966272354127
        }
    },
    "95": {
        "BestCoverage": 0.8,
        "ChangeParameterProbability": {
            "action": 0.024242281913757324,
            "observation": 0.06408579945564272
        }
    },
    "100": {
        "BestCoverage": 0.8,
        "ChangeParameterProbability": {
            "action": 0.05931527614593507,
            "observation": 0.08832808136940004
        }
    },
    "105": {
        "BestCoverage": 0.8,
        "ChangeParameterProbability": {
            "action": 0.07963345050811768,
            "observation": 0.1476433575153351
        }
    },
    "110": {
        "BestCoverage": 0.8,
        "ChangeParameterProbability": {
            "action": -0.09742112159729005,
            "observation": 0.2272768080234528
        }
    },
    "115": {
        "BestCoverage": 0.8,
        "ChangeParameterProbability": {
            "action": 0.05856664180755616,
            "observation": 0.12985568642616274
        }
    },
    "120": {
        "BestCoverage": 0.8,
        "ChangeParameterProbability": {
            "action": -0.027550852298736578,
            "observation": 0.1884223282337189
        }
    },
    "125": {
        "BestCoverage": 0.8,
        "ChangeParameterProbability": {
            "action": -0.027302205562591553,
            "observation": 0.16087147593498233
        }
    },
    "130": {
        "BestCoverage": 0.8,
        "ChangeParameterProbability": {
            "action": 0.04255567789077758,
            "observation": 0.13356927037239077
        }
    },
    "135": {
        "BestCoverage": 0.8,
        "ChangeParameterProbability": {
            "action": 0.04220070838928222,
            "observation": 0.17612494826316835
        }
    },
    "140": {
        "BestCoverage": 0.8,
        "ChangeParameterProbability": {
            "action": -0.09239484071731568,
            "observation": 0.21832565665245057
        }
    },
    "145": {
        "BestCoverage": 0.8,
        "ChangeParameterProbability": {
            "action": -0.06955807805061341,
            "observation": 0.1259308159351349
        }
    },
    "150": {
        "BestCoverage": 0.8,
        "ChangeParameterProbability": {
            "action": -0.0895938515663147,
            "observation": 0.056372737884521476
        }
    },
    "155": {
        "BestCoverage": 0.8,
        "ChangeParameterProbability": {
            "action": -0.04102801084518433,
            "observation": 0.0
        }
    },
    "160": {
        "BestCoverage": 0.8,
        "ChangeParameterProbability": {
            "action": 0.0506211519241333,
            "observation": 0.0
        }
    },
    "165": {
        "BestCoverage": 0.8,
        "ChangeParameterProbability": {
            "action": 0.0033792018890380915,
            "observation": 0.0506211519241333
        }
    },
    "170": {
        "BestCoverage": 0.8,
        "ChangeParameterProbability": {
            "action": 0.07935397624969484,
            "observation": 0.05400035381317139
        }
    },
    "175": {
        "BestCoverage": 0.8,
        "ChangeParameterProbability": {
            "action": -0.08750187754631043,
            "observation": 0.13335433006286623
        }
    },
    "180": {
        "BestCoverage": 0.8,
        "ChangeParameterProbability": {
            "action": -0.008239758014678952,
            "observation": 0.0458524525165558
        }
    },
    "185": {
        "BestCoverage": 0.8,
        "ChangeParameterProbability": {
            "action": -0.08960292339324952,
            "observation": 0.03761269450187685
        }
    },
    "190": {
        "BestCoverage": 0.8,
        "ChangeParameterProbability": {
            "action": 0.05279603004455566,
            "observation": 0.0
        }
    },
    "195": {
        "BestCoverage": 0.8,
        "ChangeParameterProbability": {
            "action": 0.04062023162841796,
            "observation": 0.05279603004455566
        }
    },
    "200": {
        "BestCoverage": 0.8,
        "ChangeParameterProbability": {
            "action": 0.04175925254821777,
            "observation": 0.09341626167297362
        }
    },
    "205": {
        "BestCoverage": 0.8,
        "ChangeParameterProbability": {
            "action": -0.026108157634735105,
            "observation": 0.1351755142211914
        }
    },
    "210": {
        "BestCoverage": 0.8,
        "ChangeParameterProbability": {
            "action": 0.04384405612945558,
            "observation": 0.10906735658645629
        }
    },
    "215": {
        "BestCoverage": 0.8,
        "ChangeParameterProbability": {
            "action": -0.06736910939216614,
            "observation": 0.15291141271591185
        }
    },
    "220": {
        "BestCoverage": 0.8,
        "ChangeParameterProbability": {
            "action": -0.008973741531372065,
            "observation": 0.08554230332374571
        }
    },
    "225": {
        "BestCoverage": 0.8,