{
    "15": {
        "BestCoverage": 0.8,
        "CrossoverRate": {
            "action": -0.04959813952445984,
            "observation": 0.75
        }
    },
    "20": {
        "BestCoverage": 0.8,
        "CrossoverRate": {
            "action": -0.07183521389961244,
            "observation": 0.7004018604755402
        }
    },
    "25": {
        "BestCoverage": 0.8,
        "CrossoverRate": {
            "action": -0.0825449526309967,
            "observation": 0.6285666465759278
        }
    },
    "30": {
        "BestCoverage": 0.8,
        "CrossoverRate": {
            "action": -0.014255368709564203,
            "observation": 0.546021693944931
        }
    },
    "35": {
        "BestCoverage": 0.8,
        "CrossoverRate": {
            "action": -0.08068652153015138,
            "observation": 0.5317663252353668
        }
    },
    "40": {
        "BestCoverage": 0.8,
        "CrossoverRate": {
            "action": 0.018877923488616943,
            "observation": 0.45107980370521544
        }
    },
    "45": {
        "BestCoverage": 0.8,
        "CrossoverRate": {
            "action": -0.07926037311553956,
            "observation": 0.4699577271938324
        }
    },
    "50": {
        "BestCoverage": 0.8,
        "CrossoverRate": {
            "action": -0.04606019258499146,
            "observation": 0.3906973540782928
        }
    },
    "55": {
        "BestCoverage": 0.8,
        "CrossoverRate": {
            "action": 0.09237931966781618,
            "observation": 0.34463716149330137
        }
    },
    "60": {
        "BestCoverage": 0.8,
        "CrossoverRate": {
            "action": 0.02761460542678834,
            "observation": 0.4370164811611176
        }
    },
    "65": {
        "BestCoverage": 0.8,
        "CrossoverRate": {
            "action": -0.06201208829879761,
            "observation": 0.4646310865879059
        }
    },
    "70": {
        "BestCoverage": 0.8,
        "CrossoverRate": {
            "action": -0.0364310383796692,
            "observation": 0.4026189982891083
        }
    },
    "75": {
        "BestCoverage": 0.8,
        "CrossoverRate": {
            "action": -0.07299991846084596,
            "observation": 0.3661879599094391
        }
    },
    "80": {
        "BestCoverage": 0.8,
        "CrossoverRate": {
            "action": -0.0934524416923523,
            "observation": 0.2931880414485931
        }
    },
    "85": {
        "BestCoverage": 0.8,
        "CrossoverRate": {
            "action": 0.05339689254760743,
            "observation": 0.19973559975624083
        }
    },
    "90": {
        "BestCoverage": 0.8,
        "CrossoverRate": {
            "action": 0.018964326381683355,
            "observation": 0.25313249230384827
        }
    },
    "95": {
        "BestCoverage": 0.8,
        "CrossoverRate": {
            "action": -0.07497314214706421,
            "observation": 0.2720968186855316
        }
    },
    "100": {
        "BestCoverage": 0.8,
        "CrossoverRate": {
            "action": -0.0045202255249023465,
            "observation": 0.19712367653846738
        }
    },
    "105": {
        "BestCoverage": 0.8,
        "CrossoverRate": {
            "action": 0.041337013244628906,
            "observation": 0.19260345101356502
        }
    },
    "110": {
        "BestCoverage": 0.8,
        "CrossoverRate": {
            "action": -0.04047492742538453,
            "observation": 0.23394046425819393
        }
    },
    "115": {
        "BestCoverage": 0.8,
        "CrossoverRate": {
            "action": -0.09679266810417175,
            "observation": 0.1934655368328094
        }
    },
    "120": {
        "BestCoverage": 0.8,
        "CrossoverRate": {
            "action": -0.02809534072875977,
            "observation": 0.09667286872863765
        }
    },
    "125": {
        "BestCoverage": 0.8,
        "CrossoverRate": {
            "action": 0.05824820995330812,
            "observation": 0.06857752799987787
        }
    },
    "130": {
        "BestCoverage": 0.8,
        "CrossoverRate": {
            "action": -0.026325464248657227,
            "observation": 0.126825737953186
        }
    },
    "135": {
        "BestCoverage": 0.8,
        "CrossoverRate": {
            "action": -0.08142318725585938,
            "observation": 0.10050027370452877
        }
    },
    "140": {
        "BestCoverage": 0.8,
        "CrossoverRate": {
            "action": -0.014294129610061643,
            "observation": 0.019077086448669386
        }
    },
    "145": {
        "BestCoverage": 0.8,
        "CrossoverRate": {
            "action": -0.003938001394271848,
            "observation": 0.004782956838607744
        }
    },
    "150": {
        "BestCoverage": 0.8,
        "CrossoverRate": {
            "action": -0.07087473869323731,
            "observation": 0.0008449554443358959
        }
    },
    "155": {
        "BestCoverage": 0.8,
        "CrossoverRate": {
            "action": 0.08155087232589722,
            "observation": 0.0
        }
    },
    "160": {
        "BestCoverage": 0.8,
        "CrossoverRate": {
            "action": -0.011684322357177729,
            "observation": 0.08155087232589722
        }
    },
    "165": {
        "BestCoverage": 0.8,
        "CrossoverRate": {
            "action": -0.0473980188369751,
            "observation": 0.0698665499687195
        }
    },
    "170": {
        "BestCoverage": 0.8,
        "CrossoverRate": {
            "action": -0.07032319307327271,
            "observation": 0.022468531131744393
        }
    },
    "175": {
        "BestCoverage": 0.8,
        "CrossoverRate": {
            "action": -0.07384784817695618,
            "observation": 0.0
        }
    },
    "180": {
        "BestCoverage": 0.8,
        "CrossoverRate": {
            "action": 0.08836886882781983,
            "observation": 0.0
        }
    },
    "185": {
        "BestCoverage": 0.8,
        "CrossoverRate": {
            "action": -0.04494919776916504,
            "observation": 0.08836886882781983
        }
    },
    "190": {
        "BestCoverage": 0.8,
        "CrossoverRate": {
            "action": 0.048596119880676275,
            "observation": 0.04341967105865479
        }
    },
    "195": {
        "BestCoverage": 0.8,
        "CrossoverRate": {
            "action": 0.09665049314498902,
            "observation": 0.09201579093933107
        }
    },
    "200": {
        "BestCoverage": 0.8,
        "CrossoverRate": {
            "action": -0.0657721221446991,
            "observation": 0.1886662840843201
        }
    },
    "205": {
        "BestCoverage": 0.8,
        "CrossoverRate": {
            "action": -0.049253022670745855,
            "observation": 0.122894161939621
        }
    },
    "210": {
        "BestCoverage": 0.8,
        "CrossoverRate": {
            "action": -0.05612220168113709,
            "observation": 0.07364113926887514
        }
    },
    "215": {
        "BestCoverage": 0.8,
        "CrossoverRate": {
            "action": -0.023917156457901004,
            "observation": 0.01751893758773805
        }
    },
    "220": {
        "BestCoverage": 0.8,
        "CrossoverRate": {
            "action": -0.045095473527908325,
            "observation": 0.0
        }
    },
    "225": {
        "BestCoverage": 0.8,
        "CrossoverRate": {
            "action": 0.010614645481109616,
            "observation": 0.0
        }
    },
    "230": {
        "BestCoverage": 0.8,
        "CrossoverRate": {
            "action": -0.08459213972091675,
            "observation": 0.010614645481109616
        }
    },
    "235": {
        "BestCoverage": 0.8,
        "CrossoverRate": {
            "action": -0.051865416765213015,
            "observation": 0.0
        }
    },
    "240": {
        "BestCoverage": 0.8,
        "CrossoverRate": {
            "action": 0.06344597339630129,
            "observation": 0.0
        }
    },