{
    "15": {
        "BestCoverage": 0.8,
        "ChangeParameterProbability": {
            "action": -0.006421214342117315,
            "observation": 0.1
        }
    },
    "20": {
        "BestCoverage": 0.8,
        "ChangeParameterProbability": {
            "action": 0.014104259014129636,
            "observation": 0.09357878565788269
        }
    },
    "25": {
        "BestCoverage": 0.8,
        "ChangeParameterProbability": {
            "action": 0.01821802854537964,
            "observation": 0.10768304467201233
        }
    },
    "30": {
        "BestCoverage": 0.8,
        "ChangeParameterProbability": {
            "action": 0.0433866262435913,
            "observation": 0.12590107321739197
        }
    },
    "35": {
        "BestCoverage": 0.8,
        "ChangeParameterProbability": {
            "action": -0.025263750553131112,
            "observation": 0.16928769946098327
        }
    },
    "40": {
        "BestCoverage": 0.8,
        "ChangeParameterProbability": {
            "action": -0.05293902158737183,
            "observation": 0.14402394890785214
        }
    },
    "45": {
        "BestCoverage": 0.8,
        "ChangeParameterProbability": {
            "action": 0.009099602699279785,
            "observation": 0.09108492732048032
        }
    },
    "50": {
        "BestCoverage": 0.8,
        "ChangeParameterProbability": {
            "action": 0.07663860321044921,
            "observation": 0.1001845300197601
        }
    },
    "55": {
        "BestCoverage": 0.8,
        "ChangeParameterProbability": {
            "action": 0.016656994819641113,
            "observation": 0.17682313323020932
        }
    },
    "60": {
        "BestCoverage": 0.8,
        "ChangeParameterProbability": {
            "action": 0.06360208988189697,
            "observation": 0.19348012804985043
        }
    },
    "65": {
        "BestCoverage": 0.8,
        "ChangeParameterProbability": {
            "action": -0.07793043851852417,
            "observation": 0.2570822179317474
        }
    },
    "70": {
        "BestCoverage": 0.8,
        "ChangeParameterProbability": {
            "action": -0.035373032093048096,
            "observation": 0.17915177941322324
        }
    },
    "75": {
        "BestCoverage": 0.8,
        "ChangeParameterProbability": {
            "action": 0.017202448844909665,
            "observation": 0.14377874732017515
        }
    },
    "80": {
        "BestCoverage": 0.8,
        "ChangeParameterProbability": {
            "action": 0.08554227352142335,
            "observation": 0.16098119616508483
        }
    },
    "85": {
        "BestCoverage": 0.8,
        "ChangeParameterProbability": {
            "action": 0.01216957569122315,
            "observation": 0.24652346968650818
        }
    },
    "90": {
        "BestCoverage": 0.8,
        "ChangeParameterProbability": {
            "action": -0.03325079679489136,
            "observation": 0.2586930453777313
        }
    },
    "95": {
        "BestCoverage": 0.8,
        "ChangeParameterProbability": {
            "action": -6.614923477173129e-05,
            "observation": 0.22544224858283995
        }
    },
    "100": {
        "BestCoverage": 0.8,
        "ChangeParameterProbability": {
            "action": 0.007228648662567144,
            "observation": 0.22537609934806824
        }
    },
    "105": {
        "BestCoverage": 0.8,
        "ChangeParameterProbability": {
            "action": 0.019861030578613284,
            "observation": 0.23260474801063538
        }
    },
    "110": {
        "BestCoverage": 0.8,
        "ChangeParameterProbability": {
            "action": 0.02564198970794679,
            "observation": 0.2524657785892487
        }
    },
    "115": {
        "BestCoverage": 0.8,
        "ChangeParameterProbability": {
            "action": -0.06668190360069276,
            "observation": 0.27810776829719547
        }
    },
    "120": {
        "BestCoverage": 0.8,
        "ChangeParameterProbability": {
            "action": 0.0428380012512207,
            "observation": 0.2114258646965027
        }
    },
    "125": {
        "BestCoverage": 0.8,
        "ChangeParameterProbability": {
            "action": -0.0681884229183197,
            "observation": 0.25426386594772343
        }
    },
    "130": {
        "BestCoverage": 0.8,
        "ChangeParameterProbability": {
            "action": 0.06586915254592896,
            "observation": 0.18607544302940374
        }
    },
    "135": {
        "BestCoverage": 0.8,
        "ChangeParameterProbability": {
            "action": 0.08194581270217896,
            "observation": 0.25194459557533266
        }
    },
    "140": {
        "BestCoverage": 0.8,
        "ChangeParameterProbability": {
            "action": -0.09373891353607178,
            "observation": 0.3338904082775116
        }
    },
    "145": {
        "BestCoverage": 0.8,
        "ChangeParameterProbability": {
            "action": 0.07217693328857422,
            "observation": 0.24015149474143982
        }
    },
    "150": {
        "BestCoverage": 0.8,
        "ChangeParameterProbability": {
            "action": -0.006172579526901242,
            "observation": 0.31232842803001404
        }
    },
    "155": {
        "BestCoverage": 0.8,
        "ChangeParameterProbability": {
            "action": 0.0966138482093811,
            "observation": 0.3061558485031128
        }
    },
    "160": {
        "BestCoverage": 0.8,
        "ChangeParameterProbability": {
            "action": 0.053748941421508795,
            "observation": 0.40276969671249385
        }
    },
    "165": {
        "BestCoverage": 0.8,
        "ChangeParameterProbability": {
            "action": 0.03341541290283204,
            "observation": 0.4565186381340026
        }
    },
    "170": {
        "BestCoverage": 0.8,
        "ChangeParameterProbability": {
            "action": 0.022806370258331293,
            "observation": 0.48993405103683463
        }
    },
    "175": {
        "BestCoverage": 0.8,
        "ChangeParameterProbability": {
            "action": 0.0630504608154297,
            "observation": 0.512740421295166
        }
    },
    "180": {
        "BestCoverage": 0.8,
        "ChangeParameterProbability": {
            "action": -0.0038457036018371554,
            "observation": 0.5757908821105957
        }
    },
    "185": {
        "BestCoverage": 0.8,
        "ChangeParameterProbability": {
            "action": -0.005195289850234985,
            "observation": 0.5719451785087586
        }
    },
    "190": {
        "BestCoverage": 0.8,
        "ChangeParameterProbability": {
            "action": -0.07627917528152467,
            "observation": 0.5667498886585236
        }
    },
    "195": {
        "BestCoverage": 0.8,
        "ChangeParameterProbability": {
            "action": -0.01320911049842835,
            "observation": 0.49047071337699893
        }
    },
    "200": {
        "BestCoverage": 0.8,
        "ChangeParameterProbability": {
            "action": -0.01920841336250305,
            "observation": 0.47726160287857056
        }
    },
    "205": {
        "BestCoverage": 0.8,
        "ChangeParameterProbability": {
            "action": 0.0035486817359924316,
            "observation": 0.4580531895160675
        }
    },
    "210": {
        "BestCoverage": 0.8,
        "ChangeParameterProbability": {
            "action": 0.02356444597244263,
            "observation": 0.4616018712520599
        }
    },
    "215": {
        "BestCoverage": 0.8,
        "ChangeParameterProbability": {
            "action": -0.06757059097290039,
            "observation": 0.48516631722450254
        }
    },
    "220": {
        "BestCoverage": 0.8,
        "ChangeParameterProbability": {
            "action": -0.0783692240715027,
            "observation": 0.41759572625160213
        }
    },
    "225": {
        "BestCoverage": 0.8,