{
    "15": {
        "BestCoverage": 0.8,
        "ChangeParameterProbability": {
            "action": 0.044111716747283924,
            "observation": 0.1
        }
    },
    "20": {
        "BestCoverage": 0.8,
        "ChangeParameterProbability": {
            "action": 0.053381145000457764,
            "observation": 0.14411171674728393
        }
    },
    "25": {
        "BestCoverage": 0.8,
        "ChangeParameterProbability": {
            "action": 0.02271870374679566,
            "observation": 0.1974928617477417
        }
    },
    "30": {
        "BestCoverage": 0.8,
        "ChangeParameterProbability": {
            "action": 0.062138664722442644,
            "observation": 0.22021156549453735
        }
    },
    "35": {
        "BestCoverage": 0.8,
        "ChangeParameterProbability": {
            "action": -0.011158257722854614,
            "observation": 0.28235023021698
        }
    },
    "40": {
        "BestCoverage": 0.8,
        "ChangeParameterProbability": {
            "action": -0.05333497524261475,
            "observation": 0.2711919724941254
        }
    },
    "45": {
        "BestCoverage": 0.8,
        "ChangeParameterProbability": {
            "action": 0.05782496929168701,
            "observation": 0.21785699725151067
        }
    },
    "50": {
        "BestCoverage": 0.8,
        "ChangeParameterProbability": {
            "action": 0.03254406452178954,
            "observation": 0.27568196654319765
        }
    },
    "55": {
        "BestCoverage": 0.8,
        "ChangeParameterProbability": {
            "action": -0.07947007417678834,
            "observation": 0.3082260310649872
        }
    },
    "60": {
        "BestCoverage": 0.8,
        "ChangeParameterProbability": {
            "action": -0.06784564852714539,
            "observation": 0.22875595688819886
        }
    },
    "65": {
        "BestCoverage": 0.8,
        "ChangeParameterProbability": {
            "action": -0.07110340595245362,
            "observation": 0.16091030836105347
        }
    },
    "70": {
        "BestCoverage": 0.8,
        "ChangeParameterProbability": {
            "action": -0.03771687746047974,
            "observation": 0.08980690240859984
        }
    },
    "75": {
        "BestCoverage": 0.8,
        "ChangeParameterProbability": {
            "action": -0.03602948188781739,
            "observation": 0.0520900249481201
        }
    },
    "80": {
        "BestCoverage": 0.8,
        "ChangeParameterProbability": {
            "action": -0.0052287697792053195,
            "observation": 0.01606054306030271
        }
    },
    "85": {
        "BestCoverage": 0.8,
        "ChangeParameterProbability": {
            "action": 0.0037173271179199163,
            "observation": 0.010831773281097391
        }
    },
    "90": {
        "BestCoverage": 0.8,
        "ChangeParameterProbability": {
            "action": -0.08054936528205872,
            "observation": 0.014549100399017308
        }
    },
    "95": {
        "BestCoverage": 0.8,
        "ChangeParameterProbability": {
            "action": -0.062483674287796026,
            "observation": 0.0
        }
    },
    "100": {
        "BestCoverage": 0.8,
        "ChangeParameterProbability": {
            "action": 0.024403500556945804,
            "observation": 0.0
        }
    },
    "105": {
        "BestCoverage": 0.8,
        "ChangeParameterProbability": {
            "action": 0.0062562942504882785,
            "observation": 0.024403500556945804
        }
    },
    "110": {
        "BestCoverage": 0.8,
        "ChangeParameterProbability": {
            "action": -0.021450173854827878,
            "observation": 0.030659794807434082
        }
    },
    "115": {
        "BestCoverage": 0.8,
        "ChangeParameterProbability": {
            "action": -0.06788803935050965,
            "observation": 0.009209620952606204
        }
    },
    "120": {
        "BestCoverage": 0.8,
        "ChangeParameterProbability": {
            "action": -0.014883965253829956,
            "observation": 0.0
        }
    },
    "125": {
        "BestCoverage": 0.8,
        "ChangeParameterProbability": {
            "action": -0.0021251380443572943,
            "observation": 0.0
        }
    },
    "130": {
        "BestCoverage": 0.8,
        "ChangeParameterProbability": {
            "action": 0.07538795471191406,
            "observation": 0.0
        }
    },
    "135": {
        "BestCoverage": 0.8,
        "ChangeParameterProbability": {
            "action": -0.060550045967102055,
            "observation": 0.07538795471191406
        }
    },
    "140": {
        "BestCoverage": 0.8,
        "ChangeParameterProbability": {
            "action": -0.00656317472457886,
            "observation": 0.014837908744812008
        }
    },
    "145": {
        "BestCoverage": 0.8,
        "ChangeParameterProbability": {
            "action": 0.081595778465271,
            "observation": 0.008274734020233147
        }
    },
    "150": {
        "BestCoverage": 0.8,
        "ChangeParameterProbability": {
            "action": -0.08421794772148133,
            "observation": 0.08987051248550415
        }
    },
    "155": {
        "BestCoverage": 0.8,
        "ChangeParameterProbability": {
            "action": 0.0476324439048767,
            "observation": 0.005652564764022816
        }
    },
    "160": {
        "BestCoverage": 0.8,
        "ChangeParameterProbability": {
            "action": -0.042870283126831055,
            "observation": 0.053285008668899514
        }
    },
    "165": {
        "BestCoverage": 0.8,
        "ChangeParameterProbability": {
            "action": -0.0306640088558197,
            "observation": 0.01041472554206846
        }
    },
    "170": {
        "BestCoverage": 0.8,
        "ChangeParameterProbability": {
            "action": -0.08096768260002137,
            "observation": 0.0
        }
    },
    "175": {
        "BestCoverage": 0.8,
        "ChangeParameterProbability": {
            "action": 0.051222991943359386,
            "observation": 0.0
        }
    },
    "180": {
        "BestCoverage": 0.8,
        "ChangeParameterProbability": {
            "action": -0.0704025685787201,
            "observation": 0.051222991943359386
        }
    },
    "185": {
        "BestCoverage": 0.8,
        "ChangeParameterProbability": {
            "action": -0.04955136775970459,
            "observation": 0.0
        }
    },
    "190": {
        "BestCoverage": 0.8,
        "ChangeParameterProbability": {
            "action": -0.06948467493057252,
            "observation": 0.0
        }
    },
    "195": {
        "BestCoverage": 0.8,
        "ChangeParameterProbability": {
            "action": 0.06211719512939454,
            "observation": 0.0
        }
    },
    "200": {
        "BestCoverage": 0.8,
        "ChangeParameterProbability": {
            "action": 0.05457851886749268,
            "observation": 0.06211719512939454
        }
    },
    "205": {
        "BestCoverage": 0.8,
        "ChangeParameterProbability": {
            "action": -0.01148003339767456,
            "observation": 0.11669571399688722
        }
    },
    "210": {
        "BestCoverage": 0.8,
        "ChangeParameterProbability": {
            "action": 0.047440123558044445,
            "observation": 0.10521568059921266
        }
    },
    "215": {
        "BestCoverage": 0.8,
        "ChangeParameterProbability": {
            "action": 0.07200934886932372,
            "observation": 0.1526558041572571
        }
    },
    "220": {
        "BestCoverage": 0.8,
        "ChangeParameterProbability": {
            "action": -0.05172497630119324,
            "observation": 0.22466515302658083
        }
    },
    "225": {
        "BestCoverage": 0.8,
        "ChangeParameterProbability": {
            "action": -0.06384780406951904,
            "observation": 0.17294017672538758
        }
    },