{
    "15": {
        "BestCoverage": 0.8,
        "RandomPerturbation": {
            "action": -0.08087692856788636,
            "observation": 0.2
        }
    },
    "20": {
        "BestCoverage": 0.8,
        "RandomPerturbation": {
            "action": 0.038324666023254406,
            "observation": 0.11912307143211365
        }
    },
    "25": {
        "BestCoverage": 0.8,
        "RandomPerturbation": {
            "action": -0.08331517577171327,
            "observation": 0.15744773745536805
        }
    },
    "30": {
        "BestCoverage": 0.8,
        "RandomPerturbation": {
            "action": -0.03483275771141052,
            "observation": 0.07413256168365479
        }
    },
    "35": {
        "BestCoverage": 0.8,
        "RandomPerturbation": {
            "action": -0.01906346678733825,
            "observation": 0.039299803972244265
        }
    },
    "40": {
        "BestCoverage": 0.8,
        "RandomPerturbation": {
            "action": 0.028737473487853993,
            "observation": 0.020236337184906014
        }
    },
    "45": {
        "BestCoverage": 0.8,
        "RandomPerturbation": {
            "action": -0.041816222667694095,
            "observation": 0.04897381067276001
        }
    },
    "50": {
        "BestCoverage": 0.8,
        "RandomPerturbation": {
            "action": 0.012187707424163821,
            "observation": 0.007157588005065912
        }
    },
    "55": {
        "BestCoverage": 0.8,
        "RandomPerturbation": {
            "action": 0.07667765617370606,
            "observation": 0.019345295429229734
        }
    },
    "60": {
        "BestCoverage": 0.8,
        "RandomPerturbation": {
            "action": 0.061114406585693365,
            "observation": 0.0960229516029358
        }
    },
    "65": {
        "BestCoverage": 0.8,
        "RandomPerturbation": {
            "action": -0.04991733431816101,
            "observation": 0.15713735818862917
        }
    },
    "70": {
        "BestCoverage": 0.8,
        "RandomPerturbation": {
            "action": -0.003705787658691409,
            "observation": 0.10722002387046817
        }
    },
    "75": {
        "BestCoverage": 0.8,
        "RandomPerturbation": {
            "action": 0.08508390188217163,
            "observation": 0.10351423621177676
        }
    },
    "80": {
        "BestCoverage": 0.8,
        "RandomPerturbation": {
            "action": 0.0045926570892333984,
            "observation": 0.18859813809394838
        }
    },
    "85": {
        "BestCoverage": 0.8,
        "RandomPerturbation": {
            "action": 0.0042269229888916016,
            "observation": 0.19319079518318177
        }
    },
    "90": {
        "BestCoverage": 0.8,
        "RandomPerturbation": {
            "action": -0.053986680507659916,
            "observation": 0.19741771817207338
        }
    },
    "95": {
        "BestCoverage": 0.8,
        "RandomPerturbation": {
            "action": -0.08477239608764649,
            "observation": 0.14343103766441345
        }
    },
    "100": {
        "BestCoverage": 0.8,
        "RandomPerturbation": {
            "action": 0.09265422821044922,
            "observation": 0.058658641576766965
        }
    },
    "105": {
        "BestCoverage": 0.8,
        "RandomPerturbation": {
            "action": -0.012337726354598996,
            "observation": 0.1513128697872162
        }
    },
    "110": {
        "BestCoverage": 0.8,
        "RandomPerturbation": {
            "action": -0.019445395469665533,
            "observation": 0.1389751434326172
        }
    },
    "115": {
        "BestCoverage": 0.8,
        "RandomPerturbation": {
            "action": 0.05003993511199953,
            "observation": 0.11952974796295165
        }
    },
    "120": {
        "BestCoverage": 0.8,
        "RandomPerturbation": {
            "action": -0.07052342891693116,
            "observation": 0.16956968307495118
        }
    },
    "125": {
        "BestCoverage": 0.8,
        "RandomPerturbation": {
            "action": -0.07347831726074219,
            "observation": 0.09904625415802003
        }
    },
    "130": {
        "BestCoverage": 0.8,
        "RandomPerturbation": {
            "action": 0.024215209484100345,
            "observation": 0.025567936897277835
        }
    },
    "135": {
        "BestCoverage": 0.8,
        "RandomPerturbation": {
            "action": 0.04179079532623292,
            "observation": 0.04978314638137818
        }
    },
    "140": {
        "BestCoverage": 0.8,
        "RandomPerturbation": {
            "action": 0.0586092472076416,
            "observation": 0.0915739417076111
        }
    },
    "145": {
        "BestCoverage": 0.8,
        "RandomPerturbation": {
            "action": 0.02324974536895752,
            "observation": 0.1501831889152527
        }
    },
    "150": {
        "BestCoverage": 0.8,
        "RandomPerturbation": {
            "action": -0.019561636447906497,
            "observation": 0.17343293428421022
        }
    },
    "155": {
        "BestCoverage": 0.8,
        "RandomPerturbation": {
            "action": -0.07147139310836792,
            "observation": 0.1538712978363037
        }
    },
    "160": {
        "BestCoverage": 0.8,
        "RandomPerturbation": {
            "action": -0.09804488420486451,
            "observation": 0.08239990472793579
        }
    },
    "165": {
        "BestCoverage": 0.8,
        "RandomPerturbation": {
            "action": 0.06530262231826783,
            "observation": 0.0
        }
    },
    "170": {
        "BestCoverage": 0.8,
        "RandomPerturbation": {
            "action": -0.017329192161560064,
            "observation": 0.06530262231826783
        }
    },
    "175": {
        "BestCoverage": 0.8,
        "RandomPerturbation": {
            "action": 0.06864497661590577,
            "observation": 0.04797343015670777
        }
    },
    "180": {
        "BestCoverage": 0.8,
        "RandomPerturbation": {
            "action": 0.028227198123931874,
            "observation": 0.11661840677261354
        }
    },
    "185": {
        "BestCoverage": 0.8,
        "RandomPerturbation": {
            "action": -0.049533069133758545,
            "observation": 0.1448456048965454
        }
    },
    "190": {
        "BestCoverage": 0.8,
        "RandomPerturbation": {
            "action": 0.013232636451721194,
            "observation": 0.09531253576278687
        }
    },
    "195": {
        "BestCoverage": 0.8,
        "RandomPerturbation": {
            "action": -0.012243342399597165,
            "observation": 0.10854517221450806
        }
    },
    "200": {
        "BestCoverage": 0.8,
        "RandomPerturbation": {
            "action": -0.05413098335266114,
            "observation": 0.0963018298149109
        }
    },
    "205": {
        "BestCoverage": 0.8,
        "RandomPerturbation": {
            "action": -0.049182236194610596,
            "observation": 0.04217084646224976
        }
    },
    "210": {
        "BestCoverage": 0.8,
        "RandomPerturbation": {
            "action": 0.02251980304718018,
            "observation": 0.0
        }
    },
    "215": {
        "BestCoverage": 0.8,
        "RandomPerturbation": {
            "action": -0.0557232677936554,
            "observation": 0.02251980304718018
        }
    },
    "220": {
        "BestCoverage": 0.8,
        "RandomPerturbation": {
            "action": 0.05751894712448122,
            "observation": 0.0
        }
    },
    "225": {
        "BestCoverage": 0.8,
        "RandomPerturbation": {
            "action": -0.002359247207641607,
            "observation": 0.05751894712448122
        }
    },
    "230": {
        "BestCoverage": 0.8,
        "RandomPerturbation": {
            "action": -0.03692506551742554,
            "observation": 0.05515969991683961
        }
    },
    "235": {
        "BestCoverage": 0.8,