{
    "15": {
        "BestCoverage": 0.8,
        "ChangeParameterProbability": {
            "action": 0.010818409919738772,
            "observation": 0.1
        }
    },
    "20": {
        "BestCoverage": 0.8,
        "ChangeParameterProbability": {
            "action": 0.09448223114013674,
            "observation": 0.11081840991973878
        }
    },
    "25": {
        "BestCoverage": 0.8,
        "ChangeParameterProbability": {
            "action": -0.0633578896522522,
            "observation": 0.2053006410598755
        }
    },
    "30": {
        "BestCoverage": 0.8,
        "ChangeParameterProbability": {
            "action": 0.01859689950942993,
            "observation": 0.1419427514076233
        }
    },
    "35": {
        "BestCoverage": 0.8,
        "ChangeParameterProbability": {
            "action": -0.0250160038471222,
            "observation": 0.16053965091705324
        }
    },
    "40": {
        "BestCoverage": 0.8,
        "ChangeParameterProbability": {
            "action": 0.00023615360260009766,
            "observation": 0.13552364706993103
        }
    },
    "45": {
        "BestCoverage": 0.8,
        "ChangeParameterProbability": {
            "action": -0.011171710491180417,
            "observation": 0.13575980067253113
        }
    },
    "50": {
        "BestCoverage": 0.8,
        "ChangeParameterProbability": {
            "action": -0.09836305379867555,
            "observation": 0.12458809018135071
        }
    },
    "55": {
        "BestCoverage": 0.8,
        "ChangeParameterProbability": {
            "action": -0.07811103463172914,
            "observation": 0.026225036382675163
        }
    },
    "60": {
        "BestCoverage": 0.8,
        "ChangeParameterProbability": {
            "action": -0.07907584309577942,
            "observation": 0.0
        }
    },
    "65": {
        "BestCoverage": 0.8,
        "ChangeParameterProbability": {
            "action": -0.0807953715324402,
            "observation": 0.0
        }
    },
    "70": {
        "BestCoverage": 0.8,
        "ChangeParameterProbability": {
            "action": -0.048801058530807497,
            "observation": 0.0
        }
    },
    "75": {
        "BestCoverage": 0.8,
        "ChangeParameterProbability": {
            "action": -0.008610945940017697,
            "observation": 0.0
        }
    },
    "80": {
        "BestCoverage": 0.8,
        "ChangeParameterProbability": {
            "action": -0.003067106008529663,
            "observation": 0.0
        }
    },
    "85": {
        "BestCoverage": 0.8,
        "ChangeParameterProbability": {
            "action": -0.01699925661087036,
            "observation": 0.0
        }
    },
    "90": {
        "BestCoverage": 0.8,
        "ChangeParameterProbability": {
            "action": -0.04985440373420716,
            "observation": 0.0
        }
    },
    "95": {
        "BestCoverage": 0.8,
        "ChangeParameterProbability": {
            "action": -0.06489851474761962,
            "observation": 0.0
        }
    },
    "100": {
        "BestCoverage": 0.8,
        "ChangeParameterProbability": {
            "action": 0.07889757156372071,
            "observation": 0.0
        }
    },
    "105": {
        "BestCoverage": 0.8,
        "ChangeParameterProbability": {
            "action": -0.010130810737609866,
            "observation": 0.07889757156372071
        }
    },
    "110": {
        "BestCoverage": 0.8,
        "ChangeParameterProbability": {
            "action": -0.04882244467735291,
            "observation": 0.06876676082611084
        }
    },
    "115": {
        "BestCoverage": 0.8,
        "ChangeParameterProbability": {
            "action": 0.07373323440551757,
            "observation": 0.019944316148757933
        }
    },
    "120": {
        "BestCoverage": 0.8,
        "ChangeParameterProbability": {
            "action": 0.08400870561599733,
            "observation": 0.09367755055427551
        }
    },
    "125": {
        "BestCoverage": 0.8,
        "ChangeParameterProbability": {
            "action": -0.01841824054718018,
            "observation": 0.17768625617027284
        }
    },
    "130": {
        "BestCoverage": 0.8,
        "ChangeParameterProbability": {
            "action": -0.015041011571884158,
            "observation": 0.15926801562309267
        }
    },
    "135": {
        "BestCoverage": 0.8,
        "ChangeParameterProbability": {
            "action": 0.003678357601165777,
            "observation": 0.14422700405120853
        }
    },
    "140": {
        "BestCoverage": 0.8,
        "ChangeParameterProbability": {
            "action": 0.022936987876892093,
            "observation": 0.1479053616523743
        }
    },
    "145": {
        "BestCoverage": 0.8,
        "ChangeParameterProbability": {
            "action": 0.06046559810638427,
            "observation": 0.1708423495292664
        }
    },
    "150": {
        "BestCoverage": 0.8,
        "ChangeParameterProbability": {
            "action": 0.016283035278320312,
            "observation": 0.23130794763565068
        }
    },
    "155": {
        "BestCoverage": 0.8,
        "ChangeParameterProbability": {
            "action": 0.04276450872421264,
            "observation": 0.247590982913971
        }
    },
    "160": {
        "BestCoverage": 0.8,
        "ChangeParameterProbability": {
            "action": -0.010047107934951782,
            "observation": 0.29035549163818364
        }
    },
    "165": {
        "BestCoverage": 0.8,
        "ChangeParameterProbability": {
            "action": 0.0894648313522339,
            "observation": 0.28030838370323186
        }
    },
    "170": {
        "BestCoverage": 0.8,
        "ChangeParameterProbability": {
            "action": 0.06682522296905519,
            "observation": 0.3697732150554658
        }
    },
    "175": {
        "BestCoverage": 0.8,
        "ChangeParameterProbability": {
            "action": -0.021388101577758792,
            "observation": 0.436598438024521
        }
    },
    "180": {
        "BestCoverage": 0.8,
        "ChangeParameterProbability": {
            "action": -0.04604676961898804,
            "observation": 0.4152103364467622
        }
    },
    "185": {
        "BestCoverage": 0.8,
        "ChangeParameterProbability": {
            "action": -0.07272620797157288,
            "observation": 0.3691635668277742
        }
    },
    "190": {
        "BestCoverage": 0.8,
        "ChangeParameterProbability": {
            "action": -0.0014912188053131104,
            "observation": 0.2964373588562013
        }
    },
    "195": {
        "BestCoverage": 0.8,
        "ChangeParameterProbability": {
            "action": 0.07666188478469849,
            "observation": 0.2949461400508882
        }
    },
    "200": {
        "BestCoverage": 0.8,
        "ChangeParameterProbability": {
            "action": -0.00241821408271789,
            "observation": 0.3716080248355867
        }
    },
    "205": {
        "BestCoverage": 0.8,
        "ChangeParameterProbability": {
            "action": 0.09649629592895509,
            "observation": 0.36918981075286883
        }
    },
    "210": {
        "BestCoverage": 0.8,
        "ChangeParameterProbability": {
            "action": -0.05849596858024597,
            "observation": 0.4656861066818239
        }
    },
    "215": {
        "BestCoverage": 0.8,
        "ChangeParameterProbability": {
            "action": -0.08228928446769715,
            "observation": 0.40719013810157795
        }
    },
    "220": {
        "BestCoverage": 0.8,
        "ChangeParameterProbability": {
            "action": 0.0707106113433838,
            "observation": 0.32490085363388077
        }
    },
    "225": {
        "BestCoverage": 0.8,
        "ChangeParameterProbability": {
            "action": -0.004831558465957647,
            "observation": 0.39561146497726457
        }
    },