{
    "20": {
        "BestCoverage": 0.75,
        "CrossoverRate": {
            "action": 0.09189579486846924,
            "observation": 0.75
        }
    },
    "25": {
        "BestCoverage": 0.75,
        "CrossoverRate": {
            "action": 0.02094260454177857,
            "observation": 0.8418957948684692
        }
    },
    "30": {
        "BestCoverage": 0.75,
        "CrossoverRate": {
            "action": 0.09436581134796143,
            "observation": 0.8628383994102478
        }
    },
    "35": {
        "BestCoverage": 0.75,
        "CrossoverRate": {
            "action": -0.07645671963691712,
            "observation": 0.9572042107582092
        }
    },
    "40": {
        "BestCoverage": 0.75,
        "CrossoverRate": {
            "action": -0.08975719809532166,
            "observation": 0.880747491121292
        }
    },
    "45": {
        "BestCoverage": 0.75,
        "CrossoverRate": {
            "action": 0.027515256404876703,
            "observation": 0.7909902930259703
        }
    },
    "50": {
        "BestCoverage": 0.75,
        "CrossoverRate": {
            "action": 0.055572319030761735,
            "observation": 0.8185055494308471
        }
    },
    "55": {
        "BestCoverage": 0.75,
        "CrossoverRate": {
            "action": -0.013365298509597778,
            "observation": 0.8740778684616088
        }
    },
    "60": {
        "BestCoverage": 0.75,
        "CrossoverRate": {
            "action": 0.05231177806854248,
            "observation": 0.8607125699520111
        }
    },
    "65": {
        "BestCoverage": 0.75,
        "CrossoverRate": {
            "action": 0.09202316999435425,
            "observation": 0.9130243480205535
        }
    },
    "70": {
        "BestCoverage": 0.75,
        "CrossoverRate": {
            "action": 0.03767123222351074,
            "observation": 1.0
        }
    },
    "75": {
        "BestCoverage": 0.75,
        "CrossoverRate": {
            "action": -0.09966500997543336,
            "observation": 1.0
        }
    },
    "80": {
        "BestCoverage": 0.75,
        "CrossoverRate": {
            "action": 0.027385401725769032,
            "observation": 0.9003349900245666
        }
    },
    "85": {
        "BestCoverage": 0.75,
        "CrossoverRate": {
            "action": -0.04489221572875977,
            "observation": 0.9277203917503356
        }
    },
    "90": {
        "BestCoverage": 0.75,
        "CrossoverRate": {
            "action": -0.009527474641799927,
            "observation": 0.8828281760215758
        }
    },
    "95": {
        "BestCoverage": 0.75,
        "CrossoverRate": {
            "action": -0.03121774196624756,
            "observation": 0.8733007013797759
        }
    },
    "100": {
        "BestCoverage": 0.75,
        "CrossoverRate": {
            "action": 0.027599859237670887,
            "observation": 0.8420829594135283
        }
    },
    "105": {
        "BestCoverage": 0.75,
        "CrossoverRate": {
            "action": -0.007912087440490725,
            "observation": 0.8696828186511991
        }
    },
    "110": {
        "BestCoverage": 0.75,
        "CrossoverRate": {
            "action": -0.09148554205894471,
            "observation": 0.8617707312107084
        }
    },
    "115": {
        "BestCoverage": 0.75,
        "CrossoverRate": {
            "action": -0.08147349357604981,
            "observation": 0.7702851891517637
        }
    },
    "120": {
        "BestCoverage": 0.75,
        "CrossoverRate": {
            "action": 0.09833567142486574,
            "observation": 0.6888116955757139
        }
    },
    "125": {
        "BestCoverage": 0.75,
        "CrossoverRate": {
            "action": 0.009464251995086673,
            "observation": 0.7871473670005796
        }
    },
    "130": {
        "BestCoverage": 0.75,
        "CrossoverRate": {
            "action": -0.0014078557491302435,
            "observation": 0.7966116189956663
        }
    },
    "135": {
        "BestCoverage": 0.75,
        "CrossoverRate": {
            "action": -0.00014292001724243442,
            "observation": 0.7952037632465361
        }
    },
    "140": {
        "BestCoverage": 0.75,
        "CrossoverRate": {
            "action": -0.056199222803115845,
            "observation": 0.7950608432292936
        }
    },
    "145": {
        "BestCoverage": 0.75,
        "CrossoverRate": {
            "action": -0.090004563331604,
            "observation": 0.7388616204261778
        }
    },
    "150": {
        "BestCoverage": 0.75,
        "CrossoverRate": {
            "action": -0.022472584247589106,
            "observation": 0.6488570570945738
        }
    },
    "155": {
        "BestCoverage": 0.75,
        "CrossoverRate": {
            "action": -0.05983949303627015,
            "observation": 0.6263844728469846
        }
    },
    "160": {
        "BestCoverage": 0.75,
        "CrossoverRate": {
            "action": -0.04714416265487671,
            "observation": 0.5665449798107145
        }
    },
    "165": {
        "BestCoverage": 0.75,
        "CrossoverRate": {
            "action": 0.09986342191696168,
            "observation": 0.5194008171558377
        }
    },
    "170": {
        "BestCoverage": 0.75,
        "CrossoverRate": {
            "action": 0.0488773226737976,
            "observation": 0.6192642390727994
        }
    },
    "175": {
        "BestCoverage": 0.75,
        "CrossoverRate": {
            "action": -0.06137604713439942,
            "observation": 0.668141561746597
        }
    },
    "180": {
        "BestCoverage": 0.75,
        "CrossoverRate": {
            "action": -0.00960846543312073,
            "observation": 0.6067655146121976
        }
    },
    "185": {
        "BestCoverage": 0.75,
        "CrossoverRate": {
            "action": -0.0016713738441467285,
            "observation": 0.5971570491790769
        }
    },
    "190": {
        "BestCoverage": 0.75,
        "CrossoverRate": {
            "action": 0.032228255271911616,
            "observation": 0.5954856753349301
        }
    },
    "195": {
        "BestCoverage": 0.75,
        "CrossoverRate": {
            "action": 0.02746868133544922,
            "observation": 0.6277139306068418
        }
    },
    "200": {
        "BestCoverage": 0.75,
        "CrossoverRate": {
            "action": -0.045796751976013184,
            "observation": 0.655182611942291
        }
    },
    "205": {
        "BestCoverage": 0.75,
        "CrossoverRate": {
            "action": -0.0443296492099762,
            "observation": 0.6093858599662778
        }
    },
    "210": {
        "BestCoverage": 0.75,
        "CrossoverRate": {
            "action": -0.08663975596427918,
            "observation": 0.5650562107563016
        }
    },
    "215": {
        "BestCoverage": 0.75,
        "CrossoverRate": {
            "action": -0.08611798286437988,
            "observation": 0.47841645479202244
        }
    },
    "220": {
        "BestCoverage": 0.75,
        "CrossoverRate": {
            "action": -0.06168536543846131,
            "observation": 0.39229847192764256
        }
    },
    "225": {
        "BestCoverage": 0.75,
        "CrossoverRate": {
            "action": 0.05616927146911621,
            "observation": 0.33061310648918124
        }
    },
    "230": {
        "BestCoverage": 0.75,
        "CrossoverRate": {
            "action": 0.006447386741638181,
            "observation": 0.38678237795829745
        }
    },
    "235": {
        "BestCoverage": 0.75,
        "CrossoverRate": {
            "action": -0.009077763557434088,
            "observation": 0.39322976469993565
        }
    },
    "240": {
        "BestCoverage": 0.75,
        "CrossoverRate": {
            "action": -0.09786933064460755,
            "observation": 0.3841520011425016
        }
    },
    "245": {
        "BestCoverage": 0.75,