{
    "15": {
        "BestCoverage": 0.8,
        "Elite": {
            "action": -0.6097797751426697,
            "observation": 1
        }
    },
    "20": {
        "BestCoverage": 0.8,
        "Elite": {
            "action": 0.2945427894592285,
            "observation": 0
        }
    },
    "25": {
        "BestCoverage": 0.8,
        "Elite": {
            "action": -0.2570839524269104,
            "observation": 0
        }
    },
    "30": {
        "BestCoverage": 0.8,
        "Elite": {
            "action": 0.5338250398635864,
            "observation": 0
        }
    },
    "35": {
        "BestCoverage": 0.8,
        "Elite": {
            "action": 0.9830853939056396,
            "observation": 1
        }
    },
    "40": {
        "BestCoverage": 0.8,
        "Elite": {
            "action": -0.8806482553482056,
            "observation": 2
        }
    },
    "45": {
        "BestCoverage": 0.8,
        "Elite": {
            "action": -0.6422576308250427,
            "observation": 1
        }
    },
    "50": {
        "BestCoverage": 0.8,
        "Elite": {
            "action": 0.9423279762268066,
            "observation": 0
        }
    },
    "55": {
        "BestCoverage": 0.8,
        "Elite": {
            "action": 0.5912876129150391,
            "observation": 1
        }
    },
    "60": {
        "BestCoverage": 0.8,
        "Elite": {
            "action": -0.6136313676834106,
            "observation": 2
        }
    },
    "65": {
        "BestCoverage": 0.8,
        "Elite": {
            "action": -0.7399850487709045,
            "observation": 1
        }
    },
    "70": {
        "BestCoverage": 0.8,
        "Elite": {
            "action": -0.5944792628288269,
            "observation": 0
        }
    },
    "75": {
        "BestCoverage": 0.8,
        "Elite": {
            "action": 0.08209240436553955,
            "observation": 0
        }
    },
    "80": {
        "BestCoverage": 0.8,
        "Elite": {
            "action": -0.294325590133667,
            "observation": 0
        }
    },
    "85": {
        "BestCoverage": 0.8,
        "Elite": {
            "action": -0.1932065486907959,
            "observation": 0
        }
    },
    "90": {
        "BestCoverage": 0.8,
        "Elite": {
            "action": -0.10645830631256104,
            "observation": 0
        }
    },
    "95": {
        "BestCoverage": 0.8,
        "Elite": {
            "action": -0.19510316848754883,
            "observation": 0
        }
    },
    "100": {
        "BestCoverage": 0.8,
        "Elite": {
            "action": 0.015527963638305664,
            "observation": 0
        }
    },
    "105": {
        "BestCoverage": 0.8,
        "Elite": {
            "action": -0.4360133409500122,
            "observation": 0
        }
    },
    "110": {
        "BestCoverage": 0.8,
        "Elite": {
            "action": 0.03694629669189453,
            "observation": 0
        }
    },
    "115": {
        "BestCoverage": 0.8,
        "Elite": {
            "action": 0.6745758056640625,
            "observation": 0
        }
    },
    "120": {
        "BestCoverage": 0.8,
        "Elite": {
            "action": 0.07471513748168945,
            "observation": 1
        }
    },
    "125": {
        "BestCoverage": 0.8,
        "Elite": {
            "action": -0.5605287551879883,
            "observation": 1
        }
    },
    "130": {
        "BestCoverage": 0.8,
        "Elite": {
            "action": -0.5700365900993347,
            "observation": 0
        }
    },
    "135": {
        "BestCoverage": 0.8,
        "Elite": {
            "action": 0.14579415321350098,
            "observation": 0
        }
    },
    "140": {
        "BestCoverage": 0.8,
        "Elite": {
            "action": -0.17213213443756104,
            "observation": 0
        }
    },
    "145": {
        "BestCoverage": 0.8,
        "Elite": {
            "action": -0.42597585916519165,
            "observation": 0
        }
    },
    "150": {
        "BestCoverage": 0.8,
        "Elite": {
            "action": 0.24915528297424316,
            "observation": 0
        }
    },
    "155": {
        "BestCoverage": 0.8,
        "Elite": {
            "action": -0.9316295385360718,
            "observation": 0
        }
    },
    "160": {
        "BestCoverage": 0.8,
        "Elite": {
            "action": -0.8216103911399841,
            "observation": 0
        }
    },
    "165": {
        "BestCoverage": 0.8,
        "Elite": {
            "action": -0.11568713188171387,
            "observation": 0
        }
    },
    "170": {
        "BestCoverage": 0.8,
        "Elite": {
            "action": 0.5796718597412109,
            "observation": 0
        }
    },
    "175": {
        "BestCoverage": 0.8,
        "Elite": {
            "action": 0.20804262161254883,
            "observation": 1
        }
    },
    "180": {
        "BestCoverage": 0.8,
        "Elite": {
            "action": -0.8994176387786865,
            "observation": 1
        }
    },
    "185": {
        "BestCoverage": 0.8,
        "Elite": {
            "action": 0.8089268207550049,
            "observation": 0
        }
    },
    "190": {
        "BestCoverage": 0.8,
        "Elite": {
            "action": -0.7715929746627808,
            "observation": 1
        }
    },
    "195": {
        "BestCoverage": 0.8,
        "Elite": {
            "action": -0.7671249508857727,
            "observation": 0
        }
    },
    "200": {
        "BestCoverage": 0.8,
        "Elite": {
            "action": 0.1452113389968872,
            "observation": 0
        }
    },
    "205": {
        "BestCoverage": 0.8,
        "Elite": {
            "action": -0.42348986864089966,
            "observation": 0
        }
    },
    "210": {
        "BestCoverage": 0.8,
        "Elite": {
            "action": 0.5584850311279297,
            "observation": 0
        }
    },
    "215": {
        "BestCoverage": 0.8,
        "Elite": {
            "action": 0.4898073673248291,
            "observation": 1
        }
    },
    "220": {
        "BestCoverage": 0.8,
        "Elite": {
            "action": 0.07019364833831787,
            "observation": 1
        }
    },
    "225": {
        "BestCoverage": 0.8,
        "Elite": {
            "action": -0.7207055687904358,
            "observation": 1
        }
    },
    "230": {
        "BestCoverage": 0.8,
        "Elite": {
            "action": 0.4048173427581787,
            "observation": 0
        }
    },
    "235": {
        "BestCoverage": 0.8,
        "Elite": {
            "action": -0.40641480684280396,
            "observation": 0
        }
    },
    "240": {
        "BestCoverage": 0.8,
        "Elite": {
            "action": 0.11584663391113281,
            "observation": 0
        }
    },
    "245": {
        "BestCoverage": 0.8,
        "Elite": {
            "action": 0.4365971088409424,
            "observation": 0
        }
    },
    "250": {
        "BestCoverage": 0.8,
        "Elite": {
            "action": -0.012845158576965332,
            "observation": 0
        }
    },
    "255": {
        "BestCoverage": 0.8,
        "Elite": {
            "action": 0.4631143808364868,
            "observation": 0
        }
    },
    "260": {
        "BestCoverage": 0.8,
        "Elite": {
            "action": 0.26582014560699463,
            "observation": 0
        }
    },
    "265": {
        "BestCoverage": 0.8,
        "Elite": {
            "action": 0.672504186630249,
            "observation": 0
        }
    },
    "270": {
        "BestCoverage": 0.8,
        "Elite": {
            "action": -0.7347801923751831,
            "observation": 1
        }
    },
    "275": {
        "BestCoverage": 0.8,
        "Elite": {
            "action": 0.9160436391830444,
            "observation": 0
        }
    },
    "280": {
        "BestCoverage": 0.8,