{
    "15": {
        "BestCoverage": 0.8,
        "Elite": {
            "action": 0.8770747184753418,
            "observation": 1
        }
    },
    "20": {
        "BestCoverage": 0.8,
        "Elite": {
            "action": -0.6557064056396484,
            "observation": 2
        }
    },
    "25": {
        "BestCoverage": 0.8,
        "Elite": {
            "action": 0.6158833503723145,
            "observation": 1
        }
    },
    "30": {
        "BestCoverage": 0.8,
        "Elite": {
            "action": -0.7710317969322205,
            "observation": 2
        }
    },
    "35": {
        "BestCoverage": 0.8,
        "Elite": {
            "action": -0.19000625610351562,
            "observation": 1
        }
    },
    "40": {
        "BestCoverage": 0.8,
        "Elite": {
            "action": 0.685305118560791,
            "observation": 1
        }
    },
    "45": {
        "BestCoverage": 0.8,
        "Elite": {
            "action": -0.831903874874115,
            "observation": 2
        }
    },
    "50": {
        "BestCoverage": 0.8,
        "Elite": {
            "action": -0.025362908840179443,
            "observation": 1
        }
    },
    "55": {
        "BestCoverage": 0.8,
        "Elite": {
            "action": -0.06726425886154175,
            "observation": 1
        }
    },
    "60": {
        "BestCoverage": 0.8,
        "Elite": {
            "action": -0.6400039792060852,
            "observation": 1
        }
    },
    "65": {
        "BestCoverage": 0.8,
        "Elite": {
            "action": -0.1381291151046753,
            "observation": 0
        }
    },
    "70": {
        "BestCoverage": 0.8,
        "Elite": {
            "action": -0.5150521993637085,
            "observation": 0
        }
    },
    "75": {
        "BestCoverage": 0.8,
        "Elite": {
            "action": -0.8670596480369568,
            "observation": 0
        }
    },
    "80": {
        "BestCoverage": 0.8,
        "Elite": {
            "action": 0.9961330890655518,
            "observation": 0
        }
    },
    "85": {
        "BestCoverage": 0.8,
        "Elite": {
            "action": 0.30950796604156494,
            "observation": 1
        }
    },
    "90": {
        "BestCoverage": 0.8,
        "Elite": {
            "action": -0.5459564924240112,
            "observation": 1
        }
    },
    "95": {
        "BestCoverage": 0.8,
        "Elite": {
            "action": -0.7296032905578613,
            "observation": 0
        }
    },
    "100": {
        "BestCoverage": 0.8,
        "Elite": {
            "action": -0.5864217877388,
            "observation": 0
        }
    },
    "105": {
        "BestCoverage": 0.8,
        "Elite": {
            "action": -0.8145109415054321,
            "observation": 0
        }
    },
    "110": {
        "BestCoverage": 0.8,
        "Elite": {
            "action": -0.06729048490524292,
            "observation": 0
        }
    },
    "115": {
        "BestCoverage": 0.8,
        "Elite": {
            "action": -0.1569649577140808,
            "observation": 0
        }
    },
    "120": {
        "BestCoverage": 0.8,
        "Elite": {
            "action": -0.7406811118125916,
            "observation": 0
        }
    },
    "125": {
        "BestCoverage": 0.8,
        "Elite": {
            "action": 0.09187901020050049,
            "observation": 0
        }
    },
    "130": {
        "BestCoverage": 0.8,
        "Elite": {
            "action": 0.23001015186309814,
            "observation": 0
        }
    },
    "135": {
        "BestCoverage": 0.8,
        "Elite": {
            "action": 0.2901182174682617,
            "observation": 0
        }
    },
    "140": {
        "BestCoverage": 0.8,
        "Elite": {
            "action": -0.5660476684570312,
            "observation": 0
        }
    },
    "145": {
        "BestCoverage": 0.8,
        "Elite": {
            "action": 0.09235572814941406,
            "observation": 0
        }
    },
    "150": {
        "BestCoverage": 0.8,
        "Elite": {
            "action": 0.5628530979156494,
            "observation": 0
        }
    },
    "155": {
        "BestCoverage": 0.8,
        "Elite": {
            "action": -0.439963161945343,
            "observation": 1
        }
    },
    "160": {
        "BestCoverage": 0.8,
        "Elite": {
            "action": 0.5186288356781006,
            "observation": 1
        }
    },
    "165": {
        "BestCoverage": 0.8,
        "Elite": {
            "action": -0.7820563316345215,
            "observation": 2
        }
    },
    "170": {
        "BestCoverage": 0.8,
        "Elite": {
            "action": 0.9993457794189453,
            "observation": 1
        }
    },
    "175": {
        "BestCoverage": 0.8,
        "Elite": {
            "action": -0.797548234462738,
            "observation": 2
        }
    },
    "180": {
        "BestCoverage": 0.8,
        "Elite": {
            "action": -0.72397381067276,
            "observation": 1
        }
    },
    "185": {
        "BestCoverage": 0.8,
        "Elite": {
            "action": -0.9443146586418152,
            "observation": 0
        }
    },
    "190": {
        "BestCoverage": 0.8,
        "Elite": {
            "action": 0.886275053024292,
            "observation": 0
        }
    },
    "195": {
        "BestCoverage": 0.8,
        "Elite": {
            "action": 0.20661163330078125,
            "observation": 1
        }
    },
    "200": {
        "BestCoverage": 0.8,
        "Elite": {
            "action": -0.9536658525466919,
            "observation": 1
        }
    },
    "205": {
        "BestCoverage": 0.8,
        "Elite": {
            "action": 0.8565613031387329,
            "observation": 0
        }
    },
    "210": {
        "BestCoverage": 0.8,
        "Elite": {
            "action": -0.7937965393066406,
            "observation": 1
        }
    },
    "215": {
        "BestCoverage": 0.8,
        "Elite": {
            "action": 0.6388218402862549,
            "observation": 0
        }
    },
    "220": {
        "BestCoverage": 0.8,
        "Elite": {
            "action": 0.5781955718994141,
            "observation": 1
        }
    },
    "225": {
        "BestCoverage": 0.8,
        "Elite": {
            "action": -0.09908628463745117,
            "observation": 2
        }
    },
    "230": {
        "BestCoverage": 0.8,
        "Elite": {
            "action": 0.127585768699646,
            "observation": 2
        }
    },
    "235": {
        "BestCoverage": 0.8,
        "Elite": {
            "action": -0.8724763989448547,
            "observation": 2
        }
    },
    "240": {
        "BestCoverage": 0.8,
        "Elite": {
            "action": 0.6232528686523438,
            "observation": 1
        }
    },
    "245": {
        "BestCoverage": 0.8,
        "Elite": {
            "action": 0.5968800783157349,
            "observation": 2
        }
    },
    "250": {
        "BestCoverage": 0.8,
        "Elite": {
            "action": -0.4455534815788269,
            "observation": 3
        }
    },
    "255": {
        "BestCoverage": 0.8,
        "Elite": {
            "action": -0.2790137529373169,
            "observation": 3
        }
    },
    "260": {
        "BestCoverage": 0.8,
        "Elite": {
            "action": -0.15429848432540894,
            "observation": 3
        }
    },
    "265": {
        "BestCoverage": 0.8,
        "Elite": {
            "action": -0.0987737774848938,
            "observation": 3
        }
    },
    "270": {
        "BestCoverage": 0.8,
        "Elite": {
            "action": 0.7737159729003906,
            "observation": 3
        }
    },
    "275": {
        "BestCoverage": 0.8,
        "Elite": {
            "action": -0.4969888925552368,
            "observation": 4
        }
    },
    "280": {
        "BestCoverage": 0.8,