{
    "15": {
        "BestCoverage": 0.75,
        "TournamentSize": {
            "action": -0.9091750383377075,
            "observation": 5
        }
    },
    "20": {
        "BestCoverage": 0.75,
        "TournamentSize": {
            "action": -0.4235790967941284,
            "observation": 4
        }
    },
    "25": {
        "BestCoverage": 0.75,
        "TournamentSize": {
            "action": 0.752220630645752,
            "observation": 4
        }
    },
    "30": {
        "BestCoverage": 0.75,
        "TournamentSize": {
            "action": 0.38338494300842285,
            "observation": 5
        }
    },
    "35": {
        "BestCoverage": 0.75,
        "TournamentSize": {
            "action": 0.26275205612182617,
            "observation": 5
        }
    },
    "40": {
        "BestCoverage": 0.75,
        "TournamentSize": {
            "action": 0.9796186685562134,
            "observation": 5
        }
    },
    "45": {
        "BestCoverage": 0.75,
        "TournamentSize": {
            "action": 0.6838493347167969,
            "observation": 6
        }
    },
    "50": {
        "BestCoverage": 0.75,
        "TournamentSize": {
            "action": -0.4886252284049988,
            "observation": 7
        }
    },
    "55": {
        "BestCoverage": 0.75,
        "TournamentSize": {
            "action": 0.8156263828277588,
            "observation": 7
        }
    },
    "60": {
        "BestCoverage": 0.75,
        "TournamentSize": {
            "action": -0.19065940380096436,
            "observation": 8
        }
    },
    "65": {
        "BestCoverage": 0.75,
        "TournamentSize": {
            "action": -0.9550394415855408,
            "observation": 8
        }
    },
    "70": {
        "BestCoverage": 0.75,
        "TournamentSize": {
            "action": 0.4547111988067627,
            "observation": 7
        }
    },
    "75": {
        "BestCoverage": 0.75,
        "TournamentSize": {
            "action": 0.3022627830505371,
            "observation": 7
        }
    },
    "80": {
        "BestCoverage": 0.75,
        "TournamentSize": {
            "action": -0.3408212661743164,
            "observation": 7
        }
    },
    "85": {
        "BestCoverage": 0.75,
        "TournamentSize": {
            "action": -0.13441532850265503,
            "observation": 7
        }
    },
    "90": {
        "BestCoverage": 0.75,
        "TournamentSize": {
            "action": -0.531868040561676,
            "observation": 7
        }
    },
    "95": {
        "BestCoverage": 0.75,
        "TournamentSize": {
            "action": 0.28852057456970215,
            "observation": 6
        }
    },
    "100": {
        "BestCoverage": 0.75,
        "TournamentSize": {
            "action": 0.9483814239501953,
            "observation": 6
        }
    },
    "105": {
        "BestCoverage": 0.75,
        "TournamentSize": {
            "action": -0.8407671451568604,
            "observation": 7
        }
    },
    "110": {
        "BestCoverage": 0.75,
        "TournamentSize": {
            "action": -0.98774254322052,
            "observation": 6
        }
    },
    "115": {
        "BestCoverage": 0.75,
        "TournamentSize": {
            "action": -0.08362984657287598,
            "observation": 5
        }
    },
    "120": {
        "BestCoverage": 0.7625,
        "TournamentSize": {
            "action": 0.4254319667816162,
            "observation": 5
        }
    },
    "125": {
        "BestCoverage": 0.7625,
        "TournamentSize": {
            "action": 0.7431437969207764,
            "observation": 5
        }
    },
    "130": {
        "BestCoverage": 0.7625,
        "TournamentSize": {
            "action": 0.7348520755767822,
            "observation": 6
        }
    },
    "135": {
        "BestCoverage": 0.7625,
        "TournamentSize": {
            "action": 0.3026864528656006,
            "observation": 7
        }
    },
    "140": {
        "BestCoverage": 0.7625,
        "TournamentSize": {
            "action": -0.3848029375076294,
            "observation": 7
        }
    },
    "145": {
        "BestCoverage": 0.7625,
        "TournamentSize": {
            "action": 0.8151810169219971,
            "observation": 7
        }
    },
    "150": {
        "BestCoverage": 0.7625,
        "TournamentSize": {
            "action": 0.513007640838623,
            "observation": 8
        }
    },
    "155": {
        "BestCoverage": 0.7625,
        "TournamentSize": {
            "action": 0.23230314254760742,
            "observation": 9
        }
    },
    "160": {
        "BestCoverage": 0.7625,
        "TournamentSize": {
            "action": -0.39262259006500244,
            "observation": 9
        }
    },
    "165": {
        "BestCoverage": 0.7625,
        "TournamentSize": {
            "action": 0.5725003480911255,
            "observation": 9
        }
    },
    "170": {
        "BestCoverage": 0.7625,
        "TournamentSize": {
            "action": -0.5653611421585083,
            "observation": 10
        }
    },
    "175": {
        "BestCoverage": 0.7625,
        "TournamentSize": {
            "action": 0.7001676559448242,
            "observation": 9
        }
    },
    "180": {
        "BestCoverage": 0.7625,
        "TournamentSize": {
            "action": -0.9241037368774414,
            "observation": 10
        }
    },
    "185": {
        "BestCoverage": 0.7625,
        "TournamentSize": {
            "action": -0.5921187400817871,
            "observation": 9
        }
    },
    "190": {
        "BestCoverage": 0.7625,
        "TournamentSize": {
            "action": -0.15993165969848633,
            "observation": 8
        }
    },
    "195": {
        "BestCoverage": 0.7625,
        "TournamentSize": {
            "action": -0.09349596500396729,
            "observation": 8
        }
    },
    "200": {
        "BestCoverage": 0.7625,
        "TournamentSize": {
            "action": -0.3838900327682495,
            "observation": 8
        }
    },
    "205": {
        "BestCoverage": 0.7625,
        "TournamentSize": {
            "action": -0.09139901399612427,
            "observation": 8
        }
    },
    "210": {
        "BestCoverage": 0.7625,
        "TournamentSize": {
            "action": 0.0738382339477539,
            "observation": 8
        }
    },
    "215": {
        "BestCoverage": 0.7625,
        "TournamentSize": {
            "action": -0.5831903219223022,
            "observation": 8
        }
    },
    "220": {
        "BestCoverage": 0.7625,
        "TournamentSize": {
            "action": -0.32164227962493896,
            "observation": 7
        }
    },
    "225": {
        "BestCoverage": 0.7625,
        "TournamentSize": {
            "action": 0.6802284717559814,
            "observation": 7
        }
    },
    "230": {
        "BestCoverage": 0.7625,
        "TournamentSize": {
            "action": -0.8354017734527588,
            "observation": 8
        }
    },
    "235": {
        "BestCoverage": 0.7625,
        "TournamentSize": {
            "action": 0.6792922019958496,
            "observation": 7
        }
    },
    "240": {
        "BestCoverage": 0.7625,
        "TournamentSize": {
            "action": 0.812685489654541,
            "observation": 8
        }
    },
    "245": {
        "BestCoverage": 0.7625,
        "TournamentSize": {
            "action": 0.27681005001068115,
            "observation": 9
        }
    },
    "250": {
        "BestCoverage": 0.7625,
        "TournamentSize": {
            "action": -0.7105622291564941,
            "observation": 9
        }
    },
    "255": {
        "BestCoverage": 0.7625,
        "TournamentSize": {
            "action": 0.7273006439208984,
            "observation": 8
        }
    },
    "260": {
        "BestCoverage": 0.7625,
        "TournamentSize": {
            "action": -0.7420355677604675,