{
    "15": {
        "BestCoverage": 0.8,
        "TestDeleteProbability": {
            "action": -0.05896570086479187,
            "observation": 0.3333333333333333
        }
    },
    "20": {
        "BestCoverage": 0.8,
        "TestDeleteProbability": {
            "action": -0.054026514291763306,
            "observation": 0.27436763246854146
        }
    },
    "25": {
        "BestCoverage": 0.8,
        "TestDeleteProbability": {
            "action": 0.046658909320831304,
            "observation": 0.22034111817677815
        }
    },
    "30": {
        "BestCoverage": 0.8,
        "TestDeleteProbability": {
            "action": 0.09374163150787354,
            "observation": 0.2670000274976094
        }
    },
    "35": {
        "BestCoverage": 0.8,
        "TestDeleteProbability": {
            "action": 0.03477903604507446,
            "observation": 0.36074165900548294
        }
    },
    "40": {
        "BestCoverage": 0.8,
        "TestDeleteProbability": {
            "action": -0.09528573155403137,
            "observation": 0.3955206950505574
        }
    },
    "45": {
        "BestCoverage": 0.8,
        "TestDeleteProbability": {
            "action": 0.04331787824630737,
            "observation": 0.30023496349652606
        }
    },
    "50": {
        "BestCoverage": 0.8,
        "TestDeleteProbability": {
            "action": -0.06671115756034851,
            "observation": 0.3435528417428334
        }
    },
    "55": {
        "BestCoverage": 0.8,
        "TestDeleteProbability": {
            "action": 0.07820348739624025,
            "observation": 0.2768416841824849
        }
    },
    "60": {
        "BestCoverage": 0.8,
        "TestDeleteProbability": {
            "action": -0.019582605361938482,
            "observation": 0.35504517157872517
        }
    },
    "65": {
        "BestCoverage": 0.8,
        "TestDeleteProbability": {
            "action": -0.061390322446823124,
            "observation": 0.3354625662167867
        }
    },
    "70": {
        "BestCoverage": 0.8,
        "TestDeleteProbability": {
            "action": 0.06522030830383302,
            "observation": 0.2740722437699636
        }
    },
    "75": {
        "BestCoverage": 0.8,
        "TestDeleteProbability": {
            "action": 0.08682131767272949,
            "observation": 0.3392925520737966
        }
    },
    "80": {
        "BestCoverage": 0.8,
        "TestDeleteProbability": {
            "action": 0.03390016555786132,
            "observation": 0.4261138697465261
        }
    },
    "85": {
        "BestCoverage": 0.8,
        "TestDeleteProbability": {
            "action": 0.05114843845367431,
            "observation": 0.46001403530438745
        }
    },
    "90": {
        "BestCoverage": 0.8,
        "TestDeleteProbability": {
            "action": -0.06598294973373414,
            "observation": 0.5111624737580618
        }
    },
    "95": {
        "BestCoverage": 0.8,
        "TestDeleteProbability": {
            "action": -0.040761095285415654,
            "observation": 0.44517952402432764
        }
    },
    "100": {
        "BestCoverage": 0.8,
        "TestDeleteProbability": {
            "action": 0.07511160373687745,
            "observation": 0.404418428738912
        }
    },
    "105": {
        "BestCoverage": 0.8,
        "TestDeleteProbability": {
            "action": -0.054324966669082646,
            "observation": 0.4795300324757894
        }
    },
    "110": {
        "BestCoverage": 0.8,
        "TestDeleteProbability": {
            "action": 0.07459967136383058,
            "observation": 0.42520506580670675
        }
    },
    "115": {
        "BestCoverage": 0.8,
        "TestDeleteProbability": {
            "action": -0.028201091289520266,
            "observation": 0.4998047371705373
        }
    },
    "120": {
        "BestCoverage": 0.8,
        "TestDeleteProbability": {
            "action": 0.06545114517211914,
            "observation": 0.47160364588101705
        }
    },
    "125": {
        "BestCoverage": 0.8,
        "TestDeleteProbability": {
            "action": 0.023594355583190924,
            "observation": 0.5370547910531362
        }
    },
    "130": {
        "BestCoverage": 0.8,
        "TestDeleteProbability": {
            "action": 0.08955402374267579,
            "observation": 0.5606491466363271
        }
    },
    "135": {
        "BestCoverage": 0.8,
        "TestDeleteProbability": {
            "action": -0.040078753232955934,
            "observation": 0.650203170379003
        }
    },
    "140": {
        "BestCoverage": 0.8,
        "TestDeleteProbability": {
            "action": -0.05117380619049072,
            "observation": 0.610124417146047
        }
    },
    "145": {
        "BestCoverage": 0.8,
        "TestDeleteProbability": {
            "action": -0.06179997920989991,
            "observation": 0.5589506109555563
        }
    },
    "150": {
        "BestCoverage": 0.8,
        "TestDeleteProbability": {
            "action": -0.031890845298767095,
            "observation": 0.49715063174565644
        }
    },
    "155": {
        "BestCoverage": 0.8,
        "TestDeleteProbability": {
            "action": -0.0581882119178772,
            "observation": 0.46525978644688937
        }
    },
    "160": {
        "BestCoverage": 0.8,
        "TestDeleteProbability": {
            "action": 0.06389822959899902,
            "observation": 0.40707157452901216
        }
    },
    "165": {
        "BestCoverage": 0.8,
        "TestDeleteProbability": {
            "action": 0.04639229774475098,
            "observation": 0.47096980412801115
        }
    },
    "170": {
        "BestCoverage": 0.8,
        "TestDeleteProbability": {
            "action": -0.05014098286628724,
            "observation": 0.5173621018727621
        }
    },
    "175": {
        "BestCoverage": 0.8,
        "TestDeleteProbability": {
            "action": 0.06464090347290039,
            "observation": 0.4672211190064749
        }
    },
    "180": {
        "BestCoverage": 0.8,
        "TestDeleteProbability": {
            "action": -0.08848095536231995,
            "observation": 0.5318620224793753
        }
    },
    "185": {
        "BestCoverage": 0.8,
        "TestDeleteProbability": {
            "action": 0.016995012760162354,
            "observation": 0.4433810671170554
        }
    },
    "190": {
        "BestCoverage": 0.8,
        "TestDeleteProbability": {
            "action": -0.030782771110534665,
            "observation": 0.46037607987721774
        }
    },
    "195": {
        "BestCoverage": 0.8,
        "TestDeleteProbability": {
            "action": 0.017877984046936038,
            "observation": 0.42959330876668306
        }
    },
    "200": {
        "BestCoverage": 0.8,
        "TestDeleteProbability": {
            "action": -0.07727055549621582,
            "observation": 0.4474712928136191
        }
    },
    "205": {
        "BestCoverage": 0.8,
        "TestDeleteProbability": {
            "action": -0.09906746745109558,
            "observation": 0.3702007373174033
        }
    },
    "210": {
        "BestCoverage": 0.8,
        "TestDeleteProbability": {
            "action": -0.09117251038551331,
            "observation": 0.2711332698663077
        }
    },
    "215": {
        "BestCoverage": 0.8,
        "TestDeleteProbability": {
            "action": 0.0316922664642334,
            "observation": 0.17996075948079437
        }
    },
    "220": {
        "BestCoverage": 0.8,
        "TestDeleteProbability": {
            "action": -0.07035716772079469,
            "observation": 0.21165302594502777
        }
    },
    "225": {
        "BestCoverage": 0.8,
        "TestDeleteProbability": {
            "action": -0.07987557649612427,
            "observation": 0.14129585822423307
        }
    },
    "230": {
        "BestCoverage": 0.8,