{
    "30": {
        "BestCoverage": 0.75,
        "RandomPerturbation": {
            "action": 0.02631309032440185,
            "observation": 0.2
        }
    },
    "35": {
        "BestCoverage": 0.75,
        "RandomPerturbation": {
            "action": 0.08404977321624757,
            "observation": 0.22631309032440186
        }
    },
    "40": {
        "BestCoverage": 0.75,
        "RandomPerturbation": {
            "action": 0.00815547704696655,
            "observation": 0.31036286354064946
        }
    },
    "45": {
        "BestCoverage": 0.75,
        "RandomPerturbation": {
            "action": 0.003968739509582514,
            "observation": 0.318518340587616
        }
    },
    "50": {
        "BestCoverage": 0.75,
        "RandomPerturbation": {
            "action": -0.05472633838653565,
            "observation": 0.3224870800971985
        }
    },
    "55": {
        "BestCoverage": 0.75,
        "RandomPerturbation": {
            "action": -0.09338199496269227,
            "observation": 0.2677607417106629
        }
    },
    "60": {
        "BestCoverage": 0.75,
        "RandomPerturbation": {
            "action": -0.07222065925598145,
            "observation": 0.1743787467479706
        }
    },
    "65": {
        "BestCoverage": 0.75,
        "RandomPerturbation": {
            "action": 0.011106431484222412,
            "observation": 0.10215808749198915
        }
    },
    "70": {
        "BestCoverage": 0.75,
        "RandomPerturbation": {
            "action": 0.017417275905609125,
            "observation": 0.11326451897621156
        }
    },
    "75": {
        "BestCoverage": 0.75,
        "RandomPerturbation": {
            "action": 0.06315134763717653,
            "observation": 0.1306817948818207
        }
    },
    "80": {
        "BestCoverage": 0.75,
        "RandomPerturbation": {
            "action": -0.015453344583511358,
            "observation": 0.19383314251899722
        }
    },
    "85": {
        "BestCoverage": 0.75,
        "RandomPerturbation": {
            "action": -0.0008734107017517034,
            "observation": 0.17837979793548586
        }
    },
    "90": {
        "BestCoverage": 0.75,
        "RandomPerturbation": {
            "action": 0.09167609214782715,
            "observation": 0.17750638723373416
        }
    },
    "95": {
        "BestCoverage": 0.7625,
        "RandomPerturbation": {
            "action": 0.09939472675323488,
            "observation": 0.2691824793815613
        }
    },
    "100": {
        "BestCoverage": 0.7625,
        "RandomPerturbation": {
            "action": -0.011458545923233032,
            "observation": 0.36857720613479616
        }
    },
    "105": {
        "BestCoverage": 0.7625,
        "RandomPerturbation": {
            "action": 0.04417067766189575,
            "observation": 0.35711866021156313
        }
    },
    "110": {
        "BestCoverage": 0.7625,
        "RandomPerturbation": {
            "action": -0.016131997108459473,
            "observation": 0.4012893378734589
        }
    },
    "115": {
        "BestCoverage": 0.7625,
        "RandomPerturbation": {
            "action": -0.012253183126449588,
            "observation": 0.3851573407649994
        }
    },
    "120": {
        "BestCoverage": 0.7625,
        "RandomPerturbation": {
            "action": -0.005063378810882563,
            "observation": 0.37290415763854984
        }
    },
    "125": {
        "BestCoverage": 0.7625,
        "RandomPerturbation": {
            "action": -0.08535271286964417,
            "observation": 0.3678407788276673
        }
    },
    "130": {
        "BestCoverage": 0.7625,
        "RandomPerturbation": {
            "action": -0.08342899084091188,
            "observation": 0.2824880659580231
        }
    },
    "135": {
        "BestCoverage": 0.7625,
        "RandomPerturbation": {
            "action": 0.07359528541564941,
            "observation": 0.19905907511711124
        }
    },
    "140": {
        "BestCoverage": 0.7625,
        "RandomPerturbation": {
            "action": -0.026380205154418954,
            "observation": 0.27265436053276065
        }
    },
    "145": {
        "BestCoverage": 0.7625,
        "RandomPerturbation": {
            "action": 0.057250225543975825,
            "observation": 0.24627415537834169
        }
    },
    "150": {
        "BestCoverage": 0.7625,
        "RandomPerturbation": {
            "action": -0.012214291095733645,
            "observation": 0.3035243809223175
        }
    },
    "155": {
        "BestCoverage": 0.7625,
        "RandomPerturbation": {
            "action": 0.06926971673965454,
            "observation": 0.29131008982658385
        }
    },
    "160": {
        "BestCoverage": 0.7625,
        "RandomPerturbation": {
            "action": -0.06278779506683349,
            "observation": 0.3605798065662384
        }
    },
    "165": {
        "BestCoverage": 0.7625,
        "RandomPerturbation": {
            "action": -0.07109771966934204,
            "observation": 0.29779201149940493
        }
    },
    "170": {
        "BestCoverage": 0.7625,
        "RandomPerturbation": {
            "action": -0.05833449959754944,
            "observation": 0.2266942918300629
        }
    },
    "175": {
        "BestCoverage": 0.7625,
        "RandomPerturbation": {
            "action": 0.038631153106689464,
            "observation": 0.16835979223251346
        }
    },
    "180": {
        "BestCoverage": 0.7625,
        "RandomPerturbation": {
            "action": 0.030838441848754894,
            "observation": 0.20699094533920293
        }
    },
    "185": {
        "BestCoverage": 0.7625,
        "RandomPerturbation": {
            "action": 0.02179595232009887,
            "observation": 0.23782938718795782
        }
    },
    "190": {
        "BestCoverage": 0.7625,
        "RandomPerturbation": {
            "action": 0.015898907184600825,
            "observation": 0.25962533950805666
        }
    },
    "195": {
        "BestCoverage": 0.7625,
        "RandomPerturbation": {
            "action": -0.06925292611122132,
            "observation": 0.2755242466926575
        }
    },
    "200": {
        "BestCoverage": 0.7625,
        "RandomPerturbation": {
            "action": -0.0002752125263214139,
            "observation": 0.2062713205814362
        }
    },
    "205": {
        "BestCoverage": 0.7625,
        "RandomPerturbation": {
            "action": 0.09745048284530641,
            "observation": 0.2059961080551148
        }
    },
    "210": {
        "BestCoverage": 0.7625,
        "RandomPerturbation": {
            "action": -0.07031307816505433,
            "observation": 0.30344659090042125
        }
    },
    "215": {
        "BestCoverage": 0.7625,
        "RandomPerturbation": {
            "action": -0.09672936201095582,
            "observation": 0.23313351273536692
        }
    },
    "220": {
        "BestCoverage": 0.7625,
        "RandomPerturbation": {
            "action": -0.046781325340271,
            "observation": 0.1364041507244111
        }
    },
    "225": {
        "BestCoverage": 0.7625,
        "RandomPerturbation": {
            "action": -0.07692269682884217,
            "observation": 0.0896228253841401
        }
    },
    "230": {
        "BestCoverage": 0.7875,
        "RandomPerturbation": {
            "action": -0.020850419998168945,
            "observation": 0.012700128555297924
        }
    },
    "235": {
        "BestCoverage": 0.7875,
        "RandomPerturbation": {
            "action": 0.04954291582107545,
            "observation": 0.0
        }
    },
    "240": {
        "BestCoverage": 0.7875,
        "RandomPerturbation": {
            "action": -0.012253129482269282,
            "observation": 0.04954291582107545
        }
    },
    "245": {
        "BestCoverage": 0.7875,
        "RandomPerturbation": {
            "action": -0.08682360649108888,