{
    "40": {
        "BestCoverage": 0.75,
        "TestDeleteProbability": {
            "action": -0.05090972185134888,
            "observation": 0.3333333333333333
        }
    },
    "45": {
        "BestCoverage": 0.75,
        "TestDeleteProbability": {
            "action": 0.061492729187011735,
            "observation": 0.2824236114819844
        }
    },
    "50": {
        "BestCoverage": 0.75,
        "TestDeleteProbability": {
            "action": -0.003276783227920535,
            "observation": 0.3439163406689961
        }
    },
    "55": {
        "BestCoverage": 0.75,
        "TestDeleteProbability": {
            "action": 0.029129469394683832,
            "observation": 0.3406395574410756
        }
    },
    "60": {
        "BestCoverage": 0.75,
        "TestDeleteProbability": {
            "action": -0.07410666346549988,
            "observation": 0.3697690268357594
        }
    },
    "65": {
        "BestCoverage": 0.75,
        "TestDeleteProbability": {
            "action": -0.010988140106201166,
            "observation": 0.29566236337025953
        }
    },
    "70": {
        "BestCoverage": 0.75,
        "TestDeleteProbability": {
            "action": 0.08623651266098023,
            "observation": 0.28467422326405833
        }
    },
    "75": {
        "BestCoverage": 0.75,
        "TestDeleteProbability": {
            "action": 0.02799355983734131,
            "observation": 0.37091073592503854
        }
    },
    "80": {
        "BestCoverage": 0.75,
        "TestDeleteProbability": {
            "action": 0.015620529651641846,
            "observation": 0.39890429576237985
        }
    },
    "85": {
        "BestCoverage": 0.75,
        "TestDeleteProbability": {
            "action": -0.051941883563995365,
            "observation": 0.4145248254140217
        }
    },
    "90": {
        "BestCoverage": 0.75,
        "TestDeleteProbability": {
            "action": -0.016031998395919803,
            "observation": 0.3625829418500263
        }
    },
    "95": {
        "BestCoverage": 0.75,
        "TestDeleteProbability": {
            "action": 0.003608667850494379,
            "observation": 0.34655094345410653
        }
    },
    "100": {
        "BestCoverage": 0.75,
        "TestDeleteProbability": {
            "action": 0.0373751401901245,
            "observation": 0.35015961130460094
        }
    },
    "105": {
        "BestCoverage": 0.75,
        "TestDeleteProbability": {
            "action": 0.015865623950958252,
            "observation": 0.38753475149472544
        }
    },
    "110": {
        "BestCoverage": 0.75,
        "TestDeleteProbability": {
            "action": -0.0945016622543335,
            "observation": 0.4034003754456837
        }
    },
    "115": {
        "BestCoverage": 0.75,
        "TestDeleteProbability": {
            "action": -0.018117600679397577,
            "observation": 0.3088987131913502
        }
    },
    "120": {
        "BestCoverage": 0.75,
        "TestDeleteProbability": {
            "action": -0.05534139275550842,
            "observation": 0.2907811125119526
        }
    },
    "125": {
        "BestCoverage": 0.75,
        "TestDeleteProbability": {
            "action": 0.05684454441070558,
            "observation": 0.23543971975644418
        }
    },
    "130": {
        "BestCoverage": 0.75,
        "TestDeleteProbability": {
            "action": 0.08596489429473878,
            "observation": 0.29228426416714975
        }
    },
    "135": {
        "BestCoverage": 0.75,
        "TestDeleteProbability": {
            "action": 0.058186388015747076,
            "observation": 0.37824915846188856
        }
    },
    "140": {
        "BestCoverage": 0.75,
        "TestDeleteProbability": {
            "action": 0.05683046579360962,
            "observation": 0.4364355464776356
        }
    },
    "145": {
        "BestCoverage": 0.75,
        "TestDeleteProbability": {
            "action": 0.08971494436264038,
            "observation": 0.4932660122712452
        }
    },
    "150": {
        "BestCoverage": 0.75,
        "TestDeleteProbability": {
            "action": -0.08156591653823853,
            "observation": 0.5829809566338856
        }
    },
    "155": {
        "BestCoverage": 0.75,
        "TestDeleteProbability": {
            "action": 0.05483579635620117,
            "observation": 0.5014150400956471
        }
    },
    "160": {
        "BestCoverage": 0.75,
        "TestDeleteProbability": {
            "action": -0.028360980749130252,
            "observation": 0.5562508364518483
        }
    },
    "165": {
        "BestCoverage": 0.75,
        "TestDeleteProbability": {
            "action": 0.043185043334960926,
            "observation": 0.527889855702718
        }
    },
    "170": {
        "BestCoverage": 0.75,
        "TestDeleteProbability": {
            "action": 0.058604335784912115,
            "observation": 0.5710748990376788
        }
    },
    "175": {
        "BestCoverage": 0.75,
        "TestDeleteProbability": {
            "action": -0.01526352167129516,
            "observation": 0.6296792348225909
        }
    },
    "180": {
        "BestCoverage": 0.75,
        "TestDeleteProbability": {
            "action": 0.08712475299835207,
            "observation": 0.6144157131512957
        }
    },
    "185": {
        "BestCoverage": 0.75,
        "TestDeleteProbability": {
            "action": 0.08507382869720459,
            "observation": 0.7015404661496478
        }
    },
    "190": {
        "BestCoverage": 0.75,
        "TestDeleteProbability": {
            "action": 0.059090292453765875,
            "observation": 0.7866142948468524
        }
    },
    "195": {
        "BestCoverage": 0.75,
        "TestDeleteProbability": {
            "action": -0.09361567497253419,
            "observation": 0.8457045873006183
        }
    },
    "200": {
        "BestCoverage": 0.75,
        "TestDeleteProbability": {
            "action": -0.0386163353919983,
            "observation": 0.7520889123280841
        }
    },
    "205": {
        "BestCoverage": 0.75,
        "TestDeleteProbability": {
            "action": 0.057697296142578125,
            "observation": 0.7134725769360858
        }
    },
    "210": {
        "BestCoverage": 0.75,
        "TestDeleteProbability": {
            "action": 0.07477498054504395,
            "observation": 0.7711698730786639
        }
    },
    "215": {
        "BestCoverage": 0.75,
        "TestDeleteProbability": {
            "action": 0.028418493270874035,
            "observation": 0.8459448536237079
        }
    },
    "220": {
        "BestCoverage": 0.75,
        "TestDeleteProbability": {
            "action": 0.08709721565246584,
            "observation": 0.874363346894582
        }
    },
    "225": {
        "BestCoverage": 0.75,
        "TestDeleteProbability": {
            "action": -0.07272803187370301,
            "observation": 0.9614605625470478
        }
    },
    "230": {
        "BestCoverage": 0.75,
        "TestDeleteProbability": {
            "action": -0.07520438432693483,
            "observation": 0.8887325306733448
        }
    },
    "235": {
        "BestCoverage": 0.75,
        "TestDeleteProbability": {
            "action": 0.08066813945770265,
            "observation": 0.8135281463464099
        }
    },
    "240": {
        "BestCoverage": 0.75,
        "TestDeleteProbability": {
            "action": -0.06539990901947021,
            "observation": 0.8941962858041126
        }
    },
    "245": {
        "BestCoverage": 0.75,
        "TestDeleteProbability": {
            "action": 0.037686014175415034,
            "observation": 0.8287963767846424
        }
    },
    "250": {
        "BestCoverage": 0.75,
        "TestDeleteProbability": {
            "action": -0.07745506763458253,
            "observation": 0.8664823909600574
        }
    },
    "255": {
        "BestCoverage": 0.75,