{
    "15": {
        "BestCoverage": 0.12,
        "Population": {
            "action": -6.984011173248291,
            "observation": 50
        }
    },
    "20": {
        "BestCoverage": 0.12,
        "Population": {
            "action": 7.635380744934082,
            "observation": 43
        }
    },
    "25": {
        "BestCoverage": 0.12,
        "Population": {
            "action": -0.5014767646789551,
            "observation": 51
        }
    },
    "30": {
        "BestCoverage": 0.12,
        "Population": {
            "action": 6.598642349243164,
            "observation": 50
        }
    },
    "35": {
        "BestCoverage": 0.12,
        "Population": {
            "action": -0.5445723533630371,
            "observation": 57
        }
    },
    "40": {
        "BestCoverage": 0.12,
        "Population": {
            "action": 7.598604202270508,
            "observation": 56
        }
    },
    "45": {
        "BestCoverage": 0.12,
        "Population": {
            "action": 2.111499786376953,
            "observation": 64
        }
    },
    "50": {
        "BestCoverage": 0.12,
        "Population": {
            "action": 7.126380920410156,
            "observation": 66
        }
    },
    "55": {
        "BestCoverage": 0.12,
        "Population": {
            "action": 5.3570556640625,
            "observation": 73
        }
    },
    "60": {
        "BestCoverage": 0.12,
        "Population": {
            "action": 6.16851806640625,
            "observation": 78
        }
    },
    "65": {
        "BestCoverage": 0.12,
        "Population": {
            "action": 4.909605026245117,
            "observation": 84
        }
    },
    "70": {
        "BestCoverage": 0.12,
        "Population": {
            "action": 6.463781356811523,
            "observation": 89
        }
    },
    "75": {
        "BestCoverage": 0.12,
        "Population": {
            "action": -2.5924835205078125,
            "observation": 95
        }
    },
    "80": {
        "BestCoverage": 0.12,
        "Population": {
            "action": -3.709583282470703,
            "observation": 92
        }
    },
    "85": {
        "BestCoverage": 0.12,
        "Population": {
            "action": 2.450836181640625,
            "observation": 88
        }
    },
    "90": {
        "BestCoverage": 0.12,
        "Population": {
            "action": -3.202047348022461,
            "observation": 90
        }
    },
    "95": {
        "BestCoverage": 0.12,
        "Population": {
            "action": 3.1823768615722656,
            "observation": 87
        }
    },
    "100": {
        "BestCoverage": 0.12,
        "Population": {
            "action": -0.2565479278564453,
            "observation": 90
        }
    },
    "105": {
        "BestCoverage": 0.12,
        "Population": {
            "action": -7.9373555183410645,
            "observation": 90
        }
    },
    "110": {
        "BestCoverage": 0.12,
        "Population": {
            "action": 0.5971002578735352,
            "observation": 82
        }
    },
    "115": {
        "BestCoverage": 0.12,
        "Population": {
            "action": 7.691566467285156,
            "observation": 83
        }
    },
    "120": {
        "BestCoverage": 0.12,
        "Population": {
            "action": -2.9107179641723633,
            "observation": 91
        }
    },
    "125": {
        "BestCoverage": 0.12,
        "Population": {
            "action": 2.5848140716552734,
            "observation": 88
        }
    },
    "130": {
        "BestCoverage": 0.16,
        "Population": {
            "action": 1.9266357421875,
            "observation": 91
        }
    },
    "135": {
        "BestCoverage": 0.16,
        "Population": {
            "action": -1.2215309143066406,
            "observation": 93
        }
    },
    "140": {
        "BestCoverage": 0.16,
        "Population": {
            "action": 5.505427360534668,
            "observation": 92
        }
    },
    "145": {
        "BestCoverage": 0.16,
        "Population": {
            "action": 2.7440805435180664,
            "observation": 98
        }
    },
    "150": {
        "BestCoverage": 0.16,
        "Population": {
            "action": 5.103536605834961,
            "observation": 100
        }
    },
    "155": {
        "BestCoverage": 0.16,
        "Population": {
            "action": 5.102583885192871,
            "observation": 100
        }
    },
    "160": {
        "BestCoverage": 0.16,
        "Population": {
            "action": -7.349800109863281,
            "observation": 100
        }
    },
    "165": {
        "BestCoverage": 0.16,
        "Population": {
            "action": -1.9431586265563965,
            "observation": 93
        }
    },
    "170": {
        "BestCoverage": 0.16,
        "Population": {
            "action": 5.228206634521484,
            "observation": 91
        }
    },
    "175": {
        "BestCoverage": 0.16,
        "Population": {
            "action": -1.9108381271362305,
            "observation": 96
        }
    },
    "180": {
        "BestCoverage": 0.16,
        "Population": {
            "action": 5.261146545410156,
            "observation": 94
        }
    },
    "185": {
        "BestCoverage": 0.16,
        "Population": {
            "action": 2.4329938888549805,
            "observation": 99
        }
    },
    "190": {
        "BestCoverage": 0.16,
        "Population": {
            "action": -6.974287986755371,
            "observation": 100
        }
    },
    "195": {
        "BestCoverage": 0.16,
        "Population": {
            "action": 5.083935737609863,
            "observation": 93
        }
    },
    "200": {
        "BestCoverage": 0.16,
        "Population": {
            "action": -7.517025947570801,
            "observation": 98
        }
    },
    "205": {
        "BestCoverage": 0.16,
        "Population": {
            "action": -7.694192409515381,
            "observation": 90
        }
    },
    "210": {
        "BestCoverage": 0.16,
        "Population": {
            "action": -6.285493850708008,
            "observation": 82
        }
    },
    "215": {
        "BestCoverage": 0.16,
        "Population": {
            "action": 6.507080078125,
            "observation": 76
        }
    },
    "220": {
        "BestCoverage": 0.16,
        "Population": {
            "action": -5.84385347366333,
            "observation": 83
        }
    },
    "225": {
        "BestCoverage": 0.16,
        "Population": {
            "action": -7.911832332611084,
            "observation": 77
        }
    },
    "230": {
        "BestCoverage": 0.16,
        "Population": {
            "action": -3.407528877258301,
            "observation": 69
        }
    },
    "235": {
        "BestCoverage": 0.16,
        "Population": {
            "action": -7.588586330413818,
            "observation": 66
        }
    },
    "240": {
        "BestCoverage": 0.16,
        "Population": {
            "action": -7.9366865158081055,
            "observation": 58
        }
    },
    "245": {
        "BestCoverage": 0.16,
        "Population": {
            "action": 5.042851448059082,
            "observation": 50
        }
    },
    "250": {
        "BestCoverage": 0.16,
        "Population": {
            "action": -6.511780261993408,
            "observation": 55
        }
    },
    "255": {
        "BestCoverage": 0.16,
        "Population": {
            "action": -5.987163066864014,
            "observation": 48
        }
    },
    "260": {
        "BestCoverage": 0.16,
        "Population": {
            "action": 0.41707611083984375,
            "observation": 42
        }
    },
    "265": {
        "BestCoverage": 0.16,
        "Population": {
            "action": 4.310552597045898,
            "observation": 42
        }
    },
    "270": {
        "BestCoverage": 0.16,