{
    "15": {
        "BestCoverage": 0.7625,
        "RandomPerturbation": {
            "action": -0.07995501756668091,
            "observation": 0.2
        }
    },
    "20": {
        "BestCoverage": 0.7625,
        "RandomPerturbation": {
            "action": 0.028418505191802973,
            "observation": 0.1200449824333191
        }
    },
    "25": {
        "BestCoverage": 0.7625,
        "RandomPerturbation": {
            "action": 0.0927424430847168,
            "observation": 0.14846348762512207
        }
    },
    "30": {
        "BestCoverage": 0.7625,
        "RandomPerturbation": {
            "action": 0.050284743309020996,
            "observation": 0.24120593070983887
        }
    },
    "35": {
        "BestCoverage": 0.7625,
        "RandomPerturbation": {
            "action": -0.013724106550216678,
            "observation": 0.29149067401885986
        }
    },
    "40": {
        "BestCoverage": 0.7625,
        "RandomPerturbation": {
            "action": 0.08186752796173097,
            "observation": 0.2777665674686432
        }
    },
    "45": {
        "BestCoverage": 0.7625,
        "RandomPerturbation": {
            "action": 0.03742702007293702,
            "observation": 0.35963409543037417
        }
    },
    "50": {
        "BestCoverage": 0.7625,
        "RandomPerturbation": {
            "action": 0.043700385093688954,
            "observation": 0.3970611155033112
        }
    },
    "55": {
        "BestCoverage": 0.7625,
        "RandomPerturbation": {
            "action": -0.015403234958648676,
            "observation": 0.44076150059700014
        }
    },
    "60": {
        "BestCoverage": 0.7625,
        "RandomPerturbation": {
            "action": -0.07213791012763977,
            "observation": 0.42535826563835144
        }
    },
    "65": {
        "BestCoverage": 0.7625,
        "RandomPerturbation": {
            "action": -0.04400483369827271,
            "observation": 0.3532203555107117
        }
    },
    "70": {
        "BestCoverage": 0.7625,
        "RandomPerturbation": {
            "action": -0.07312452793121338,
            "observation": 0.30921552181243894
        }
    },
    "75": {
        "BestCoverage": 0.7625,
        "RandomPerturbation": {
            "action": 0.04557131528854369,
            "observation": 0.23609099388122556
        }
    },
    "80": {
        "BestCoverage": 0.7625,
        "RandomPerturbation": {
            "action": -0.03756726980209351,
            "observation": 0.28166230916976925
        }
    },
    "85": {
        "BestCoverage": 0.7625,
        "RandomPerturbation": {
            "action": 0.07155051231384277,
            "observation": 0.24409503936767574
        }
    },
    "90": {
        "BestCoverage": 0.7625,
        "RandomPerturbation": {
            "action": 0.009934830665588382,
            "observation": 0.31564555168151853
        }
    },
    "95": {
        "BestCoverage": 0.7625,
        "RandomPerturbation": {
            "action": -0.057537746429443364,
            "observation": 0.3255803823471069
        }
    },
    "100": {
        "BestCoverage": 0.7625,
        "RandomPerturbation": {
            "action": 0.052340650558471674,
            "observation": 0.26804263591766353
        }
    },
    "105": {
        "BestCoverage": 0.7625,
        "RandomPerturbation": {
            "action": -0.06536699533462526,
            "observation": 0.32038328647613523
        }
    },
    "110": {
        "BestCoverage": 0.7625,
        "RandomPerturbation": {
            "action": -0.07266022562980652,
            "observation": 0.25501629114151
        }
    },
    "115": {
        "BestCoverage": 0.7625,
        "RandomPerturbation": {
            "action": -0.023417299985885626,
            "observation": 0.18235606551170347
        }
    },
    "120": {
        "BestCoverage": 0.7625,
        "RandomPerturbation": {
            "action": -0.022482323646545413,
            "observation": 0.15893876552581784
        }
    },
    "125": {
        "BestCoverage": 0.7625,
        "RandomPerturbation": {
            "action": 0.022556197643280027,
            "observation": 0.13645644187927242
        }
    },
    "130": {
        "BestCoverage": 0.7625,
        "RandomPerturbation": {
            "action": 0.07276817560195922,
            "observation": 0.15901263952255246
        }
    },
    "135": {
        "BestCoverage": 0.7625,
        "RandomPerturbation": {
            "action": -0.0911002516746521,
            "observation": 0.23178081512451168
        }
    },
    "140": {
        "BestCoverage": 0.7625,
        "RandomPerturbation": {
            "action": -0.028982526063919073,
            "observation": 0.14068056344985957
        }
    },
    "145": {
        "BestCoverage": 0.7625,
        "RandomPerturbation": {
            "action": -0.006139856576919553,
            "observation": 0.1116980373859405
        }
    },
    "150": {
        "BestCoverage": 0.7625,
        "RandomPerturbation": {
            "action": 0.07948944568634034,
            "observation": 0.10555818080902095
        }
    },
    "155": {
        "BestCoverage": 0.7625,
        "RandomPerturbation": {
            "action": -0.02455921769142151,
            "observation": 0.18504762649536127
        }
    },
    "160": {
        "BestCoverage": 0.7625,
        "RandomPerturbation": {
            "action": 0.019394862651824954,
            "observation": 0.16048840880393977
        }
    },
    "165": {
        "BestCoverage": 0.7625,
        "RandomPerturbation": {
            "action": -0.021039617061614987,
            "observation": 0.17988327145576471
        }
    },
    "170": {
        "BestCoverage": 0.7625,
        "RandomPerturbation": {
            "action": -0.09577080607414246,
            "observation": 0.1588436543941497
        }
    },
    "175": {
        "BestCoverage": 0.7625,
        "RandomPerturbation": {
            "action": 0.05924575328826906,
            "observation": 0.06307284832000726
        }
    },
    "180": {
        "BestCoverage": 0.7625,
        "RandomPerturbation": {
            "action": -0.07739188671112061,
            "observation": 0.12231860160827632
        }
    },
    "185": {
        "BestCoverage": 0.7625,
        "RandomPerturbation": {
            "action": 0.08194823265075685,
            "observation": 0.0449267148971557
        }
    },
    "190": {
        "BestCoverage": 0.7625,
        "RandomPerturbation": {
            "action": 0.0979902982711792,
            "observation": 0.12687494754791256
        }
    },
    "195": {
        "BestCoverage": 0.7625,
        "RandomPerturbation": {
            "action": -0.007737392187118525,
            "observation": 0.22486524581909176
        }
    },
    "200": {
        "BestCoverage": 0.7625,
        "RandomPerturbation": {
            "action": 0.09143061637878419,
            "observation": 0.21712785363197323
        }
    },
    "205": {
        "BestCoverage": 0.7625,
        "RandomPerturbation": {
            "action": 0.019002509117126462,
            "observation": 0.3085584700107574
        }
    },
    "210": {
        "BestCoverage": 0.7625,
        "RandomPerturbation": {
            "action": -0.02199662327766419,
            "observation": 0.3275609791278839
        }
    },
    "215": {
        "BestCoverage": 0.7625,
        "RandomPerturbation": {
            "action": 0.0029463052749633817,
            "observation": 0.3055643558502197
        }
    },
    "220": {
        "BestCoverage": 0.7625,
        "RandomPerturbation": {
            "action": 0.08122920989990234,
            "observation": 0.30851066112518305
        }
    },
    "225": {
        "BestCoverage": 0.7625,
        "RandomPerturbation": {
            "action": -0.002174299955368039,
            "observation": 0.3897398710250854
        }
    },
    "230": {
        "BestCoverage": 0.7625,