{
    "15": {
        "BestCoverage": 0.8,
        "TestChangeProbability": {
            "action": 0.020077681541442877,
            "observation": 0.3333333333333333
        }
    },
    "20": {
        "BestCoverage": 0.8,
        "TestChangeProbability": {
            "action": -0.005041629076004028,
            "observation": 0.3534110148747762
        }
    },
    "25": {
        "BestCoverage": 0.8,
        "TestChangeProbability": {
            "action": -0.042552828788757324,
            "observation": 0.3483693857987722
        }
    },
    "30": {
        "BestCoverage": 0.8,
        "TestChangeProbability": {
            "action": 0.03915898799896239,
            "observation": 0.30581655701001487
        }
    },
    "35": {
        "BestCoverage": 0.8,
        "TestChangeProbability": {
            "action": 0.06198657751083375,
            "observation": 0.34497554500897726
        }
    },
    "40": {
        "BestCoverage": 0.8,
        "TestChangeProbability": {
            "action": 0.03110333681106567,
            "observation": 0.406962122519811
        }
    },
    "45": {
        "BestCoverage": 0.8,
        "TestChangeProbability": {
            "action": -0.05058188438415528,
            "observation": 0.4380654593308767
        }
    },
    "50": {
        "BestCoverage": 0.8,
        "TestChangeProbability": {
            "action": 0.08627026081085207,
            "observation": 0.3874835749467214
        }
    },
    "55": {
        "BestCoverage": 0.8,
        "TestChangeProbability": {
            "action": 0.08861317634582519,
            "observation": 0.47375383575757346
        }
    },
    "60": {
        "BestCoverage": 0.8,
        "TestChangeProbability": {
            "action": 0.032002186775207525,
            "observation": 0.5623670121033987
        }
    },
    "65": {
        "BestCoverage": 0.8,
        "TestChangeProbability": {
            "action": -0.03182742595672608,
            "observation": 0.5943691988786062
        }
    },
    "70": {
        "BestCoverage": 0.8,
        "TestChangeProbability": {
            "action": 0.05715510845184327,
            "observation": 0.5625417729218801
        }
    },
    "75": {
        "BestCoverage": 0.8,
        "TestChangeProbability": {
            "action": 0.026820862293243403,
            "observation": 0.6196968813737234
        }
    },
    "80": {
        "BestCoverage": 0.8,
        "TestChangeProbability": {
            "action": 0.08619631528854371,
            "observation": 0.6465177436669668
        }
    },
    "85": {
        "BestCoverage": 0.8,
        "TestChangeProbability": {
            "action": 0.04933369159698486,
            "observation": 0.7327140589555106
        }
    },
    "90": {
        "BestCoverage": 0.8,
        "TestChangeProbability": {
            "action": -0.04947561025619507,
            "observation": 0.7820477505524954
        }
    },
    "95": {
        "BestCoverage": 0.8,
        "TestChangeProbability": {
            "action": 0.02144889831542969,
            "observation": 0.7325721402963004
        }
    },
    "100": {
        "BestCoverage": 0.8,
        "TestChangeProbability": {
            "action": 0.017817199230194092,
            "observation": 0.7540210386117301
        }
    },
    "105": {
        "BestCoverage": 0.8,
        "TestChangeProbability": {
            "action": 0.07514419555664062,
            "observation": 0.7718382378419242
        }
    },
    "110": {
        "BestCoverage": 0.8,
        "TestChangeProbability": {
            "action": -0.008883655071258545,
            "observation": 0.8469824333985648
        }
    },
    "115": {
        "BestCoverage": 0.8,
        "TestChangeProbability": {
            "action": 0.07331173419952394,
            "observation": 0.8380987783273063
        }
    },
    "120": {
        "BestCoverage": 0.8,
        "TestChangeProbability": {
            "action": 0.07676243782043457,
            "observation": 0.9114105125268303
        }
    },
    "125": {
        "BestCoverage": 0.8,
        "TestChangeProbability": {
            "action": -0.02316384315490723,
            "observation": 0.9881729503472648
        }
    },
    "130": {
        "BestCoverage": 0.8,
        "TestChangeProbability": {
            "action": -0.0890780806541443,
            "observation": 0.9650091071923576
        }
    },
    "135": {
        "BestCoverage": 0.8,
        "TestChangeProbability": {
            "action": 0.07547296285629274,
            "observation": 0.8759310265382132
        }
    },
    "140": {
        "BestCoverage": 0.8,
        "TestChangeProbability": {
            "action": 0.08133474588394166,
            "observation": 0.9514039893945059
        }
    },
    "145": {
        "BestCoverage": 0.8,
        "TestChangeProbability": {
            "action": -0.09453841447830201,
            "observation": 1.0
        }
    },
    "150": {
        "BestCoverage": 0.8,
        "TestChangeProbability": {
            "action": 0.0811514735221863,
            "observation": 0.905461585521698
        }
    },
    "155": {
        "BestCoverage": 0.8,
        "TestChangeProbability": {
            "action": 0.06218307018280031,
            "observation": 0.9866130590438843
        }
    },
    "160": {
        "BestCoverage": 0.8,
        "TestChangeProbability": {
            "action": 0.08986259698867799,
            "observation": 1.0
        }
    },
    "165": {
        "BestCoverage": 0.8,
        "TestChangeProbability": {
            "action": 0.08918906450271608,
            "observation": 1.0
        }
    },
    "170": {
        "BestCoverage": 0.8,
        "TestChangeProbability": {
            "action": 0.007686948776245123,
            "observation": 1.0
        }
    },
    "175": {
        "BestCoverage": 0.8,
        "TestChangeProbability": {
            "action": -0.0777313768863678,
            "observation": 1.0
        }
    },
    "180": {
        "BestCoverage": 0.8,
        "TestChangeProbability": {
            "action": -0.0027163326740264893,
            "observation": 0.9222686231136322
        }
    },
    "185": {
        "BestCoverage": 0.8,
        "TestChangeProbability": {
            "action": -0.08592993021011353,
            "observation": 0.9195522904396057
        }
    },
    "190": {
        "BestCoverage": 0.8,
        "TestChangeProbability": {
            "action": -0.004410922527313232,
            "observation": 0.8336223602294922
        }
    },
    "195": {
        "BestCoverage": 0.8,
        "TestChangeProbability": {
            "action": 0.03113025426864624,
            "observation": 0.829211437702179
        }
    },
    "200": {
        "BestCoverage": 0.8,
        "TestChangeProbability": {
            "action": -0.05949123501777649,
            "observation": 0.8603416919708252
        }
    },
    "205": {
        "BestCoverage": 0.8,
        "TestChangeProbability": {
            "action": 0.05025346279144288,
            "observation": 0.8008504569530487
        }
    },
    "210": {
        "BestCoverage": 0.8,
        "TestChangeProbability": {
            "action": 0.057303261756896984,
            "observation": 0.8511039197444916
        }
    },
    "215": {
        "BestCoverage": 0.8,
        "TestChangeProbability": {
            "action": -0.055558204650878906,
            "observation": 0.9084071815013885
        }
    },
    "220": {
        "BestCoverage": 0.8,
        "TestChangeProbability": {
            "action": 0.03560084104537964,
            "observation": 0.8528489768505096
        }
    },
    "225": {
        "BestCoverage": 0.8,
        "TestChangeProbability": {
            "action": -0.06729012727737427,
            "observation": 0.8884498178958893
        }
    },
    "230": {
        "BestCoverage": 0.8,
        "TestChangeProbability": {
            "action": 0.06962640285491944,
            "observation": 0.821159690618515
        }
    },