{
    "15": {
        "BestCoverage": 0.05714285714285714,
        "Population": {
            "action": -1.457108497619629,
            "observation": 50
        }
    },
    "20": {
        "BestCoverage": 0.05714285714285714,
        "Population": {
            "action": -3.552891254425049,
            "observation": 49
        }
    },
    "25": {
        "BestCoverage": 0.05714285714285714,
        "Population": {
            "action": -7.788053512573242,
            "observation": 45
        }
    },
    "30": {
        "BestCoverage": 0.05714285714285714,
        "Population": {
            "action": -3.384788990020752,
            "observation": 37
        }
    },
    "35": {
        "BestCoverage": 0.05714285714285714,
        "Population": {
            "action": 7.989714622497559,
            "observation": 34
        }
    },
    "40": {
        "BestCoverage": 0.05714285714285714,
        "Population": {
            "action": -6.624712944030762,
            "observation": 42
        }
    },
    "45": {
        "BestCoverage": 0.05714285714285714,
        "Population": {
            "action": -6.305782794952393,
            "observation": 35
        }
    },
    "50": {
        "BestCoverage": 0.05714285714285714,
        "Population": {
            "action": -3.2437667846679688,
            "observation": 29
        }
    },
    "55": {
        "BestCoverage": 0.05714285714285714,
        "Population": {
            "action": -7.939332962036133,
            "observation": 26
        }
    },
    "60": {
        "BestCoverage": 0.05714285714285714,
        "Population": {
            "action": -1.0707206726074219,
            "observation": 25
        }
    },
    "65": {
        "BestCoverage": 0.05714285714285714,
        "Population": {
            "action": -6.904052734375,
            "observation": 25
        }
    },
    "70": {
        "BestCoverage": 0.05714285714285714,
        "Population": {
            "action": 2.396249771118164,
            "observation": 25
        }
    },
    "75": {
        "BestCoverage": 0.05714285714285714,
        "Population": {
            "action": 1.846670150756836,
            "observation": 27
        }
    },
    "80": {
        "BestCoverage": 0.05714285714285714,
        "Population": {
            "action": 4.559867858886719,
            "observation": 29
        }
    },
    "85": {
        "BestCoverage": 0.05714285714285714,
        "Population": {
            "action": -5.0414838790893555,
            "observation": 34
        }
    },
    "90": {
        "BestCoverage": 0.05714285714285714,
        "Population": {
            "action": -0.11746788024902344,
            "observation": 29
        }
    },
    "95": {
        "BestCoverage": 0.05714285714285714,
        "Population": {
            "action": 7.463120460510254,
            "observation": 29
        }
    },
    "100": {
        "BestCoverage": 0.05714285714285714,
        "Population": {
            "action": 7.60365104675293,
            "observation": 36
        }
    },
    "105": {
        "BestCoverage": 0.05714285714285714,
        "Population": {
            "action": -4.778831958770752,
            "observation": 44
        }
    },
    "110": {
        "BestCoverage": 0.05714285714285714,
        "Population": {
            "action": 4.953948974609375,
            "observation": 39
        }
    },
    "115": {
        "BestCoverage": 0.05714285714285714,
        "Population": {
            "action": 2.4576492309570312,
            "observation": 44
        }
    },
    "120": {
        "BestCoverage": 0.05714285714285714,
        "Population": {
            "action": 5.727010726928711,
            "observation": 46
        }
    },
    "125": {
        "BestCoverage": 0.05714285714285714,
        "Population": {
            "action": 4.416589736938477,
            "observation": 52
        }
    },
    "130": {
        "BestCoverage": 0.05714285714285714,
        "Population": {
            "action": 4.857797622680664,
            "observation": 56
        }
    },
    "135": {
        "BestCoverage": 0.05714285714285714,
        "Population": {
            "action": 2.208292007446289,
            "observation": 61
        }
    },
    "140": {
        "BestCoverage": 0.05714285714285714,
        "Population": {
            "action": 6.693347930908203,
            "observation": 63
        }
    },
    "145": {
        "BestCoverage": 0.05714285714285714,
        "Population": {
            "action": 5.140139579772949,
            "observation": 70
        }
    },
    "150": {
        "BestCoverage": 0.05714285714285714,
        "Population": {
            "action": 0.4710245132446289,
            "observation": 75
        }
    },
    "155": {
        "BestCoverage": 0.05714285714285714,
        "Population": {
            "action": 6.191515922546387,
            "observation": 75
        }
    },
    "160": {
        "BestCoverage": 0.05714285714285714,
        "Population": {
            "action": -5.5943732261657715,
            "observation": 81
        }
    },
    "165": {
        "BestCoverage": 0.05714285714285714,
        "Population": {
            "action": -5.720268726348877,
            "observation": 75
        }
    },
    "170": {
        "BestCoverage": 0.05714285714285714,
        "Population": {
            "action": 7.823474884033203,
            "observation": 69
        }
    },
    "175": {
        "BestCoverage": 0.05714285714285714,
        "Population": {
            "action": 4.723623275756836,
            "observation": 77
        }
    },
    "180": {
        "BestCoverage": 0.05714285714285714,
        "Population": {
            "action": 1.4577369689941406,
            "observation": 82
        }
    },
    "185": {
        "BestCoverage": 0.05714285714285714,
        "Population": {
            "action": 7.906201362609863,
            "observation": 83
        }
    },
    "190": {
        "BestCoverage": 0.05714285714285714,
        "Population": {
            "action": 3.9763641357421875,
            "observation": 91
        }
    },
    "195": {
        "BestCoverage": 0.05714285714285714,
        "Population": {
            "action": 3.379866600036621,
            "observation": 95
        }
    },
    "200": {
        "BestCoverage": 0.05714285714285714,
        "Population": {
            "action": -7.293683052062988,
            "observation": 98
        }
    },
    "205": {
        "BestCoverage": 0.05714285714285714,
        "Population": {
            "action": 7.02037239074707,
            "observation": 91
        }
    },
    "210": {
        "BestCoverage": 0.05714285714285714,
        "Population": {
            "action": -2.769195556640625,
            "observation": 98
        }
    },
    "215": {
        "BestCoverage": 0.05714285714285714,
        "Population": {
            "action": 6.23607063293457,
            "observation": 95
        }
    },
    "220": {
        "BestCoverage": 0.05714285714285714,
        "Population": {
            "action": -3.384023666381836,
            "observation": 100
        }
    },
    "225": {
        "BestCoverage": 0.4857142857142857,
        "Population": {
            "action": 1.599843978881836,
            "observation": 97
        }
    },
    "230": {
        "BestCoverage": 0.5142857142857142,
        "Population": {
            "action": 2.862802505493164,
            "observation": 99
        }
    },
    "235": {
        "BestCoverage": 0.5142857142857142,
        "Population": {
            "action": 2.7826995849609375,
            "observation": 100
        }
    },
    "240": {
        "BestCoverage": 0.5142857142857142,
        "Population": {
            "action": 5.193774223327637,
            "observation": 100
        }
    },
    "245": {
        "BestCoverage": 0.5142857142857142,
        "Population": {
            "action": -3.9625205993652344,
            "observation": 100
        }
    },