{
    "15": {
        "BestCoverage": 0.8,
        "Elite": {
            "action": 0.9086952209472656,
            "observation": 1
        }
    },
    "20": {
        "BestCoverage": 0.8,
        "Elite": {
            "action": 0.9354228973388672,
            "observation": 2
        }
    },
    "25": {
        "BestCoverage": 0.8,
        "Elite": {
            "action": -0.672402024269104,
            "observation": 3
        }
    },
    "30": {
        "BestCoverage": 0.8,
        "Elite": {
            "action": 0.9223301410675049,
            "observation": 2
        }
    },
    "35": {
        "BestCoverage": 0.8,
        "Elite": {
            "action": 0.26562464237213135,
            "observation": 3
        }
    },
    "40": {
        "BestCoverage": 0.8,
        "Elite": {
            "action": 0.545748233795166,
            "observation": 3
        }
    },
    "45": {
        "BestCoverage": 0.8,
        "Elite": {
            "action": -0.7141561508178711,
            "observation": 4
        }
    },
    "50": {
        "BestCoverage": 0.8,
        "Elite": {
            "action": -0.3114258050918579,
            "observation": 3
        }
    },
    "55": {
        "BestCoverage": 0.8,
        "Elite": {
            "action": -0.4114035367965698,
            "observation": 3
        }
    },
    "60": {
        "BestCoverage": 0.8,
        "Elite": {
            "action": -0.6198837757110596,
            "observation": 3
        }
    },
    "65": {
        "BestCoverage": 0.8,
        "Elite": {
            "action": -0.7961938977241516,
            "observation": 2
        }
    },
    "70": {
        "BestCoverage": 0.8,
        "Elite": {
            "action": -0.15921026468276978,
            "observation": 1
        }
    },
    "75": {
        "BestCoverage": 0.8,
        "Elite": {
            "action": -0.6962174773216248,
            "observation": 1
        }
    },
    "80": {
        "BestCoverage": 0.8,
        "Elite": {
            "action": 0.4394540786743164,
            "observation": 0
        }
    },
    "85": {
        "BestCoverage": 0.8,
        "Elite": {
            "action": 0.5039067268371582,
            "observation": 0
        }
    },
    "90": {
        "BestCoverage": 0.8,
        "Elite": {
            "action": 0.7655181884765625,
            "observation": 1
        }
    },
    "95": {
        "BestCoverage": 0.8,
        "Elite": {
            "action": 0.1818453073501587,
            "observation": 2
        }
    },
    "100": {
        "BestCoverage": 0.8,
        "Elite": {
            "action": -0.3181823492050171,
            "observation": 2
        }
    },
    "105": {
        "BestCoverage": 0.8,
        "Elite": {
            "action": -0.92596435546875,
            "observation": 2
        }
    },
    "110": {
        "BestCoverage": 0.8,
        "Elite": {
            "action": 0.14510607719421387,
            "observation": 1
        }
    },
    "115": {
        "BestCoverage": 0.8,
        "Elite": {
            "action": -0.312469482421875,
            "observation": 1
        }
    },
    "120": {
        "BestCoverage": 0.8,
        "Elite": {
            "action": -0.9697842001914978,
            "observation": 1
        }
    },
    "125": {
        "BestCoverage": 0.8,
        "Elite": {
            "action": 0.6329336166381836,
            "observation": 0
        }
    },
    "130": {
        "BestCoverage": 0.8,
        "Elite": {
            "action": -0.1676836609840393,
            "observation": 1
        }
    },
    "135": {
        "BestCoverage": 0.8,
        "Elite": {
            "action": 0.2570093870162964,
            "observation": 1
        }
    },
    "140": {
        "BestCoverage": 0.8,
        "Elite": {
            "action": -0.6794639229774475,
            "observation": 1
        }
    },
    "145": {
        "BestCoverage": 0.8,
        "Elite": {
            "action": 0.4927690029144287,
            "observation": 0
        }
    },
    "150": {
        "BestCoverage": 0.8,
        "Elite": {
            "action": -0.5586687922477722,
            "observation": 0
        }
    },
    "155": {
        "BestCoverage": 0.8,
        "Elite": {
            "action": 0.21964168548583984,
            "observation": 0
        }
    },
    "160": {
        "BestCoverage": 0.8,
        "Elite": {
            "action": 0.23698818683624268,
            "observation": 0
        }
    },
    "165": {
        "BestCoverage": 0.8,
        "Elite": {
            "action": 0.817237377166748,
            "observation": 0
        }
    },
    "170": {
        "BestCoverage": 0.8,
        "Elite": {
            "action": 0.4957197904586792,
            "observation": 1
        }
    },
    "175": {
        "BestCoverage": 0.8,
        "Elite": {
            "action": -0.6656355261802673,
            "observation": 1
        }
    },
    "180": {
        "BestCoverage": 0.8,
        "Elite": {
            "action": -0.7191035747528076,
            "observation": 0
        }
    },
    "185": {
        "BestCoverage": 0.8,
        "Elite": {
            "action": 0.0665884017944336,
            "observation": 0
        }
    },
    "190": {
        "BestCoverage": 0.8,
        "Elite": {
            "action": 0.09878420829772949,
            "observation": 0
        }
    },
    "195": {
        "BestCoverage": 0.8,
        "Elite": {
            "action": -0.14701157808303833,
            "observation": 0
        }
    },
    "200": {
        "BestCoverage": 0.8,
        "Elite": {
            "action": 0.8358213901519775,
            "observation": 0
        }
    },
    "205": {
        "BestCoverage": 0.8,
        "Elite": {
            "action": 0.4523355960845947,
            "observation": 1
        }
    },
    "210": {
        "BestCoverage": 0.8,
        "Elite": {
            "action": -0.1269899606704712,
            "observation": 1
        }
    },
    "215": {
        "BestCoverage": 0.8,
        "Elite": {
            "action": -0.25309884548187256,
            "observation": 1
        }
    },
    "220": {
        "BestCoverage": 0.8,
        "Elite": {
            "action": 0.5852395296096802,
            "observation": 1
        }
    },
    "225": {
        "BestCoverage": 0.8,
        "Elite": {
            "action": -0.7468873858451843,
            "observation": 2
        }
    },
    "230": {
        "BestCoverage": 0.8,
        "Elite": {
            "action": 0.1425565481185913,
            "observation": 1
        }
    },
    "235": {
        "BestCoverage": 0.8,
        "Elite": {
            "action": 0.7079215049743652,
            "observation": 1
        }
    },
    "240": {
        "BestCoverage": 0.8,
        "Elite": {
            "action": -0.6856718063354492,
            "observation": 2
        }
    },
    "245": {
        "BestCoverage": 0.8,
        "Elite": {
            "action": -0.17266368865966797,
            "observation": 1
        }
    },
    "250": {
        "BestCoverage": 0.8,
        "Elite": {
            "action": 0.8785306215286255,
            "observation": 1
        }
    },
    "255": {
        "BestCoverage": 0.8,
        "Elite": {
            "action": -0.583920955657959,
            "observation": 2
        }
    },
    "260": {
        "BestCoverage": 0.8,
        "Elite": {
            "action": 0.46877241134643555,
            "observation": 1
        }
    },
    "265": {
        "BestCoverage": 0.8,
        "Elite": {
            "action": -0.8245854377746582,
            "observation": 1
        }
    },
    "270": {
        "BestCoverage": 0.8,
        "Elite": {
            "action": -0.8199158906936646,
            "observation": 0
        }
    },
    "275": {
        "BestCoverage": 0.8,
        "Elite": {
            "action": 0.6481506824493408,
            "observation": 0
        }
    },
    "280": {
        "BestCoverage": 0.8,