{
    "25": {
        "BestCoverage": 0.7625,
        "ChromosomeLength": {
            "action": 3.0270438194274902,
            "observation": 40
        }
    },
    "30": {
        "BestCoverage": 0.7625,
        "ChromosomeLength": {
            "action": -4.021287202835083,
            "observation": 43
        }
    },
    "35": {
        "BestCoverage": 0.7625,
        "ChromosomeLength": {
            "action": -0.11592793464660645,
            "observation": 39
        }
    },
    "40": {
        "BestCoverage": 0.7625,
        "ChromosomeLength": {
            "action": -2.728350877761841,
            "observation": 39
        }
    },
    "45": {
        "BestCoverage": 0.7625,
        "ChromosomeLength": {
            "action": 1.247549057006836,
            "observation": 36
        }
    },
    "50": {
        "BestCoverage": 0.7625,
        "ChromosomeLength": {
            "action": -3.345580816268921,
            "observation": 37
        }
    },
    "55": {
        "BestCoverage": 0.7625,
        "ChromosomeLength": {
            "action": -3.411749839782715,
            "observation": 34
        }
    },
    "60": {
        "BestCoverage": 0.7625,
        "ChromosomeLength": {
            "action": 0.9887938499450684,
            "observation": 31
        }
    },
    "65": {
        "BestCoverage": 0.7625,
        "ChromosomeLength": {
            "action": -5.519293785095215,
            "observation": 32
        }
    },
    "70": {
        "BestCoverage": 0.7625,
        "ChromosomeLength": {
            "action": 5.500289440155029,
            "observation": 26
        }
    },
    "75": {
        "BestCoverage": 0.7625,
        "ChromosomeLength": {
            "action": 2.146320104598999,
            "observation": 32
        }
    },
    "80": {
        "BestCoverage": 0.7625,
        "ChromosomeLength": {
            "action": 5.026886701583862,
            "observation": 34
        }
    },
    "85": {
        "BestCoverage": 0.7625,
        "ChromosomeLength": {
            "action": -3.8272722959518433,
            "observation": 39
        }
    },
    "90": {
        "BestCoverage": 0.7625,
        "ChromosomeLength": {
            "action": 5.971421241760254,
            "observation": 35
        }
    },
    "95": {
        "BestCoverage": 0.7625,
        "ChromosomeLength": {
            "action": 4.833073854446411,
            "observation": 41
        }
    },
    "100": {
        "BestCoverage": 0.7625,
        "ChromosomeLength": {
            "action": 3.941584825515747,
            "observation": 46
        }
    },
    "105": {
        "BestCoverage": 0.7625,
        "ChromosomeLength": {
            "action": 1.3098771572113037,
            "observation": 50
        }
    },
    "110": {
        "BestCoverage": 0.7625,
        "ChromosomeLength": {
            "action": -0.6509578227996826,
            "observation": 51
        }
    },
    "115": {
        "BestCoverage": 0.7625,
        "ChromosomeLength": {
            "action": 0.02692580223083496,
            "observation": 50
        }
    },
    "120": {
        "BestCoverage": 0.7625,
        "ChromosomeLength": {
            "action": 5.454556703567505,
            "observation": 50
        }
    },
    "125": {
        "BestCoverage": 0.7625,
        "ChromosomeLength": {
            "action": 3.126662492752075,
            "observation": 55
        }
    },
    "130": {
        "BestCoverage": 0.7625,
        "ChromosomeLength": {
            "action": -4.205782413482666,
            "observation": 58
        }
    },
    "135": {
        "BestCoverage": 0.7625,
        "ChromosomeLength": {
            "action": -4.9220699071884155,
            "observation": 54
        }
    },
    "140": {
        "BestCoverage": 0.7625,
        "ChromosomeLength": {
            "action": -5.348583698272705,
            "observation": 49
        }
    },
    "145": {
        "BestCoverage": 0.7625,
        "ChromosomeLength": {
            "action": 4.978692054748535,
            "observation": 44
        }
    },
    "150": {
        "BestCoverage": 0.7625,
        "ChromosomeLength": {
            "action": -4.298377633094788,
            "observation": 49
        }
    },
    "155": {
        "BestCoverage": 0.7625,
        "ChromosomeLength": {
            "action": -2.458789587020874,
            "observation": 45
        }
    },
    "160": {
        "BestCoverage": 0.7625,
        "ChromosomeLength": {
            "action": 4.21477746963501,
            "observation": 43
        }
    },
    "165": {
        "BestCoverage": 0.7625,
        "ChromosomeLength": {
            "action": -0.4341917037963867,
            "observation": 47
        }
    },
    "170": {
        "BestCoverage": 0.7625,
        "ChromosomeLength": {
            "action": -1.120483160018921,
            "observation": 47
        }
    },
    "175": {
        "BestCoverage": 0.7625,
        "ChromosomeLength": {
            "action": -3.8416478633880615,
            "observation": 46
        }
    },
    "180": {
        "BestCoverage": 0.7625,
        "ChromosomeLength": {
            "action": -4.684582471847534,
            "observation": 42
        }
    },
    "185": {
        "BestCoverage": 0.7625,
        "ChromosomeLength": {
            "action": -3.1585071086883545,
            "observation": 37
        }
    },
    "190": {
        "BestCoverage": 0.7625,
        "ChromosomeLength": {
            "action": -3.670040488243103,
            "observation": 34
        }
    },
    "195": {
        "BestCoverage": 0.7625,
        "ChromosomeLength": {
            "action": -4.752980947494507,
            "observation": 30
        }
    },
    "200": {
        "BestCoverage": 0.7625,
        "ChromosomeLength": {
            "action": -4.639907240867615,
            "observation": 25
        }
    },
    "205": {
        "BestCoverage": 0.7625,
        "ChromosomeLength": {
            "action": -5.917960166931152,
            "observation": 20
        }
    },
    "210": {
        "BestCoverage": 0.7625,
        "ChromosomeLength": {
            "action": 0.9440317153930664,
            "observation": 20
        }
    },
    "215": {
        "BestCoverage": 0.7625,
        "ChromosomeLength": {
            "action": -4.831644415855408,
            "observation": 21
        }
    },
    "220": {
        "BestCoverage": 0.7625,
        "ChromosomeLength": {
            "action": -4.353254556655884,
            "observation": 20
        }
    },
    "225": {
        "BestCoverage": 0.7625,
        "ChromosomeLength": {
            "action": -1.7651968002319336,
            "observation": 20
        }
    },
    "230": {
        "BestCoverage": 0.7625,
        "ChromosomeLength": {
            "action": 2.568931818008423,
            "observation": 20
        }
    },
    "235": {
        "BestCoverage": 0.7625,
        "ChromosomeLength": {
            "action": -3.5566256046295166,
            "observation": 23
        }
    },
    "240": {
        "BestCoverage": 0.7625,
        "ChromosomeLength": {
            "action": -1.4708572626113892,
            "observation": 20
        }
    },
    "245": {
        "BestCoverage": 0.7625,
        "ChromosomeLength": {
            "action": -5.041765093803406,
            "observation": 20
        }
    },
    "250": {
        "BestCoverage": 0.7625,
        "ChromosomeLength": {
            "action": -0.4380147457122803,
            "observation": 20
        }
    },
    "255": {
        "BestCoverage": 0.7625,
        "ChromosomeLength": {
            "action": -4.484946012496948,
            "observation": 20
        }
    },
    "260": {
        "BestCoverage": 0.7625,
        "ChromosomeLength": {
            "action": 0.9261410236358643,
            "observation": 20
        }
    },
    "265": {
        "BestCoverage": 0.7625,
        "ChromosomeLength": {
            "action": -5.4136412143707275,