{
    "15": {
        "BestCoverage": 0.8,
        "CrossoverRate": {
            "action": 0.09861490726470948,
            "observation": 0.75
        }
    },
    "20": {
        "BestCoverage": 0.8,
        "CrossoverRate": {
            "action": -0.09751842021942139,
            "observation": 0.8486149072647095
        }
    },
    "25": {
        "BestCoverage": 0.8,
        "CrossoverRate": {
            "action": 0.032915472984313965,
            "observation": 0.7510964870452881
        }
    },
    "30": {
        "BestCoverage": 0.8,
        "CrossoverRate": {
            "action": -0.035794544219970706,
            "observation": 0.784011960029602
        }
    },
    "35": {
        "BestCoverage": 0.8,
        "CrossoverRate": {
            "action": 0.0349002480506897,
            "observation": 0.7482174158096313
        }
    },
    "40": {
        "BestCoverage": 0.8,
        "CrossoverRate": {
            "action": 0.09025945663452148,
            "observation": 0.783117663860321
        }
    },
    "45": {
        "BestCoverage": 0.8,
        "CrossoverRate": {
            "action": 0.07352602481842041,
            "observation": 0.8733771204948425
        }
    },
    "50": {
        "BestCoverage": 0.8,
        "CrossoverRate": {
            "action": 0.011253380775451655,
            "observation": 0.9469031453132629
        }
    },
    "55": {
        "BestCoverage": 0.8,
        "CrossoverRate": {
            "action": 0.04153037071228027,
            "observation": 0.9581565260887146
        }
    },
    "60": {
        "BestCoverage": 0.8,
        "CrossoverRate": {
            "action": 0.08968977928161623,
            "observation": 0.9996868968009949
        }
    },
    "65": {
        "BestCoverage": 0.8,
        "CrossoverRate": {
            "action": 0.0035177707672119085,
            "observation": 1.0
        }
    },
    "70": {
        "BestCoverage": 0.8,
        "CrossoverRate": {
            "action": -0.0909481167793274,
            "observation": 1.0
        }
    },
    "75": {
        "BestCoverage": 0.8,
        "CrossoverRate": {
            "action": -0.06139664649963379,
            "observation": 0.9090518832206727
        }
    },
    "80": {
        "BestCoverage": 0.8,
        "CrossoverRate": {
            "action": -0.09648872017860413,
            "observation": 0.8476552367210388
        }
    },
    "85": {
        "BestCoverage": 0.8,
        "CrossoverRate": {
            "action": -0.07161407470703125,
            "observation": 0.7511665165424347
        }
    },
    "90": {
        "BestCoverage": 0.8,
        "CrossoverRate": {
            "action": 0.067329740524292,
            "observation": 0.6795524418354034
        }
    },
    "95": {
        "BestCoverage": 0.8,
        "CrossoverRate": {
            "action": -0.05325579047203064,
            "observation": 0.7468821823596954
        }
    },
    "100": {
        "BestCoverage": 0.8,
        "CrossoverRate": {
            "action": 0.034235358238220215,
            "observation": 0.6936263918876647
        }
    },
    "105": {
        "BestCoverage": 0.8,
        "CrossoverRate": {
            "action": 0.005617201328277588,
            "observation": 0.7278617501258849
        }
    },
    "110": {
        "BestCoverage": 0.8,
        "CrossoverRate": {
            "action": -0.0013571262359619168,
            "observation": 0.7334789514541625
        }
    },
    "115": {
        "BestCoverage": 0.8,
        "CrossoverRate": {
            "action": -0.07462806701660157,
            "observation": 0.7321218252182006
        }
    },
    "120": {
        "BestCoverage": 0.8,
        "CrossoverRate": {
            "action": 0.08932342529296874,
            "observation": 0.6574937582015989
        }
    },
    "125": {
        "BestCoverage": 0.8,
        "CrossoverRate": {
            "action": 0.007509911060333246,
            "observation": 0.7468171834945677
        }
    },
    "130": {
        "BestCoverage": 0.8,
        "CrossoverRate": {
            "action": 0.055035531520843506,
            "observation": 0.754327094554901
        }
    },
    "135": {
        "BestCoverage": 0.8,
        "CrossoverRate": {
            "action": 0.07968814373016359,
            "observation": 0.8093626260757445
        }
    },
    "140": {
        "BestCoverage": 0.8,
        "CrossoverRate": {
            "action": -0.05074829459190369,
            "observation": 0.889050769805908
        }
    },
    "145": {
        "BestCoverage": 0.8,
        "CrossoverRate": {
            "action": 0.015427923202514654,
            "observation": 0.8383024752140044
        }
    },
    "150": {
        "BestCoverage": 0.8,
        "CrossoverRate": {
            "action": 0.009640717506408686,
            "observation": 0.853730398416519
        }
    },
    "155": {
        "BestCoverage": 0.8,
        "CrossoverRate": {
            "action": 0.06474797725677492,
            "observation": 0.8633711159229277
        }
    },
    "160": {
        "BestCoverage": 0.8,
        "CrossoverRate": {
            "action": -0.08240182995796204,
            "observation": 0.9281190931797026
        }
    },
    "165": {
        "BestCoverage": 0.8,
        "CrossoverRate": {
            "action": 0.05892274379730225,
            "observation": 0.8457172632217406
        }
    },
    "170": {
        "BestCoverage": 0.8,
        "CrossoverRate": {
            "action": -0.082795649766922,
            "observation": 0.9046400070190428
        }
    },
    "175": {
        "BestCoverage": 0.8,
        "CrossoverRate": {
            "action": -0.0855924427509308,
            "observation": 0.8218443572521208
        }
    },
    "180": {
        "BestCoverage": 0.8,
        "CrossoverRate": {
            "action": -0.06793573498725891,
            "observation": 0.73625191450119
        }
    },
    "185": {
        "BestCoverage": 0.8,
        "CrossoverRate": {
            "action": 0.08672404289245605,
            "observation": 0.6683161795139311
        }
    },
    "190": {
        "BestCoverage": 0.8,
        "CrossoverRate": {
            "action": 0.02491768598556518,
            "observation": 0.7550402224063871
        }
    },
    "195": {
        "BestCoverage": 0.8,
        "CrossoverRate": {
            "action": -0.016336011886596682,
            "observation": 0.7799579083919523
        }
    },
    "200": {
        "BestCoverage": 0.8,
        "CrossoverRate": {
            "action": -0.09599876999855042,
            "observation": 0.7636218965053556
        }
    },
    "205": {
        "BestCoverage": 0.8,
        "CrossoverRate": {
            "action": -0.002517277002334589,
            "observation": 0.6676231265068052
        }
    },
    "210": {
        "BestCoverage": 0.8,
        "CrossoverRate": {
            "action": -0.07595816254615784,
            "observation": 0.6651058495044706
        }
    },
    "215": {
        "BestCoverage": 0.8,
        "CrossoverRate": {
            "action": 0.02726105451583863,
            "observation": 0.5891476869583128
        }
    },
    "220": {
        "BestCoverage": 0.8,
        "CrossoverRate": {
            "action": 0.09224126338958741,
            "observation": 0.6164087414741514
        }
    },
    "225": {
        "BestCoverage": 0.8,
        "CrossoverRate": {
            "action": 0.030815458297729498,
            "observation": 0.7086500048637387
        }
    },
    "230": {
        "BestCoverage": 0.8,
        "CrossoverRate": {
            "action": -0.07857527136802674,
            "observation": 0.7394654631614682
        }
    },
    "235": {
        "BestCoverage": 0.8,
        "CrossoverRate": {
            "action": -0.045784330368042,
            "observation": 0.6608901917934414
        }
    },
    "240": {
        "BestCoverage": 0.8,
        "CrossoverRate": {
            "action": -0.017175137996673584,