{
    "15": {
        "BestCoverage": 0.7375,
        "ChromosomeLength": {
            "observation": 40,
            "action": 1.5552942752838135
        },
        "Population": {
            "observation": 50,
            "action": -1.3085079193115234
        }
    },
    "20": {
        "BestCoverage": 0.75,
        "ChromosomeLength": {
            "observation": 42,
            "action": 2.6968860626220703
        },
        "Population": {
            "observation": 49,
            "action": 5.91624641418457
        }
    },
    "25": {
        "BestCoverage": 0.75,
        "ChromosomeLength": {
            "observation": 45,
            "action": -1.5586745738983154
        },
        "Population": {
            "observation": 55,
            "action": -2.3026647567749023
        }
    },
    "30": {
        "BestCoverage": 0.75,
        "ChromosomeLength": {
            "observation": 43,
            "action": -4.222594499588013
        },
        "Population": {
            "observation": 53,
            "action": 7.830354690551758
        }
    },
    "35": {
        "BestCoverage": 0.75,
        "ChromosomeLength": {
            "observation": 39,
            "action": 1.8855643272399902
        },
        "Population": {
            "observation": 61,
            "action": -2.9790115356445312
        }
    },
    "40": {
        "BestCoverage": 0.75,
        "ChromosomeLength": {
            "observation": 41,
            "action": -1.9575694799423218
        },
        "Population": {
            "observation": 58,
            "action": -1.743168830871582
        }
    },
    "45": {
        "BestCoverage": 0.75,
        "ChromosomeLength": {
            "observation": 39,
            "action": 3.375967025756836
        },
        "Population": {
            "observation": 56,
            "action": 5.210979461669922
        }
    },
    "50": {
        "BestCoverage": 0.75,
        "ChromosomeLength": {
            "observation": 42,
            "action": -0.9502172470092773
        },
        "Population": {
            "observation": 61,
            "action": 3.578733444213867
        }
    },
    "55": {
        "BestCoverage": 0.75,
        "ChromosomeLength": {
            "observation": 41,
            "action": -3.7859827280044556
        },
        "Population": {
            "observation": 65,
            "action": -2.0291295051574707
        }
    },
    "60": {
        "BestCoverage": 0.75,
        "ChromosomeLength": {
            "observation": 37,
            "action": -2.995813250541687
        },
        "Population": {
            "observation": 63,
            "action": -2.1214752197265625
        }
    },
    "65": {
        "BestCoverage": 0.75,
        "ChromosomeLength": {
            "observation": 34,
            "action": 4.160235643386841
        },
        "Population": {
            "observation": 61,
            "action": 2.9343881607055664
        }
    },
    "70": {
        "BestCoverage": 0.75,
        "ChromosomeLength": {
            "observation": 38,
            "action": -5.981675505638123
        },
        "Population": {
            "observation": 64,
            "action": -7.523508071899414
        }
    },
    "75": {
        "BestCoverage": 0.75,
        "ChromosomeLength": {
            "observation": 32,
            "action": 1.099562644958496
        },
        "Population": {
            "observation": 56,
            "action": 7.073575019836426
        }
    },
    "80": {
        "BestCoverage": 0.75,
        "ChromosomeLength": {
            "observation": 33,
            "action": -2.804497003555298
        },
        "Population": {
            "observation": 63,
            "action": -1.9348273277282715
        }
    },
    "85": {
        "BestCoverage": 0.75,
        "ChromosomeLength": {
            "observation": 30,
            "action": 3.3152661323547363
        },
        "Population": {
            "observation": 61,
            "action": 6.0631561279296875
        }
    },
    "90": {
        "BestCoverage": 0.75,
        "ChromosomeLength": {
            "observation": 33,
            "action": -5.232235550880432
        },
        "Population": {
            "observation": 67,
            "action": 6.9637908935546875
        }
    },
    "95": {
        "BestCoverage": 0.75,
        "ChromosomeLength": {
            "observation": 28,
            "action": 3.304593801498413
        },
        "Population": {
            "observation": 74,
            "action": -2.4992260932922363
        }
    },
    "100": {
        "BestCoverage": 0.7625,
        "ChromosomeLength": {
            "observation": 31,
            "action": 0.8913910388946533
        },
        "Population": {
            "observation": 72,
            "action": 2.228074073791504
        }
    },
    "105": {
        "BestCoverage": 0.7625,
        "ChromosomeLength": {
            "observation": 32,
            "action": 5.536974906921387
        },
        "Population": {
            "observation": 74,
            "action": 1.6768207550048828
        }
    },
    "110": {
        "BestCoverage": 0.7625,
        "ChromosomeLength": {
            "observation": 38,
            "action": -2.724799633026123
        },
        "Population": {
            "observation": 76,
            "action": -3.546867847442627
        }
    },
    "115": {
        "BestCoverage": 0.7625,
        "ChromosomeLength": {
            "observation": 35,
            "action": -5.628874897956848
        },
        "Population": {
            "observation": 72,
            "action": 1.8712120056152344
        }
    },
    "120": {
        "BestCoverage": 0.7625,
        "ChromosomeLength": {
            "observation": 29,
            "action": 5.392883777618408
        },
        "Population": {
            "observation": 74,
            "action": 2.067183494567871
        }
    },
    "125": {
        "BestCoverage": 0.7625,
        "ChromosomeLength": {
            "observation": 34,
            "action": -1.7009146213531494
        },
        "Population": {
            "observation": 76,
            "action": -2.635199546813965
        }
    },
    "130": {
        "BestCoverage": 0.7625,
        "ChromosomeLength": {
            "observation": 32,
            "action": -0.5701897144317627
        },
        "Population": {
            "observation": 73,
            "action": 1.7341394424438477
        }
    },
    "135": {
        "BestCoverage": 0.7625,
        "ChromosomeLength": {
            "observation": 31,
            "action": -5.397929549217224
        },
        "Population": {
            "observation": 75,
            "action": -1.8937420845031738
        }
    },
    "140": {
        "BestCoverage": 0.7625,
        "ChromosomeLength": {
            "observation": 26,
            "action": 0.9334824085235596
        },
        "Population": {
            "observation": 73,
            "action": 0.27335166931152344
        }
    },
    "145": {
        "BestCoverage": 0.7625,
        "ChromosomeLength": {
            "observation": 27,
            "action": 5.176172733306885
        },
        "Population": {
            "observation": 73,
            "action": 6.813131332397461
        }
    },
    "150": {
        "BestCoverage": 0.7625,
        "ChromosomeLength": {
            "observation": 32,
            "action": -3.0914804935455322
        },
        "Population": {
            "observation": 80,
            "action": -0.10325813293457031
        }
    },
    "155": {
        "BestCoverage": 0.7625,
        "ChromosomeLength": {
            "observation": 29,
            "action": -0.6064528226852417
        },
        "Population": {
            "observation": 80,
            "action": -1.225250244140625
        }
    },
    "160": {
        "BestCoverage": 0.7625,
        "ChromosomeLength": {
            "observation": 28,
            "action": 4.323462009429932
        },