{
    "15": {
        "BestCoverage": 0.8,
        "StatementInsertionProbability": {
            "action": -0.008859521150588995,
            "observation": 0.5
        }
    },
    "20": {
        "BestCoverage": 0.8,
        "StatementInsertionProbability": {
            "action": -0.0643999457359314,
            "observation": 0.49114047884941103
        }
    },
    "25": {
        "BestCoverage": 0.8,
        "StatementInsertionProbability": {
            "action": 0.09912246465682983,
            "observation": 0.42674053311347965
        }
    },
    "30": {
        "BestCoverage": 0.8,
        "StatementInsertionProbability": {
            "action": -0.01257243156433105,
            "observation": 0.5258629977703095
        }
    },
    "35": {
        "BestCoverage": 0.8,
        "StatementInsertionProbability": {
            "action": 0.05223031044006349,
            "observation": 0.5132905662059785
        }
    },
    "40": {
        "BestCoverage": 0.8,
        "StatementInsertionProbability": {
            "action": -0.029563462734222418,
            "observation": 0.565520876646042
        }
    },
    "45": {
        "BestCoverage": 0.8,
        "StatementInsertionProbability": {
            "action": -0.060296779870986944,
            "observation": 0.5359574139118196
        }
    },
    "50": {
        "BestCoverage": 0.8,
        "StatementInsertionProbability": {
            "action": -0.09648612141609192,
            "observation": 0.4756606340408327
        }
    },
    "55": {
        "BestCoverage": 0.8,
        "StatementInsertionProbability": {
            "action": -0.022895765304565427,
            "observation": 0.3791745126247408
        }
    },
    "60": {
        "BestCoverage": 0.8,
        "StatementInsertionProbability": {
            "action": -0.04068993330001831,
            "observation": 0.35627874732017534
        }
    },
    "65": {
        "BestCoverage": 0.8,
        "StatementInsertionProbability": {
            "action": 0.09934489727020265,
            "observation": 0.31558881402015704
        }
    },
    "70": {
        "BestCoverage": 0.8,
        "StatementInsertionProbability": {
            "action": -0.05490662455558777,
            "observation": 0.4149337112903597
        }
    },
    "75": {
        "BestCoverage": 0.8,
        "StatementInsertionProbability": {
            "action": 0.005759036540985113,
            "observation": 0.36002708673477196
        }
    },
    "80": {
        "BestCoverage": 0.8,
        "StatementInsertionProbability": {
            "action": 0.06834243535995485,
            "observation": 0.3657861232757571
        }
    },
    "85": {
        "BestCoverage": 0.8,
        "StatementInsertionProbability": {
            "action": -0.06327782273292543,
            "observation": 0.434128558635712
        }
    },
    "90": {
        "BestCoverage": 0.8,
        "StatementInsertionProbability": {
            "action": -0.016974622011184687,
            "observation": 0.37085073590278655
        }
    },
    "95": {
        "BestCoverage": 0.8,
        "StatementInsertionProbability": {
            "action": 0.0021464467048644964,
            "observation": 0.3538761138916019
        }
    },
    "100": {
        "BestCoverage": 0.8,
        "StatementInsertionProbability": {
            "action": 0.09485652446746826,
            "observation": 0.3560225605964664
        }
    },
    "105": {
        "BestCoverage": 0.8,
        "StatementInsertionProbability": {
            "action": 0.06155378818511964,
            "observation": 0.4508790850639347
        }
    },
    "110": {
        "BestCoverage": 0.8,
        "StatementInsertionProbability": {
            "action": -0.01631101965904236,
            "observation": 0.5124328732490544
        }
    },
    "115": {
        "BestCoverage": 0.8,
        "StatementInsertionProbability": {
            "action": 0.028403246402740473,
            "observation": 0.49612185359001204
        }
    },
    "120": {
        "BestCoverage": 0.8,
        "StatementInsertionProbability": {
            "action": -0.02847402095794678,
            "observation": 0.5245250999927525
        }
    },
    "125": {
        "BestCoverage": 0.8,
        "StatementInsertionProbability": {
            "action": -0.019633418321609503,
            "observation": 0.4960510790348058
        }
    },
    "130": {
        "BestCoverage": 0.8,
        "StatementInsertionProbability": {
            "action": -0.05209345221519471,
            "observation": 0.47641766071319624
        }
    },
    "135": {
        "BestCoverage": 0.8,
        "StatementInsertionProbability": {
            "action": 0.071618390083313,
            "observation": 0.42432420849800156
        }
    },
    "140": {
        "BestCoverage": 0.8,
        "StatementInsertionProbability": {
            "action": 0.08153012990951539,
            "observation": 0.49594259858131456
        }
    },
    "145": {
        "BestCoverage": 0.8,
        "StatementInsertionProbability": {
            "action": 0.0951694965362549,
            "observation": 0.57747272849083
        }
    },
    "150": {
        "BestCoverage": 0.8,
        "StatementInsertionProbability": {
            "action": -0.06471874713897705,
            "observation": 0.6726422250270849
        }
    },
    "155": {
        "BestCoverage": 0.8,
        "StatementInsertionProbability": {
            "action": -0.014510715007781977,
            "observation": 0.6079234778881079
        }
    },
    "160": {
        "BestCoverage": 0.8,
        "StatementInsertionProbability": {
            "action": 0.07341883182525635,
            "observation": 0.5934127628803259
        }
    },
    "165": {
        "BestCoverage": 0.8,
        "StatementInsertionProbability": {
            "action": 0.056426167488098145,
            "observation": 0.6668315947055822
        }
    },
    "170": {
        "BestCoverage": 0.8,
        "StatementInsertionProbability": {
            "action": 0.03140902519226074,
            "observation": 0.7232577621936803
        }
    },
    "175": {
        "BestCoverage": 0.8,
        "StatementInsertionProbability": {
            "action": 0.030176520347595215,
            "observation": 0.7546667873859411
        }
    },
    "180": {
        "BestCoverage": 0.8,
        "StatementInsertionProbability": {
            "action": 0.09575474262237549,
            "observation": 0.7848433077335363
        }
    },
    "185": {
        "BestCoverage": 0.8,
        "StatementInsertionProbability": {
            "action": -0.01530309915542602,
            "observation": 0.8805980503559118
        }
    },
    "190": {
        "BestCoverage": 0.8,
        "StatementInsertionProbability": {
            "action": -0.08524569869041443,
            "observation": 0.8652949512004857
        }
    },
    "195": {
        "BestCoverage": 0.8,
        "StatementInsertionProbability": {
            "action": 0.0142322301864624,
            "observation": 0.7800492525100713
        }
    },
    "200": {
        "BestCoverage": 0.8,
        "StatementInsertionProbability": {
            "action": -0.09205631017684937,
            "observation": 0.7942814826965336
        }
    },
    "205": {
        "BestCoverage": 0.8,
        "StatementInsertionProbability": {
            "action": -0.04626520872116089,
            "observation": 0.7022251725196843
        }
    },
    "210": {
        "BestCoverage": 0.8,
        "StatementInsertionProbability": {
            "action": 0.0680924892425537,
            "observation": 0.6559599637985234
        }
    },
    "215": {
        "BestCoverage": 0.8,
        "StatementInsertionProbability": {
            "action": 0.0011537790298461886,
            "observation": 0.7240524530410771
        }
    },
    "220": {
        "BestCoverage": 0.8,
        "StatementInsertionProbability": {
            "action": -0.03480499982833862,