{
    "15": {
        "BestCoverage": 0.8,
        "ChangeParameterProbability": {
            "action": 0.04033493995666504,
            "observation": 0.1
        }
    },
    "20": {
        "BestCoverage": 0.8,
        "ChangeParameterProbability": {
            "action": -0.05647685527801514,
            "observation": 0.14033493995666504
        }
    },
    "25": {
        "BestCoverage": 0.8,
        "ChangeParameterProbability": {
            "action": -0.09683499932289125,
            "observation": 0.08385808467864991
        }
    },
    "30": {
        "BestCoverage": 0.8,
        "ChangeParameterProbability": {
            "action": 0.03765828609466554,
            "observation": 0.0
        }
    },
    "35": {
        "BestCoverage": 0.8,
        "ChangeParameterProbability": {
            "action": 0.09508128166198732,
            "observation": 0.03765828609466554
        }
    },
    "40": {
        "BestCoverage": 0.8,
        "ChangeParameterProbability": {
            "action": 0.06026508808135986,
            "observation": 0.13273956775665285
        }
    },
    "45": {
        "BestCoverage": 0.8,
        "ChangeParameterProbability": {
            "action": -0.012739264965057367,
            "observation": 0.1930046558380127
        }
    },
    "50": {
        "BestCoverage": 0.8,
        "ChangeParameterProbability": {
            "action": -0.09631195664405823,
            "observation": 0.18026539087295534
        }
    },
    "55": {
        "BestCoverage": 0.8,
        "ChangeParameterProbability": {
            "action": -0.015082424879074102,
            "observation": 0.08395343422889712
        }
    },
    "60": {
        "BestCoverage": 0.8,
        "ChangeParameterProbability": {
            "action": -0.09268397092819214,
            "observation": 0.06887100934982301
        }
    },
    "65": {
        "BestCoverage": 0.8,
        "ChangeParameterProbability": {
            "action": 0.09418598413467408,
            "observation": 0.0
        }
    },
    "70": {
        "BestCoverage": 0.8,
        "ChangeParameterProbability": {
            "action": -0.08359754085540771,
            "observation": 0.09418598413467408
        }
    },
    "75": {
        "BestCoverage": 0.8,
        "ChangeParameterProbability": {
            "action": 0.03204407691955566,
            "observation": 0.010588443279266363
        }
    },
    "80": {
        "BestCoverage": 0.8,
        "ChangeParameterProbability": {
            "action": -0.008918207883834836,
            "observation": 0.04263252019882202
        }
    },
    "85": {
        "BestCoverage": 0.8,
        "ChangeParameterProbability": {
            "action": -0.04386358857154846,
            "observation": 0.033714312314987185
        }
    },
    "90": {
        "BestCoverage": 0.8,
        "ChangeParameterProbability": {
            "action": -0.03222423195838929,
            "observation": 0.0
        }
    },
    "95": {
        "BestCoverage": 0.8,
        "ChangeParameterProbability": {
            "action": -0.03363694548606873,
            "observation": 0.0
        }
    },
    "100": {
        "BestCoverage": 0.8,
        "ChangeParameterProbability": {
            "action": -0.05957709550857544,
            "observation": 0.0
        }
    },
    "105": {
        "BestCoverage": 0.8,
        "ChangeParameterProbability": {
            "action": -0.06862118244171142,
            "observation": 0.0
        }
    },
    "110": {
        "BestCoverage": 0.8,
        "ChangeParameterProbability": {
            "action": 0.02034580707550049,
            "observation": 0.0
        }
    },
    "115": {
        "BestCoverage": 0.8,
        "ChangeParameterProbability": {
            "action": -0.06154704689979554,
            "observation": 0.02034580707550049
        }
    },
    "120": {
        "BestCoverage": 0.8,
        "ChangeParameterProbability": {
            "action": -0.021973848342895508,
            "observation": 0.0
        }
    },
    "125": {
        "BestCoverage": 0.8,
        "ChangeParameterProbability": {
            "action": -0.0033462762832641574,
            "observation": 0.0
        }
    },
    "130": {
        "BestCoverage": 0.8,
        "ChangeParameterProbability": {
            "action": 0.055764818191528315,
            "observation": 0.0
        }
    },
    "135": {
        "BestCoverage": 0.8,
        "ChangeParameterProbability": {
            "action": -0.08748691082000733,
            "observation": 0.055764818191528315
        }
    },
    "140": {
        "BestCoverage": 0.8,
        "ChangeParameterProbability": {
            "action": -0.008003711700439453,
            "observation": 0.0
        }
    },
    "145": {
        "BestCoverage": 0.8,
        "ChangeParameterProbability": {
            "action": 0.04679068326950073,
            "observation": 0.0
        }
    },
    "150": {
        "BestCoverage": 0.8,
        "ChangeParameterProbability": {
            "action": 0.026155388355255133,
            "observation": 0.04679068326950073
        }
    },
    "155": {
        "BestCoverage": 0.8,
        "ChangeParameterProbability": {
            "action": 0.034778475761413574,
            "observation": 0.07294607162475586
        }
    },
    "160": {
        "BestCoverage": 0.8,
        "ChangeParameterProbability": {
            "action": 0.04658173322677611,
            "observation": 0.10772454738616943
        }
    },
    "165": {
        "BestCoverage": 0.8,
        "ChangeParameterProbability": {
            "action": -0.08974024057388306,
            "observation": 0.15430628061294555
        }
    },
    "170": {
        "BestCoverage": 0.8,
        "ChangeParameterProbability": {
            "action": 0.07518858909606935,
            "observation": 0.06456604003906248
        }
    },
    "175": {
        "BestCoverage": 0.8,
        "ChangeParameterProbability": {
            "action": -0.024166256189346313,
            "observation": 0.1397546291351318
        }
    },
    "180": {
        "BestCoverage": 0.8,
        "ChangeParameterProbability": {
            "action": -0.05791136622428894,
            "observation": 0.1155883729457855
        }
    },
    "185": {
        "BestCoverage": 0.8,
        "ChangeParameterProbability": {
            "action": -0.07603526711463929,
            "observation": 0.05767700672149656
        }
    },
    "190": {
        "BestCoverage": 0.8,
        "ChangeParameterProbability": {
            "action": 0.08282113075256348,
            "observation": 0.0
        }
    },
    "195": {
        "BestCoverage": 0.8,
        "ChangeParameterProbability": {
            "action": 0.07458478212356567,
            "observation": 0.08282113075256348
        }
    },
    "200": {
        "BestCoverage": 0.8,
        "ChangeParameterProbability": {
            "action": 0.04279184341430664,
            "observation": 0.15740591287612915
        }
    },
    "205": {
        "BestCoverage": 0.8,
        "ChangeParameterProbability": {
            "action": -0.08456751108169556,
            "observation": 0.2001977562904358
        }
    },
    "210": {
        "BestCoverage": 0.8,
        "ChangeParameterProbability": {
            "action": 0.08255853652954101,
            "observation": 0.11563024520874023
        }
    },
    "215": {
        "BestCoverage": 0.8,
        "ChangeParameterProbability": {
            "action": 0.002303946018218997,
            "observation": 0.19818878173828125
        }
    },
    "220": {
        "BestCoverage": 0.8,
        "ChangeParameterProbability": {
            "action": -0.06747500896453858,
            "observation": 0.20049272775650023
        }
    },
    "225": {
        "BestCoverage": 0.8,
        "ChangeParameterProbability": {
            "action": -0.08760274052619935,
            "observation": 0.13301771879196167
        }
    },
    "230": {
        "BestCoverage": 0.8,