{
    "25": {
        "BestCoverage": 0.8,
        "StatementInsertionProbability": {
            "action": 0.07979632616043092,
            "observation": 0.5
        }
    },
    "30": {
        "BestCoverage": 0.8,
        "StatementInsertionProbability": {
            "action": 0.062273263931274414,
            "observation": 0.5797963261604309
        }
    },
    "35": {
        "BestCoverage": 0.8,
        "StatementInsertionProbability": {
            "action": -0.015930891036987305,
            "observation": 0.6420695900917053
        }
    },
    "40": {
        "BestCoverage": 0.8,
        "StatementInsertionProbability": {
            "action": 0.02155780792236328,
            "observation": 0.626138699054718
        }
    },
    "45": {
        "BestCoverage": 0.8,
        "StatementInsertionProbability": {
            "action": -0.07107639908790589,
            "observation": 0.6476965069770813
        }
    },
    "50": {
        "BestCoverage": 0.8,
        "StatementInsertionProbability": {
            "action": -0.09251734018325806,
            "observation": 0.5766201078891754
        }
    },
    "55": {
        "BestCoverage": 0.8,
        "StatementInsertionProbability": {
            "action": -0.0848075807094574,
            "observation": 0.4841027677059173
        }
    },
    "60": {
        "BestCoverage": 0.8,
        "StatementInsertionProbability": {
            "action": -0.03416705131530762,
            "observation": 0.39929518699645994
        }
    },
    "65": {
        "BestCoverage": 0.8,
        "StatementInsertionProbability": {
            "action": -0.051384180784225464,
            "observation": 0.3651281356811523
        }
    },
    "70": {
        "BestCoverage": 0.8,
        "StatementInsertionProbability": {
            "action": -0.028278374671936043,
            "observation": 0.31374395489692686
        }
    },
    "75": {
        "BestCoverage": 0.8,
        "StatementInsertionProbability": {
            "action": 0.013047182559967035,
            "observation": 0.2854655802249908
        }
    },
    "80": {
        "BestCoverage": 0.8,
        "StatementInsertionProbability": {
            "action": 0.012721800804138178,
            "observation": 0.29851276278495786
        }
    },
    "85": {
        "BestCoverage": 0.8,
        "StatementInsertionProbability": {
            "action": -0.0454736590385437,
            "observation": 0.31123456358909607
        }
    },
    "90": {
        "BestCoverage": 0.8,
        "StatementInsertionProbability": {
            "action": 0.002221310138702387,
            "observation": 0.26576090455055235
        }
    },
    "95": {
        "BestCoverage": 0.8,
        "StatementInsertionProbability": {
            "action": -0.07439398169517518,
            "observation": 0.26798221468925476
        }
    },
    "100": {
        "BestCoverage": 0.8,
        "StatementInsertionProbability": {
            "action": -0.020911651849746707,
            "observation": 0.19358823299407957
        }
    },
    "105": {
        "BestCoverage": 0.8,
        "StatementInsertionProbability": {
            "action": 0.04436616897583007,
            "observation": 0.17267658114433287
        }
    },
    "110": {
        "BestCoverage": 0.8,
        "StatementInsertionProbability": {
            "action": -0.010563445091247556,
            "observation": 0.21704275012016294
        }
    },
    "115": {
        "BestCoverage": 0.8,
        "StatementInsertionProbability": {
            "action": -0.058580982685089114,
            "observation": 0.20647930502891537
        }
    },
    "120": {
        "BestCoverage": 0.8,
        "StatementInsertionProbability": {
            "action": -0.04470604658126831,
            "observation": 0.14789832234382627
        }
    },
    "125": {
        "BestCoverage": 0.8,
        "StatementInsertionProbability": {
            "action": 0.017626786231994623,
            "observation": 0.10319227576255796
        }
    },
    "130": {
        "BestCoverage": 0.8,
        "StatementInsertionProbability": {
            "action": -0.09653636813163757,
            "observation": 0.12081906199455258
        }
    },
    "135": {
        "BestCoverage": 0.8,
        "StatementInsertionProbability": {
            "action": -0.05282776951789856,
            "observation": 0.02428269386291501
        }
    },
    "140": {
        "BestCoverage": 0.8,
        "StatementInsertionProbability": {
            "action": 0.08099217414855958,
            "observation": 0.0
        }
    },
    "145": {
        "BestCoverage": 0.8,
        "StatementInsertionProbability": {
            "action": -0.06656206250190735,
            "observation": 0.08099217414855958
        }
    },
    "150": {
        "BestCoverage": 0.8,
        "StatementInsertionProbability": {
            "action": -0.004655462503433225,
            "observation": 0.014430111646652227
        }
    },
    "155": {
        "BestCoverage": 0.8,
        "StatementInsertionProbability": {
            "action": 0.08947381973266602,
            "observation": 0.009774649143219002
        }
    },
    "160": {
        "BestCoverage": 0.8,
        "StatementInsertionProbability": {
            "action": -0.0923348903656006,
            "observation": 0.09924846887588502
        }
    },
    "165": {
        "BestCoverage": 0.8,
        "StatementInsertionProbability": {
            "action": -0.09367888569831849,
            "observation": 0.006913578510284429
        }
    },
    "170": {
        "BestCoverage": 0.8,
        "StatementInsertionProbability": {
            "action": 0.07117710113525391,
            "observation": 0.0
        }
    },
    "175": {
        "BestCoverage": 0.8,
        "StatementInsertionProbability": {
            "action": -0.08971570134162904,
            "observation": 0.07117710113525391
        }
    },
    "180": {
        "BestCoverage": 0.8,
        "StatementInsertionProbability": {
            "action": -0.04040138125419617,
            "observation": 0.0
        }
    },
    "185": {
        "BestCoverage": 0.8,
        "StatementInsertionProbability": {
            "action": -0.01211258172988891,
            "observation": 0.0
        }
    },
    "190": {
        "BestCoverage": 0.8,
        "StatementInsertionProbability": {
            "action": 0.043513548374176036,
            "observation": 0.0
        }
    },
    "195": {
        "BestCoverage": 0.8,
        "StatementInsertionProbability": {
            "action": 0.08807358741760254,
            "observation": 0.043513548374176036
        }
    },
    "200": {
        "BestCoverage": 0.8,
        "StatementInsertionProbability": {
            "action": -0.05794472694396973,
            "observation": 0.13158713579177858
        }
    },
    "205": {
        "BestCoverage": 0.8,
        "StatementInsertionProbability": {
            "action": -0.07074199914932251,
            "observation": 0.07364240884780884
        }
    },
    "210": {
        "BestCoverage": 0.8,
        "StatementInsertionProbability": {
            "action": 0.09881436824798584,
            "observation": 0.002900409698486331
        }
    },
    "215": {
        "BestCoverage": 0.8,
        "StatementInsertionProbability": {
            "action": 0.038725233078002935,
            "observation": 0.10171477794647217
        }
    },
    "220": {
        "BestCoverage": 0.8,
        "StatementInsertionProbability": {
            "action": -0.08617992997169495,
            "observation": 0.14044001102447512
        }
    },
    "225": {
        "BestCoverage": 0.8,
        "StatementInsertionProbability": {
            "action": -0.0132491946220398,
            "observation": 0.05426008105278017
        }
    },
    "230": {
        "BestCoverage": 0.8,
        "StatementInsertionProbability": {
            "action": -0.024975556135177615,
            "observation": 0.04101088643074037
        }
    },