{
    "15": {
        "BestCoverage": 0.8,
        "Population": {
            "action": 0.45452404022216797,
            "observation": 50
        }
    },
    "20": {
        "BestCoverage": 0.8,
        "Population": {
            "action": -6.135626316070557,
            "observation": 50
        }
    },
    "25": {
        "BestCoverage": 0.8,
        "Population": {
            "action": 7.736766815185547,
            "observation": 44
        }
    },
    "30": {
        "BestCoverage": 0.8,
        "Population": {
            "action": 3.058293342590332,
            "observation": 52
        }
    },
    "35": {
        "BestCoverage": 0.8,
        "Population": {
            "action": 3.8514299392700195,
            "observation": 55
        }
    },
    "40": {
        "BestCoverage": 0.8,
        "Population": {
            "action": -5.91570520401001,
            "observation": 59
        }
    },
    "45": {
        "BestCoverage": 0.8,
        "Population": {
            "action": -3.6888370513916016,
            "observation": 53
        }
    },
    "50": {
        "BestCoverage": 0.8,
        "Population": {
            "action": -5.404962062835693,
            "observation": 49
        }
    },
    "55": {
        "BestCoverage": 0.8,
        "Population": {
            "action": 0.8145170211791992,
            "observation": 44
        }
    },
    "60": {
        "BestCoverage": 0.8,
        "Population": {
            "action": 0.47427940368652344,
            "observation": 45
        }
    },
    "65": {
        "BestCoverage": 0.8,
        "Population": {
            "action": 1.6081228256225586,
            "observation": 45
        }
    },
    "70": {
        "BestCoverage": 0.8,
        "Population": {
            "action": -1.3192858695983887,
            "observation": 47
        }
    },
    "75": {
        "BestCoverage": 0.8,
        "Population": {
            "action": -1.5255775451660156,
            "observation": 46
        }
    },
    "80": {
        "BestCoverage": 0.8,
        "Population": {
            "action": 7.972055435180664,
            "observation": 44
        }
    },
    "85": {
        "BestCoverage": 0.8,
        "Population": {
            "action": -5.754129886627197,
            "observation": 52
        }
    },
    "90": {
        "BestCoverage": 0.8,
        "Population": {
            "action": 5.919666290283203,
            "observation": 46
        }
    },
    "95": {
        "BestCoverage": 0.8,
        "Population": {
            "action": 0.28577709197998047,
            "observation": 52
        }
    },
    "100": {
        "BestCoverage": 0.8,
        "Population": {
            "action": -7.879270076751709,
            "observation": 52
        }
    },
    "105": {
        "BestCoverage": 0.8,
        "Population": {
            "action": -4.424323081970215,
            "observation": 44
        }
    },
    "110": {
        "BestCoverage": 0.8,
        "Population": {
            "action": -4.584856986999512,
            "observation": 40
        }
    },
    "115": {
        "BestCoverage": 0.8,
        "Population": {
            "action": -3.539644241333008,
            "observation": 35
        }
    },
    "120": {
        "BestCoverage": 0.8,
        "Population": {
            "action": -5.903660297393799,
            "observation": 31
        }
    },
    "125": {
        "BestCoverage": 0.8,
        "Population": {
            "action": -5.171926975250244,
            "observation": 25
        }
    },
    "130": {
        "BestCoverage": 0.8,
        "Population": {
            "action": 7.20192813873291,
            "observation": 25
        }
    },
    "135": {
        "BestCoverage": 0.8,
        "Population": {
            "action": -2.564544677734375,
            "observation": 32
        }
    },
    "140": {
        "BestCoverage": 0.8,
        "Population": {
            "action": -6.291936874389648,
            "observation": 29
        }
    },
    "145": {
        "BestCoverage": 0.8,
        "Population": {
            "action": 0.85760498046875,
            "observation": 25
        }
    },
    "150": {
        "BestCoverage": 0.8,
        "Population": {
            "action": -4.15238094329834,
            "observation": 26
        }
    },
    "155": {
        "BestCoverage": 0.8,
        "Population": {
            "action": 4.247873306274414,
            "observation": 25
        }
    },
    "160": {
        "BestCoverage": 0.8,
        "Population": {
            "action": -1.6765785217285156,
            "observation": 29
        }
    },
    "165": {
        "BestCoverage": 0.8,
        "Population": {
            "action": 2.375680923461914,
            "observation": 27
        }
    },
    "170": {
        "BestCoverage": 0.8,
        "Population": {
            "action": 2.201854705810547,
            "observation": 29
        }
    },
    "175": {
        "BestCoverage": 0.8,
        "Population": {
            "action": -4.660536289215088,
            "observation": 31
        }
    },
    "180": {
        "BestCoverage": 0.8,
        "Population": {
            "action": -6.5663299560546875,
            "observation": 26
        }
    },
    "185": {
        "BestCoverage": 0.8,
        "Population": {
            "action": 4.309684753417969,
            "observation": 25
        }
    },
    "190": {
        "BestCoverage": 0.8,
        "Population": {
            "action": 7.307652473449707,
            "observation": 29
        }
    },
    "195": {
        "BestCoverage": 0.8,
        "Population": {
            "action": -1.7828726768493652,
            "observation": 36
        }
    },
    "200": {
        "BestCoverage": 0.8,
        "Population": {
            "action": -3.6828689575195312,
            "observation": 34
        }
    },
    "205": {
        "BestCoverage": 0.8,
        "Population": {
            "action": -1.2476081848144531,
            "observation": 30
        }
    },
    "210": {
        "BestCoverage": 0.8,
        "Population": {
            "action": -7.874444961547852,
            "observation": 29
        }
    },
    "215": {
        "BestCoverage": 0.8,
        "Population": {
            "action": 2.831404685974121,
            "observation": 25
        }
    },
    "220": {
        "BestCoverage": 0.8,
        "Population": {
            "action": -4.063985824584961,
            "observation": 28
        }
    },
    "225": {
        "BestCoverage": 0.8,
        "Population": {
            "action": -7.061245918273926,
            "observation": 25
        }
    },
    "230": {
        "BestCoverage": 0.8,
        "Population": {
            "action": -1.978959083557129,
            "observation": 25
        }
    },
    "235": {
        "BestCoverage": 0.8,
        "Population": {
            "action": -3.9680933952331543,
            "observation": 25
        }
    },
    "240": {
        "BestCoverage": 0.8,
        "Population": {
            "action": -2.1250200271606445,
            "observation": 25
        }
    },
    "245": {
        "BestCoverage": 0.8,
        "Population": {
            "action": 7.035810470581055,
            "observation": 25
        }
    },
    "250": {
        "BestCoverage": 0.8,
        "Population": {
            "action": -0.8174662590026855,
            "observation": 32
        }
    },
    "255": {
        "BestCoverage": 0.8,
        "Population": {
            "action": 2.6998462677001953,
            "observation": 31
        }
    },
    "260": {
        "BestCoverage": 0.8,
        "Population": {
            "action": -7.616267204284668,
            "observation": 34
        }
    },
    "265": {
        "BestCoverage": 0.8,
        "Population": {
            "action": 4.645101547241211,
            "observation": 26
        }
    },
    "270": {
        "BestCoverage": 0.8,
        "Population": {
            "action": 7.391197204589844,