{
    "15": {
        "BestCoverage": 0.8,
        "TestDeleteProbability": {
            "action": 0.05938341617584228,
            "observation": 0.3333333333333333
        }
    },
    "20": {
        "BestCoverage": 0.8,
        "TestDeleteProbability": {
            "action": -0.06955865025520325,
            "observation": 0.39271674950917557
        }
    },
    "25": {
        "BestCoverage": 0.8,
        "TestDeleteProbability": {
            "action": 0.05199930667877198,
            "observation": 0.3231580992539723
        }
    },
    "30": {
        "BestCoverage": 0.8,
        "TestDeleteProbability": {
            "action": -0.03820996880531311,
            "observation": 0.37515740593274427
        }
    },
    "35": {
        "BestCoverage": 0.8,
        "TestDeleteProbability": {
            "action": 0.09906775951385499,
            "observation": 0.33694743712743114
        }
    },
    "40": {
        "BestCoverage": 0.8,
        "TestDeleteProbability": {
            "action": 0.07112708091735839,
            "observation": 0.43601519664128613
        }
    },
    "45": {
        "BestCoverage": 0.8,
        "TestDeleteProbability": {
            "action": 0.09730958938598633,
            "observation": 0.5071422775586445
        }
    },
    "50": {
        "BestCoverage": 0.8,
        "TestDeleteProbability": {
            "action": 0.04695144891738892,
            "observation": 0.6044518669446308
        }
    },
    "55": {
        "BestCoverage": 0.8,
        "TestDeleteProbability": {
            "action": -0.034368586540222165,
            "observation": 0.6514033158620197
        }
    },
    "60": {
        "BestCoverage": 0.8,
        "TestDeleteProbability": {
            "action": -0.06633905172348023,
            "observation": 0.6170347293217976
        }
    },
    "65": {
        "BestCoverage": 0.8,
        "TestDeleteProbability": {
            "action": 0.055424141883850114,
            "observation": 0.5506956775983174
        }
    },
    "70": {
        "BestCoverage": 0.8,
        "TestDeleteProbability": {
            "action": 0.03502866029739379,
            "observation": 0.6061198194821675
        }
    },
    "75": {
        "BestCoverage": 0.8,
        "TestDeleteProbability": {
            "action": 0.05305998325347902,
            "observation": 0.6411484797795614
        }
    },
    "80": {
        "BestCoverage": 0.8,
        "TestDeleteProbability": {
            "action": 0.014770090579986572,
            "observation": 0.6942084630330404
        }
    },
    "85": {
        "BestCoverage": 0.8,
        "TestDeleteProbability": {
            "action": 0.028559648990631098,
            "observation": 0.708978553613027
        }
    },
    "90": {
        "BestCoverage": 0.8,
        "TestDeleteProbability": {
            "action": -0.05172284841537476,
            "observation": 0.7375382026036581
        }
    },
    "95": {
        "BestCoverage": 0.8,
        "TestDeleteProbability": {
            "action": 0.05660059452056884,
            "observation": 0.6858153541882833
        }
    },
    "100": {
        "BestCoverage": 0.8,
        "TestDeleteProbability": {
            "action": -0.09638741612434387,
            "observation": 0.7424159487088522
        }
    },
    "105": {
        "BestCoverage": 0.8,
        "TestDeleteProbability": {
            "action": 0.09923474788665773,
            "observation": 0.6460285325845083
        }
    },
    "110": {
        "BestCoverage": 0.8,
        "TestDeleteProbability": {
            "action": 0.03747047185897828,
            "observation": 0.7452632804711661
        }
    },
    "115": {
        "BestCoverage": 0.8,
        "TestDeleteProbability": {
            "action": -0.04140632748603821,
            "observation": 0.7827337523301443
        }
    },
    "120": {
        "BestCoverage": 0.8,
        "TestDeleteProbability": {
            "action": 0.018350076675415036,
            "observation": 0.7413274248441061
        }
    },
    "125": {
        "BestCoverage": 0.8,
        "TestDeleteProbability": {
            "action": 0.07103376388549806,
            "observation": 0.7596775015195211
        }
    },
    "130": {
        "BestCoverage": 0.8,
        "TestDeleteProbability": {
            "action": 0.06580290794372559,
            "observation": 0.8307112654050192
        }
    },
    "135": {
        "BestCoverage": 0.8,
        "TestDeleteProbability": {
            "action": -0.05130424499511719,
            "observation": 0.8965141733487447
        }
    },
    "140": {
        "BestCoverage": 0.8,
        "TestDeleteProbability": {
            "action": -0.089335435628891,
            "observation": 0.8452099283536275
        }
    },
    "145": {
        "BestCoverage": 0.8,
        "TestDeleteProbability": {
            "action": -0.012658625841140747,
            "observation": 0.7558744927247365
        }
    },
    "150": {
        "BestCoverage": 0.8,
        "TestDeleteProbability": {
            "action": 0.06017184257507324,
            "observation": 0.7432158668835958
        }
    },
    "155": {
        "BestCoverage": 0.8,
        "TestDeleteProbability": {
            "action": 0.00699839591979981,
            "observation": 0.803387709458669
        }
    },
    "160": {
        "BestCoverage": 0.8,
        "TestDeleteProbability": {
            "action": 0.01429493427276611,
            "observation": 0.8103861053784688
        }
    },
    "165": {
        "BestCoverage": 0.8,
        "TestDeleteProbability": {
            "action": -0.09576743841171265,
            "observation": 0.8246810396512348
        }
    },
    "170": {
        "BestCoverage": 0.8,
        "TestDeleteProbability": {
            "action": -0.02670159339904786,
            "observation": 0.7289136012395222
        }
    },
    "175": {
        "BestCoverage": 0.8,
        "TestDeleteProbability": {
            "action": 0.01342273950576782,
            "observation": 0.7022120078404743
        }
    },
    "180": {
        "BestCoverage": 0.8,
        "TestDeleteProbability": {
            "action": -0.0025499224662780817,
            "observation": 0.7156347473462421
        }
    },
    "185": {
        "BestCoverage": 0.8,
        "TestDeleteProbability": {
            "action": -0.04421692490577698,
            "observation": 0.713084824879964
        }
    },
    "190": {
        "BestCoverage": 0.8,
        "TestDeleteProbability": {
            "action": -0.07380330562591553,
            "observation": 0.668867899974187
        }
    },
    "195": {
        "BestCoverage": 0.8,
        "TestDeleteProbability": {
            "action": 0.024306917190551752,
            "observation": 0.5950645943482715
        }
    },
    "200": {
        "BestCoverage": 0.8,
        "TestDeleteProbability": {
            "action": -0.04343993663787842,
            "observation": 0.6193715115388233
        }
    },
    "205": {
        "BestCoverage": 0.8,
        "TestDeleteProbability": {
            "action": 0.04937198162078857,
            "observation": 0.5759315749009449
        }
    },
    "210": {
        "BestCoverage": 0.8,
        "TestDeleteProbability": {
            "action": -0.09302388429641724,
            "observation": 0.6253035565217335
        }
    },
    "215": {
        "BestCoverage": 0.8,
        "TestDeleteProbability": {
            "action": 0.022708618640899653,
            "observation": 0.5322796722253162
        }
    },
    "220": {
        "BestCoverage": 0.8,
        "TestDeleteProbability": {
            "action": 0.07267179489135742,
            "observation": 0.5549882908662159
        }
    },
    "225": {
        "BestCoverage": 0.8,
        "TestDeleteProbability": {
            "action": 0.008642363548278811,
            "observation": 0.6276600857575734
        }
    },
    "230": {
        "BestCoverage": 0.8,
        "TestDeleteProbability": {
            "action": 0.001480782032012934,