{
    "15": {
        "BestCoverage": 0.75,
        "Elite": {
            "action": -0.0950976014137268,
            "observation": 1
        }
    },
    "20": {
        "BestCoverage": 0.75,
        "Elite": {
            "action": -0.06270122528076172,
            "observation": 1
        }
    },
    "25": {
        "BestCoverage": 0.75,
        "Elite": {
            "action": 0.7599614858627319,
            "observation": 1
        }
    },
    "30": {
        "BestCoverage": 0.75,
        "Elite": {
            "action": 0.30055689811706543,
            "observation": 2
        }
    },
    "35": {
        "BestCoverage": 0.75,
        "Elite": {
            "action": 0.899259090423584,
            "observation": 2
        }
    },
    "40": {
        "BestCoverage": 0.75,
        "Elite": {
            "action": 0.21454548835754395,
            "observation": 3
        }
    },
    "45": {
        "BestCoverage": 0.75,
        "Elite": {
            "action": 0.008538007736206055,
            "observation": 3
        }
    },
    "50": {
        "BestCoverage": 0.75,
        "Elite": {
            "action": -0.665770947933197,
            "observation": 3
        }
    },
    "55": {
        "BestCoverage": 0.75,
        "Elite": {
            "action": -0.7058843970298767,
            "observation": 2
        }
    },
    "60": {
        "BestCoverage": 0.75,
        "Elite": {
            "action": -0.07950460910797119,
            "observation": 1
        }
    },
    "65": {
        "BestCoverage": 0.75,
        "Elite": {
            "action": 0.8433917760848999,
            "observation": 1
        }
    },
    "70": {
        "BestCoverage": 0.75,
        "Elite": {
            "action": 0.5252399444580078,
            "observation": 2
        }
    },
    "75": {
        "BestCoverage": 0.75,
        "Elite": {
            "action": -0.2697339653968811,
            "observation": 3
        }
    },
    "80": {
        "BestCoverage": 0.75,
        "Elite": {
            "action": 0.6862092018127441,
            "observation": 3
        }
    },
    "85": {
        "BestCoverage": 0.75,
        "Elite": {
            "action": 0.3067666292190552,
            "observation": 4
        }
    },
    "90": {
        "BestCoverage": 0.75,
        "Elite": {
            "action": 0.16276907920837402,
            "observation": 4
        }
    },
    "95": {
        "BestCoverage": 0.75,
        "Elite": {
            "action": 0.6780927181243896,
            "observation": 4
        }
    },
    "100": {
        "BestCoverage": 0.75,
        "Elite": {
            "action": -0.9697211384773254,
            "observation": 5
        }
    },
    "105": {
        "BestCoverage": 0.75,
        "Elite": {
            "action": 0.37789368629455566,
            "observation": 4
        }
    },
    "110": {
        "BestCoverage": 0.75,
        "Elite": {
            "action": -0.4932047724723816,
            "observation": 4
        }
    },
    "115": {
        "BestCoverage": 0.75,
        "Elite": {
            "action": 0.6257435083389282,
            "observation": 4
        }
    },
    "120": {
        "BestCoverage": 0.75,
        "Elite": {
            "action": -0.7430428266525269,
            "observation": 5
        }
    },
    "125": {
        "BestCoverage": 0.75,
        "Elite": {
            "action": 0.8265821933746338,
            "observation": 4
        }
    },
    "130": {
        "BestCoverage": 0.75,
        "Elite": {
            "action": 0.711148738861084,
            "observation": 5
        }
    },
    "135": {
        "BestCoverage": 0.75,
        "Elite": {
            "action": -0.07361125946044922,
            "observation": 6
        }
    },
    "140": {
        "BestCoverage": 0.75,
        "Elite": {
            "action": -0.3411027193069458,
            "observation": 6
        }
    },
    "145": {
        "BestCoverage": 0.75,
        "Elite": {
            "action": 0.47749269008636475,
            "observation": 6
        }
    },
    "150": {
        "BestCoverage": 0.75,
        "Elite": {
            "action": 0.8682653903961182,
            "observation": 6
        }
    },
    "155": {
        "BestCoverage": 0.75,
        "Elite": {
            "action": -0.7536287307739258,
            "observation": 7
        }
    },
    "160": {
        "BestCoverage": 0.75,
        "Elite": {
            "action": 0.011214613914489746,
            "observation": 6
        }
    },
    "165": {
        "BestCoverage": 0.75,
        "Elite": {
            "action": -0.23779338598251343,
            "observation": 6
        }
    },
    "170": {
        "BestCoverage": 0.75,
        "Elite": {
            "action": 0.14145731925964355,
            "observation": 6
        }
    },
    "175": {
        "BestCoverage": 0.75,
        "Elite": {
            "action": 0.7772507667541504,
            "observation": 6
        }
    },
    "180": {
        "BestCoverage": 0.75,
        "Elite": {
            "action": -0.15080809593200684,
            "observation": 7
        }
    },
    "185": {
        "BestCoverage": 0.75,
        "Elite": {
            "action": 0.5682882070541382,
            "observation": 7
        }
    },
    "190": {
        "BestCoverage": 0.75,
        "Elite": {
            "action": -0.8651307821273804,
            "observation": 8
        }
    },
    "195": {
        "BestCoverage": 0.75,
        "Elite": {
            "action": 0.6894371509552002,
            "observation": 7
        }
    },
    "200": {
        "BestCoverage": 0.75,
        "Elite": {
            "action": -0.7107700705528259,
            "observation": 8
        }
    },
    "205": {
        "BestCoverage": 0.75,
        "Elite": {
            "action": 0.8253860473632812,
            "observation": 7
        }
    },
    "210": {
        "BestCoverage": 0.75,
        "Elite": {
            "action": 0.9378725290298462,
            "observation": 8
        }
    },
    "215": {
        "BestCoverage": 0.75,
        "Elite": {
            "action": 0.23625469207763672,
            "observation": 9
        }
    },
    "220": {
        "BestCoverage": 0.75,
        "Elite": {
            "action": -0.07780498266220093,
            "observation": 9
        }
    },
    "225": {
        "BestCoverage": 0.75,
        "Elite": {
            "action": 0.18120849132537842,
            "observation": 9
        }
    },
    "230": {
        "BestCoverage": 0.75,
        "Elite": {
            "action": -0.4217456579208374,
            "observation": 9
        }
    },
    "235": {
        "BestCoverage": 0.75,
        "Elite": {
            "action": -0.014684617519378662,
            "observation": 9
        }
    },
    "240": {
        "BestCoverage": 0.75,
        "Elite": {
            "action": 0.5487092733383179,
            "observation": 9
        }
    },
    "245": {
        "BestCoverage": 0.75,
        "Elite": {
            "action": -0.01682448387145996,
            "observation": 10
        }
    },
    "250": {
        "BestCoverage": 0.75,
        "Elite": {
            "action": -0.34157121181488037,
            "observation": 10
        }
    },
    "255": {
        "BestCoverage": 0.75,
        "Elite": {
            "action": 0.8488528728485107,
            "observation": 10
        }
    },
    "260": {
        "BestCoverage": 0.75,
        "Elite": {
            "action": -0.365947961807251,
            "observation": 10
        }
    },
    "265": {
        "BestCoverage": 0.75,
        "Elite": {
            "action": -0.6567676067352295,
            "observation": 10
        }
    },
    "270": {
        "BestCoverage": 0.75,
        "Elite": {
            "action": -0.3990856409072876,
            "observation": 9
        }
    },
    "275": {
        "BestCoverage": 0.75,
        "Elite": {
            "action": -0.11593270301818848,
            "observation": 9
        }
    },