{
    "15": {
        "BestCoverage": 0.8,
        "TestInsertProbability": {
            "action": 0.007613587379455569,
            "observation": 0.3333333333333333
        }
    },
    "20": {
        "BestCoverage": 0.8,
        "TestInsertProbability": {
            "action": -0.08751184344291688,
            "observation": 0.34094692071278887
        }
    },
    "25": {
        "BestCoverage": 0.8,
        "TestInsertProbability": {
            "action": 0.002896547317504883,
            "observation": 0.253435077269872
        }
    },
    "30": {
        "BestCoverage": 0.8,
        "TestInsertProbability": {
            "action": 0.08195860385894777,
            "observation": 0.2563316245873769
        }
    },
    "35": {
        "BestCoverage": 0.8,
        "TestInsertProbability": {
            "action": 0.07058312892913818,
            "observation": 0.33829022844632467
        }
    },
    "40": {
        "BestCoverage": 0.8,
        "TestInsertProbability": {
            "action": 0.050614809989929205,
            "observation": 0.4088733573754628
        }
    },
    "45": {
        "BestCoverage": 0.8,
        "TestInsertProbability": {
            "action": 0.004829001426696775,
            "observation": 0.459488167365392
        }
    },
    "50": {
        "BestCoverage": 0.8,
        "TestInsertProbability": {
            "action": -0.03151845932006836,
            "observation": 0.4643171687920888
        }
    },
    "55": {
        "BestCoverage": 0.8,
        "TestInsertProbability": {
            "action": -0.068071848154068,
            "observation": 0.4327987094720204
        }
    },
    "60": {
        "BestCoverage": 0.8,
        "TestInsertProbability": {
            "action": 0.029068207740783697,
            "observation": 0.3647268613179524
        }
    },
    "65": {
        "BestCoverage": 0.8,
        "TestInsertProbability": {
            "action": -0.007520389556884763,
            "observation": 0.39379506905873607
        }
    },
    "70": {
        "BestCoverage": 0.8,
        "TestInsertProbability": {
            "action": -0.09960315823554994,
            "observation": 0.3862746795018513
        }
    },
    "75": {
        "BestCoverage": 0.8,
        "TestInsertProbability": {
            "action": -0.001174932718276983,
            "observation": 0.28667152126630135
        }
    },
    "80": {
        "BestCoverage": 0.8,
        "TestInsertProbability": {
            "action": -0.04531514048576355,
            "observation": 0.2854965885480244
        }
    },
    "85": {
        "BestCoverage": 0.8,
        "TestInsertProbability": {
            "action": 0.036369061470031744,
            "observation": 0.24018144806226085
        }
    },
    "90": {
        "BestCoverage": 0.8,
        "TestInsertProbability": {
            "action": 0.010723698139190677,
            "observation": 0.2765505095322926
        }
    },
    "95": {
        "BestCoverage": 0.8,
        "TestInsertProbability": {
            "action": -0.060718053579330446,
            "observation": 0.28727420767148326
        }
    },
    "100": {
        "BestCoverage": 0.8,
        "TestInsertProbability": {
            "action": 0.08441814184188842,
            "observation": 0.22655615409215282
        }
    },
    "105": {
        "BestCoverage": 0.8,
        "TestInsertProbability": {
            "action": -0.06626704335212708,
            "observation": 0.31097429593404124
        }
    },
    "110": {
        "BestCoverage": 0.8,
        "TestInsertProbability": {
            "action": 0.037401354312896734,
            "observation": 0.24470725258191417
        }
    },
    "115": {
        "BestCoverage": 0.8,
        "TestInsertProbability": {
            "action": 0.03950901031494142,
            "observation": 0.2821086068948109
        }
    },
    "120": {
        "BestCoverage": 0.8,
        "TestInsertProbability": {
            "action": 0.047650325298309315,
            "observation": 0.3216176172097523
        }
    },
    "125": {
        "BestCoverage": 0.8,
        "TestInsertProbability": {
            "action": -0.023023784160614014,
            "observation": 0.3692679425080616
        }
    },
    "130": {
        "BestCoverage": 0.8,
        "TestInsertProbability": {
            "action": -0.06427711248397827,
            "observation": 0.3462441583474476
        }
    },
    "135": {
        "BestCoverage": 0.8,
        "TestInsertProbability": {
            "action": -0.09112036228179932,
            "observation": 0.2819670458634693
        }
    },
    "140": {
        "BestCoverage": 0.8,
        "TestInsertProbability": {
            "action": 0.08866478204727174,
            "observation": 0.19084668358167
        }
    },
    "145": {
        "BestCoverage": 0.8,
        "TestInsertProbability": {
            "action": 0.08507742881774902,
            "observation": 0.27951146562894175
        }
    },
    "150": {
        "BestCoverage": 0.8,
        "TestInsertProbability": {
            "action": 0.042314875125885,
            "observation": 0.36458889444669074
        }
    },
    "155": {
        "BestCoverage": 0.8,
        "TestInsertProbability": {
            "action": -0.06205167174339295,
            "observation": 0.40690376957257574
        }
    },
    "160": {
        "BestCoverage": 0.8,
        "TestInsertProbability": {
            "action": -0.007739937305450445,
            "observation": 0.3448520978291828
        }
    },
    "165": {
        "BestCoverage": 0.8,
        "TestInsertProbability": {
            "action": 0.01823549270629883,
            "observation": 0.3371121605237324
        }
    },
    "170": {
        "BestCoverage": 0.8,
        "TestInsertProbability": {
            "action": 0.04708877801895142,
            "observation": 0.3553476532300312
        }
    },
    "175": {
        "BestCoverage": 0.8,
        "TestInsertProbability": {
            "action": 0.062105250358581554,
            "observation": 0.40243643124898265
        }
    },
    "180": {
        "BestCoverage": 0.8,
        "TestInsertProbability": {
            "action": -0.09938406348228455,
            "observation": 0.4645416816075642
        }
    },
    "185": {
        "BestCoverage": 0.8,
        "TestInsertProbability": {
            "action": -0.006283658742904666,
            "observation": 0.36515761812527964
        }
    },
    "190": {
        "BestCoverage": 0.8,
        "TestInsertProbability": {
            "action": 0.016582453250885004,
            "observation": 0.358873959382375
        }
    },
    "195": {
        "BestCoverage": 0.8,
        "TestInsertProbability": {
            "action": -0.07321754693984986,
            "observation": 0.37545641263326
        }
    },
    "200": {
        "BestCoverage": 0.8,
        "TestInsertProbability": {
            "action": 0.014275622367858884,
            "observation": 0.3022388656934102
        }
    },
    "205": {
        "BestCoverage": 0.8,
        "TestInsertProbability": {
            "action": -0.0341652274131775,
            "observation": 0.3165144880612691
        }
    },
    "210": {
        "BestCoverage": 0.8,
        "TestInsertProbability": {
            "action": -0.07097820043563843,
            "observation": 0.28234926064809157
        }
    },
    "215": {
        "BestCoverage": 0.8,
        "TestInsertProbability": {
            "action": 0.05969653129577637,
            "observation": 0.21137106021245314
        }
    },
    "220": {
        "BestCoverage": 0.8,
        "TestInsertProbability": {
            "action": -0.09143152236938477,
            "observation": 0.2710675915082295
        }
    },
    "225": {
        "BestCoverage": 0.8,
        "TestInsertProbability": {
            "action": -0.030621659755706784,
            "observation": 0.17963606913884472
        }
    },
    "230": {
        "BestCoverage": 0.8,