{
    "20": {
        "BestCoverage": 0.75,
        "TournamentSize": {
            "action": 0.5525755882263184,
            "observation": 5
        }
    },
    "25": {
        "BestCoverage": 0.75,
        "TournamentSize": {
            "action": 0.4157562255859375,
            "observation": 6
        }
    },
    "30": {
        "BestCoverage": 0.75,
        "TournamentSize": {
            "action": -0.33664876222610474,
            "observation": 6
        }
    },
    "35": {
        "BestCoverage": 0.75,
        "TournamentSize": {
            "action": 0.05616152286529541,
            "observation": 6
        }
    },
    "40": {
        "BestCoverage": 0.75,
        "TournamentSize": {
            "action": -0.9742864370346069,
            "observation": 6
        }
    },
    "45": {
        "BestCoverage": 0.75,
        "TournamentSize": {
            "action": -0.5657970905303955,
            "observation": 5
        }
    },
    "50": {
        "BestCoverage": 0.75,
        "TournamentSize": {
            "action": 0.9841821193695068,
            "observation": 4
        }
    },
    "55": {
        "BestCoverage": 0.75,
        "TournamentSize": {
            "action": -0.5787160396575928,
            "observation": 5
        }
    },
    "60": {
        "BestCoverage": 0.75,
        "TournamentSize": {
            "action": 0.10156774520874023,
            "observation": 4
        }
    },
    "65": {
        "BestCoverage": 0.75,
        "TournamentSize": {
            "action": 0.9586809873580933,
            "observation": 4
        }
    },
    "70": {
        "BestCoverage": 0.75,
        "TournamentSize": {
            "action": 0.8354567289352417,
            "observation": 5
        }
    },
    "75": {
        "BestCoverage": 0.75,
        "TournamentSize": {
            "action": -0.924217939376831,
            "observation": 6
        }
    },
    "80": {
        "BestCoverage": 0.75,
        "TournamentSize": {
            "action": -0.915221095085144,
            "observation": 5
        }
    },
    "85": {
        "BestCoverage": 0.75,
        "TournamentSize": {
            "action": -0.5898017883300781,
            "observation": 4
        }
    },
    "90": {
        "BestCoverage": 0.75,
        "TournamentSize": {
            "action": 0.8475943803787231,
            "observation": 3
        }
    },
    "95": {
        "BestCoverage": 0.75,
        "TournamentSize": {
            "action": 0.5720020532608032,
            "observation": 4
        }
    },
    "100": {
        "BestCoverage": 0.75,
        "TournamentSize": {
            "action": -0.8255995512008667,
            "observation": 5
        }
    },
    "105": {
        "BestCoverage": 0.75,
        "TournamentSize": {
            "action": 0.43298840522766113,
            "observation": 4
        }
    },
    "110": {
        "BestCoverage": 0.75,
        "TournamentSize": {
            "action": 0.823319673538208,
            "observation": 4
        }
    },
    "115": {
        "BestCoverage": 0.75,
        "TournamentSize": {
            "action": -0.11086302995681763,
            "observation": 5
        }
    },
    "120": {
        "BestCoverage": 0.75,
        "TournamentSize": {
            "action": 0.951526403427124,
            "observation": 5
        }
    },
    "125": {
        "BestCoverage": 0.75,
        "TournamentSize": {
            "action": 0.33114027976989746,
            "observation": 6
        }
    },
    "130": {
        "BestCoverage": 0.75,
        "TournamentSize": {
            "action": 0.5846526622772217,
            "observation": 6
        }
    },
    "135": {
        "BestCoverage": 0.75,
        "TournamentSize": {
            "action": -0.6286932826042175,
            "observation": 7
        }
    },
    "140": {
        "BestCoverage": 0.75,
        "TournamentSize": {
            "action": 0.3350203037261963,
            "observation": 6
        }
    },
    "145": {
        "BestCoverage": 0.75,
        "TournamentSize": {
            "action": -0.5814239382743835,
            "observation": 6
        }
    },
    "150": {
        "BestCoverage": 0.75,
        "TournamentSize": {
            "action": -0.8540071249008179,
            "observation": 5
        }
    },
    "155": {
        "BestCoverage": 0.75,
        "TournamentSize": {
            "action": -0.049740612506866455,
            "observation": 4
        }
    },
    "160": {
        "BestCoverage": 0.75,
        "TournamentSize": {
            "action": 0.9642750024795532,
            "observation": 4
        }
    },
    "165": {
        "BestCoverage": 0.75,
        "TournamentSize": {
            "action": -0.4259459376335144,
            "observation": 5
        }
    },
    "170": {
        "BestCoverage": 0.75,
        "TournamentSize": {
            "action": -0.9031836986541748,
            "observation": 5
        }
    },
    "175": {
        "BestCoverage": 0.75,
        "TournamentSize": {
            "action": 0.3460261821746826,
            "observation": 4
        }
    },
    "180": {
        "BestCoverage": 0.75,
        "TournamentSize": {
            "action": 0.7762848138809204,
            "observation": 4
        }
    },
    "185": {
        "BestCoverage": 0.75,
        "TournamentSize": {
            "action": -0.05760800838470459,
            "observation": 5
        }
    },
    "190": {
        "BestCoverage": 0.75,
        "TournamentSize": {
            "action": -0.5713964700698853,
            "observation": 5
        }
    },
    "195": {
        "BestCoverage": 0.75,
        "TournamentSize": {
            "action": -0.2837693691253662,
            "observation": 4
        }
    },
    "200": {
        "BestCoverage": 0.75,
        "TournamentSize": {
            "action": 0.32257556915283203,
            "observation": 4
        }
    },
    "205": {
        "BestCoverage": 0.75,
        "TournamentSize": {
            "action": 0.2889740467071533,
            "observation": 4
        }
    },
    "210": {
        "BestCoverage": 0.75,
        "TournamentSize": {
            "action": 0.036231279373168945,
            "observation": 4
        }
    },
    "215": {
        "BestCoverage": 0.75,
        "TournamentSize": {
            "action": 0.6445066928863525,
            "observation": 4
        }
    },
    "220": {
        "BestCoverage": 0.75,
        "TournamentSize": {
            "action": 0.6371326446533203,
            "observation": 5
        }
    },
    "225": {
        "BestCoverage": 0.75,
        "TournamentSize": {
            "action": 0.8666892051696777,
            "observation": 6
        }
    },
    "230": {
        "BestCoverage": 0.75,
        "TournamentSize": {
            "action": 0.3007814884185791,
            "observation": 7
        }
    },
    "235": {
        "BestCoverage": 0.75,
        "TournamentSize": {
            "action": -0.2183011770248413,
            "observation": 7
        }
    },
    "240": {
        "BestCoverage": 0.75,
        "TournamentSize": {
            "action": 0.03982090950012207,
            "observation": 7
        }
    },
    "245": {
        "BestCoverage": 0.75,
        "TournamentSize": {
            "action": -0.9888438582420349,
            "observation": 7
        }
    },
    "250": {
        "BestCoverage": 0.75,
        "TournamentSize": {
            "action": 0.8501033782958984,
            "observation": 6
        }
    },
    "255": {
        "BestCoverage": 0.75,
        "TournamentSize": {
            "action": 0.7376747131347656,
            "observation": 7
        }
    },
    "260": {
        "BestCoverage": 0.75,
        "TournamentSize": {
            "action": 0.09077394008636475,
            "observation": 8
        }
    },
    "265": {
        "BestCoverage": 0.75,
        "TournamentSize": {
            "action": -0.08448129892349243,
            "observation": 8
        }
    },