{
    "15": {
        "BestCoverage": 0.8,
        "StatementInsertionProbability": {
            "action": -0.01990362405776977,
            "observation": 0.5
        }
    },
    "20": {
        "BestCoverage": 0.8,
        "StatementInsertionProbability": {
            "action": 0.04991528987884522,
            "observation": 0.4800963759422302
        }
    },
    "25": {
        "BestCoverage": 0.8,
        "StatementInsertionProbability": {
            "action": 0.04705052375793456,
            "observation": 0.5300116658210754
        }
    },
    "30": {
        "BestCoverage": 0.8,
        "StatementInsertionProbability": {
            "action": 0.0065025329589843694,
            "observation": 0.57706218957901
        }
    },
    "35": {
        "BestCoverage": 0.8,
        "StatementInsertionProbability": {
            "action": -0.01643297672271729,
            "observation": 0.5835647225379944
        }
    },
    "40": {
        "BestCoverage": 0.8,
        "StatementInsertionProbability": {
            "action": 0.009209609031677252,
            "observation": 0.5671317458152771
        }
    },
    "45": {
        "BestCoverage": 0.8,
        "StatementInsertionProbability": {
            "action": 0.001985490322113037,
            "observation": 0.5763413548469544
        }
    },
    "50": {
        "BestCoverage": 0.8,
        "StatementInsertionProbability": {
            "action": -0.03441273570060731,
            "observation": 0.5783268451690674
        }
    },
    "55": {
        "BestCoverage": 0.8,
        "StatementInsertionProbability": {
            "action": 0.03424693346023561,
            "observation": 0.5439141094684601
        }
    },
    "60": {
        "BestCoverage": 0.8,
        "StatementInsertionProbability": {
            "action": -0.00490217208862305,
            "observation": 0.5781610429286956
        }
    },
    "65": {
        "BestCoverage": 0.8,
        "StatementInsertionProbability": {
            "action": -0.04825347661972046,
            "observation": 0.5732588708400725
        }
    },
    "70": {
        "BestCoverage": 0.8,
        "StatementInsertionProbability": {
            "action": -0.0126721978187561,
            "observation": 0.5250053942203521
        }
    },
    "75": {
        "BestCoverage": 0.8,
        "StatementInsertionProbability": {
            "action": -0.004019498825073242,
            "observation": 0.512333196401596
        }
    },
    "80": {
        "BestCoverage": 0.8,
        "StatementInsertionProbability": {
            "action": -0.01848846673965454,
            "observation": 0.5083136975765228
        }
    },
    "85": {
        "BestCoverage": 0.8,
        "StatementInsertionProbability": {
            "action": -0.045529335737228394,
            "observation": 0.48982523083686824
        }
    },
    "90": {
        "BestCoverage": 0.8,
        "StatementInsertionProbability": {
            "action": -0.008502197265624997,
            "observation": 0.44429589509963985
        }
    },
    "95": {
        "BestCoverage": 0.8,
        "StatementInsertionProbability": {
            "action": 0.04799168109893798,
            "observation": 0.43579369783401484
        }
    },
    "100": {
        "BestCoverage": 0.8,
        "StatementInsertionProbability": {
            "action": -0.03068588972091675,
            "observation": 0.4837853789329528
        }
    },
    "105": {
        "BestCoverage": 0.8,
        "StatementInsertionProbability": {
            "action": 0.02177367210388184,
            "observation": 0.4530994892120361
        }
    },
    "110": {
        "BestCoverage": 0.8,
        "StatementInsertionProbability": {
            "action": 0.057268989086151134,
            "observation": 0.47487316131591795
        }
    },
    "115": {
        "BestCoverage": 0.8,
        "StatementInsertionProbability": {
            "action": -0.025835359096527108,
            "observation": 0.5321421504020691
        }
    },
    "120": {
        "BestCoverage": 0.8,
        "StatementInsertionProbability": {
            "action": 0.05708506107330322,
            "observation": 0.506306791305542
        }
    },
    "125": {
        "BestCoverage": 0.8,
        "StatementInsertionProbability": {
            "action": 0.08030576705932618,
            "observation": 0.5633918523788453
        }
    },
    "130": {
        "BestCoverage": 0.8,
        "StatementInsertionProbability": {
            "action": -0.008573359251022344,
            "observation": 0.6436976194381714
        }
    },
    "135": {
        "BestCoverage": 0.8,
        "StatementInsertionProbability": {
            "action": -0.0040014266967773465,
            "observation": 0.6351242601871491
        }
    },
    "140": {
        "BestCoverage": 0.8,
        "StatementInsertionProbability": {
            "action": -0.005997490882873532,
            "observation": 0.6311228334903717
        }
    },
    "145": {
        "BestCoverage": 0.8,
        "StatementInsertionProbability": {
            "action": -0.02432711720466614,
            "observation": 0.6251253426074982
        }
    },
    "150": {
        "BestCoverage": 0.8,
        "StatementInsertionProbability": {
            "action": 0.006292748451232913,
            "observation": 0.600798225402832
        }
    },
    "155": {
        "BestCoverage": 0.8,
        "StatementInsertionProbability": {
            "action": -0.07047334313392639,
            "observation": 0.607090973854065
        }
    },
    "160": {
        "BestCoverage": 0.8,
        "StatementInsertionProbability": {
            "action": 0.05456902980804443,
            "observation": 0.5366176307201386
        }
    },
    "165": {
        "BestCoverage": 0.8,
        "StatementInsertionProbability": {
            "action": -0.04997682571411133,
            "observation": 0.591186660528183
        }
    },
    "170": {
        "BestCoverage": 0.8,
        "StatementInsertionProbability": {
            "action": 0.054730272293090826,
            "observation": 0.5412098348140717
        }
    },
    "175": {
        "BestCoverage": 0.8,
        "StatementInsertionProbability": {
            "action": -0.005645579099655157,
            "observation": 0.5959401071071625
        }
    },
    "180": {
        "BestCoverage": 0.8,
        "StatementInsertionProbability": {
            "action": -0.01470706462860108,
            "observation": 0.5902945280075074
        }
    },
    "185": {
        "BestCoverage": 0.8,
        "StatementInsertionProbability": {
            "action": 0.0834328293800354,
            "observation": 0.5755874633789063
        }
    },
    "190": {
        "BestCoverage": 0.8,
        "StatementInsertionProbability": {
            "action": -0.05246473550796509,
            "observation": 0.6590202927589417
        }
    },
    "195": {
        "BestCoverage": 0.8,
        "StatementInsertionProbability": {
            "action": 0.08503469228744506,
            "observation": 0.6065555572509767
        }
    },
    "200": {
        "BestCoverage": 0.8,
        "StatementInsertionProbability": {
            "action": 0.023181533813476568,
            "observation": 0.6915902495384217
        }
    },
    "205": {
        "BestCoverage": 0.8,
        "StatementInsertionProbability": {
            "action": -0.052979457378387454,
            "observation": 0.7147717833518983
        }
    },
    "210": {
        "BestCoverage": 0.8,
        "StatementInsertionProbability": {
            "action": -0.05911989212036133,
            "observation": 0.6617923259735108
        }
    },
    "215": {
        "BestCoverage": 0.8,
        "StatementInsertionProbability": {
            "action": 0.02087568044662476,
            "observation": 0.6026724338531495
        }
    },
    "220": {
        "BestCoverage": 0.8,
        "StatementInsertionProbability": {
            "action": 0.09697039127349855,