{
    "15": {
        "BestCoverage": 0.1282051282051282,
        "Population": {
            "action": 3.1256561279296875,
            "observation": 50
        }
    },
    "20": {
        "BestCoverage": 0.1282051282051282,
        "Population": {
            "action": 5.860129356384277,
            "observation": 53
        }
    },
    "25": {
        "BestCoverage": 0.1282051282051282,
        "Population": {
            "action": 2.364694595336914,
            "observation": 59
        }
    },
    "30": {
        "BestCoverage": 0.1282051282051282,
        "Population": {
            "action": -7.473716735839844,
            "observation": 61
        }
    },
    "35": {
        "BestCoverage": 0.1282051282051282,
        "Population": {
            "action": 4.162265777587891,
            "observation": 54
        }
    },
    "40": {
        "BestCoverage": 0.1282051282051282,
        "Population": {
            "action": -0.941368579864502,
            "observation": 58
        }
    },
    "45": {
        "BestCoverage": 0.1282051282051282,
        "Population": {
            "action": -0.6491794586181641,
            "observation": 57
        }
    },
    "50": {
        "BestCoverage": 0.1282051282051282,
        "Population": {
            "action": -1.7539644241333008,
            "observation": 56
        }
    },
    "55": {
        "BestCoverage": 0.1282051282051282,
        "Population": {
            "action": 6.6329345703125,
            "observation": 54
        }
    },
    "60": {
        "BestCoverage": 0.1282051282051282,
        "Population": {
            "action": -3.4186015129089355,
            "observation": 61
        }
    },
    "65": {
        "BestCoverage": 0.1282051282051282,
        "Population": {
            "action": 1.9605932235717773,
            "observation": 58
        }
    },
    "70": {
        "BestCoverage": 0.1282051282051282,
        "Population": {
            "action": 0.4173440933227539,
            "observation": 60
        }
    },
    "75": {
        "BestCoverage": 0.1282051282051282,
        "Population": {
            "action": -0.44769716262817383,
            "observation": 60
        }
    },
    "80": {
        "BestCoverage": 0.1282051282051282,
        "Population": {
            "action": -7.319047927856445,
            "observation": 60
        }
    },
    "85": {
        "BestCoverage": 0.1282051282051282,
        "Population": {
            "action": -7.638396739959717,
            "observation": 53
        }
    },
    "90": {
        "BestCoverage": 0.1282051282051282,
        "Population": {
            "action": 3.982454299926758,
            "observation": 45
        }
    },
    "95": {
        "BestCoverage": 0.1282051282051282,
        "Population": {
            "action": -2.774542808532715,
            "observation": 49
        }
    },
    "100": {
        "BestCoverage": 0.1282051282051282,
        "Population": {
            "action": -5.656153678894043,
            "observation": 46
        }
    },
    "105": {
        "BestCoverage": 0.1282051282051282,
        "Population": {
            "action": -1.245244026184082,
            "observation": 40
        }
    },
    "110": {
        "BestCoverage": 0.1282051282051282,
        "Population": {
            "action": -5.355706214904785,
            "observation": 39
        }
    },
    "115": {
        "BestCoverage": 0.1282051282051282,
        "Population": {
            "action": 0.22886276245117188,
            "observation": 34
        }
    },
    "120": {
        "BestCoverage": 0.1282051282051282,
        "Population": {
            "action": -7.931875705718994,
            "observation": 34
        }
    },
    "125": {
        "BestCoverage": 0.1282051282051282,
        "Population": {
            "action": 7.05728816986084,
            "observation": 26
        }
    },
    "130": {
        "BestCoverage": 0.1282051282051282,
        "Population": {
            "action": -1.4440784454345703,
            "observation": 33
        }
    },
    "135": {
        "BestCoverage": 0.1282051282051282,
        "Population": {
            "action": 5.121540069580078,
            "observation": 32
        }
    },
    "140": {
        "BestCoverage": 0.1282051282051282,
        "Population": {
            "action": -5.768332004547119,
            "observation": 37
        }
    },
    "145": {
        "BestCoverage": 0.1282051282051282,
        "Population": {
            "action": 6.949894905090332,
            "observation": 31
        }
    },
    "150": {
        "BestCoverage": 0.1282051282051282,
        "Population": {
            "action": -0.7729835510253906,
            "observation": 38
        }
    },
    "155": {
        "BestCoverage": 0.1282051282051282,
        "Population": {
            "action": 7.700410842895508,
            "observation": 37
        }
    },
    "160": {
        "BestCoverage": 0.1282051282051282,
        "Population": {
            "action": -1.6603460311889648,
            "observation": 45
        }
    },
    "165": {
        "BestCoverage": 0.1282051282051282,
        "Population": {
            "action": 2.802170753479004,
            "observation": 43
        }
    },
    "170": {
        "BestCoverage": 0.1282051282051282,
        "Population": {
            "action": 7.545236587524414,
            "observation": 46
        }
    },
    "175": {
        "BestCoverage": 0.1282051282051282,
        "Population": {
            "action": 3.211427688598633,
            "observation": 54
        }
    },
    "180": {
        "BestCoverage": 0.1282051282051282,
        "Population": {
            "action": -5.66726541519165,
            "observation": 57
        }
    },
    "185": {
        "BestCoverage": 0.1282051282051282,
        "Population": {
            "action": 2.353107452392578,
            "observation": 51
        }
    },
    "190": {
        "BestCoverage": 0.1282051282051282,
        "Population": {
            "action": -3.148735523223877,
            "observation": 53
        }
    },
    "195": {
        "BestCoverage": 0.1282051282051282,
        "Population": {
            "action": -4.869741916656494,
            "observation": 50
        }
    },
    "200": {
        "BestCoverage": 0.1282051282051282,
        "Population": {
            "action": 2.697272300720215,
            "observation": 45
        }
    },
    "205": {
        "BestCoverage": 0.1282051282051282,
        "Population": {
            "action": -6.445506572723389,
            "observation": 48
        }
    },
    "210": {
        "BestCoverage": 0.1282051282051282,
        "Population": {
            "action": 1.9944982528686523,
            "observation": 42
        }
    },
    "215": {
        "BestCoverage": 0.1282051282051282,
        "Population": {
            "action": 5.940591812133789,
            "observation": 44
        }
    },
    "220": {
        "BestCoverage": 0.1282051282051282,
        "Population": {
            "action": 6.010984420776367,
            "observation": 50
        }
    },
    "225": {
        "BestCoverage": 0.1282051282051282,
        "Population": {
            "action": -1.3941593170166016,
            "observation": 56
        }
    },
    "230": {
        "BestCoverage": 0.1282051282051282,
        "Population": {
            "action": 7.256246566772461,
            "observation": 55
        }
    },
    "235": {
        "BestCoverage": 0.1282051282051282,
        "Population": {
            "action": -6.512444972991943,
            "observation": 62
        }
    },
    "240": {
        "BestCoverage": 0.1282051282051282,
        "Population": {
            "action": -2.557368278503418,
            "observation": 55
        }
    },
    "245": {
        "BestCoverage": 0.1282051282051282,
        "Population": {
            "action": 7.7509002685546875,
            "observation": 52
        }
    },