{
    "35": {
        "BestCoverage": 0.75,
        "CrossoverRate": {
            "action": 0.0026694059371948214,
            "observation": 0.75
        }
    },
    "40": {
        "BestCoverage": 0.75,
        "CrossoverRate": {
            "action": -0.015616101026535031,
            "observation": 0.7526694059371948
        }
    },
    "45": {
        "BestCoverage": 0.75,
        "CrossoverRate": {
            "action": 0.03524208068847656,
            "observation": 0.7370533049106598
        }
    },
    "50": {
        "BestCoverage": 0.75,
        "CrossoverRate": {
            "action": 0.09232286214828492,
            "observation": 0.7722953855991364
        }
    },
    "55": {
        "BestCoverage": 0.75,
        "CrossoverRate": {
            "action": 0.0013369321823120117,
            "observation": 0.8646182477474212
        }
    },
    "60": {
        "BestCoverage": 0.75,
        "CrossoverRate": {
            "action": 0.018301343917846685,
            "observation": 0.8659551799297333
        }
    },
    "65": {
        "BestCoverage": 0.8,
        "CrossoverRate": {
            "action": -0.036105799674987796,
            "observation": 0.8842565238475799
        }
    },
    "70": {
        "BestCoverage": 0.8,
        "CrossoverRate": {
            "action": -0.09771848917007447,
            "observation": 0.8481507241725921
        }
    },
    "75": {
        "BestCoverage": 0.8,
        "CrossoverRate": {
            "action": -0.07760017514228822,
            "observation": 0.7504322350025177
        }
    },
    "80": {
        "BestCoverage": 0.8125,
        "CrossoverRate": {
            "action": -0.09744067788124085,
            "observation": 0.6728320598602294
        }
    },
    "85": {
        "BestCoverage": 0.8125,
        "CrossoverRate": {
            "action": 0.0721561074256897,
            "observation": 0.5753913819789885
        }
    },
    "90": {
        "BestCoverage": 0.8125,
        "CrossoverRate": {
            "action": -0.05513204336166382,
            "observation": 0.6475474894046782
        }
    },
    "95": {
        "BestCoverage": 0.8125,
        "CrossoverRate": {
            "action": -0.04204425811767579,
            "observation": 0.5924154460430144
        }
    },
    "100": {
        "BestCoverage": 0.8125,
        "CrossoverRate": {
            "action": 0.06001613140106202,
            "observation": 0.5503711879253387
        }
    },
    "105": {
        "BestCoverage": 0.8125,
        "CrossoverRate": {
            "action": 0.086703622341156,
            "observation": 0.6103873193264007
        }
    },
    "110": {
        "BestCoverage": 0.8125,
        "CrossoverRate": {
            "action": -0.06370242834091186,
            "observation": 0.6970909416675567
        }
    },
    "115": {
        "BestCoverage": 0.8125,
        "CrossoverRate": {
            "action": 0.0825361490249634,
            "observation": 0.6333885133266448
        }
    },
    "120": {
        "BestCoverage": 0.8125,
        "CrossoverRate": {
            "action": -0.05527111887931824,
            "observation": 0.7159246623516082
        }
    },
    "125": {
        "BestCoverage": 0.8125,
        "CrossoverRate": {
            "action": -0.04222769737243653,
            "observation": 0.66065354347229
        }
    },
    "130": {
        "BestCoverage": 0.8125,
        "CrossoverRate": {
            "action": 0.05410640239715578,
            "observation": 0.6184258460998535
        }
    },
    "135": {
        "BestCoverage": 0.8125,
        "CrossoverRate": {
            "action": -0.08775325417518616,
            "observation": 0.6725322484970093
        }
    },
    "140": {
        "BestCoverage": 0.8125,
        "CrossoverRate": {
            "action": 0.0702751398086548,
            "observation": 0.5847789943218231
        }
    },
    "145": {
        "BestCoverage": 0.8125,
        "CrossoverRate": {
            "action": 0.03926897048950195,
            "observation": 0.6550541341304779
        }
    },
    "150": {
        "BestCoverage": 0.8125,
        "CrossoverRate": {
            "action": -0.03766164183616638,
            "observation": 0.6943231046199798
        }
    },
    "155": {
        "BestCoverage": 0.8125,
        "CrossoverRate": {
            "action": 0.03745751380920409,
            "observation": 0.6566614627838134
        }
    },
    "160": {
        "BestCoverage": 0.8125,
        "CrossoverRate": {
            "action": 0.050488245487213146,
            "observation": 0.6941189765930176
        }
    },
    "165": {
        "BestCoverage": 0.8125,
        "CrossoverRate": {
            "action": 0.02512342929840089,
            "observation": 0.7446072220802307
        }
    },
    "170": {
        "BestCoverage": 0.8125,
        "CrossoverRate": {
            "action": 0.05332190990447999,
            "observation": 0.7697306513786315
        }
    },
    "175": {
        "BestCoverage": 0.8125,
        "CrossoverRate": {
            "action": 0.08583593368530273,
            "observation": 0.8230525612831114
        }
    },
    "180": {
        "BestCoverage": 0.8125,
        "CrossoverRate": {
            "action": 0.09903249740600586,
            "observation": 0.9088884949684142
        }
    },
    "185": {
        "BestCoverage": 0.8125,
        "CrossoverRate": {
            "action": -0.011629533767700193,
            "observation": 1.0
        }
    },
    "190": {
        "BestCoverage": 0.8125,
        "CrossoverRate": {
            "action": 0.09476881027221681,
            "observation": 0.9883704662322998
        }
    },
    "195": {
        "BestCoverage": 0.8125,
        "CrossoverRate": {
            "action": 0.03105530738830567,
            "observation": 1.0
        }
    },
    "200": {
        "BestCoverage": 0.8125,
        "CrossoverRate": {
            "action": 0.020900189876556396,
            "observation": 1.0
        }
    },
    "205": {
        "BestCoverage": 0.8125,
        "CrossoverRate": {
            "action": -0.08460505008697511,
            "observation": 1.0
        }
    },
    "210": {
        "BestCoverage": 0.8125,
        "CrossoverRate": {
            "action": 0.06595656871795655,
            "observation": 0.915394949913025
        }
    },
    "215": {
        "BestCoverage": 0.8125,
        "CrossoverRate": {
            "action": -0.0796418309211731,
            "observation": 0.9813515186309815
        }
    },
    "220": {
        "BestCoverage": 0.8125,
        "CrossoverRate": {
            "action": 0.09104673862457277,
            "observation": 0.9017096877098083
        }
    },
    "225": {
        "BestCoverage": 0.8125,
        "CrossoverRate": {
            "action": -0.06949118375778199,
            "observation": 0.9927564263343811
        }
    },
    "230": {
        "BestCoverage": 0.8125,
        "CrossoverRate": {
            "action": -0.026748049259185794,
            "observation": 0.9232652425765991
        }
    },
    "235": {
        "BestCoverage": 0.8125,
        "CrossoverRate": {
            "action": 0.08393430709838867,
            "observation": 0.8965171933174133
        }
    },
    "240": {
        "BestCoverage": 0.8125,
        "CrossoverRate": {
            "action": -0.03878613114356995,
            "observation": 0.980451500415802
        }
    },
    "245": {
        "BestCoverage": 0.8125,
        "CrossoverRate": {
            "action": 0.03522288799285889,
            "observation": 0.941665369272232
        }
    },
    "250": {
        "BestCoverage": 0.8125,
        "CrossoverRate": {
            "action": -0.09439001679420472,
            "observation": 0.9768882572650909
        }
    },
    "255": {
        "BestCoverage": 0.8125,
        "CrossoverRate": {
            "action": 0.03689625263214111,
            "observation": 0.8824982404708861
        }
    },
    "260": {
        "BestCoverage": 0.8125,