{
    "15": {
        "BestCoverage": 0.8,
        "TestDeleteProbability": {
            "action": 0.050913143157959,
            "observation": 0.3333333333333333
        }
    },
    "20": {
        "BestCoverage": 0.8,
        "TestDeleteProbability": {
            "action": 0.013034987449645999,
            "observation": 0.3842464764912923
        }
    },
    "25": {
        "BestCoverage": 0.8,
        "TestDeleteProbability": {
            "action": 0.058245015144348156,
            "observation": 0.3972814639409383
        }
    },
    "30": {
        "BestCoverage": 0.8,
        "TestDeleteProbability": {
            "action": 0.0007399916648864746,
            "observation": 0.45552647908528643
        }
    },
    "35": {
        "BestCoverage": 0.8,
        "TestDeleteProbability": {
            "action": 0.032179212570190435,
            "observation": 0.4562664707501729
        }
    },
    "40": {
        "BestCoverage": 0.8,
        "TestDeleteProbability": {
            "action": 0.016352391242980963,
            "observation": 0.4884456833203633
        }
    },
    "45": {
        "BestCoverage": 0.8,
        "TestDeleteProbability": {
            "action": -0.004453074932098386,
            "observation": 0.5047980745633442
        }
    },
    "50": {
        "BestCoverage": 0.8,
        "TestDeleteProbability": {
            "action": -0.017290163040161136,
            "observation": 0.5003449996312459
        }
    },
    "55": {
        "BestCoverage": 0.8,
        "TestDeleteProbability": {
            "action": 0.08958823680877687,
            "observation": 0.4830548365910848
        }
    },
    "60": {
        "BestCoverage": 0.8,
        "TestDeleteProbability": {
            "action": -0.008425080776214594,
            "observation": 0.5726430733998616
        }
    },
    "65": {
        "BestCoverage": 0.8,
        "TestDeleteProbability": {
            "action": 0.04308297634124755,
            "observation": 0.564217992623647
        }
    },
    "70": {
        "BestCoverage": 0.8,
        "TestDeleteProbability": {
            "action": 0.08324214220046997,
            "observation": 0.6073009689648946
        }
    },
    "75": {
        "BestCoverage": 0.8,
        "TestDeleteProbability": {
            "action": -0.013609069585800174,
            "observation": 0.6905431111653646
        }
    },
    "80": {
        "BestCoverage": 0.8,
        "TestDeleteProbability": {
            "action": -0.042242574691772464,
            "observation": 0.6769340415795644
        }
    },
    "85": {
        "BestCoverage": 0.8,
        "TestDeleteProbability": {
            "action": 0.03945327997207643,
            "observation": 0.6346914668877919
        }
    },
    "90": {
        "BestCoverage": 0.8,
        "TestDeleteProbability": {
            "action": 0.0861668348312378,
            "observation": 0.6741447468598682
        }
    },
    "95": {
        "BestCoverage": 0.8,
        "TestDeleteProbability": {
            "action": -0.07248671054840089,
            "observation": 0.760311581691106
        }
    },
    "100": {
        "BestCoverage": 0.8,
        "TestDeleteProbability": {
            "action": -0.02325141429901123,
            "observation": 0.6878248711427051
        }
    },
    "105": {
        "BestCoverage": 0.8,
        "TestDeleteProbability": {
            "action": 0.03509411811828614,
            "observation": 0.6645734568436938
        }
    },
    "110": {
        "BestCoverage": 0.8,
        "TestDeleteProbability": {
            "action": 0.06977075338363647,
            "observation": 0.69966757496198
        }
    },
    "115": {
        "BestCoverage": 0.8,
        "TestDeleteProbability": {
            "action": -0.043944436311721805,
            "observation": 0.7694383283456164
        }
    },
    "120": {
        "BestCoverage": 0.8,
        "TestDeleteProbability": {
            "action": -0.05495983958244324,
            "observation": 0.7254938920338946
        }
    },
    "125": {
        "BestCoverage": 0.8,
        "TestDeleteProbability": {
            "action": -0.025751626491546636,
            "observation": 0.6705340524514514
        }
    },
    "130": {
        "BestCoverage": 0.8,
        "TestDeleteProbability": {
            "action": 0.061731934547424316,
            "observation": 0.6447824259599048
        }
    },
    "135": {
        "BestCoverage": 0.8,
        "TestDeleteProbability": {
            "action": 0.0885788917541504,
            "observation": 0.7065143605073291
        }
    },
    "140": {
        "BestCoverage": 0.8,
        "TestDeleteProbability": {
            "action": -0.02737371921539307,
            "observation": 0.7950932522614795
        }
    },
    "145": {
        "BestCoverage": 0.8,
        "TestDeleteProbability": {
            "action": -0.07602835893630983,
            "observation": 0.7677195330460864
        }
    },
    "150": {
        "BestCoverage": 0.8,
        "TestDeleteProbability": {
            "action": -0.06993935108184815,
            "observation": 0.6916911741097767
        }
    },
    "155": {
        "BestCoverage": 0.8,
        "TestDeleteProbability": {
            "action": -0.08322237730026245,
            "observation": 0.6217518230279285
        }
    },
    "160": {
        "BestCoverage": 0.8,
        "TestDeleteProbability": {
            "action": -0.07565886974334718,
            "observation": 0.538529445727666
        }
    },
    "165": {
        "BestCoverage": 0.8,
        "TestDeleteProbability": {
            "action": 0.0258880376815796,
            "observation": 0.46287057598431885
        }
    },
    "170": {
        "BestCoverage": 0.8,
        "TestDeleteProbability": {
            "action": 0.0754995346069336,
            "observation": 0.48875861366589846
        }
    },
    "175": {
        "BestCoverage": 0.8,
        "TestDeleteProbability": {
            "action": 0.02373317480087281,
            "observation": 0.564258148272832
        }
    },
    "180": {
        "BestCoverage": 0.8,
        "TestDeleteProbability": {
            "action": -0.0678934931755066,
            "observation": 0.5879913230737048
        }
    },
    "185": {
        "BestCoverage": 0.8,
        "TestDeleteProbability": {
            "action": -0.0406872034072876,
            "observation": 0.5200978298981982
        }
    },
    "190": {
        "BestCoverage": 0.8,
        "TestDeleteProbability": {
            "action": -0.003097397089004514,
            "observation": 0.4794106264909106
        }
    },
    "195": {
        "BestCoverage": 0.8,
        "TestDeleteProbability": {
            "action": 0.047829222679138195,
            "observation": 0.47631322940190607
        }
    },
    "200": {
        "BestCoverage": 0.8,
        "TestDeleteProbability": {
            "action": -0.09369363188743592,
            "observation": 0.5241424520810443
        }
    },
    "205": {
        "BestCoverage": 0.8,
        "TestDeleteProbability": {
            "action": 0.06130145788192751,
            "observation": 0.43044882019360836
        }
    },
    "210": {
        "BestCoverage": 0.8,
        "TestDeleteProbability": {
            "action": 0.01624665260314942,
            "observation": 0.49175027807553584
        }
    },
    "215": {
        "BestCoverage": 0.8,
        "TestDeleteProbability": {
            "action": -0.015998852252960202,
            "observation": 0.5079969306786852
        }
    },
    "220": {
        "BestCoverage": 0.8,
        "TestDeleteProbability": {
            "action": 0.013228857517242426,
            "observation": 0.491998078425725
        }
    },
    "225": {
        "BestCoverage": 0.8,
        "TestDeleteProbability": {
            "action": -0.03933544158935547,
            "observation": 0.5052269359429674
        }
    },
    "230": {
        "BestCoverage": 0.8,