{
    "15": {
        "BestCoverage": 0.8,
        "CrossoverRate": {
            "observation": 0.75,
            "action": 0.024661171436309817
        },
        "Population": {
            "observation": 50,
            "action": 2.5107650756835938
        }
    },
    "20": {
        "BestCoverage": 0.8,
        "CrossoverRate": {
            "observation": 0.7746611714363099,
            "action": 0.06708498001098634
        },
        "Population": {
            "observation": 53,
            "action": 1.8803377151489258
        }
    },
    "25": {
        "BestCoverage": 0.8,
        "CrossoverRate": {
            "observation": 0.8417461514472961,
            "action": -0.06814551949501038
        },
        "Population": {
            "observation": 55,
            "action": 5.5911970138549805
        }
    },
    "30": {
        "BestCoverage": 0.8,
        "CrossoverRate": {
            "observation": 0.7736006319522858,
            "action": 0.030766928195953364
        },
        "Population": {
            "observation": 61,
            "action": 0.7888374328613281
        }
    },
    "35": {
        "BestCoverage": 0.8,
        "CrossoverRate": {
            "observation": 0.8043675601482392,
            "action": 0.003303921222686773
        },
        "Population": {
            "observation": 62,
            "action": 4.346302032470703
        }
    },
    "40": {
        "BestCoverage": 0.8,
        "CrossoverRate": {
            "observation": 0.8076714813709259,
            "action": 0.09977507591247559
        },
        "Population": {
            "observation": 66,
            "action": 5.638077735900879
        }
    },
    "45": {
        "BestCoverage": 0.8,
        "CrossoverRate": {
            "observation": 0.9074465572834015,
            "action": -0.03837836384773255
        },
        "Population": {
            "observation": 72,
            "action": -3.731734275817871
        }
    },
    "50": {
        "BestCoverage": 0.8,
        "CrossoverRate": {
            "observation": 0.869068193435669,
            "action": -0.07083488702774049
        },
        "Population": {
            "observation": 68,
            "action": 1.0151424407958984
        }
    },
    "55": {
        "BestCoverage": 0.8,
        "CrossoverRate": {
            "observation": 0.7982333064079286,
            "action": 0.06254820823669435
        },
        "Population": {
            "observation": 69,
            "action": 0.6298418045043945
        }
    },
    "60": {
        "BestCoverage": 0.8,
        "CrossoverRate": {
            "observation": 0.8607815146446229,
            "action": 0.061714267730712896
        },
        "Population": {
            "observation": 70,
            "action": 5.62335205078125
        }
    },
    "65": {
        "BestCoverage": 0.8,
        "CrossoverRate": {
            "observation": 0.9224957823753358,
            "action": -0.05443491339683533
        },
        "Population": {
            "observation": 76,
            "action": -0.3586750030517578
        }
    },
    "70": {
        "BestCoverage": 0.8,
        "CrossoverRate": {
            "observation": 0.8680608689785004,
            "action": 0.039538598060607916
        },
        "Population": {
            "observation": 76,
            "action": 1.5746774673461914
        }
    },
    "75": {
        "BestCoverage": 0.8,
        "CrossoverRate": {
            "observation": 0.9075994670391083,
            "action": 0.05475476980209351
        },
        "Population": {
            "observation": 78,
            "action": -0.4797816276550293
        }
    },
    "80": {
        "BestCoverage": 0.8,
        "CrossoverRate": {
            "observation": 0.9623542368412018,
            "action": 0.08303365707397461
        },
        "Population": {
            "observation": 78,
            "action": 4.029453277587891
        }
    },
    "85": {
        "BestCoverage": 0.8,
        "CrossoverRate": {
            "observation": 1.0,
            "action": 0.06884328126907349
        },
        "Population": {
            "observation": 82,
            "action": 2.1080970764160156
        }
    },
    "90": {
        "BestCoverage": 0.8,
        "CrossoverRate": {
            "observation": 1.0,
            "action": 0.015586102008819575
        },
        "Population": {
            "observation": 84,
            "action": -6.070374011993408
        }
    },
    "95": {
        "BestCoverage": 0.8,
        "CrossoverRate": {
            "observation": 1.0,
            "action": 0.0663214921951294
        },
        "Population": {
            "observation": 78,
            "action": 5.6566057205200195
        }
    },
    "100": {
        "BestCoverage": 0.8,
        "CrossoverRate": {
            "observation": 1.0,
            "action": -0.05950483679771423
        },
        "Population": {
            "observation": 84,
            "action": -1.7724509239196777
        }
    },
    "105": {
        "BestCoverage": 0.8,
        "CrossoverRate": {
            "observation": 0.9404951632022858,
            "action": 0.0699467658996582
        },
        "Population": {
            "observation": 82,
            "action": 7.150860786437988
        }
    },
    "110": {
        "BestCoverage": 0.8,
        "CrossoverRate": {
            "observation": 1.0,
            "action": -0.06380134224891662
        },
        "Population": {
            "observation": 89,
            "action": 5.338909149169922
        }
    },
    "115": {
        "BestCoverage": 0.8,
        "CrossoverRate": {
            "observation": 0.9361986577510834,
            "action": -0.09157670736312867
        },
        "Population": {
            "observation": 94,
            "action": 1.7089099884033203
        }
    },
    "120": {
        "BestCoverage": 0.8,
        "CrossoverRate": {
            "observation": 0.8446219503879546,
            "action": 0.035881710052490245
        },
        "Population": {
            "observation": 96,
            "action": 7.346253395080566
        }
    },
    "125": {
        "BestCoverage": 0.8,
        "CrossoverRate": {
            "observation": 0.8805036604404448,
            "action": -0.03296623826026916
        },
        "Population": {
            "observation": 100,
            "action": 1.7910785675048828
        }
    },
    "130": {
        "BestCoverage": 0.8,
        "CrossoverRate": {
            "observation": 0.8475374221801757,
            "action": 0.0038951277732849066
        },
        "Population": {
            "observation": 100,
            "action": -4.216273307800293
        }
    },
    "135": {
        "BestCoverage": 0.8,
        "CrossoverRate": {
            "observation": 0.8514325499534606,
            "action": 0.07586010694503784
        },
        "Population": {
            "observation": 96,
            "action": 6.579614639282227
        }
    },
    "140": {
        "BestCoverage": 0.8,
        "CrossoverRate": {
            "observation": 0.9272926568984985,
            "action": 0.07044906616210939
        },
        "Population": {
            "observation": 100,
            "action": 5.213885307312012
        }
    },
    "145": {
        "BestCoverage": 0.8,
        "CrossoverRate": {
            "observation": 0.9977417230606078,
            "action": 0.0345684289932251
        },
        "Population": {
            "observation": 100,
            "action": -0.25160980224609375
        }
    },
    "150": {
        "BestCoverage": 0.8,
        "CrossoverRate": {
            "observation": 1.0,
            "action": -0.07584291696548462
        },
        "Population": {
            "observation": 100,
            "action": 7.127435684204102
        }
    },
    "155": {
        "BestCoverage": 0.8,
        "CrossoverRate": {
            "observation": 0.9241570830345154,
            "action": 0.06767582893371582
        },