{
    "15": {
        "BestCoverage": 0.75,
        "TestDeleteProbability": {
            "action": -0.0875647008419037,
            "observation": 0.3333333333333333
        }
    },
    "20": {
        "BestCoverage": 0.75,
        "TestDeleteProbability": {
            "action": -0.09238105416297913,
            "observation": 0.2457686324914296
        }
    },
    "25": {
        "BestCoverage": 0.75,
        "TestDeleteProbability": {
            "action": 0.09659140110015871,
            "observation": 0.15338757832845046
        }
    },
    "30": {
        "BestCoverage": 0.75,
        "TestDeleteProbability": {
            "action": -0.019978785514831537,
            "observation": 0.24997897942860917
        }
    },
    "35": {
        "BestCoverage": 0.75,
        "TestDeleteProbability": {
            "action": -0.019217801094055173,
            "observation": 0.23000019391377763
        }
    },
    "40": {
        "BestCoverage": 0.75,
        "TestDeleteProbability": {
            "action": 0.09252512454986572,
            "observation": 0.21078239281972244
        }
    },
    "45": {
        "BestCoverage": 0.75,
        "TestDeleteProbability": {
            "action": 0.08975671529769899,
            "observation": 0.30330751736958816
        }
    },
    "50": {
        "BestCoverage": 0.75,
        "TestDeleteProbability": {
            "action": 0.04058622121810912,
            "observation": 0.3930642326672872
        }
    },
    "55": {
        "BestCoverage": 0.75,
        "TestDeleteProbability": {
            "action": 0.04305349588394164,
            "observation": 0.4336504538853963
        }
    },
    "60": {
        "BestCoverage": 0.75,
        "TestDeleteProbability": {
            "action": 0.0943587064743042,
            "observation": 0.47670394976933794
        }
    },
    "65": {
        "BestCoverage": 0.75,
        "TestDeleteProbability": {
            "action": 0.06207945346832275,
            "observation": 0.5710626562436422
        }
    },
    "70": {
        "BestCoverage": 0.75,
        "TestDeleteProbability": {
            "action": -0.09444043040275574,
            "observation": 0.6331421097119649
        }
    },
    "75": {
        "BestCoverage": 0.75,
        "TestDeleteProbability": {
            "action": 0.005426955223083493,
            "observation": 0.5387016793092092
        }
    },
    "80": {
        "BestCoverage": 0.75,
        "TestDeleteProbability": {
            "action": 0.05872082710266113,
            "observation": 0.5441286345322927
        }
    },
    "85": {
        "BestCoverage": 0.75,
        "TestDeleteProbability": {
            "action": 0.03441710472106935,
            "observation": 0.6028494616349538
        }
    },
    "90": {
        "BestCoverage": 0.75,
        "TestDeleteProbability": {
            "action": -0.0305172324180603,
            "observation": 0.6372665663560231
        }
    },
    "95": {
        "BestCoverage": 0.7625,
        "TestDeleteProbability": {
            "action": -0.05481770634651184,
            "observation": 0.6067493339379628
        }
    },
    "100": {
        "BestCoverage": 0.7625,
        "TestDeleteProbability": {
            "action": -0.003749752044677729,
            "observation": 0.551931627591451
        }
    },
    "105": {
        "BestCoverage": 0.7625,
        "TestDeleteProbability": {
            "action": -0.08611359596252442,
            "observation": 0.5481818755467732
        }
    },
    "110": {
        "BestCoverage": 0.7625,
        "TestDeleteProbability": {
            "action": -0.09776464700698853,
            "observation": 0.4620682795842488
        }
    },
    "115": {
        "BestCoverage": 0.7625,
        "TestDeleteProbability": {
            "action": -0.06181331276893616,
            "observation": 0.3643036325772603
        }
    },
    "120": {
        "BestCoverage": 0.7625,
        "TestDeleteProbability": {
            "action": -0.08063075542449952,
            "observation": 0.30249031980832414
        }
    },
    "125": {
        "BestCoverage": 0.7625,
        "TestDeleteProbability": {
            "action": 0.097430157661438,
            "observation": 0.22185956438382462
        }
    },
    "130": {
        "BestCoverage": 0.7625,
        "TestDeleteProbability": {
            "action": 0.01020658016204834,
            "observation": 0.3192897220452626
        }
    },
    "135": {
        "BestCoverage": 0.7625,
        "TestDeleteProbability": {
            "action": 0.06816437244415283,
            "observation": 0.32949630220731096
        }
    },
    "140": {
        "BestCoverage": 0.7625,
        "TestDeleteProbability": {
            "action": 0.006223702430725092,
            "observation": 0.3976606746514638
        }
    },
    "145": {
        "BestCoverage": 0.7625,
        "TestDeleteProbability": {
            "action": -0.09707072377204895,
            "observation": 0.40388437708218894
        }
    },
    "150": {
        "BestCoverage": 0.7625,
        "TestDeleteProbability": {
            "action": -0.03711058497428894,
            "observation": 0.30681365331014
        }
    },
    "155": {
        "BestCoverage": 0.7625,
        "TestDeleteProbability": {
            "action": -0.009375029802322382,
            "observation": 0.26970306833585106
        }
    },
    "160": {
        "BestCoverage": 0.7625,
        "TestDeleteProbability": {
            "action": 0.05218195915222168,
            "observation": 0.2603280385335287
        }
    },
    "165": {
        "BestCoverage": 0.7625,
        "TestDeleteProbability": {
            "action": -0.09450014233589173,
            "observation": 0.3125099976857504
        }
    },
    "170": {
        "BestCoverage": 0.7625,
        "TestDeleteProbability": {
            "action": 0.0032203435897827093,
            "observation": 0.21800985534985867
        }
    },
    "175": {
        "BestCoverage": 0.7625,
        "TestDeleteProbability": {
            "action": 0.026381933689117426,
            "observation": 0.22123019893964138
        }
    },
    "180": {
        "BestCoverage": 0.7625,
        "TestDeleteProbability": {
            "action": -0.04668564796447754,
            "observation": 0.2476121326287588
        }
    },
    "185": {
        "BestCoverage": 0.7625,
        "TestDeleteProbability": {
            "action": 0.002677023410797119,
            "observation": 0.20092648466428126
        }
    },
    "190": {
        "BestCoverage": 0.7625,
        "TestDeleteProbability": {
            "action": -0.027705651521682736,
            "observation": 0.20360350807507838
        }
    },
    "195": {
        "BestCoverage": 0.7625,
        "TestDeleteProbability": {
            "action": -0.010064810514450073,
            "observation": 0.17589785655339563
        }
    },
    "200": {
        "BestCoverage": 0.7625,
        "TestDeleteProbability": {
            "action": -0.026859629154205325,
            "observation": 0.16583304603894555
        }
    },
    "205": {
        "BestCoverage": 0.7625,
        "TestDeleteProbability": {
            "action": 0.08187479972839357,
            "observation": 0.13897341688474024
        }
    },
    "210": {
        "BestCoverage": 0.7625,
        "TestDeleteProbability": {
            "action": -0.03454972505569458,
            "observation": 0.2208482166131338
        }
    },
    "215": {
        "BestCoverage": 0.7625,
        "TestDeleteProbability": {
            "action": -0.0769439995288849,
            "observation": 0.18629849155743922
        }
    },
    "220": {
        "BestCoverage": 0.7625,
        "TestDeleteProbability": {
            "action": 0.07489904165267944,
            "observation": 0.10935449202855432
        }
    },
    "225": {
        "BestCoverage": 0.7625,
        "TestDeleteProbability": {
            "action": -0.042143511772155764,
            "observation": 0.18425353368123376
        }
    },