{
    "15": {
        "BestCoverage": 0.75,
        "Elite": {
            "observation": 1,
            "action": 0.877294659614563
        },
        "Population": {
            "observation": 50,
            "action": -7.512516975402832
        }
    },
    "20": {
        "BestCoverage": 0.75,
        "Elite": {
            "observation": 2,
            "action": 0.6105268001556396
        },
        "Population": {
            "observation": 42,
            "action": 6.65992546081543
        }
    },
    "25": {
        "BestCoverage": 0.75,
        "Elite": {
            "observation": 3,
            "action": 0.6206141710281372
        },
        "Population": {
            "observation": 49,
            "action": -6.046658992767334
        }
    },
    "30": {
        "BestCoverage": 0.75,
        "Elite": {
            "observation": 4,
            "action": -0.4712650775909424
        },
        "Population": {
            "observation": 43,
            "action": 2.0381288528442383
        }
    },
    "35": {
        "BestCoverage": 0.75,
        "Elite": {
            "observation": 4,
            "action": 0.05697977542877197
        },
        "Population": {
            "observation": 45,
            "action": 3.235201835632324
        }
    },
    "40": {
        "BestCoverage": 0.75,
        "Elite": {
            "observation": 4,
            "action": 0.34137701988220215
        },
        "Population": {
            "observation": 48,
            "action": -4.096651077270508
        }
    },
    "45": {
        "BestCoverage": 0.75,
        "Elite": {
            "observation": 4,
            "action": -0.22150814533233643
        },
        "Population": {
            "observation": 44,
            "action": 6.129216194152832
        }
    },
    "50": {
        "BestCoverage": 0.75,
        "Elite": {
            "observation": 4,
            "action": 0.557213544845581
        },
        "Population": {
            "observation": 50,
            "action": 0.9300785064697266
        }
    },
    "55": {
        "BestCoverage": 0.75,
        "Elite": {
            "observation": 5,
            "action": -0.7964654564857483
        },
        "Population": {
            "observation": 51,
            "action": 3.9017696380615234
        }
    },
    "60": {
        "BestCoverage": 0.75,
        "Elite": {
            "observation": 4,
            "action": -0.22783029079437256
        },
        "Population": {
            "observation": 55,
            "action": 6.054377555847168
        }
    },
    "65": {
        "BestCoverage": 0.75,
        "Elite": {
            "observation": 4,
            "action": -0.8161978721618652
        },
        "Population": {
            "observation": 61,
            "action": 6.1137542724609375
        }
    },
    "70": {
        "BestCoverage": 0.75,
        "Elite": {
            "observation": 3,
            "action": -0.05621093511581421
        },
        "Population": {
            "observation": 67,
            "action": -0.7818746566772461
        }
    },
    "75": {
        "BestCoverage": 0.75,
        "Elite": {
            "observation": 3,
            "action": 0.30748462677001953
        },
        "Population": {
            "observation": 66,
            "action": -7.707822322845459
        }
    },
    "80": {
        "BestCoverage": 0.75,
        "Elite": {
            "observation": 3,
            "action": -0.5137739181518555
        },
        "Population": {
            "observation": 58,
            "action": -0.8582916259765625
        }
    },
    "85": {
        "BestCoverage": 0.75,
        "Elite": {
            "observation": 2,
            "action": -0.6218546628952026
        },
        "Population": {
            "observation": 57,
            "action": 4.6173906326293945
        }
    },
    "90": {
        "BestCoverage": 0.75,
        "Elite": {
            "observation": 1,
            "action": 0.6517593860626221
        },
        "Population": {
            "observation": 62,
            "action": -4.607671737670898
        }
    },
    "95": {
        "BestCoverage": 0.75,
        "Elite": {
            "observation": 2,
            "action": -0.973160445690155
        },
        "Population": {
            "observation": 57,
            "action": -2.42572021484375
        }
    },
    "100": {
        "BestCoverage": 0.75,
        "Elite": {
            "observation": 1,
            "action": 0.5394688844680786
        },
        "Population": {
            "observation": 55,
            "action": 5.165395736694336
        }
    },
    "105": {
        "BestCoverage": 0.75,
        "Elite": {
            "observation": 2,
            "action": -0.4380110502243042
        },
        "Population": {
            "observation": 60,
            "action": -5.1153645515441895
        }
    },
    "110": {
        "BestCoverage": 0.75,
        "Elite": {
            "observation": 2,
            "action": -0.8379431366920471
        },
        "Population": {
            "observation": 55,
            "action": -5.988177299499512
        }
    },
    "115": {
        "BestCoverage": 0.75,
        "Elite": {
            "observation": 1,
            "action": -0.9026714563369751
        },
        "Population": {
            "observation": 49,
            "action": 0.4654054641723633
        }
    },
    "120": {
        "BestCoverage": 0.75,
        "Elite": {
            "observation": 0,
            "action": -0.7752165198326111
        },
        "Population": {
            "observation": 49,
            "action": -4.124817848205566
        }
    },
    "125": {
        "BestCoverage": 0.75,
        "Elite": {
            "observation": 0,
            "action": 0.5052361488342285
        },
        "Population": {
            "observation": 45,
            "action": 2.077911376953125
        }
    },
    "130": {
        "BestCoverage": 0.75,
        "Elite": {
            "observation": 1,
            "action": 0.2899731397628784
        },
        "Population": {
            "observation": 47,
            "action": -0.012054443359375
        }
    },
    "135": {
        "BestCoverage": 0.75,
        "Elite": {
            "observation": 1,
            "action": 0.5721032619476318
        },
        "Population": {
            "observation": 47,
            "action": -6.88075065612793
        }
    },
    "140": {
        "BestCoverage": 0.75,
        "Elite": {
            "observation": 2,
            "action": 0.10233020782470703
        },
        "Population": {
            "observation": 40,
            "action": -6.388383388519287
        }
    },
    "145": {
        "BestCoverage": 0.75,
        "Elite": {
            "observation": 2,
            "action": -0.18462735414505005
        },
        "Population": {
            "observation": 34,
            "action": 4.4281768798828125
        }
    },
    "150": {
        "BestCoverage": 0.75,
        "Elite": {
            "observation": 2,
            "action": 0.3887827396392822
        },
        "Population": {
            "observation": 38,
            "action": 1.7109413146972656
        }
    },
    "155": {
        "BestCoverage": 0.75,
        "Elite": {
            "observation": 2,
            "action": 0.7627503871917725
        },
        "Population": {
            "observation": 40,
            "action": -6.3163652420043945
        }
    },
    "160": {
        "BestCoverage": 0.75,
        "Elite": {
            "observation": 3,
            "action": 0.4416261911392212
        },
        "Population": {
            "observation": 34,
            "action": -0.4288959503173828
        }
    },
    "165": {
        "BestCoverage": 0.75,
        "Elite": {
            "observation": 3,
            "action": 0.3558720350265503
        },
        "Population": {
            "observation": 34,
            "action": 6.886632919311523
        }
    },