{
    "15": {
        "BestCoverage": 0.8,
        "StatementInsertionProbability": {
            "action": 0.08514945507049562,
            "observation": 0.5
        }
    },
    "20": {
        "BestCoverage": 0.8,
        "StatementInsertionProbability": {
            "action": -0.00903944373130798,
            "observation": 0.5851494550704956
        }
    },
    "25": {
        "BestCoverage": 0.8,
        "StatementInsertionProbability": {
            "action": 0.07482867240905763,
            "observation": 0.5761100113391877
        }
    },
    "30": {
        "BestCoverage": 0.8,
        "StatementInsertionProbability": {
            "action": 0.05567510128021241,
            "observation": 0.6509386837482454
        }
    },
    "35": {
        "BestCoverage": 0.8,
        "StatementInsertionProbability": {
            "action": 0.06409339904785158,
            "observation": 0.7066137850284577
        }
    },
    "40": {
        "BestCoverage": 0.8,
        "StatementInsertionProbability": {
            "action": 0.00014903545379638117,
            "observation": 0.7707071840763093
        }
    },
    "45": {
        "BestCoverage": 0.8,
        "StatementInsertionProbability": {
            "action": 0.0840289831161499,
            "observation": 0.7708562195301057
        }
    },
    "50": {
        "BestCoverage": 0.8,
        "StatementInsertionProbability": {
            "action": 0.051574563980102545,
            "observation": 0.8548852026462557
        }
    },
    "55": {
        "BestCoverage": 0.8,
        "StatementInsertionProbability": {
            "action": -0.067569899559021,
            "observation": 0.9064597666263582
        }
    },
    "60": {
        "BestCoverage": 0.8,
        "StatementInsertionProbability": {
            "action": 0.030567407608032227,
            "observation": 0.8388898670673371
        }
    },
    "65": {
        "BestCoverage": 0.8,
        "StatementInsertionProbability": {
            "action": 0.0849709987640381,
            "observation": 0.8694572746753694
        }
    },
    "70": {
        "BestCoverage": 0.8,
        "StatementInsertionProbability": {
            "action": -0.03286162614822388,
            "observation": 0.9544282734394075
        }
    },
    "75": {
        "BestCoverage": 0.8,
        "StatementInsertionProbability": {
            "action": 0.023356401920318598,
            "observation": 0.9215666472911836
        }
    },
    "80": {
        "BestCoverage": 0.8,
        "StatementInsertionProbability": {
            "action": -0.06277867555618286,
            "observation": 0.9449230492115023
        }
    },
    "85": {
        "BestCoverage": 0.8,
        "StatementInsertionProbability": {
            "action": -0.06485815644264221,
            "observation": 0.8821443736553194
        }
    },
    "90": {
        "BestCoverage": 0.8,
        "StatementInsertionProbability": {
            "action": 0.029285669326782227,
            "observation": 0.8172862172126771
        }
    },
    "95": {
        "BestCoverage": 0.8,
        "StatementInsertionProbability": {
            "action": 0.09731936454772949,
            "observation": 0.8465718865394594
        }
    },
    "100": {
        "BestCoverage": 0.8,
        "StatementInsertionProbability": {
            "action": 0.08823180198669434,
            "observation": 0.9438912510871889
        }
    },
    "105": {
        "BestCoverage": 0.8,
        "StatementInsertionProbability": {
            "action": 0.09766848087310792,
            "observation": 1.0
        }
    },
    "110": {
        "BestCoverage": 0.8,
        "StatementInsertionProbability": {
            "action": 0.08923032283782958,
            "observation": 1.0
        }
    },
    "115": {
        "BestCoverage": 0.8,
        "StatementInsertionProbability": {
            "action": -0.07277253866195679,
            "observation": 1.0
        }
    },
    "120": {
        "BestCoverage": 0.8,
        "StatementInsertionProbability": {
            "action": -0.03943142294883728,
            "observation": 0.9272274613380432
        }
    },
    "125": {
        "BestCoverage": 0.8,
        "StatementInsertionProbability": {
            "action": 0.07400987148284913,
            "observation": 0.887796038389206
        }
    },
    "130": {
        "BestCoverage": 0.8,
        "StatementInsertionProbability": {
            "action": 0.029136133193969738,
            "observation": 0.961805909872055
        }
    },
    "135": {
        "BestCoverage": 0.8,
        "StatementInsertionProbability": {
            "action": -0.07347658276557922,
            "observation": 0.9909420430660247
        }
    },
    "140": {
        "BestCoverage": 0.8,
        "StatementInsertionProbability": {
            "action": -0.039472329616546634,
            "observation": 0.9174654603004455
        }
    },
    "145": {
        "BestCoverage": 0.8,
        "StatementInsertionProbability": {
            "action": 0.09511673450469971,
            "observation": 0.8779931306838988
        }
    },
    "150": {
        "BestCoverage": 0.8,
        "StatementInsertionProbability": {
            "action": 0.016743373870849607,
            "observation": 0.9731098651885985
        }
    },
    "155": {
        "BestCoverage": 0.8,
        "StatementInsertionProbability": {
            "action": -0.07397493720054626,
            "observation": 0.9898532390594481
        }
    },
    "160": {
        "BestCoverage": 0.8,
        "StatementInsertionProbability": {
            "action": 0.029082369804382335,
            "observation": 0.9158783018589018
        }
    },
    "165": {
        "BestCoverage": 0.8,
        "StatementInsertionProbability": {
            "action": -0.019368553161621088,
            "observation": 0.9449606716632841
        }
    },
    "170": {
        "BestCoverage": 0.8,
        "StatementInsertionProbability": {
            "action": 0.0113457202911377,
            "observation": 0.925592118501663
        }
    },
    "175": {
        "BestCoverage": 0.8,
        "StatementInsertionProbability": {
            "action": -0.08000759482383729,
            "observation": 0.9369378387928007
        }
    },
    "180": {
        "BestCoverage": 0.8,
        "StatementInsertionProbability": {
            "action": 0.027551186084747326,
            "observation": 0.8569302439689634
        }
    },
    "185": {
        "BestCoverage": 0.8,
        "StatementInsertionProbability": {
            "action": -0.05071290731430054,
            "observation": 0.8844814300537107
        }
    },
    "190": {
        "BestCoverage": 0.8,
        "StatementInsertionProbability": {
            "action": 0.07213447093963624,
            "observation": 0.8337685227394102
        }
    },
    "195": {
        "BestCoverage": 0.8,
        "StatementInsertionProbability": {
            "action": 0.049630165100097656,
            "observation": 0.9059029936790464
        }
    },
    "200": {
        "BestCoverage": 0.8,
        "StatementInsertionProbability": {
            "action": -0.002952051162719724,
            "observation": 0.955533158779144
        }
    },
    "205": {
        "BestCoverage": 0.8,
        "StatementInsertionProbability": {
            "action": 0.06261541843414306,
            "observation": 0.9525811076164243
        }
    },
    "210": {
        "BestCoverage": 0.8,
        "StatementInsertionProbability": {
            "action": -0.055316936969757084,
            "observation": 1.0
        }
    },
    "215": {
        "BestCoverage": 0.8,
        "StatementInsertionProbability": {
            "action": -0.06728206872940064,
            "observation": 0.944683063030243
        }
    },
    "220": {
        "BestCoverage": 0.8,
        "StatementInsertionProbability": {
            "action": -0.07023081779479981,
            "observation": 0.8774009943008423
        }
    },
    "225": {
        "BestCoverage": 0.8,