{
    "25": {
        "BestCoverage": 0.775,
        "TestChangeProbability": {
            "action": 0.0934295415878296,
            "observation": 0.3333333333333333
        }
    },
    "30": {
        "BestCoverage": 0.775,
        "TestChangeProbability": {
            "action": -0.027258455753326416,
            "observation": 0.42676287492116294
        }
    },
    "35": {
        "BestCoverage": 0.775,
        "TestChangeProbability": {
            "action": 0.0062254786491394015,
            "observation": 0.3995044191678365
        }
    },
    "40": {
        "BestCoverage": 0.775,
        "TestChangeProbability": {
            "action": 0.06732652187347413,
            "observation": 0.40572989781697594
        }
    },
    "45": {
        "BestCoverage": 0.775,
        "TestChangeProbability": {
            "action": 0.030367958545684803,
            "observation": 0.4730564196904501
        }
    },
    "50": {
        "BestCoverage": 0.775,
        "TestChangeProbability": {
            "action": 0.0795921802520752,
            "observation": 0.503424378236135
        }
    },
    "55": {
        "BestCoverage": 0.775,
        "TestChangeProbability": {
            "action": 0.03684421777725219,
            "observation": 0.5830165584882101
        }
    },
    "60": {
        "BestCoverage": 0.775,
        "TestChangeProbability": {
            "action": 0.07186548709869386,
            "observation": 0.6198607762654623
        }
    },
    "65": {
        "BestCoverage": 0.775,
        "TestChangeProbability": {
            "action": 0.04365558624267579,
            "observation": 0.6917262633641562
        }
    },
    "70": {
        "BestCoverage": 0.775,
        "TestChangeProbability": {
            "action": -0.008178436756134028,
            "observation": 0.7353818496068321
        }
    },
    "75": {
        "BestCoverage": 0.775,
        "TestChangeProbability": {
            "action": 0.06282575130462648,
            "observation": 0.727203412850698
        }
    },
    "80": {
        "BestCoverage": 0.775,
        "TestChangeProbability": {
            "action": 0.0013896107673645047,
            "observation": 0.7900291641553245
        }
    },
    "85": {
        "BestCoverage": 0.7875,
        "TestChangeProbability": {
            "action": -0.0891473650932312,
            "observation": 0.7914187749226891
        }
    },
    "90": {
        "BestCoverage": 0.7875,
        "TestChangeProbability": {
            "action": -0.05803483724594116,
            "observation": 0.7022714098294579
        }
    },
    "95": {
        "BestCoverage": 0.7875,
        "TestChangeProbability": {
            "action": 0.07194232940673828,
            "observation": 0.6442365725835167
        }
    },
    "100": {
        "BestCoverage": 0.7875,
        "TestChangeProbability": {
            "action": -0.011423295736312872,
            "observation": 0.716178901990255
        }
    },
    "105": {
        "BestCoverage": 0.7875,
        "TestChangeProbability": {
            "action": -0.08865349888801576,
            "observation": 0.7047556062539422
        }
    },
    "110": {
        "BestCoverage": 0.7875,
        "TestChangeProbability": {
            "action": -0.08628925681114197,
            "observation": 0.6161021073659264
        }
    },
    "115": {
        "BestCoverage": 0.7875,
        "TestChangeProbability": {
            "action": 0.07783887386322022,
            "observation": 0.5298128505547844
        }
    },
    "120": {
        "BestCoverage": 0.7875,
        "TestChangeProbability": {
            "action": -0.007199913263320923,
            "observation": 0.6076517244180046
        }
    },
    "125": {
        "BestCoverage": 0.7875,
        "TestChangeProbability": {
            "action": 0.0913332223892212,
            "observation": 0.6004518111546837
        }
    },
    "130": {
        "BestCoverage": 0.7875,
        "TestChangeProbability": {
            "action": 0.05561293363571168,
            "observation": 0.6917850335439049
        }
    },
    "135": {
        "BestCoverage": 0.7875,
        "TestChangeProbability": {
            "action": -0.0072000265121459905,
            "observation": 0.7473979671796165
        }
    },
    "140": {
        "BestCoverage": 0.8,
        "TestChangeProbability": {
            "action": -0.014069002866744992,
            "observation": 0.7401979406674705
        }
    },
    "145": {
        "BestCoverage": 0.8,
        "TestChangeProbability": {
            "action": -0.09472985267639161,
            "observation": 0.7261289378007255
        }
    },
    "150": {
        "BestCoverage": 0.8,
        "TestChangeProbability": {
            "action": -0.010386204719543463,
            "observation": 0.6313990851243338
        }
    },
    "155": {
        "BestCoverage": 0.8,
        "TestChangeProbability": {
            "action": 0.053783822059631364,
            "observation": 0.6210128804047904
        }
    },
    "160": {
        "BestCoverage": 0.8,
        "TestChangeProbability": {
            "action": 0.0612196445465088,
            "observation": 0.6747967024644218
        }
    },
    "165": {
        "BestCoverage": 0.8,
        "TestChangeProbability": {
            "action": 0.08714857101440429,
            "observation": 0.7360163470109307
        }
    },
    "170": {
        "BestCoverage": 0.8,
        "TestChangeProbability": {
            "action": 0.0758015751838684,
            "observation": 0.823164918025335
        }
    },
    "175": {
        "BestCoverage": 0.8,
        "TestChangeProbability": {
            "action": -0.011008584499359125,
            "observation": 0.8989664932092034
        }
    },
    "180": {
        "BestCoverage": 0.825,
        "TestChangeProbability": {
            "action": -0.08371217846870423,
            "observation": 0.8879579087098443
        }
    },
    "185": {
        "BestCoverage": 0.825,
        "TestChangeProbability": {
            "action": -0.054346346855163576,
            "observation": 0.80424573024114
        }
    },
    "190": {
        "BestCoverage": 0.825,
        "TestChangeProbability": {
            "action": 0.010484921932220462,
            "observation": 0.7498993833859764
        }
    },
    "195": {
        "BestCoverage": 0.8375,
        "TestChangeProbability": {
            "action": 0.040264499187469494,
            "observation": 0.7603843053181969
        }
    },
    "200": {
        "BestCoverage": 0.8375,
        "TestChangeProbability": {
            "action": -0.010806488990783694,
            "observation": 0.8006488045056663
        }
    },
    "205": {
        "BestCoverage": 0.8375,
        "TestChangeProbability": {
            "action": -0.011674475669860837,
            "observation": 0.7898423155148826
        }
    },
    "210": {
        "BestCoverage": 0.8375,
        "TestChangeProbability": {
            "action": 0.02264304161071777,
            "observation": 0.7781678398450218
        }
    },
    "215": {
        "BestCoverage": 0.8375,
        "TestChangeProbability": {
            "action": 0.0004968643188476562,
            "observation": 0.8008108814557395
        }
    },
    "220": {
        "BestCoverage": 0.8375,
        "TestChangeProbability": {
            "action": -0.009723675251007077,
            "observation": 0.8013077457745872
        }
    },
    "225": {
        "BestCoverage": 0.8375,
        "TestChangeProbability": {
            "action": 0.05642877817153932,
            "observation": 0.7915840705235802
        }
    },
    "230": {
        "BestCoverage": 0.8375,
        "TestChangeProbability": {
            "action": 0.030262684822082525,
            "observation": 0.8480128486951195
        }
    },
    "235": {
        "BestCoverage": 0.8375,
        "TestChangeProbability": {
            "action": 0.03522710800170897,
            "observation": 0.878275533517202
        }
    },