{
    "15": {
        "BestCoverage": 0.8,
        "RandomPerturbation": {
            "action": -0.04774635434150696,
            "observation": 0.2
        }
    },
    "20": {
        "BestCoverage": 0.8,
        "RandomPerturbation": {
            "action": -0.033442211151123044,
            "observation": 0.15225364565849306
        }
    },
    "25": {
        "BestCoverage": 0.8,
        "RandomPerturbation": {
            "action": 0.06990833282470704,
            "observation": 0.11881143450737001
        }
    },
    "30": {
        "BestCoverage": 0.8,
        "RandomPerturbation": {
            "action": 0.05402994155883789,
            "observation": 0.18871976733207707
        }
    },
    "35": {
        "BestCoverage": 0.8,
        "RandomPerturbation": {
            "action": 0.08316115140914918,
            "observation": 0.24274970889091496
        }
    },
    "40": {
        "BestCoverage": 0.8,
        "RandomPerturbation": {
            "action": -0.02302484512329102,
            "observation": 0.3259108603000641
        }
    },
    "45": {
        "BestCoverage": 0.8,
        "RandomPerturbation": {
            "action": 0.08378781080245973,
            "observation": 0.3028860151767731
        }
    },
    "50": {
        "BestCoverage": 0.8,
        "RandomPerturbation": {
            "action": -0.05286084413528443,
            "observation": 0.38667382597923283
        }
    },
    "55": {
        "BestCoverage": 0.8,
        "RandomPerturbation": {
            "action": -0.002980446815490728,
            "observation": 0.3338129818439484
        }
    },
    "60": {
        "BestCoverage": 0.8,
        "RandomPerturbation": {
            "action": 0.09369215965270997,
            "observation": 0.33083253502845766
        }
    },
    "65": {
        "BestCoverage": 0.8,
        "RandomPerturbation": {
            "action": -0.046881258487701416,
            "observation": 0.4245246946811676
        }
    },
    "70": {
        "BestCoverage": 0.8,
        "RandomPerturbation": {
            "action": 0.018228232860565186,
            "observation": 0.3776434361934662
        }
    },
    "75": {
        "BestCoverage": 0.8,
        "RandomPerturbation": {
            "action": -0.010968363285064703,
            "observation": 0.39587166905403137
        }
    },
    "80": {
        "BestCoverage": 0.8,
        "RandomPerturbation": {
            "action": 0.013227427005767817,
            "observation": 0.3849033057689667
        }
    },
    "85": {
        "BestCoverage": 0.8,
        "RandomPerturbation": {
            "action": 0.01804127693176269,
            "observation": 0.39813073277473454
        }
    },
    "90": {
        "BestCoverage": 0.8,
        "RandomPerturbation": {
            "action": 0.0634852409362793,
            "observation": 0.41617200970649726
        }
    },
    "95": {
        "BestCoverage": 0.8,
        "RandomPerturbation": {
            "action": 0.0413718342781067,
            "observation": 0.47965725064277653
        }
    },
    "100": {
        "BestCoverage": 0.8,
        "RandomPerturbation": {
            "action": -0.05657625198364258,
            "observation": 0.5210290849208832
        }
    },
    "105": {
        "BestCoverage": 0.8,
        "RandomPerturbation": {
            "action": 0.0826985478401184,
            "observation": 0.4644528329372406
        }
    },
    "110": {
        "BestCoverage": 0.8,
        "RandomPerturbation": {
            "action": 0.016200780868530273,
            "observation": 0.547151380777359
        }
    },
    "115": {
        "BestCoverage": 0.8,
        "RandomPerturbation": {
            "action": 0.02320075035095215,
            "observation": 0.5633521616458893
        }
    },
    "120": {
        "BestCoverage": 0.8,
        "RandomPerturbation": {
            "action": -0.08080781102180482,
            "observation": 0.5865529119968415
        }
    },
    "125": {
        "BestCoverage": 0.8,
        "RandomPerturbation": {
            "action": -0.06404989957809448,
            "observation": 0.5057451009750367
        }
    },
    "130": {
        "BestCoverage": 0.8,
        "RandomPerturbation": {
            "action": 0.01490675210952759,
            "observation": 0.4416952013969422
        }
    },
    "135": {
        "BestCoverage": 0.8,
        "RandomPerturbation": {
            "action": -0.09718683362007141,
            "observation": 0.45660195350646976
        }
    },
    "140": {
        "BestCoverage": 0.8,
        "RandomPerturbation": {
            "action": -0.026675021648406988,
            "observation": 0.35941511988639835
        }
    },
    "145": {
        "BestCoverage": 0.8,
        "RandomPerturbation": {
            "action": 0.07262907028198243,
            "observation": 0.33274009823799133
        }
    },
    "150": {
        "BestCoverage": 0.8,
        "RandomPerturbation": {
            "action": 0.07211841344833375,
            "observation": 0.40536916851997373
        }
    },
    "155": {
        "BestCoverage": 0.8,
        "RandomPerturbation": {
            "action": -0.03369392156600952,
            "observation": 0.4774875819683075
        }
    },
    "160": {
        "BestCoverage": 0.8,
        "RandomPerturbation": {
            "action": 0.09120286703109742,
            "observation": 0.44379366040229795
        }
    },
    "165": {
        "BestCoverage": 0.8,
        "RandomPerturbation": {
            "action": -0.09835114479064942,
            "observation": 0.5349965274333954
        }
    },
    "170": {
        "BestCoverage": 0.8,
        "RandomPerturbation": {
            "action": -0.07820698618888855,
            "observation": 0.436645382642746
        }
    },
    "175": {
        "BestCoverage": 0.8,
        "RandomPerturbation": {
            "action": 0.0887084722518921,
            "observation": 0.35843839645385744
        }
    },
    "180": {
        "BestCoverage": 0.8,
        "RandomPerturbation": {
            "action": 0.08287277221679687,
            "observation": 0.44714686870574955
        }
    },
    "185": {
        "BestCoverage": 0.8,
        "RandomPerturbation": {
            "action": -0.0836218535900116,
            "observation": 0.5300196409225464
        }
    },
    "190": {
        "BestCoverage": 0.8,
        "RandomPerturbation": {
            "action": -0.09311721920967103,
            "observation": 0.44639778733253477
        }
    },
    "195": {
        "BestCoverage": 0.8,
        "RandomPerturbation": {
            "action": 0.07863558530807496,
            "observation": 0.35328056812286374
        }
    },
    "200": {
        "BestCoverage": 0.8,
        "RandomPerturbation": {
            "action": 0.011488962173461917,
            "observation": 0.4319161534309387
        }
    },
    "205": {
        "BestCoverage": 0.8,
        "RandomPerturbation": {
            "action": -0.02011635303497314,
            "observation": 0.4434051156044006
        }
    },
    "210": {
        "BestCoverage": 0.8,
        "RandomPerturbation": {
            "action": 0.06886377334594726,
            "observation": 0.4232887625694275
        }
    },
    "215": {
        "BestCoverage": 0.8,
        "RandomPerturbation": {
            "action": 0.054591476917266846,
            "observation": 0.4921525359153748
        }
    },
    "220": {
        "BestCoverage": 0.8,
        "RandomPerturbation": {
            "action": 0.046547484397888195,
            "observation": 0.5467440128326416
        }
    },
    "225": {
        "BestCoverage": 0.8,
        "RandomPerturbation": {
            "action": 0.025957512855529774,
            "observation": 0.5932914972305299
        }
    },
    "230": {
        "BestCoverage": 0.8,
        "RandomPerturbation": {
            "action": 0.06819937229156495,
            "observation": 0.6192490100860597
        }
    },
    "235": {
        "BestCoverage": 0.8,