{
    "15": {
        "BestCoverage": 0.8,
        "TestInsertionProbability": {
            "action": 0.05333051681518555,
            "observation": 0.1
        }
    },
    "20": {
        "BestCoverage": 0.8,
        "TestInsertionProbability": {
            "action": -0.05880046486854554,
            "observation": 0.15333051681518556
        }
    },
    "25": {
        "BestCoverage": 0.8,
        "TestInsertionProbability": {
            "action": 0.0077554702758789035,
            "observation": 0.09453005194664002
        }
    },
    "30": {
        "BestCoverage": 0.8,
        "TestInsertionProbability": {
            "action": 0.09914143085479737,
            "observation": 0.10228552222251892
        }
    },
    "35": {
        "BestCoverage": 0.8,
        "TestInsertionProbability": {
            "action": -0.05653188824653626,
            "observation": 0.20142695307731628
        }
    },
    "40": {
        "BestCoverage": 0.8,
        "TestInsertionProbability": {
            "action": 0.06213630437850953,
            "observation": 0.14489506483078002
        }
    },
    "45": {
        "BestCoverage": 0.8,
        "TestInsertionProbability": {
            "action": -0.05487353205680848,
            "observation": 0.20703136920928955
        }
    },
    "50": {
        "BestCoverage": 0.8,
        "TestInsertionProbability": {
            "action": 0.03370171785354614,
            "observation": 0.15215783715248107
        }
    },
    "55": {
        "BestCoverage": 0.8,
        "TestInsertionProbability": {
            "action": 0.02834022045135498,
            "observation": 0.18585955500602722
        }
    },
    "60": {
        "BestCoverage": 0.8,
        "TestInsertionProbability": {
            "action": 0.09809054136276246,
            "observation": 0.2141997754573822
        }
    },
    "65": {
        "BestCoverage": 0.8,
        "TestInsertionProbability": {
            "action": -0.09495782256126405,
            "observation": 0.31229031682014463
        }
    },
    "70": {
        "BestCoverage": 0.8,
        "TestInsertionProbability": {
            "action": -0.06960694789886475,
            "observation": 0.21733249425888057
        }
    },
    "75": {
        "BestCoverage": 0.8,
        "TestInsertionProbability": {
            "action": 0.004521751403808588,
            "observation": 0.14772554636001584
        }
    },
    "80": {
        "BestCoverage": 0.8,
        "TestInsertionProbability": {
            "action": -0.09671197533607484,
            "observation": 0.15224729776382442
        }
    },
    "85": {
        "BestCoverage": 0.8,
        "TestInsertionProbability": {
            "action": 0.02686225175857543,
            "observation": 0.055535322427749584
        }
    },
    "90": {
        "BestCoverage": 0.8,
        "TestInsertionProbability": {
            "action": -0.06604785919189454,
            "observation": 0.08239757418632501
        }
    },
    "95": {
        "BestCoverage": 0.8,
        "TestInsertionProbability": {
            "action": 0.09883992671966554,
            "observation": 0.01634971499443047
        }
    },
    "100": {
        "BestCoverage": 0.8,
        "TestInsertionProbability": {
            "action": -0.05688577890396118,
            "observation": 0.11518964171409601
        }
    },
    "105": {
        "BestCoverage": 0.8,
        "TestInsertionProbability": {
            "action": 0.026117753982543956,
            "observation": 0.05830386281013483
        }
    },
    "110": {
        "BestCoverage": 0.8,
        "TestInsertionProbability": {
            "action": -0.07912060022354127,
            "observation": 0.08442161679267879
        }
    },
    "115": {
        "BestCoverage": 0.8,
        "TestInsertionProbability": {
            "action": 0.08706271648406982,
            "observation": 0.0053010165691375205
        }
    },
    "120": {
        "BestCoverage": 0.8,
        "TestInsertionProbability": {
            "action": 0.031065535545349132,
            "observation": 0.09236373305320734
        }
    },
    "125": {
        "BestCoverage": 0.8,
        "TestInsertionProbability": {
            "action": 0.02780053615570069,
            "observation": 0.12342926859855648
        }
    },
    "130": {
        "BestCoverage": 0.8,
        "TestInsertionProbability": {
            "action": 0.02039039134979248,
            "observation": 0.15122980475425718
        }
    },
    "135": {
        "BestCoverage": 0.8,
        "TestInsertionProbability": {
            "action": 0.08059779405593873,
            "observation": 0.17162019610404966
        }
    },
    "140": {
        "BestCoverage": 0.8,
        "TestInsertionProbability": {
            "action": -0.009993112087249761,
            "observation": 0.25221799015998836
        }
    },
    "145": {
        "BestCoverage": 0.8,
        "TestInsertionProbability": {
            "action": -0.018115210533142093,
            "observation": 0.2422248780727386
        }
    },
    "150": {
        "BestCoverage": 0.8,
        "TestInsertionProbability": {
            "action": 0.01792277097702026,
            "observation": 0.2241096675395965
        }
    },
    "155": {
        "BestCoverage": 0.8,
        "TestInsertionProbability": {
            "action": 0.035333824157714855,
            "observation": 0.24203243851661677
        }
    },
    "160": {
        "BestCoverage": 0.8,
        "TestInsertionProbability": {
            "action": -0.0038828730583190946,
            "observation": 0.2773662626743316
        }
    },
    "165": {
        "BestCoverage": 0.8,
        "TestInsertionProbability": {
            "action": -0.01728522777557373,
            "observation": 0.27348338961601254
        }
    },
    "170": {
        "BestCoverage": 0.8,
        "TestInsertionProbability": {
            "action": 0.08538329601287842,
            "observation": 0.2561981618404388
        }
    },
    "175": {
        "BestCoverage": 0.8,
        "TestInsertionProbability": {
            "action": 0.054536807537078874,
            "observation": 0.3415814578533172
        }
    },
    "180": {
        "BestCoverage": 0.8,
        "TestInsertionProbability": {
            "action": -0.028905123472213745,
            "observation": 0.3961182653903961
        }
    },
    "185": {
        "BestCoverage": 0.8,
        "TestInsertionProbability": {
            "action": -0.04847826957702637,
            "observation": 0.36721314191818233
        }
    },
    "190": {
        "BestCoverage": 0.8,
        "TestInsertionProbability": {
            "action": 0.0021077990531921387,
            "observation": 0.31873487234115594
        }
    },
    "195": {
        "BestCoverage": 0.8,
        "TestInsertionProbability": {
            "action": -0.018575584888458258,
            "observation": 0.3208426713943481
        }
    },
    "200": {
        "BestCoverage": 0.8,
        "TestInsertionProbability": {
            "action": -0.0757128417491913,
            "observation": 0.30226708650588985
        }
    },
    "205": {
        "BestCoverage": 0.8,
        "TestInsertionProbability": {
            "action": 0.04264270067214965,
            "observation": 0.22655424475669855
        }
    },
    "210": {
        "BestCoverage": 0.8,
        "TestInsertionProbability": {
            "action": -0.09153319597244264,
            "observation": 0.2691969454288482
        }
    },
    "215": {
        "BestCoverage": 0.8,
        "TestInsertionProbability": {
            "action": 0.050750732421875,
            "observation": 0.17766374945640556
        }
    },
    "220": {
        "BestCoverage": 0.8,
        "TestInsertionProbability": {
            "action": 0.06436128616333009,
            "observation": 0.22841448187828056
        }
    },
    "225": {
        "BestCoverage": 0.8,
        "TestInsertionProbability": {
            "action": 0.08098380565643312,