{
    "20": {
        "BestCoverage": 0.7375,
        "TestChangeProbability": {
            "action": -0.08037539124488831,
            "observation": 0.3333333333333333
        }
    },
    "25": {
        "BestCoverage": 0.7375,
        "TestChangeProbability": {
            "action": -0.03773531913757325,
            "observation": 0.252957942088445
        }
    },
    "30": {
        "BestCoverage": 0.7375,
        "TestChangeProbability": {
            "action": -0.05296260118484497,
            "observation": 0.21522262295087177
        }
    },
    "35": {
        "BestCoverage": 0.7375,
        "TestChangeProbability": {
            "action": 0.07181748151779174,
            "observation": 0.1622600217660268
        }
    },
    "40": {
        "BestCoverage": 0.7375,
        "TestChangeProbability": {
            "action": 0.08081375360488893,
            "observation": 0.23407750328381854
        }
    },
    "45": {
        "BestCoverage": 0.7375,
        "TestChangeProbability": {
            "action": 0.05058463811874389,
            "observation": 0.31489125688870745
        }
    },
    "50": {
        "BestCoverage": 0.7375,
        "TestChangeProbability": {
            "action": 0.038045442104339605,
            "observation": 0.36547589500745137
        }
    },
    "55": {
        "BestCoverage": 0.7375,
        "TestChangeProbability": {
            "action": -2.2971630096429996e-05,
            "observation": 0.40352133711179095
        }
    },
    "60": {
        "BestCoverage": 0.7375,
        "TestChangeProbability": {
            "action": -0.02052964568138123,
            "observation": 0.4034983654816945
        }
    },
    "65": {
        "BestCoverage": 0.7375,
        "TestChangeProbability": {
            "action": -0.04222478270530701,
            "observation": 0.3829687198003133
        }
    },
    "70": {
        "BestCoverage": 0.75,
        "TestChangeProbability": {
            "action": -0.004699438810348511,
            "observation": 0.3407439370950063
        }
    },
    "75": {
        "BestCoverage": 0.75,
        "TestChangeProbability": {
            "action": 0.0334869146347046,
            "observation": 0.33604449828465777
        }
    },
    "80": {
        "BestCoverage": 0.75,
        "TestChangeProbability": {
            "action": 0.040297019481658924,
            "observation": 0.36953141291936237
        }
    },
    "85": {
        "BestCoverage": 0.75,
        "TestChangeProbability": {
            "action": -0.08183842897415161,
            "observation": 0.4098284324010213
        }
    },
    "90": {
        "BestCoverage": 0.75,
        "TestChangeProbability": {
            "action": 0.047735595703124994,
            "observation": 0.3279900034268697
        }
    },
    "95": {
        "BestCoverage": 0.75,
        "TestChangeProbability": {
            "action": -0.06224010586738587,
            "observation": 0.3757255991299947
        }
    },
    "100": {
        "BestCoverage": 0.75,
        "TestChangeProbability": {
            "action": -0.02303150892257691,
            "observation": 0.3134854932626088
        }
    },
    "105": {
        "BestCoverage": 0.75,
        "TestChangeProbability": {
            "action": 0.05608851909637452,
            "observation": 0.2904539843400319
        }
    },
    "110": {
        "BestCoverage": 0.75,
        "TestChangeProbability": {
            "action": 0.020452988147735593,
            "observation": 0.3465425034364064
        }
    },
    "115": {
        "BestCoverage": 0.75,
        "TestChangeProbability": {
            "action": 0.02973235845565797,
            "observation": 0.366995491584142
        }
    },
    "120": {
        "BestCoverage": 0.75,
        "TestChangeProbability": {
            "action": 0.044014000892639155,
            "observation": 0.3967278500398
        }
    },
    "125": {
        "BestCoverage": 0.75,
        "TestChangeProbability": {
            "action": 0.08208804130554201,
            "observation": 0.4407418509324391
        }
    },
    "130": {
        "BestCoverage": 0.75,
        "TestChangeProbability": {
            "action": 0.01229203939437866,
            "observation": 0.5228298922379812
        }
    },
    "135": {
        "BestCoverage": 0.75,
        "TestChangeProbability": {
            "action": -0.07367021441459656,
            "observation": 0.5351219316323598
        }
    },
    "140": {
        "BestCoverage": 0.75,
        "TestChangeProbability": {
            "action": -0.05348746180534363,
            "observation": 0.46145171721776324
        }
    },
    "145": {
        "BestCoverage": 0.75,
        "TestChangeProbability": {
            "action": 0.03386383056640624,
            "observation": 0.4079642554124196
        }
    },
    "150": {
        "BestCoverage": 0.75,
        "TestChangeProbability": {
            "action": -0.08000388741493225,
            "observation": 0.44182808597882584
        }
    },
    "155": {
        "BestCoverage": 0.75,
        "TestChangeProbability": {
            "action": 0.016505694389343267,
            "observation": 0.3618241985638936
        }
    },
    "160": {
        "BestCoverage": 0.75,
        "TestChangeProbability": {
            "action": 0.08252985477447511,
            "observation": 0.3783298929532368
        }
    },
    "165": {
        "BestCoverage": 0.75,
        "TestChangeProbability": {
            "action": -0.07323078513145448,
            "observation": 0.46085974772771193
        }
    },
    "170": {
        "BestCoverage": 0.75,
        "TestChangeProbability": {
            "action": 0.01715275049209594,
            "observation": 0.38762896259625745
        }
    },
    "175": {
        "BestCoverage": 0.75,
        "TestChangeProbability": {
            "action": 5.289316177367609e-05,
            "observation": 0.4047817130883534
        }
    },
    "180": {
        "BestCoverage": 0.75,
        "TestChangeProbability": {
            "action": 0.05582970380783081,
            "observation": 0.4048346062501271
        }
    },
    "185": {
        "BestCoverage": 0.75,
        "TestChangeProbability": {
            "action": -0.07844661474227906,
            "observation": 0.46066431005795794
        }
    },
    "190": {
        "BestCoverage": 0.75,
        "TestChangeProbability": {
            "action": 0.03465467691421509,
            "observation": 0.3822176953156789
        }
    },
    "195": {
        "BestCoverage": 0.75,
        "TestChangeProbability": {
            "action": -0.010292541980743405,
            "observation": 0.416872372229894
        }
    },
    "200": {
        "BestCoverage": 0.75,
        "TestChangeProbability": {
            "action": 0.0785768508911133,
            "observation": 0.40657983024915056
        }
    },
    "205": {
        "BestCoverage": 0.75,
        "TestChangeProbability": {
            "action": 0.03320589065551757,
            "observation": 0.4851566811402639
        }
    },
    "210": {
        "BestCoverage": 0.75,
        "TestChangeProbability": {
            "action": 0.08224575519561769,
            "observation": 0.5183625717957815
        }
    },
    "215": {
        "BestCoverage": 0.75,
        "TestChangeProbability": {
            "action": 0.09815499782562256,
            "observation": 0.6006083269913992
        }
    },
    "220": {
        "BestCoverage": 0.7625,
        "TestChangeProbability": {
            "action": -0.06827110052108765,
            "observation": 0.6987633248170217
        }
    },
    "225": {
        "BestCoverage": 0.7625,
        "TestChangeProbability": {
            "action": 0.06039044857025147,
            "observation": 0.6304922242959341
        }
    },
    "230": {
        "BestCoverage": 0.7625,
        "TestChangeProbability": {
            "action": 0.06042317152023316,
            "observation": 0.6908826728661855
        }
    },