{
    "25": {
        "BestCoverage": 0.75,
        "Elite": {
            "action": 0.9988012313842773,
            "observation": 1
        }
    },
    "30": {
        "BestCoverage": 0.75,
        "Elite": {
            "action": -0.19648420810699463,
            "observation": 2
        }
    },
    "35": {
        "BestCoverage": 0.75,
        "Elite": {
            "action": 0.19172394275665283,
            "observation": 2
        }
    },
    "40": {
        "BestCoverage": 0.75,
        "Elite": {
            "action": -0.7573795318603516,
            "observation": 2
        }
    },
    "45": {
        "BestCoverage": 0.75,
        "Elite": {
            "action": 0.3789482116699219,
            "observation": 1
        }
    },
    "50": {
        "BestCoverage": 0.75,
        "Elite": {
            "action": -0.8034036755561829,
            "observation": 1
        }
    },
    "55": {
        "BestCoverage": 0.75,
        "Elite": {
            "action": -0.7990469932556152,
            "observation": 0
        }
    },
    "60": {
        "BestCoverage": 0.75,
        "Elite": {
            "action": -0.6784443855285645,
            "observation": 0
        }
    },
    "65": {
        "BestCoverage": 0.75,
        "Elite": {
            "action": 0.2573051452636719,
            "observation": 0
        }
    },
    "70": {
        "BestCoverage": 0.75,
        "Elite": {
            "action": 0.72078537940979,
            "observation": 0
        }
    },
    "75": {
        "BestCoverage": 0.75,
        "Elite": {
            "action": 0.8287239074707031,
            "observation": 1
        }
    },
    "80": {
        "BestCoverage": 0.75,
        "Elite": {
            "action": 0.6862757205963135,
            "observation": 2
        }
    },
    "85": {
        "BestCoverage": 0.75,
        "Elite": {
            "action": 0.11116385459899902,
            "observation": 3
        }
    },
    "90": {
        "BestCoverage": 0.75,
        "Elite": {
            "action": -0.3689152002334595,
            "observation": 3
        }
    },
    "95": {
        "BestCoverage": 0.75,
        "Elite": {
            "action": 0.5603007078170776,
            "observation": 3
        }
    },
    "100": {
        "BestCoverage": 0.75,
        "Elite": {
            "action": 0.7315505743026733,
            "observation": 4
        }
    },
    "105": {
        "BestCoverage": 0.75,
        "Elite": {
            "action": 0.5578396320343018,
            "observation": 5
        }
    },
    "110": {
        "BestCoverage": 0.75,
        "Elite": {
            "action": 0.22596561908721924,
            "observation": 6
        }
    },
    "115": {
        "BestCoverage": 0.75,
        "Elite": {
            "action": 0.6997653245925903,
            "observation": 6
        }
    },
    "120": {
        "BestCoverage": 0.75,
        "Elite": {
            "action": 0.11533403396606445,
            "observation": 7
        }
    },
    "125": {
        "BestCoverage": 0.75,
        "Elite": {
            "action": 0.3150414228439331,
            "observation": 7
        }
    },
    "130": {
        "BestCoverage": 0.75,
        "Elite": {
            "action": -0.8944900631904602,
            "observation": 7
        }
    },
    "135": {
        "BestCoverage": 0.75,
        "Elite": {
            "action": 0.9458645582199097,
            "observation": 6
        }
    },
    "140": {
        "BestCoverage": 0.75,
        "Elite": {
            "action": 0.5777418613433838,
            "observation": 7
        }
    },
    "145": {
        "BestCoverage": 0.75,
        "Elite": {
            "action": -0.5577106475830078,
            "observation": 8
        }
    },
    "150": {
        "BestCoverage": 0.75,
        "Elite": {
            "action": 0.6939862966537476,
            "observation": 7
        }
    },
    "155": {
        "BestCoverage": 0.75,
        "Elite": {
            "action": -0.4873957633972168,
            "observation": 8
        }
    },
    "160": {
        "BestCoverage": 0.75,
        "Elite": {
            "action": -0.5072610974311829,
            "observation": 8
        }
    },
    "165": {
        "BestCoverage": 0.75,
        "Elite": {
            "action": 0.9080445766448975,
            "observation": 7
        }
    },
    "170": {
        "BestCoverage": 0.75,
        "Elite": {
            "action": 0.4563415050506592,
            "observation": 8
        }
    },
    "175": {
        "BestCoverage": 0.75,
        "Elite": {
            "action": -0.2188570499420166,
            "observation": 8
        }
    },
    "180": {
        "BestCoverage": 0.75,
        "Elite": {
            "action": -0.7590782046318054,
            "observation": 8
        }
    },
    "185": {
        "BestCoverage": 0.75,
        "Elite": {
            "action": 0.11356806755065918,
            "observation": 7
        }
    },
    "190": {
        "BestCoverage": 0.75,
        "Elite": {
            "action": 0.9053912162780762,
            "observation": 7
        }
    },
    "195": {
        "BestCoverage": 0.75,
        "Elite": {
            "action": -0.29149329662323,
            "observation": 8
        }
    },
    "200": {
        "BestCoverage": 0.75,
        "Elite": {
            "action": -0.5355970859527588,
            "observation": 8
        }
    },
    "205": {
        "BestCoverage": 0.75,
        "Elite": {
            "action": -0.9002206325531006,
            "observation": 7
        }
    },
    "210": {
        "BestCoverage": 0.75,
        "Elite": {
            "action": -0.5923052430152893,
            "observation": 6
        }
    },
    "215": {
        "BestCoverage": 0.75,
        "Elite": {
            "action": -0.16347801685333252,
            "observation": 5
        }
    },
    "220": {
        "BestCoverage": 0.75,
        "Elite": {
            "action": 0.07283258438110352,
            "observation": 5
        }
    },
    "225": {
        "BestCoverage": 0.75,
        "Elite": {
            "action": -0.5790786147117615,
            "observation": 5
        }
    },
    "230": {
        "BestCoverage": 0.75,
        "Elite": {
            "action": -0.3212314248085022,
            "observation": 4
        }
    },
    "235": {
        "BestCoverage": 0.75,
        "Elite": {
            "action": 0.425032377243042,
            "observation": 4
        }
    },
    "240": {
        "BestCoverage": 0.75,
        "Elite": {
            "action": -0.38152313232421875,
            "observation": 4
        }
    },
    "245": {
        "BestCoverage": 0.75,
        "Elite": {
            "action": -0.5459558367729187,
            "observation": 4
        }
    },
    "250": {
        "BestCoverage": 0.75,
        "Elite": {
            "action": 0.6984221935272217,
            "observation": 3
        }
    },
    "255": {
        "BestCoverage": 0.75,
        "Elite": {
            "action": -0.7295812964439392,
            "observation": 4
        }
    },
    "260": {
        "BestCoverage": 0.75,
        "Elite": {
            "action": 0.4207284450531006,
            "observation": 3
        }
    },
    "265": {
        "BestCoverage": 0.75,
        "Elite": {
            "action": 0.1827678680419922,
            "observation": 3
        }
    },
    "270": {
        "BestCoverage": 0.75,
        "Elite": {
            "action": -0.8981396555900574,
            "observation": 3
        }
    },
    "275": {
        "BestCoverage": 0.75,
        "Elite": {
            "action": -0.7986941337585449,
            "observation": 2
        }
    },
    "280": {
        "BestCoverage": 0.75,
        "Elite": {
            "action": -0.08238494396209717,
            "observation": 1
        }
    },
    "285": {
        "BestCoverage": 0.75,
        "Elite": {
            "action": 0.19546055793762207,
            "observation": 1
        }
    },