{
    "15": {
        "BestCoverage": 0.8,
        "TestDeleteProbability": {
            "action": 0.02640235424041748,
            "observation": 0.3333333333333333
        }
    },
    "20": {
        "BestCoverage": 0.8,
        "TestDeleteProbability": {
            "action": 0.08830139636993409,
            "observation": 0.3597356875737508
        }
    },
    "25": {
        "BestCoverage": 0.8,
        "TestDeleteProbability": {
            "action": -0.035363733768463135,
            "observation": 0.4480370839436849
        }
    },
    "30": {
        "BestCoverage": 0.8,
        "TestDeleteProbability": {
            "action": -0.07461278438568116,
            "observation": 0.4126733501752218
        }
    },
    "35": {
        "BestCoverage": 0.8,
        "TestDeleteProbability": {
            "action": 0.042448949813842785,
            "observation": 0.33806056578954063
        }
    },
    "40": {
        "BestCoverage": 0.8,
        "TestDeleteProbability": {
            "action": 0.08035881519317628,
            "observation": 0.3805095156033834
        }
    },
    "45": {
        "BestCoverage": 0.8,
        "TestDeleteProbability": {
            "action": -0.010813158750534055,
            "observation": 0.4608683307965597
        }
    },
    "50": {
        "BestCoverage": 0.8,
        "TestDeleteProbability": {
            "action": 0.09449299573898315,
            "observation": 0.45005517204602563
        }
    },
    "55": {
        "BestCoverage": 0.8,
        "TestDeleteProbability": {
            "action": -0.030846929550170904,
            "observation": 0.5445481677850088
        }
    },
    "60": {
        "BestCoverage": 0.8,
        "TestDeleteProbability": {
            "action": -0.05284537076950074,
            "observation": 0.5137012382348379
        }
    },
    "65": {
        "BestCoverage": 0.8,
        "TestDeleteProbability": {
            "action": 0.03601359128952025,
            "observation": 0.4608558674653372
        }
    },
    "70": {
        "BestCoverage": 0.8,
        "TestDeleteProbability": {
            "action": -0.08816441893577576,
            "observation": 0.49686945875485744
        }
    },
    "75": {
        "BestCoverage": 0.8,
        "TestDeleteProbability": {
            "action": 0.05410630702972413,
            "observation": 0.4087050398190817
        }
    },
    "80": {
        "BestCoverage": 0.8,
        "TestDeleteProbability": {
            "action": -0.059239262342453004,
            "observation": 0.4628113468488058
        }
    },
    "85": {
        "BestCoverage": 0.8,
        "TestDeleteProbability": {
            "action": -0.01427141427993775,
            "observation": 0.4035720845063528
        }
    },
    "90": {
        "BestCoverage": 0.8,
        "TestDeleteProbability": {
            "action": -0.020061665773391718,
            "observation": 0.389300670226415
        }
    },
    "95": {
        "BestCoverage": 0.8,
        "TestDeleteProbability": {
            "action": 0.004013371467590329,
            "observation": 0.36923900445302327
        }
    },
    "100": {
        "BestCoverage": 0.8,
        "TestDeleteProbability": {
            "action": 0.09839186668395997,
            "observation": 0.3732523759206136
        }
    },
    "105": {
        "BestCoverage": 0.8,
        "TestDeleteProbability": {
            "action": 0.01893452405929566,
            "observation": 0.4716442426045736
        }
    },
    "110": {
        "BestCoverage": 0.8,
        "TestDeleteProbability": {
            "action": -0.011093640327453608,
            "observation": 0.49057876666386924
        }
    },
    "115": {
        "BestCoverage": 0.8,
        "TestDeleteProbability": {
            "action": -0.06534817814826965,
            "observation": 0.4794851263364156
        }
    },
    "120": {
        "BestCoverage": 0.8,
        "TestDeleteProbability": {
            "action": -0.07604454159736634,
            "observation": 0.41413694818814595
        }
    },
    "125": {
        "BestCoverage": 0.8,
        "TestDeleteProbability": {
            "action": 0.011576676368713373,
            "observation": 0.3380924065907796
        }
    },
    "130": {
        "BestCoverage": 0.8,
        "TestDeleteProbability": {
            "action": -0.016296899318695074,
            "observation": 0.34966908295949295
        }
    },
    "135": {
        "BestCoverage": 0.8,
        "TestDeleteProbability": {
            "action": 0.0793613910675049,
            "observation": 0.3333721836407979
        }
    },
    "140": {
        "BestCoverage": 0.8,
        "TestDeleteProbability": {
            "action": 0.02612909078598022,
            "observation": 0.4127335747083028
        }
    },
    "145": {
        "BestCoverage": 0.8,
        "TestDeleteProbability": {
            "action": 0.07285642623901367,
            "observation": 0.438862665494283
        }
    },
    "150": {
        "BestCoverage": 0.8,
        "TestDeleteProbability": {
            "action": -0.01409567594528198,
            "observation": 0.5117190917332967
        }
    },
    "155": {
        "BestCoverage": 0.8,
        "TestDeleteProbability": {
            "action": 0.013937675952911371,
            "observation": 0.49762341578801467
        }
    },
    "160": {
        "BestCoverage": 0.8,
        "TestDeleteProbability": {
            "action": -0.03768474459648133,
            "observation": 0.511561091740926
        }
    },
    "165": {
        "BestCoverage": 0.8,
        "TestDeleteProbability": {
            "action": -0.07930145263671876,
            "observation": 0.4738763471444447
        }
    },
    "170": {
        "BestCoverage": 0.8,
        "TestDeleteProbability": {
            "action": -0.005411511659622198,
            "observation": 0.394574894507726
        }
    },
    "175": {
        "BestCoverage": 0.8,
        "TestDeleteProbability": {
            "action": -0.010966771841049189,
            "observation": 0.3891633828481038
        }
    },
    "180": {
        "BestCoverage": 0.8,
        "TestDeleteProbability": {
            "action": -0.02174102067947388,
            "observation": 0.3781966110070546
        }
    },
    "185": {
        "BestCoverage": 0.8,
        "TestDeleteProbability": {
            "action": 0.0340359926223755,
            "observation": 0.35645559032758073
        }
    },
    "190": {
        "BestCoverage": 0.8,
        "TestDeleteProbability": {
            "action": -0.07379849553108216,
            "observation": 0.39049158294995623
        }
    },
    "195": {
        "BestCoverage": 0.8,
        "TestDeleteProbability": {
            "action": -0.03524086475372315,
            "observation": 0.3166930874188741
        }
    },
    "200": {
        "BestCoverage": 0.8,
        "TestDeleteProbability": {
            "action": 0.06316130161285402,
            "observation": 0.2814522226651509
        }
    },
    "205": {
        "BestCoverage": 0.8,
        "TestDeleteProbability": {
            "action": -0.006518840789794922,
            "observation": 0.34461352427800496
        }
    },
    "210": {
        "BestCoverage": 0.8,
        "TestDeleteProbability": {
            "action": -0.0023813247680664062,
            "observation": 0.33809468348821003
        }
    },
    "215": {
        "BestCoverage": 0.8,
        "TestDeleteProbability": {
            "action": 0.06757873296737671,
            "observation": 0.33571335872014363
        }
    },
    "220": {
        "BestCoverage": 0.8,
        "TestDeleteProbability": {
            "action": -0.06185251474380493,
            "observation": 0.40329209168752034
        }
    },
    "225": {
        "BestCoverage": 0.8,
        "TestDeleteProbability": {
            "action": 0.035759115219116205,
            "observation": 0.3414395769437154
        }
    },
    "230": {
        "BestCoverage": 0.8,