{
    "15": {
        "BestCoverage": 0.8,
        "Elite": {
            "action": 0.1191936731338501,
            "observation": 1
        }
    },
    "20": {
        "BestCoverage": 0.8,
        "Elite": {
            "action": -0.24602735042572021,
            "observation": 1
        }
    },
    "25": {
        "BestCoverage": 0.8,
        "Elite": {
            "action": 0.9506256580352783,
            "observation": 1
        }
    },
    "30": {
        "BestCoverage": 0.8,
        "Elite": {
            "action": 0.7987082004547119,
            "observation": 2
        }
    },
    "35": {
        "BestCoverage": 0.8,
        "Elite": {
            "action": -0.5839550495147705,
            "observation": 3
        }
    },
    "40": {
        "BestCoverage": 0.8,
        "Elite": {
            "action": 0.4975994825363159,
            "observation": 2
        }
    },
    "45": {
        "BestCoverage": 0.8,
        "Elite": {
            "action": -0.02180004119873047,
            "observation": 2
        }
    },
    "50": {
        "BestCoverage": 0.8,
        "Elite": {
            "action": 0.4833561182022095,
            "observation": 2
        }
    },
    "55": {
        "BestCoverage": 0.8,
        "Elite": {
            "action": 0.2659897804260254,
            "observation": 2
        }
    },
    "60": {
        "BestCoverage": 0.8,
        "Elite": {
            "action": -0.7780768871307373,
            "observation": 2
        }
    },
    "65": {
        "BestCoverage": 0.8,
        "Elite": {
            "action": 0.27876508235931396,
            "observation": 1
        }
    },
    "70": {
        "BestCoverage": 0.8,
        "Elite": {
            "action": -0.4937639832496643,
            "observation": 1
        }
    },
    "75": {
        "BestCoverage": 0.8,
        "Elite": {
            "action": 0.02534198760986328,
            "observation": 1
        }
    },
    "80": {
        "BestCoverage": 0.8,
        "Elite": {
            "action": -0.3603109121322632,
            "observation": 1
        }
    },
    "85": {
        "BestCoverage": 0.8,
        "Elite": {
            "action": -0.7749782204627991,
            "observation": 1
        }
    },
    "90": {
        "BestCoverage": 0.8,
        "Elite": {
            "action": -0.15105462074279785,
            "observation": 0
        }
    },
    "95": {
        "BestCoverage": 0.8,
        "Elite": {
            "action": 0.298259973526001,
            "observation": 0
        }
    },
    "100": {
        "BestCoverage": 0.8,
        "Elite": {
            "action": 0.7645807266235352,
            "observation": 0
        }
    },
    "105": {
        "BestCoverage": 0.8,
        "Elite": {
            "action": -0.22046279907226562,
            "observation": 1
        }
    },
    "110": {
        "BestCoverage": 0.8,
        "Elite": {
            "action": 0.2515525817871094,
            "observation": 1
        }
    },
    "115": {
        "BestCoverage": 0.8,
        "Elite": {
            "action": 0.8864767551422119,
            "observation": 1
        }
    },
    "120": {
        "BestCoverage": 0.8,
        "Elite": {
            "action": -0.5531779527664185,
            "observation": 2
        }
    },
    "125": {
        "BestCoverage": 0.8,
        "Elite": {
            "action": 0.09890854358673096,
            "observation": 1
        }
    },
    "130": {
        "BestCoverage": 0.8,
        "Elite": {
            "action": -0.8847231864929199,
            "observation": 1
        }
    },
    "135": {
        "BestCoverage": 0.8,
        "Elite": {
            "action": -0.40260183811187744,
            "observation": 0
        }
    },
    "140": {
        "BestCoverage": 0.8,
        "Elite": {
            "action": -0.3192833662033081,
            "observation": 0
        }
    },
    "145": {
        "BestCoverage": 0.8,
        "Elite": {
            "action": -0.6142298579216003,
            "observation": 0
        }
    },
    "150": {
        "BestCoverage": 0.8,
        "Elite": {
            "action": -0.42585110664367676,
            "observation": 0
        }
    },
    "155": {
        "BestCoverage": 0.8,
        "Elite": {
            "action": 0.5366888046264648,
            "observation": 0
        }
    },
    "160": {
        "BestCoverage": 0.8,
        "Elite": {
            "action": 0.14270436763763428,
            "observation": 1
        }
    },
    "165": {
        "BestCoverage": 0.8,
        "Elite": {
            "action": -0.936827540397644,
            "observation": 1
        }
    },
    "170": {
        "BestCoverage": 0.8,
        "Elite": {
            "action": 0.6129213571548462,
            "observation": 0
        }
    },
    "175": {
        "BestCoverage": 0.8,
        "Elite": {
            "action": 0.5722332000732422,
            "observation": 1
        }
    },
    "180": {
        "BestCoverage": 0.8,
        "Elite": {
            "action": 0.4105987548828125,
            "observation": 2
        }
    },
    "185": {
        "BestCoverage": 0.8,
        "Elite": {
            "action": 0.6155718564987183,
            "observation": 2
        }
    },
    "190": {
        "BestCoverage": 0.8,
        "Elite": {
            "action": 0.11550581455230713,
            "observation": 3
        }
    },
    "195": {
        "BestCoverage": 0.8,
        "Elite": {
            "action": 0.35295021533966064,
            "observation": 3
        }
    },
    "200": {
        "BestCoverage": 0.8,
        "Elite": {
            "action": 0.09177839756011963,
            "observation": 3
        }
    },
    "205": {
        "BestCoverage": 0.8,
        "Elite": {
            "action": 0.34228944778442383,
            "observation": 3
        }
    },
    "210": {
        "BestCoverage": 0.8,
        "Elite": {
            "action": -0.264396071434021,
            "observation": 3
        }
    },
    "215": {
        "BestCoverage": 0.8,
        "Elite": {
            "action": -0.7145354747772217,
            "observation": 3
        }
    },
    "220": {
        "BestCoverage": 0.8,
        "Elite": {
            "action": 0.32587993144989014,
            "observation": 2
        }
    },
    "225": {
        "BestCoverage": 0.8,
        "Elite": {
            "action": 0.843897819519043,
            "observation": 2
        }
    },
    "230": {
        "BestCoverage": 0.8,
        "Elite": {
            "action": -0.24760770797729492,
            "observation": 3
        }
    },
    "235": {
        "BestCoverage": 0.8,
        "Elite": {
            "action": -0.8674918413162231,
            "observation": 3
        }
    },
    "240": {
        "BestCoverage": 0.8,
        "Elite": {
            "action": -0.18914610147476196,
            "observation": 2
        }
    },
    "245": {
        "BestCoverage": 0.8,
        "Elite": {
            "action": -0.9831501841545105,
            "observation": 2
        }
    },
    "250": {
        "BestCoverage": 0.8,
        "Elite": {
            "action": -0.26775312423706055,
            "observation": 1
        }
    },
    "255": {
        "BestCoverage": 0.8,
        "Elite": {
            "action": -0.3484383821487427,
            "observation": 1
        }
    },
    "260": {
        "BestCoverage": 0.8,
        "Elite": {
            "action": 0.00960850715637207,
            "observation": 1
        }
    },
    "265": {
        "BestCoverage": 0.8,
        "Elite": {
            "action": -0.275590717792511,
            "observation": 1
        }
    },
    "270": {
        "BestCoverage": 0.8,
        "Elite": {
            "action": 0.04873478412628174,
            "observation": 1
        }
    },
    "275": {
        "BestCoverage": 0.8,
        "Elite": {
            "action": 0.21147024631500244,
            "observation": 1
        }
    },
    "280": {
        "BestCoverage": 0.8,