{
    "15": {
        "BestCoverage": 0.8,
        "TestChangeProbability": {
            "action": -0.04509161710739136,
            "observation": 0.3333333333333333
        }
    },
    "20": {
        "BestCoverage": 0.8,
        "TestChangeProbability": {
            "action": 0.09927120208740234,
            "observation": 0.28824171622594197
        }
    },
    "25": {
        "BestCoverage": 0.8,
        "TestChangeProbability": {
            "action": 0.05206531286239624,
            "observation": 0.38751291831334433
        }
    },
    "30": {
        "BestCoverage": 0.8,
        "TestChangeProbability": {
            "action": 0.02846466302871703,
            "observation": 0.4395782311757406
        }
    },
    "35": {
        "BestCoverage": 0.8,
        "TestChangeProbability": {
            "action": 0.0702913284301758,
            "observation": 0.4680428942044576
        }
    },
    "40": {
        "BestCoverage": 0.8,
        "TestChangeProbability": {
            "action": 0.02777258157730103,
            "observation": 0.5383342226346334
        }
    },
    "45": {
        "BestCoverage": 0.8,
        "TestChangeProbability": {
            "action": -0.052433961629867555,
            "observation": 0.5661068042119344
        }
    },
    "50": {
        "BestCoverage": 0.8,
        "TestChangeProbability": {
            "action": 0.01591479778289795,
            "observation": 0.5136728425820668
        }
    },
    "55": {
        "BestCoverage": 0.8,
        "TestChangeProbability": {
            "action": 0.0738149404525757,
            "observation": 0.5295876403649648
        }
    },
    "60": {
        "BestCoverage": 0.8,
        "TestChangeProbability": {
            "action": -0.0029146730899810847,
            "observation": 0.6034025808175405
        }
    },
    "65": {
        "BestCoverage": 0.8,
        "TestChangeProbability": {
            "action": 0.022579061985015872,
            "observation": 0.6004879077275594
        }
    },
    "70": {
        "BestCoverage": 0.8,
        "TestChangeProbability": {
            "action": 0.06582839488983155,
            "observation": 0.6230669697125754
        }
    },
    "75": {
        "BestCoverage": 0.8,
        "TestChangeProbability": {
            "action": 0.02606135606765747,
            "observation": 0.688895364602407
        }
    },
    "80": {
        "BestCoverage": 0.8,
        "TestChangeProbability": {
            "action": 0.02746802568435669,
            "observation": 0.7149567206700644
        }
    },
    "85": {
        "BestCoverage": 0.8,
        "TestChangeProbability": {
            "action": 0.08812568187713624,
            "observation": 0.7424247463544211
        }
    },
    "90": {
        "BestCoverage": 0.8,
        "TestChangeProbability": {
            "action": -0.05632566809654236,
            "observation": 0.8305504282315573
        }
    },
    "95": {
        "BestCoverage": 0.8,
        "TestChangeProbability": {
            "action": -0.0662908136844635,
            "observation": 0.774224760135015
        }
    },
    "100": {
        "BestCoverage": 0.8,
        "TestChangeProbability": {
            "action": 0.06180853843688966,
            "observation": 0.7079339464505514
        }
    },
    "105": {
        "BestCoverage": 0.8,
        "TestChangeProbability": {
            "action": 0.024241042137145993,
            "observation": 0.769742484887441
        }
    },
    "110": {
        "BestCoverage": 0.8,
        "TestChangeProbability": {
            "action": 0.053870272636413585,
            "observation": 0.793983527024587
        }
    },
    "115": {
        "BestCoverage": 0.8,
        "TestChangeProbability": {
            "action": 0.022270333766937253,
            "observation": 0.8478537996610005
        }
    },
    "120": {
        "BestCoverage": 0.8,
        "TestChangeProbability": {
            "action": 0.01586120128631592,
            "observation": 0.8701241334279377
        }
    },
    "125": {
        "BestCoverage": 0.8,
        "TestChangeProbability": {
            "action": -0.09152816534042359,
            "observation": 0.8859853347142537
        }
    },
    "130": {
        "BestCoverage": 0.8,
        "TestChangeProbability": {
            "action": -0.05777529478073121,
            "observation": 0.79445716937383
        }
    },
    "135": {
        "BestCoverage": 0.8,
        "TestChangeProbability": {
            "action": -0.04001466035842896,
            "observation": 0.7366818745930989
        }
    },
    "140": {
        "BestCoverage": 0.8,
        "TestChangeProbability": {
            "action": -0.019404458999633792,
            "observation": 0.6966672142346699
        }
    },
    "145": {
        "BestCoverage": 0.8,
        "TestChangeProbability": {
            "action": -0.09289239048957826,
            "observation": 0.6772627552350361
        }
    },
    "150": {
        "BestCoverage": 0.8,
        "TestChangeProbability": {
            "action": 0.0754221558570862,
            "observation": 0.5843703647454579
        }
    },
    "155": {
        "BestCoverage": 0.8,
        "TestChangeProbability": {
            "action": 0.08012626171112061,
            "observation": 0.6597925206025441
        }
    },
    "160": {
        "BestCoverage": 0.8,
        "TestChangeProbability": {
            "action": 0.04840830564498902,
            "observation": 0.7399187823136647
        }
    },
    "165": {
        "BestCoverage": 0.8,
        "TestChangeProbability": {
            "action": 0.05926277637481689,
            "observation": 0.7883270879586537
        }
    },
    "170": {
        "BestCoverage": 0.8,
        "TestChangeProbability": {
            "action": -0.03554117679595947,
            "observation": 0.8475898643334706
        }
    },
    "175": {
        "BestCoverage": 0.8,
        "TestChangeProbability": {
            "action": 0.0536062002182007,
            "observation": 0.8120486875375111
        }
    },
    "180": {
        "BestCoverage": 0.8,
        "TestChangeProbability": {
            "action": -0.06086623072624207,
            "observation": 0.8656548877557119
        }
    },
    "185": {
        "BestCoverage": 0.8,
        "TestChangeProbability": {
            "action": -0.060608100891113285,
            "observation": 0.8047886570294698
        }
    },
    "190": {
        "BestCoverage": 0.8,
        "TestChangeProbability": {
            "action": 0.0040176272392273005,
            "observation": 0.7441805561383565
        }
    },
    "195": {
        "BestCoverage": 0.8,
        "TestChangeProbability": {
            "action": 0.005906987190246585,
            "observation": 0.7481981833775838
        }
    },
    "200": {
        "BestCoverage": 0.8,
        "TestChangeProbability": {
            "action": -0.06327307224273682,
            "observation": 0.7541051705678304
        }
    },
    "205": {
        "BestCoverage": 0.8,
        "TestChangeProbability": {
            "action": -0.07652091979980469,
            "observation": 0.6908320983250936
        }
    },
    "210": {
        "BestCoverage": 0.8,
        "TestChangeProbability": {
            "action": 0.08916115760803223,
            "observation": 0.6143111785252889
        }
    },
    "215": {
        "BestCoverage": 0.8,
        "TestChangeProbability": {
            "action": -0.08900663256645203,
            "observation": 0.7034723361333212
        }
    },
    "220": {
        "BestCoverage": 0.8,
        "TestChangeProbability": {
            "action": 0.011890828609466553,
            "observation": 0.6144657035668691
        }
    },
    "225": {
        "BestCoverage": 0.8,
        "TestChangeProbability": {
            "action": 0.01739223003387451,
            "observation": 0.6263565321763357
        }
    },
    "230": {
        "BestCoverage": 0.8,
        "TestChangeProbability": {
            "action": -0.023527884483337397,