{
    "15": {
        "BestCoverage": 0.7,
        "TestDeleteProbability": {
            "action": -0.06019130349159241,
            "observation": 0.3333333333333333
        }
    },
    "20": {
        "BestCoverage": 0.7,
        "TestDeleteProbability": {
            "action": 0.03532371520996094,
            "observation": 0.2731420298417409
        }
    },
    "25": {
        "BestCoverage": 0.7,
        "TestDeleteProbability": {
            "action": 0.05671908855438232,
            "observation": 0.3084657450517019
        }
    },
    "30": {
        "BestCoverage": 0.7375,
        "TestDeleteProbability": {
            "action": 0.03987065553665162,
            "observation": 0.3651848336060842
        }
    },
    "35": {
        "BestCoverage": 0.7375,
        "TestDeleteProbability": {
            "action": -0.07235564589500428,
            "observation": 0.4050554891427358
        }
    },
    "40": {
        "BestCoverage": 0.7375,
        "TestDeleteProbability": {
            "action": 0.014907014369964597,
            "observation": 0.33269984324773155
        }
    },
    "45": {
        "BestCoverage": 0.7375,
        "TestDeleteProbability": {
            "action": 0.054452228546142595,
            "observation": 0.34760685761769616
        }
    },
    "50": {
        "BestCoverage": 0.7375,
        "TestDeleteProbability": {
            "action": 0.0230492115020752,
            "observation": 0.4020590861638388
        }
    },
    "55": {
        "BestCoverage": 0.7375,
        "TestDeleteProbability": {
            "action": -0.06110535860061646,
            "observation": 0.42510829766591396
        }
    },
    "60": {
        "BestCoverage": 0.7375,
        "TestDeleteProbability": {
            "action": -0.08247863650321961,
            "observation": 0.3640029390652975
        }
    },
    "65": {
        "BestCoverage": 0.7375,
        "TestDeleteProbability": {
            "action": -0.09291301369667054,
            "observation": 0.2815243025620779
        }
    },
    "70": {
        "BestCoverage": 0.7375,
        "TestDeleteProbability": {
            "action": -0.007290858030319217,
            "observation": 0.18861128886540734
        }
    },
    "75": {
        "BestCoverage": 0.7375,
        "TestDeleteProbability": {
            "action": -0.05520479679107666,
            "observation": 0.18132043083508814
        }
    },
    "80": {
        "BestCoverage": 0.7375,
        "TestDeleteProbability": {
            "action": -0.08391791582107544,
            "observation": 0.1261156340440115
        }
    },
    "85": {
        "BestCoverage": 0.7375,
        "TestDeleteProbability": {
            "action": -0.09558118581771852,
            "observation": 0.042197718222936054
        }
    },
    "90": {
        "BestCoverage": 0.7375,
        "TestDeleteProbability": {
            "action": 0.052982532978057856,
            "observation": 0.0
        }
    },
    "95": {
        "BestCoverage": 0.7375,
        "TestDeleteProbability": {
            "action": 0.05798738002777101,
            "observation": 0.052982532978057856
        }
    },
    "100": {
        "BestCoverage": 0.7375,
        "TestDeleteProbability": {
            "action": 0.0961594820022583,
            "observation": 0.11096991300582887
        }
    },
    "105": {
        "BestCoverage": 0.7375,
        "TestDeleteProbability": {
            "action": -0.005003160238265997,
            "observation": 0.20712939500808716
        }
    },
    "110": {
        "BestCoverage": 0.7375,
        "TestDeleteProbability": {
            "action": 0.060955083370208746,
            "observation": 0.20212623476982117
        }
    },
    "115": {
        "BestCoverage": 0.7375,
        "TestDeleteProbability": {
            "action": 0.03668344020843506,
            "observation": 0.2630813181400299
        }
    },
    "120": {
        "BestCoverage": 0.7375,
        "TestDeleteProbability": {
            "action": 0.0852273941040039,
            "observation": 0.29976475834846494
        }
    },
    "125": {
        "BestCoverage": 0.7375,
        "TestDeleteProbability": {
            "action": 0.07551881074905395,
            "observation": 0.38499215245246887
        }
    },
    "130": {
        "BestCoverage": 0.75,
        "TestDeleteProbability": {
            "action": -0.072464656829834,
            "observation": 0.46051096320152285
        }
    },
    "135": {
        "BestCoverage": 0.75,
        "TestDeleteProbability": {
            "action": -0.09369385838508607,
            "observation": 0.38804630637168885
        }
    },
    "140": {
        "BestCoverage": 0.75,
        "TestDeleteProbability": {
            "action": -0.08125065565109253,
            "observation": 0.29435244798660276
        }
    },
    "145": {
        "BestCoverage": 0.75,
        "TestDeleteProbability": {
            "action": -0.06753048896789551,
            "observation": 0.21310179233551024
        }
    },
    "150": {
        "BestCoverage": 0.75,
        "TestDeleteProbability": {
            "action": -0.07430472373962403,
            "observation": 0.14557130336761473
        }
    },
    "155": {
        "BestCoverage": 0.75,
        "TestDeleteProbability": {
            "action": 0.038222515583038325,
            "observation": 0.0712665796279907
        }
    },
    "160": {
        "BestCoverage": 0.75,
        "TestDeleteProbability": {
            "action": 0.07038655281066894,
            "observation": 0.10948909521102902
        }
    },
    "165": {
        "BestCoverage": 0.75,
        "TestDeleteProbability": {
            "action": 0.017361593246459958,
            "observation": 0.17987564802169798
        }
    },
    "170": {
        "BestCoverage": 0.8,
        "TestDeleteProbability": {
            "action": -0.025145792961120614,
            "observation": 0.19723724126815795
        }
    },
    "175": {
        "BestCoverage": 0.8,
        "TestDeleteProbability": {
            "action": 0.027425217628478993,
            "observation": 0.17209144830703732
        }
    },
    "180": {
        "BestCoverage": 0.8,
        "TestDeleteProbability": {
            "action": 0.006562614440917963,
            "observation": 0.1995166659355163
        }
    },
    "185": {
        "BestCoverage": 0.8,
        "TestDeleteProbability": {
            "action": 0.059319996833801264,
            "observation": 0.20607928037643428
        }
    },
    "190": {
        "BestCoverage": 0.8,
        "TestDeleteProbability": {
            "action": 0.014429652690887446,
            "observation": 0.26539927721023554
        }
    },
    "195": {
        "BestCoverage": 0.8,
        "TestDeleteProbability": {
            "action": -0.09297305345535278,
            "observation": 0.27982892990112296
        }
    },
    "200": {
        "BestCoverage": 0.8,
        "TestDeleteProbability": {
            "action": -0.04613774418830872,
            "observation": 0.18685587644577017
        }
    },
    "205": {
        "BestCoverage": 0.8,
        "TestDeleteProbability": {
            "action": 0.06642966270446779,
            "observation": 0.14071813225746146
        }
    },
    "210": {
        "BestCoverage": 0.8,
        "TestDeleteProbability": {
            "action": -0.07519622445106507,
            "observation": 0.20714779496192925
        }
    },
    "215": {
        "BestCoverage": 0.8,
        "TestDeleteProbability": {
            "action": 0.09187741279602052,
            "observation": 0.1319515705108642
        }
    },
    "220": {
        "BestCoverage": 0.8,
        "TestDeleteProbability": {
            "action": -0.03452370166778565,
            "observation": 0.22382898330688472
        }
    },
    "225": {
        "BestCoverage": 0.8,
        "TestDeleteProbability": {
            "action": 0.07935287952423095,
            "observation": 0.18930528163909907
        }
    },