{
    "15": {
        "BestCoverage": 0.8,
        "StatementInsertionProbability": {
            "action": 0.04257805347442628,
            "observation": 0.5
        }
    },
    "20": {
        "BestCoverage": 0.8,
        "StatementInsertionProbability": {
            "action": -0.031758511066436776,
            "observation": 0.5425780534744262
        }
    },
    "25": {
        "BestCoverage": 0.8,
        "StatementInsertionProbability": {
            "action": -0.08644575476646424,
            "observation": 0.5108195424079894
        }
    },
    "30": {
        "BestCoverage": 0.8,
        "StatementInsertionProbability": {
            "action": -0.006458824872970587,
            "observation": 0.4243737876415252
        }
    },
    "35": {
        "BestCoverage": 0.8,
        "StatementInsertionProbability": {
            "action": 0.00864177942276001,
            "observation": 0.41791496276855467
        }
    },
    "40": {
        "BestCoverage": 0.8,
        "StatementInsertionProbability": {
            "action": -0.022682505846023562,
            "observation": 0.4265567421913147
        }
    },
    "45": {
        "BestCoverage": 0.8,
        "StatementInsertionProbability": {
            "action": 0.048975384235382086,
            "observation": 0.4038742363452911
        }
    },
    "50": {
        "BestCoverage": 0.8,
        "StatementInsertionProbability": {
            "action": -0.021894991397857666,
            "observation": 0.45284962058067324
        }
    },
    "55": {
        "BestCoverage": 0.8,
        "StatementInsertionProbability": {
            "action": -0.08355879187583924,
            "observation": 0.4309546291828156
        }
    },
    "60": {
        "BestCoverage": 0.8,
        "StatementInsertionProbability": {
            "action": 0.07840145826339723,
            "observation": 0.3473958373069763
        }
    },
    "65": {
        "BestCoverage": 0.8,
        "StatementInsertionProbability": {
            "action": -0.04002392292022705,
            "observation": 0.42579729557037355
        }
    },
    "70": {
        "BestCoverage": 0.8,
        "StatementInsertionProbability": {
            "action": 0.09243608713150026,
            "observation": 0.3857733726501465
        }
    },
    "75": {
        "BestCoverage": 0.8,
        "StatementInsertionProbability": {
            "action": -0.08129753470420838,
            "observation": 0.47820945978164675
        }
    },
    "80": {
        "BestCoverage": 0.8,
        "StatementInsertionProbability": {
            "action": 0.04954793453216552,
            "observation": 0.3969119250774384
        }
    },
    "85": {
        "BestCoverage": 0.8,
        "StatementInsertionProbability": {
            "action": 0.03990511894226073,
            "observation": 0.4464598596096039
        }
    },
    "90": {
        "BestCoverage": 0.8,
        "StatementInsertionProbability": {
            "action": -0.0939545750617981,
            "observation": 0.4863649785518646
        }
    },
    "95": {
        "BestCoverage": 0.8,
        "StatementInsertionProbability": {
            "action": -0.0520076870918274,
            "observation": 0.3924104034900665
        }
    },
    "100": {
        "BestCoverage": 0.8,
        "StatementInsertionProbability": {
            "action": -0.05491878986358643,
            "observation": 0.3404027163982391
        }
    },
    "105": {
        "BestCoverage": 0.8,
        "StatementInsertionProbability": {
            "action": -0.03553611636161805,
            "observation": 0.28548392653465265
        }
    },
    "110": {
        "BestCoverage": 0.8,
        "StatementInsertionProbability": {
            "action": 0.032584881782531744,
            "observation": 0.2499478101730346
        }
    },
    "115": {
        "BestCoverage": 0.8,
        "StatementInsertionProbability": {
            "action": -0.033062678575515744,
            "observation": 0.28253269195556635
        }
    },
    "120": {
        "BestCoverage": 0.8,
        "StatementInsertionProbability": {
            "action": -0.009296107292175296,
            "observation": 0.2494700133800506
        }
    },
    "125": {
        "BestCoverage": 0.8,
        "StatementInsertionProbability": {
            "action": -0.06700981855392457,
            "observation": 0.2401739060878753
        }
    },
    "130": {
        "BestCoverage": 0.8,
        "StatementInsertionProbability": {
            "action": 0.009771752357482913,
            "observation": 0.17316408753395074
        }
    },
    "135": {
        "BestCoverage": 0.8,
        "StatementInsertionProbability": {
            "action": 0.039781355857849116,
            "observation": 0.18293583989143364
        }
    },
    "140": {
        "BestCoverage": 0.8,
        "StatementInsertionProbability": {
            "action": -0.09456675052642823,
            "observation": 0.22271719574928275
        }
    },
    "145": {
        "BestCoverage": 0.8,
        "StatementInsertionProbability": {
            "action": 0.0316706418991089,
            "observation": 0.12815044522285451
        }
    },
    "150": {
        "BestCoverage": 0.8,
        "StatementInsertionProbability": {
            "action": -0.09217771887779236,
            "observation": 0.1598210871219634
        }
    },
    "155": {
        "BestCoverage": 0.8,
        "StatementInsertionProbability": {
            "action": 0.06396768093109131,
            "observation": 0.06764336824417105
        }
    },
    "160": {
        "BestCoverage": 0.8,
        "StatementInsertionProbability": {
            "action": -0.09213245511054993,
            "observation": 0.13161104917526237
        }
    },
    "165": {
        "BestCoverage": 0.8,
        "StatementInsertionProbability": {
            "action": 0.0036599397659301813,
            "observation": 0.039478594064712436
        }
    },
    "170": {
        "BestCoverage": 0.8,
        "StatementInsertionProbability": {
            "action": 0.06200594902038575,
            "observation": 0.04313853383064262
        }
    },
    "175": {
        "BestCoverage": 0.8,
        "StatementInsertionProbability": {
            "action": -0.03132961988449097,
            "observation": 0.10514448285102837
        }
    },
    "180": {
        "BestCoverage": 0.8,
        "StatementInsertionProbability": {
            "action": -0.09425503611564637,
            "observation": 0.0738148629665374
        }
    },
    "185": {
        "BestCoverage": 0.8,
        "StatementInsertionProbability": {
            "action": -0.07217580676078797,
            "observation": 0.0
        }
    },
    "190": {
        "BestCoverage": 0.8,
        "StatementInsertionProbability": {
            "action": 0.002104902267456049,
            "observation": 0.0
        }
    },
    "195": {
        "BestCoverage": 0.8,
        "StatementInsertionProbability": {
            "action": -0.014737212657928461,
            "observation": 0.002104902267456049
        }
    },
    "200": {
        "BestCoverage": 0.8,
        "StatementInsertionProbability": {
            "action": 0.08588354587554933,
            "observation": 0.0
        }
    },
    "205": {
        "BestCoverage": 0.8,
        "StatementInsertionProbability": {
            "action": -0.06983864307403564,
            "observation": 0.08588354587554933
        }
    },
    "210": {
        "BestCoverage": 0.8,
        "StatementInsertionProbability": {
            "action": -0.08872726559638977,
            "observation": 0.01604490280151369
        }
    },
    "215": {
        "BestCoverage": 0.8,
        "StatementInsertionProbability": {
            "action": 0.008763515949249262,
            "observation": 0.0
        }
    },
    "220": {
        "BestCoverage": 0.8,
        "StatementInsertionProbability": {
            "action": -0.03496477603912354,
            "observation": 0.008763515949249262
        }
    },