{
    "25": {
        "BestCoverage": 0.75,
        "Elite": {
            "action": -0.7575581073760986,
            "observation": 1
        }
    },
    "30": {
        "BestCoverage": 0.75,
        "Elite": {
            "action": -0.0794064998626709,
            "observation": 0
        }
    },
    "35": {
        "BestCoverage": 0.75,
        "Elite": {
            "action": -0.31716060638427734,
            "observation": 0
        }
    },
    "40": {
        "BestCoverage": 0.75,
        "Elite": {
            "action": 0.8020901679992676,
            "observation": 0
        }
    },
    "45": {
        "BestCoverage": 0.75,
        "Elite": {
            "action": 0.21452534198760986,
            "observation": 1
        }
    },
    "50": {
        "BestCoverage": 0.75,
        "Elite": {
            "action": 0.6852188110351562,
            "observation": 1
        }
    },
    "55": {
        "BestCoverage": 0.75,
        "Elite": {
            "action": 0.2527879476547241,
            "observation": 2
        }
    },
    "60": {
        "BestCoverage": 0.75,
        "Elite": {
            "action": 0.9113309383392334,
            "observation": 2
        }
    },
    "65": {
        "BestCoverage": 0.75,
        "Elite": {
            "action": -0.2881431579589844,
            "observation": 3
        }
    },
    "70": {
        "BestCoverage": 0.75,
        "Elite": {
            "action": -0.10449343919754028,
            "observation": 3
        }
    },
    "75": {
        "BestCoverage": 0.75,
        "Elite": {
            "action": 0.6345821619033813,
            "observation": 3
        }
    },
    "80": {
        "BestCoverage": 0.75,
        "Elite": {
            "action": -0.9440997838973999,
            "observation": 4
        }
    },
    "85": {
        "BestCoverage": 0.75,
        "Elite": {
            "action": -0.7283832430839539,
            "observation": 3
        }
    },
    "90": {
        "BestCoverage": 0.7625,
        "Elite": {
            "action": -0.6550374031066895,
            "observation": 2
        }
    },
    "95": {
        "BestCoverage": 0.7625,
        "Elite": {
            "action": -0.900835394859314,
            "observation": 1
        }
    },
    "100": {
        "BestCoverage": 0.7625,
        "Elite": {
            "action": -0.17649459838867188,
            "observation": 0
        }
    },
    "105": {
        "BestCoverage": 0.7625,
        "Elite": {
            "action": -0.7094614505767822,
            "observation": 0
        }
    },
    "110": {
        "BestCoverage": 0.7625,
        "Elite": {
            "action": -0.7957726120948792,
            "observation": 0
        }
    },
    "115": {
        "BestCoverage": 0.7625,
        "Elite": {
            "action": 0.6915528774261475,
            "observation": 0
        }
    },
    "120": {
        "BestCoverage": 0.7625,
        "Elite": {
            "action": -0.9131682515144348,
            "observation": 1
        }
    },
    "125": {
        "BestCoverage": 0.7625,
        "Elite": {
            "action": 0.5521619319915771,
            "observation": 0
        }
    },
    "130": {
        "BestCoverage": 0.7625,
        "Elite": {
            "action": -0.07432150840759277,
            "observation": 1
        }
    },
    "135": {
        "BestCoverage": 0.7625,
        "Elite": {
            "action": -0.40595245361328125,
            "observation": 1
        }
    },
    "140": {
        "BestCoverage": 0.7625,
        "Elite": {
            "action": -0.39821910858154297,
            "observation": 1
        }
    },
    "145": {
        "BestCoverage": 0.7625,
        "Elite": {
            "action": 0.9711406230926514,
            "observation": 1
        }
    },
    "150": {
        "BestCoverage": 0.7625,
        "Elite": {
            "action": 0.651500940322876,
            "observation": 2
        }
    },
    "155": {
        "BestCoverage": 0.7625,
        "Elite": {
            "action": -0.8279041051864624,
            "observation": 3
        }
    },
    "160": {
        "BestCoverage": 0.7625,
        "Elite": {
            "action": 0.5044238567352295,
            "observation": 2
        }
    },
    "165": {
        "BestCoverage": 0.7625,
        "Elite": {
            "action": -0.6453003287315369,
            "observation": 3
        }
    },
    "170": {
        "BestCoverage": 0.7625,
        "Elite": {
            "action": 0.9856648445129395,
            "observation": 2
        }
    },
    "175": {
        "BestCoverage": 0.7625,
        "Elite": {
            "action": 0.43128156661987305,
            "observation": 3
        }
    },
    "180": {
        "BestCoverage": 0.7625,
        "Elite": {
            "action": -0.15724539756774902,
            "observation": 3
        }
    },
    "185": {
        "BestCoverage": 0.7625,
        "Elite": {
            "action": 0.13126695156097412,
            "observation": 3
        }
    },
    "190": {
        "BestCoverage": 0.7625,
        "Elite": {
            "action": 0.5833858251571655,
            "observation": 3
        }
    },
    "195": {
        "BestCoverage": 0.7625,
        "Elite": {
            "action": -0.02801692485809326,
            "observation": 4
        }
    },
    "200": {
        "BestCoverage": 0.7625,
        "Elite": {
            "action": -0.8183179497718811,
            "observation": 4
        }
    },
    "205": {
        "BestCoverage": 0.7625,
        "Elite": {
            "action": -0.9345836639404297,
            "observation": 3
        }
    },
    "210": {
        "BestCoverage": 0.7625,
        "Elite": {
            "action": -0.33106768131256104,
            "observation": 2
        }
    },
    "215": {
        "BestCoverage": 0.7625,
        "Elite": {
            "action": -0.6916127800941467,
            "observation": 2
        }
    },
    "220": {
        "BestCoverage": 0.7625,
        "Elite": {
            "action": -0.3390082120895386,
            "observation": 1
        }
    },
    "225": {
        "BestCoverage": 0.7625,
        "Elite": {
            "action": -0.6556307673454285,
            "observation": 1
        }
    },
    "230": {
        "BestCoverage": 0.7625,
        "Elite": {
            "action": -0.9232832789421082,
            "observation": 0
        }
    },
    "235": {
        "BestCoverage": 0.7625,
        "Elite": {
            "action": -0.9499381184577942,
            "observation": 0
        }
    },
    "240": {
        "BestCoverage": 0.7625,
        "Elite": {
            "action": -0.058098673820495605,
            "observation": 0
        }
    },
    "245": {
        "BestCoverage": 0.7625,
        "Elite": {
            "action": 0.510115385055542,
            "observation": 0
        }
    },
    "250": {
        "BestCoverage": 0.7625,
        "Elite": {
            "action": 0.6613255739212036,
            "observation": 1
        }
    },
    "255": {
        "BestCoverage": 0.7625,
        "Elite": {
            "action": 0.07866597175598145,
            "observation": 2
        }
    },
    "260": {
        "BestCoverage": 0.7625,
        "Elite": {
            "action": 0.7099281549453735,
            "observation": 2
        }
    },
    "265": {
        "BestCoverage": 0.7625,
        "Elite": {
            "action": 0.9957630634307861,
            "observation": 3
        }
    },
    "270": {
        "BestCoverage": 0.7625,
        "Elite": {
            "action": -0.8968017101287842,
            "observation": 4
        }
    },
    "275": {
        "BestCoverage": 0.7625,
        "Elite": {
            "action": 0.40255701541900635,
            "observation": 3
        }
    },
    "280": {
        "BestCoverage": 0.7625,
        "Elite": {
            "action": -0.47501498460769653,
            "observation": 3
        }
    },
    "285": {
        "BestCoverage": 0.7625,