{
    "20": {
        "BestCoverage": 0.7375,
        "RandomPerturbation": {
            "action": -0.016572332382202154,
            "observation": 0.2
        }
    },
    "25": {
        "BestCoverage": 0.7375,
        "RandomPerturbation": {
            "action": -0.010381835699081424,
            "observation": 0.18342766761779786
        }
    },
    "30": {
        "BestCoverage": 0.7375,
        "RandomPerturbation": {
            "action": 0.003529322147369382,
            "observation": 0.17304583191871642
        }
    },
    "35": {
        "BestCoverage": 0.75,
        "RandomPerturbation": {
            "action": -0.014647173881530764,
            "observation": 0.17657515406608582
        }
    },
    "40": {
        "BestCoverage": 0.75,
        "RandomPerturbation": {
            "action": -0.08285084366798401,
            "observation": 0.16192798018455506
        }
    },
    "45": {
        "BestCoverage": 0.75,
        "RandomPerturbation": {
            "action": 0.05240576267242433,
            "observation": 0.07907713651657106
        }
    },
    "50": {
        "BestCoverage": 0.75,
        "RandomPerturbation": {
            "action": -0.06918779015541077,
            "observation": 0.1314828991889954
        }
    },
    "55": {
        "BestCoverage": 0.75,
        "RandomPerturbation": {
            "action": -0.02375894784927368,
            "observation": 0.06229510903358462
        }
    },
    "60": {
        "BestCoverage": 0.75,
        "RandomPerturbation": {
            "action": -0.0656505286693573,
            "observation": 0.03853616118431094
        }
    },
    "65": {
        "BestCoverage": 0.75,
        "RandomPerturbation": {
            "action": 0.0317920446395874,
            "observation": 0.0
        }
    },
    "70": {
        "BestCoverage": 0.75,
        "RandomPerturbation": {
            "action": 0.02036793231964111,
            "observation": 0.0317920446395874
        }
    },
    "75": {
        "BestCoverage": 0.75,
        "RandomPerturbation": {
            "action": -0.05238180756568909,
            "observation": 0.05215997695922851
        }
    },
    "80": {
        "BestCoverage": 0.75,
        "RandomPerturbation": {
            "action": 0.0058660387992858914,
            "observation": 0.0
        }
    },
    "85": {
        "BestCoverage": 0.75,
        "RandomPerturbation": {
            "action": -0.022542530298233027,
            "observation": 0.0058660387992858914
        }
    },
    "90": {
        "BestCoverage": 0.75,
        "RandomPerturbation": {
            "action": 0.08058292865753175,
            "observation": 0.0
        }
    },
    "95": {
        "BestCoverage": 0.8125,
        "RandomPerturbation": {
            "action": 0.011679065227508542,
            "observation": 0.08058292865753175
        }
    },
    "100": {
        "BestCoverage": 0.8125,
        "RandomPerturbation": {
            "action": -0.02690152525901794,
            "observation": 0.09226199388504029
        }
    },
    "105": {
        "BestCoverage": 0.8125,
        "RandomPerturbation": {
            "action": 0.0019389271736145047,
            "observation": 0.06536046862602235
        }
    },
    "110": {
        "BestCoverage": 0.8125,
        "RandomPerturbation": {
            "action": 0.07070569992065431,
            "observation": 0.06729939579963685
        }
    },
    "115": {
        "BestCoverage": 0.8125,
        "RandomPerturbation": {
            "action": 0.0700153112411499,
            "observation": 0.13800509572029118
        }
    },
    "120": {
        "BestCoverage": 0.8125,
        "RandomPerturbation": {
            "action": -0.002599662542343145,
            "observation": 0.20802040696144108
        }
    },
    "125": {
        "BestCoverage": 0.8125,
        "RandomPerturbation": {
            "action": 0.006457543373107916,
            "observation": 0.20542074441909794
        }
    },
    "130": {
        "BestCoverage": 0.8125,
        "RandomPerturbation": {
            "action": -0.09187681674957277,
            "observation": 0.21187828779220585
        }
    },
    "135": {
        "BestCoverage": 0.8125,
        "RandomPerturbation": {
            "action": 0.004989492893218997,
            "observation": 0.12000147104263309
        }
    },
    "140": {
        "BestCoverage": 0.8125,
        "RandomPerturbation": {
            "action": 0.012500810623168948,
            "observation": 0.12499096393585209
        }
    },
    "145": {
        "BestCoverage": 0.8125,
        "RandomPerturbation": {
            "action": 0.012261724472045904,
            "observation": 0.13749177455902103
        }
    },
    "150": {
        "BestCoverage": 0.8125,
        "RandomPerturbation": {
            "action": -0.08590955734252931,
            "observation": 0.14975349903106694
        }
    },
    "155": {
        "BestCoverage": 0.8125,
        "RandomPerturbation": {
            "action": 0.07344791889190674,
            "observation": 0.06384394168853763
        }
    },
    "160": {
        "BestCoverage": 0.8125,
        "RandomPerturbation": {
            "action": 0.017826771736145025,
            "observation": 0.13729186058044437
        }
    },
    "165": {
        "BestCoverage": 0.825,
        "RandomPerturbation": {
            "action": 0.03850833177566529,
            "observation": 0.1551186323165894
        }
    },
    "170": {
        "BestCoverage": 0.825,
        "RandomPerturbation": {
            "action": -0.05301092863082886,
            "observation": 0.1936269640922547
        }
    },
    "175": {
        "BestCoverage": 0.825,
        "RandomPerturbation": {
            "action": 0.05845655202865602,
            "observation": 0.14061603546142581
        }
    },
    "180": {
        "BestCoverage": 0.825,
        "RandomPerturbation": {
            "action": 0.09134528636932374,
            "observation": 0.19907258749008183
        }
    },
    "185": {
        "BestCoverage": 0.825,
        "RandomPerturbation": {
            "action": -0.010589241981506348,
            "observation": 0.29041787385940554
        }
    },
    "190": {
        "BestCoverage": 0.825,
        "RandomPerturbation": {
            "action": 0.04256443977355956,
            "observation": 0.2798286318778992
        }
    },
    "195": {
        "BestCoverage": 0.825,
        "RandomPerturbation": {
            "action": -0.016235136985778803,
            "observation": 0.32239307165145875
        }
    },
    "200": {
        "BestCoverage": 0.825,
        "RandomPerturbation": {
            "action": -0.0821709156036377,
            "observation": 0.30615793466568
        }
    },
    "205": {
        "BestCoverage": 0.825,
        "RandomPerturbation": {
            "action": 0.018101966381073004,
            "observation": 0.22398701906204227
        }
    },
    "210": {
        "BestCoverage": 0.825,
        "RandomPerturbation": {
            "action": -0.0735075056552887,
            "observation": 0.24208898544311527
        }
    },
    "215": {
        "BestCoverage": 0.825,
        "RandomPerturbation": {
            "action": 0.009814476966857916,
            "observation": 0.16858147978782656
        }
    },
    "220": {
        "BestCoverage": 0.825,
        "RandomPerturbation": {
            "action": 0.07797094583511352,
            "observation": 0.17839595675468448
        }
    },
    "225": {
        "BestCoverage": 0.825,
        "RandomPerturbation": {
            "action": -0.08666584491729737,
            "observation": 0.256366902589798
        }
    },
    "230": {
        "BestCoverage": 0.825,
        "RandomPerturbation": {
            "action": -0.008648431301116949,
            "observation": 0.16970105767250063
        }
    },
    "235": {
        "BestCoverage": 0.825,
        "RandomPerturbation": {
            "action": 0.013879203796386713,