{
    "25": {
        "BestCoverage": 0.75,
        "TournamentSize": {
            "action": -0.3162827491760254,
            "observation": 5
        }
    },
    "30": {
        "BestCoverage": 0.75,
        "TournamentSize": {
            "action": 0.010740995407104492,
            "observation": 5
        }
    },
    "35": {
        "BestCoverage": 0.75,
        "TournamentSize": {
            "action": -0.7316582202911377,
            "observation": 5
        }
    },
    "40": {
        "BestCoverage": 0.75,
        "TournamentSize": {
            "action": -0.260361909866333,
            "observation": 4
        }
    },
    "45": {
        "BestCoverage": 0.75,
        "TournamentSize": {
            "action": -0.19194811582565308,
            "observation": 4
        }
    },
    "50": {
        "BestCoverage": 0.75,
        "TournamentSize": {
            "action": 0.48395729064941406,
            "observation": 4
        }
    },
    "55": {
        "BestCoverage": 0.75,
        "TournamentSize": {
            "action": -0.23420250415802002,
            "observation": 4
        }
    },
    "60": {
        "BestCoverage": 0.75,
        "TournamentSize": {
            "action": -0.25926995277404785,
            "observation": 4
        }
    },
    "65": {
        "BestCoverage": 0.75,
        "TournamentSize": {
            "action": -0.1930006742477417,
            "observation": 4
        }
    },
    "70": {
        "BestCoverage": 0.75,
        "TournamentSize": {
            "action": -0.9155036807060242,
            "observation": 4
        }
    },
    "75": {
        "BestCoverage": 0.75,
        "TournamentSize": {
            "action": -0.8286178708076477,
            "observation": 3
        }
    },
    "80": {
        "BestCoverage": 0.75,
        "TournamentSize": {
            "action": 0.7477556467056274,
            "observation": 2
        }
    },
    "85": {
        "BestCoverage": 0.75,
        "TournamentSize": {
            "action": -0.16400974988937378,
            "observation": 3
        }
    },
    "90": {
        "BestCoverage": 0.75,
        "TournamentSize": {
            "action": 0.06558561325073242,
            "observation": 3
        }
    },
    "95": {
        "BestCoverage": 0.75,
        "TournamentSize": {
            "action": 0.0030182600021362305,
            "observation": 3
        }
    },
    "100": {
        "BestCoverage": 0.75,
        "TournamentSize": {
            "action": -0.17209988832473755,
            "observation": 3
        }
    },
    "105": {
        "BestCoverage": 0.75,
        "TournamentSize": {
            "action": 0.41271722316741943,
            "observation": 3
        }
    },
    "110": {
        "BestCoverage": 0.75,
        "TournamentSize": {
            "action": 0.9786397218704224,
            "observation": 3
        }
    },
    "115": {
        "BestCoverage": 0.75,
        "TournamentSize": {
            "action": -0.033130526542663574,
            "observation": 4
        }
    },
    "120": {
        "BestCoverage": 0.75,
        "TournamentSize": {
            "action": -0.27660834789276123,
            "observation": 4
        }
    },
    "125": {
        "BestCoverage": 0.75,
        "TournamentSize": {
            "action": 0.847804069519043,
            "observation": 4
        }
    },
    "130": {
        "BestCoverage": 0.75,
        "TournamentSize": {
            "action": 0.36967992782592773,
            "observation": 5
        }
    },
    "135": {
        "BestCoverage": 0.75,
        "TournamentSize": {
            "action": 0.832733154296875,
            "observation": 5
        }
    },
    "140": {
        "BestCoverage": 0.75,
        "TournamentSize": {
            "action": 0.8174588680267334,
            "observation": 6
        }
    },
    "145": {
        "BestCoverage": 0.75,
        "TournamentSize": {
            "action": -0.4949468970298767,
            "observation": 7
        }
    },
    "150": {
        "BestCoverage": 0.75,
        "TournamentSize": {
            "action": -0.1665019989013672,
            "observation": 7
        }
    },
    "155": {
        "BestCoverage": 0.75,
        "TournamentSize": {
            "action": -0.09534096717834473,
            "observation": 7
        }
    },
    "160": {
        "BestCoverage": 0.75,
        "TournamentSize": {
            "action": -0.5637614130973816,
            "observation": 7
        }
    },
    "165": {
        "BestCoverage": 0.75,
        "TournamentSize": {
            "action": -0.6138905882835388,
            "observation": 6
        }
    },
    "170": {
        "BestCoverage": 0.75,
        "TournamentSize": {
            "action": -0.692980170249939,
            "observation": 5
        }
    },
    "175": {
        "BestCoverage": 0.75,
        "TournamentSize": {
            "action": 0.7514013051986694,
            "observation": 4
        }
    },
    "180": {
        "BestCoverage": 0.75,
        "TournamentSize": {
            "action": 0.47668516635894775,
            "observation": 5
        }
    },
    "185": {
        "BestCoverage": 0.75,
        "TournamentSize": {
            "action": 0.5848876237869263,
            "observation": 5
        }
    },
    "190": {
        "BestCoverage": 0.75,
        "TournamentSize": {
            "action": -0.025159478187561035,
            "observation": 6
        }
    },
    "195": {
        "BestCoverage": 0.75,
        "TournamentSize": {
            "action": 0.3625032901763916,
            "observation": 6
        }
    },
    "200": {
        "BestCoverage": 0.75,
        "TournamentSize": {
            "action": -0.20360016822814941,
            "observation": 6
        }
    },
    "205": {
        "BestCoverage": 0.75,
        "TournamentSize": {
            "action": -0.27397382259368896,
            "observation": 6
        }
    },
    "210": {
        "BestCoverage": 0.75,
        "TournamentSize": {
            "action": -0.8087973594665527,
            "observation": 6
        }
    },
    "215": {
        "BestCoverage": 0.75,
        "TournamentSize": {
            "action": 0.09939491748809814,
            "observation": 5
        }
    },
    "220": {
        "BestCoverage": 0.75,
        "TournamentSize": {
            "action": 0.6651774644851685,
            "observation": 5
        }
    },
    "225": {
        "BestCoverage": 0.75,
        "TournamentSize": {
            "action": 0.5075082778930664,
            "observation": 6
        }
    },
    "230": {
        "BestCoverage": 0.75,
        "TournamentSize": {
            "action": 0.5613782405853271,
            "observation": 7
        }
    },
    "235": {
        "BestCoverage": 0.75,
        "TournamentSize": {
            "action": 0.41652941703796387,
            "observation": 8
        }
    },
    "240": {
        "BestCoverage": 0.75,
        "TournamentSize": {
            "action": 0.1914745569229126,
            "observation": 8
        }
    },
    "245": {
        "BestCoverage": 0.7625,
        "TournamentSize": {
            "action": 0.8395818471908569,
            "observation": 8
        }
    },
    "250": {
        "BestCoverage": 0.7625,
        "TournamentSize": {
            "action": -0.7667015194892883,
            "observation": 9
        }
    },
    "255": {
        "BestCoverage": 0.7625,
        "TournamentSize": {
            "action": -0.5529007911682129,
            "observation": 8
        }
    },
    "260": {
        "BestCoverage": 0.7625,
        "TournamentSize": {
            "action": -0.20161807537078857,
            "observation": 7
        }
    },
    "265": {
        "BestCoverage": 0.7625,
        "TournamentSize": {
            "action": -0.28743016719818115,
            "observation": 7
        }
    },
    "270": {
        "BestCoverage": 0.7625,
        "TournamentSize": {
            "action": -0.36469411849975586,
            "observation": 7
        }
    },