{
    "15": {
        "BestCoverage": 0.8,
        "Population": {
            "action": -6.456278324127197,
            "observation": 50
        }
    },
    "20": {
        "BestCoverage": 0.8,
        "Population": {
            "action": 1.121119499206543,
            "observation": 44
        }
    },
    "25": {
        "BestCoverage": 0.8,
        "Population": {
            "action": -3.0671167373657227,
            "observation": 45
        }
    },
    "30": {
        "BestCoverage": 0.8,
        "Population": {
            "action": 2.670804023742676,
            "observation": 42
        }
    },
    "35": {
        "BestCoverage": 0.8,
        "Population": {
            "action": 4.473677635192871,
            "observation": 45
        }
    },
    "40": {
        "BestCoverage": 0.8,
        "Population": {
            "action": -6.096395492553711,
            "observation": 49
        }
    },
    "45": {
        "BestCoverage": 0.8,
        "Population": {
            "action": -0.2270660400390625,
            "observation": 43
        }
    },
    "50": {
        "BestCoverage": 0.8,
        "Population": {
            "action": -6.57762336730957,
            "observation": 43
        }
    },
    "55": {
        "BestCoverage": 0.8,
        "Population": {
            "action": -3.9199767112731934,
            "observation": 36
        }
    },
    "60": {
        "BestCoverage": 0.8,
        "Population": {
            "action": -7.206851005554199,
            "observation": 32
        }
    },
    "65": {
        "BestCoverage": 0.8,
        "Population": {
            "action": 6.168085098266602,
            "observation": 25
        }
    },
    "70": {
        "BestCoverage": 0.8,
        "Population": {
            "action": -1.7367992401123047,
            "observation": 31
        }
    },
    "75": {
        "BestCoverage": 0.8,
        "Population": {
            "action": 3.915102958679199,
            "observation": 29
        }
    },
    "80": {
        "BestCoverage": 0.8,
        "Population": {
            "action": -2.267136573791504,
            "observation": 33
        }
    },
    "85": {
        "BestCoverage": 0.8,
        "Population": {
            "action": 7.599653244018555,
            "observation": 31
        }
    },
    "90": {
        "BestCoverage": 0.8,
        "Population": {
            "action": -2.896728515625,
            "observation": 39
        }
    },
    "95": {
        "BestCoverage": 0.8,
        "Population": {
            "action": 4.598499298095703,
            "observation": 36
        }
    },
    "100": {
        "BestCoverage": 0.8,
        "Population": {
            "action": 1.5836477279663086,
            "observation": 41
        }
    },
    "105": {
        "BestCoverage": 0.8,
        "Population": {
            "action": 3.099188804626465,
            "observation": 43
        }
    },
    "110": {
        "BestCoverage": 0.8,
        "Population": {
            "action": 6.252117156982422,
            "observation": 46
        }
    },
    "115": {
        "BestCoverage": 0.8,
        "Population": {
            "action": 2.356846809387207,
            "observation": 52
        }
    },
    "120": {
        "BestCoverage": 0.8,
        "Population": {
            "action": -5.705061912536621,
            "observation": 54
        }
    },
    "125": {
        "BestCoverage": 0.8,
        "Population": {
            "action": 7.906925201416016,
            "observation": 48
        }
    },
    "130": {
        "BestCoverage": 0.8,
        "Population": {
            "action": -0.4835500717163086,
            "observation": 56
        }
    },
    "135": {
        "BestCoverage": 0.8,
        "Population": {
            "action": -4.200048923492432,
            "observation": 56
        }
    },
    "140": {
        "BestCoverage": 0.8,
        "Population": {
            "action": 4.424295425415039,
            "observation": 52
        }
    },
    "145": {
        "BestCoverage": 0.8,
        "Population": {
            "action": 1.2911872863769531,
            "observation": 56
        }
    },
    "150": {
        "BestCoverage": 0.8,
        "Population": {
            "action": 6.056015968322754,
            "observation": 57
        }
    },
    "155": {
        "BestCoverage": 0.8,
        "Population": {
            "action": -4.72642707824707,
            "observation": 63
        }
    },
    "160": {
        "BestCoverage": 0.8,
        "Population": {
            "action": -4.822344779968262,
            "observation": 58
        }
    },
    "165": {
        "BestCoverage": 0.8,
        "Population": {
            "action": 3.076075553894043,
            "observation": 53
        }
    },
    "170": {
        "BestCoverage": 0.8,
        "Population": {
            "action": 1.8539419174194336,
            "observation": 56
        }
    },
    "175": {
        "BestCoverage": 0.8,
        "Population": {
            "action": -1.658092975616455,
            "observation": 58
        }
    },
    "180": {
        "BestCoverage": 0.8,
        "Population": {
            "action": 4.307650566101074,
            "observation": 56
        }
    },
    "185": {
        "BestCoverage": 0.8,
        "Population": {
            "action": 7.851503372192383,
            "observation": 60
        }
    },
    "190": {
        "BestCoverage": 0.8,
        "Population": {
            "action": -3.212437629699707,
            "observation": 68
        }
    },
    "195": {
        "BestCoverage": 0.8,
        "Population": {
            "action": 1.3157386779785156,
            "observation": 65
        }
    },
    "200": {
        "BestCoverage": 0.8,
        "Population": {
            "action": -4.732844352722168,
            "observation": 66
        }
    },
    "205": {
        "BestCoverage": 0.8,
        "Population": {
            "action": -4.77938175201416,
            "observation": 61
        }
    },
    "210": {
        "BestCoverage": 0.8,
        "Population": {
            "action": 3.826260566711426,
            "observation": 56
        }
    },
    "215": {
        "BestCoverage": 0.8,
        "Population": {
            "action": 4.645744323730469,
            "observation": 60
        }
    },
    "220": {
        "BestCoverage": 0.8,
        "Population": {
            "action": 7.939983367919922,
            "observation": 65
        }
    },
    "225": {
        "BestCoverage": 0.8,
        "Population": {
            "action": -2.2183408737182617,
            "observation": 73
        }
    },
    "230": {
        "BestCoverage": 0.8,
        "Population": {
            "action": -1.9013938903808594,
            "observation": 71
        }
    },
    "235": {
        "BestCoverage": 0.8,
        "Population": {
            "action": -4.343879699707031,
            "observation": 69
        }
    },
    "240": {
        "BestCoverage": 0.8,
        "Population": {
            "action": 3.7296905517578125,
            "observation": 65
        }
    },
    "245": {
        "BestCoverage": 0.8,
        "Population": {
            "action": 4.023235321044922,
            "observation": 69
        }
    },
    "250": {
        "BestCoverage": 0.8,
        "Population": {
            "action": -7.736027240753174,
            "observation": 73
        }
    },
    "255": {
        "BestCoverage": 0.8,
        "Population": {
            "action": 5.939968109130859,
            "observation": 65
        }
    },
    "260": {
        "BestCoverage": 0.8,
        "Population": {
            "action": -5.167292594909668,
            "observation": 71
        }
    },
    "265": {
        "BestCoverage": 0.8,
        "Population": {
            "action": 3.650693893432617,
            "observation": 66
        }
    },
    "270": {
        "BestCoverage": 0.8,
        "Population": {
            "action": 0.3411264419555664,