{
    "15": {
        "BestCoverage": 0.8,
        "CrossoverRate": {
            "action": -0.08696598410606385,
            "observation": 0.75
        }
    },
    "20": {
        "BestCoverage": 0.8,
        "CrossoverRate": {
            "action": -0.06554487347602844,
            "observation": 0.6630340158939362
        }
    },
    "25": {
        "BestCoverage": 0.8,
        "CrossoverRate": {
            "action": -0.04799860715866089,
            "observation": 0.5974891424179077
        }
    },
    "30": {
        "BestCoverage": 0.8,
        "CrossoverRate": {
            "action": -0.01577049493789673,
            "observation": 0.5494905352592468
        }
    },
    "35": {
        "BestCoverage": 0.8,
        "CrossoverRate": {
            "action": -0.06522905826568604,
            "observation": 0.5337200403213501
        }
    },
    "40": {
        "BestCoverage": 0.8,
        "CrossoverRate": {
            "action": -0.03789314031600952,
            "observation": 0.4684909820556641
        }
    },
    "45": {
        "BestCoverage": 0.8,
        "CrossoverRate": {
            "action": 0.030957090854644764,
            "observation": 0.43059784173965454
        }
    },
    "50": {
        "BestCoverage": 0.8,
        "CrossoverRate": {
            "action": 0.07856355905532839,
            "observation": 0.4615549325942993
        }
    },
    "55": {
        "BestCoverage": 0.8,
        "CrossoverRate": {
            "action": -0.09099553227424623,
            "observation": 0.5401184916496277
        }
    },
    "60": {
        "BestCoverage": 0.8,
        "CrossoverRate": {
            "action": 0.014558935165405268,
            "observation": 0.44912295937538144
        }
    },
    "65": {
        "BestCoverage": 0.8,
        "CrossoverRate": {
            "action": 0.012353003025054932,
            "observation": 0.4636818945407867
        }
    },
    "70": {
        "BestCoverage": 0.8,
        "CrossoverRate": {
            "action": -0.05260432362556458,
            "observation": 0.4760348975658416
        }
    },
    "75": {
        "BestCoverage": 0.8,
        "CrossoverRate": {
            "action": 0.01337502002716065,
            "observation": 0.42343057394027706
        }
    },
    "80": {
        "BestCoverage": 0.8,
        "CrossoverRate": {
            "action": -0.0022471666336059543,
            "observation": 0.4368055939674377
        }
    },
    "85": {
        "BestCoverage": 0.8,
        "CrossoverRate": {
            "action": -0.0903486967086792,
            "observation": 0.4345584273338317
        }
    },
    "90": {
        "BestCoverage": 0.8,
        "CrossoverRate": {
            "action": 0.05299577713012696,
            "observation": 0.3442097306251525
        }
    },
    "95": {
        "BestCoverage": 0.8,
        "CrossoverRate": {
            "action": 0.027907574176788325,
            "observation": 0.3972055077552794
        }
    },
    "100": {
        "BestCoverage": 0.8,
        "CrossoverRate": {
            "action": -0.09500648975372315,
            "observation": 0.42511308193206776
        }
    },
    "105": {
        "BestCoverage": 0.8,
        "CrossoverRate": {
            "action": -0.04012609720230103,
            "observation": 0.3301065921783446
        }
    },
    "110": {
        "BestCoverage": 0.8,
        "CrossoverRate": {
            "action": -0.07513782382011414,
            "observation": 0.28998049497604356
        }
    },
    "115": {
        "BestCoverage": 0.8,
        "CrossoverRate": {
            "action": -0.005350732803344721,
            "observation": 0.21484267115592942
        }
    },
    "120": {
        "BestCoverage": 0.8,
        "CrossoverRate": {
            "action": -0.06678815484046936,
            "observation": 0.2094919383525847
        }
    },
    "125": {
        "BestCoverage": 0.8,
        "CrossoverRate": {
            "action": 0.06149597167968751,
            "observation": 0.14270378351211532
        }
    },
    "130": {
        "BestCoverage": 0.8,
        "CrossoverRate": {
            "action": 0.0958058476448059,
            "observation": 0.20419975519180283
        }
    },
    "135": {
        "BestCoverage": 0.8,
        "CrossoverRate": {
            "action": 0.0055814385414123535,
            "observation": 0.3000056028366087
        }
    },
    "140": {
        "BestCoverage": 0.8,
        "CrossoverRate": {
            "action": -0.05734866261482239,
            "observation": 0.30558704137802106
        }
    },
    "145": {
        "BestCoverage": 0.8,
        "CrossoverRate": {
            "action": -0.008212018013000491,
            "observation": 0.24823837876319868
        }
    },
    "150": {
        "BestCoverage": 0.8,
        "CrossoverRate": {
            "action": 0.020955204963684082,
            "observation": 0.24002636075019818
        }
    },
    "155": {
        "BestCoverage": 0.8,
        "CrossoverRate": {
            "action": 0.09690377712249756,
            "observation": 0.26098156571388226
        }
    },
    "160": {
        "BestCoverage": 0.8,
        "CrossoverRate": {
            "action": -0.032298743724823,
            "observation": 0.35788534283637985
        }
    },
    "165": {
        "BestCoverage": 0.8,
        "CrossoverRate": {
            "action": 0.03234505653381348,
            "observation": 0.32558659911155685
        }
    },
    "170": {
        "BestCoverage": 0.8,
        "CrossoverRate": {
            "action": -0.03422814607620239,
            "observation": 0.35793165564537033
        }
    },
    "175": {
        "BestCoverage": 0.8,
        "CrossoverRate": {
            "action": 0.05256669521331789,
            "observation": 0.32370350956916794
        }
    },
    "180": {
        "BestCoverage": 0.8,
        "CrossoverRate": {
            "action": -0.021067482233047483,
            "observation": 0.37627020478248585
        }
    },
    "185": {
        "BestCoverage": 0.8,
        "CrossoverRate": {
            "action": -0.054850715398788455,
            "observation": 0.35520272254943835
        }
    },
    "190": {
        "BestCoverage": 0.8,
        "CrossoverRate": {
            "action": 0.08039473295211794,
            "observation": 0.3003520071506499
        }
    },
    "195": {
        "BestCoverage": 0.8,
        "CrossoverRate": {
            "action": 0.02324498891830444,
            "observation": 0.3807467401027679
        }
    },
    "200": {
        "BestCoverage": 0.8,
        "CrossoverRate": {
            "action": 0.03551257848739625,
            "observation": 0.40399172902107233
        }
    },
    "205": {
        "BestCoverage": 0.8,
        "CrossoverRate": {
            "action": -0.02232236862182617,
            "observation": 0.4395043075084686
        }
    },
    "210": {
        "BestCoverage": 0.8,
        "CrossoverRate": {
            "action": -0.006978327035903925,
            "observation": 0.4171819388866424
        }
    },
    "215": {
        "BestCoverage": 0.8,
        "CrossoverRate": {
            "action": -0.0856748104095459,
            "observation": 0.4102036118507385
        }
    },
    "220": {
        "BestCoverage": 0.8,
        "CrossoverRate": {
            "action": -0.07943359017372131,
            "observation": 0.3245288014411926
        }
    },
    "225": {
        "BestCoverage": 0.8,
        "CrossoverRate": {
            "action": -0.02810956239700317,
            "observation": 0.2450952112674713
        }
    },
    "230": {
        "BestCoverage": 0.8,
        "CrossoverRate": {
            "action": -0.022459942102432254,
            "observation": 0.21698564887046812
        }
    },
    "235": {
        "BestCoverage": 0.8,
        "CrossoverRate": {
            "action": -0.024386048316955566,
            "observation": 0.19452570676803588
        }
    },
    "240": {
        "BestCoverage": 0.8,