{
    "30": {
        "BestCoverage": 0.75,
        "TestDeleteProbability": {
            "action": 0.054182314872741694,
            "observation": 0.3333333333333333
        }
    },
    "35": {
        "BestCoverage": 0.75,
        "TestDeleteProbability": {
            "action": 0.03925826549530029,
            "observation": 0.387515648206075
        }
    },
    "40": {
        "BestCoverage": 0.75,
        "TestDeleteProbability": {
            "action": -0.007962918281555181,
            "observation": 0.4267739137013753
        }
    },
    "45": {
        "BestCoverage": 0.75,
        "TestDeleteProbability": {
            "action": -0.04114329814910889,
            "observation": 0.41881099541982014
        }
    },
    "50": {
        "BestCoverage": 0.75,
        "TestDeleteProbability": {
            "action": -0.06986737251281738,
            "observation": 0.37766769727071126
        }
    },
    "55": {
        "BestCoverage": 0.75,
        "TestDeleteProbability": {
            "action": 0.09420372247695924,
            "observation": 0.3078003247578939
        }
    },
    "60": {
        "BestCoverage": 0.75,
        "TestDeleteProbability": {
            "action": 0.058346283435821544,
            "observation": 0.4020040472348531
        }
    },
    "65": {
        "BestCoverage": 0.75,
        "TestDeleteProbability": {
            "action": 0.03442940711975098,
            "observation": 0.46035033067067466
        }
    },
    "70": {
        "BestCoverage": 0.75,
        "TestDeleteProbability": {
            "action": -0.030637145042419434,
            "observation": 0.4947797377904256
        }
    },
    "75": {
        "BestCoverage": 0.75,
        "TestDeleteProbability": {
            "action": -0.025022846460342404,
            "observation": 0.4641425927480062
        }
    },
    "80": {
        "BestCoverage": 0.75,
        "TestDeleteProbability": {
            "action": 0.00442094802856445,
            "observation": 0.43911974628766376
        }
    },
    "85": {
        "BestCoverage": 0.75,
        "TestDeleteProbability": {
            "action": -0.05951305627822876,
            "observation": 0.4435406943162282
        }
    },
    "90": {
        "BestCoverage": 0.75,
        "TestDeleteProbability": {
            "action": -0.09843380451202394,
            "observation": 0.38402763803799944
        }
    },
    "95": {
        "BestCoverage": 0.75,
        "TestDeleteProbability": {
            "action": 0.0739565968513489,
            "observation": 0.2855938335259755
        }
    },
    "100": {
        "BestCoverage": 0.75,
        "TestDeleteProbability": {
            "action": 0.04206804037094117,
            "observation": 0.35955043037732437
        }
    },
    "105": {
        "BestCoverage": 0.75,
        "TestDeleteProbability": {
            "action": -0.048520350456237794,
            "observation": 0.4016184707482655
        }
    },
    "110": {
        "BestCoverage": 0.75,
        "TestDeleteProbability": {
            "action": 0.07700049877166748,
            "observation": 0.3530981202920277
        }
    },
    "115": {
        "BestCoverage": 0.75,
        "TestDeleteProbability": {
            "action": -0.04208242893218994,
            "observation": 0.4300986190636952
        }
    },
    "120": {
        "BestCoverage": 0.75,
        "TestDeleteProbability": {
            "action": 0.0829201340675354,
            "observation": 0.38801619013150523
        }
    },
    "125": {
        "BestCoverage": 0.75,
        "TestDeleteProbability": {
            "action": 0.032413518428802496,
            "observation": 0.47093632419904063
        }
    },
    "130": {
        "BestCoverage": 0.75,
        "TestDeleteProbability": {
            "action": -0.04310843944549561,
            "observation": 0.5033498426278431
        }
    },
    "135": {
        "BestCoverage": 0.8,
        "TestDeleteProbability": {
            "action": -0.07325239777565003,
            "observation": 0.4602414031823475
        }
    },
    "140": {
        "BestCoverage": 0.8,
        "TestDeleteProbability": {
            "action": -0.027478516101837158,
            "observation": 0.3869890054066975
        }
    },
    "145": {
        "BestCoverage": 0.8,
        "TestDeleteProbability": {
            "action": -0.07435514330863953,
            "observation": 0.35951048930486035
        }
    },
    "150": {
        "BestCoverage": 0.8,
        "TestDeleteProbability": {
            "action": -0.009181439876556396,
            "observation": 0.28515534599622083
        }
    },
    "155": {
        "BestCoverage": 0.8,
        "TestDeleteProbability": {
            "action": -0.08494755029678346,
            "observation": 0.27597390611966444
        }
    },
    "160": {
        "BestCoverage": 0.8,
        "TestDeleteProbability": {
            "action": -0.0379832923412323,
            "observation": 0.19102635582288097
        }
    },
    "165": {
        "BestCoverage": 0.8,
        "TestDeleteProbability": {
            "action": 0.07089428901672365,
            "observation": 0.15304306348164867
        }
    },
    "170": {
        "BestCoverage": 0.8,
        "TestDeleteProbability": {
            "action": -0.08166105151176453,
            "observation": 0.22393735249837232
        }
    },
    "175": {
        "BestCoverage": 0.8,
        "TestDeleteProbability": {
            "action": 0.0715177059173584,
            "observation": 0.1422763009866078
        }
    },
    "180": {
        "BestCoverage": 0.8,
        "TestDeleteProbability": {
            "action": 0.026044988632202143,
            "observation": 0.2137940069039662
        }
    },
    "185": {
        "BestCoverage": 0.8,
        "TestDeleteProbability": {
            "action": -0.02673494219779969,
            "observation": 0.23983899553616833
        }
    },
    "190": {
        "BestCoverage": 0.8,
        "TestDeleteProbability": {
            "action": -0.061590105295181274,
            "observation": 0.21310405333836863
        }
    },
    "195": {
        "BestCoverage": 0.8,
        "TestDeleteProbability": {
            "action": -0.03654080629348755,
            "observation": 0.15151394804318735
        }
    },
    "200": {
        "BestCoverage": 0.8,
        "TestDeleteProbability": {
            "action": -0.08442120552062989,
            "observation": 0.1149731417496998
        }
    },
    "205": {
        "BestCoverage": 0.8,
        "TestDeleteProbability": {
            "action": 0.003042972087860113,
            "observation": 0.030551936229069918
        }
    },
    "210": {
        "BestCoverage": 0.8,
        "TestDeleteProbability": {
            "action": 0.06175363063812256,
            "observation": 0.03359490831693003
        }
    },
    "215": {
        "BestCoverage": 0.8,
        "TestDeleteProbability": {
            "action": 0.06790528297424317,
            "observation": 0.09534853895505259
        }
    },
    "220": {
        "BestCoverage": 0.8,
        "TestDeleteProbability": {
            "action": -0.0858046293258667,
            "observation": 0.16325382192929577
        }
    },
    "225": {
        "BestCoverage": 0.8,
        "TestDeleteProbability": {
            "action": 0.01776332855224609,
            "observation": 0.07744919260342907
        }
    },
    "230": {
        "BestCoverage": 0.8,
        "TestDeleteProbability": {
            "action": 0.07140398025512695,
            "observation": 0.09521252115567516
        }
    },
    "235": {
        "BestCoverage": 0.8,
        "TestDeleteProbability": {
            "action": 0.053181958198547374,
            "observation": 0.16661650141080211
        }
    },
    "240": {
        "BestCoverage": 0.8,
        "TestDeleteProbability": {
            "action": -0.08807059526443482,
            "observation": 0.2197984596093495
        }
    },
    "245": {
        "BestCoverage": 0.8,