{
    "15": {
        "BestCoverage": 0.8,
        "TestDeleteProbability": {
            "action": -0.08014330267906189,
            "observation": 0.3333333333333333
        }
    },
    "20": {
        "BestCoverage": 0.8,
        "TestDeleteProbability": {
            "action": 0.09745557308197023,
            "observation": 0.2531900306542714
        }
    },
    "25": {
        "BestCoverage": 0.8,
        "TestDeleteProbability": {
            "action": 0.02576919794082641,
            "observation": 0.35064560373624165
        }
    },
    "30": {
        "BestCoverage": 0.8,
        "TestDeleteProbability": {
            "action": 0.04719507694244385,
            "observation": 0.3764148016770681
        }
    },
    "35": {
        "BestCoverage": 0.8,
        "TestDeleteProbability": {
            "action": 0.0683445930480957,
            "observation": 0.42360987861951194
        }
    },
    "40": {
        "BestCoverage": 0.8,
        "TestDeleteProbability": {
            "action": 0.0719103455543518,
            "observation": 0.49195447166760764
        }
    },
    "45": {
        "BestCoverage": 0.8,
        "TestDeleteProbability": {
            "action": 0.09173200130462647,
            "observation": 0.5638648172219595
        }
    },
    "50": {
        "BestCoverage": 0.8,
        "TestDeleteProbability": {
            "action": 0.0732995867729187,
            "observation": 0.6555968185265859
        }
    },
    "55": {
        "BestCoverage": 0.8,
        "TestDeleteProbability": {
            "action": 0.043124449253082286,
            "observation": 0.7288964052995046
        }
    },
    "60": {
        "BestCoverage": 0.8,
        "TestDeleteProbability": {
            "action": 0.07050817012786867,
            "observation": 0.7720208545525868
        }
    },
    "65": {
        "BestCoverage": 0.8,
        "TestDeleteProbability": {
            "action": 0.01818219423294068,
            "observation": 0.8425290246804555
        }
    },
    "70": {
        "BestCoverage": 0.8,
        "TestDeleteProbability": {
            "action": -0.004407310485839838,
            "observation": 0.8607112189133962
        }
    },
    "75": {
        "BestCoverage": 0.8,
        "TestDeleteProbability": {
            "action": 0.023763954639434814,
            "observation": 0.8563039084275563
        }
    },
    "80": {
        "BestCoverage": 0.8,
        "TestDeleteProbability": {
            "action": 0.09349477291107178,
            "observation": 0.8800678630669911
        }
    },
    "85": {
        "BestCoverage": 0.8,
        "TestDeleteProbability": {
            "action": 0.0034780025482177707,
            "observation": 0.9735626359780629
        }
    },
    "90": {
        "BestCoverage": 0.8,
        "TestDeleteProbability": {
            "action": 0.0071989536285400335,
            "observation": 0.9770406385262806
        }
    },
    "95": {
        "BestCoverage": 0.8,
        "TestDeleteProbability": {
            "action": -0.05510477423667908,
            "observation": 0.9842395921548207
        }
    },
    "100": {
        "BestCoverage": 0.8,
        "TestDeleteProbability": {
            "action": -0.060765022039413454,
            "observation": 0.9291348179181417
        }
    },
    "105": {
        "BestCoverage": 0.8,
        "TestDeleteProbability": {
            "action": 0.013800776004791265,
            "observation": 0.8683697958787282
        }
    },
    "110": {
        "BestCoverage": 0.8,
        "TestDeleteProbability": {
            "action": -0.006744998693466189,
            "observation": 0.8821705718835194
        }
    },
    "115": {
        "BestCoverage": 0.8,
        "TestDeleteProbability": {
            "action": 0.06353062391281128,
            "observation": 0.8754255731900532
        }
    },
    "120": {
        "BestCoverage": 0.8,
        "TestDeleteProbability": {
            "action": -0.001793676614761347,
            "observation": 0.9389561971028645
        }
    },
    "125": {
        "BestCoverage": 0.8,
        "TestDeleteProbability": {
            "action": -0.03340365290641785,
            "observation": 0.9371625204881031
        }
    },
    "130": {
        "BestCoverage": 0.8,
        "TestDeleteProbability": {
            "action": 0.020440745353698733,
            "observation": 0.9037588675816852
        }
    },
    "135": {
        "BestCoverage": 0.8,
        "TestDeleteProbability": {
            "action": -0.09336659908294678,
            "observation": 0.924199612935384
        }
    },
    "140": {
        "BestCoverage": 0.8,
        "TestDeleteProbability": {
            "action": -0.04495121240615845,
            "observation": 0.8308330138524372
        }
    },
    "145": {
        "BestCoverage": 0.8,
        "TestDeleteProbability": {
            "action": -0.085717111825943,
            "observation": 0.7858818014462788
        }
    },
    "150": {
        "BestCoverage": 0.8,
        "TestDeleteProbability": {
            "action": 0.037737321853637706,
            "observation": 0.7001646896203358
        }
    },
    "155": {
        "BestCoverage": 0.8,
        "TestDeleteProbability": {
            "action": 0.01414687633514404,
            "observation": 0.7379020114739736
        }
    },
    "160": {
        "BestCoverage": 0.8,
        "TestDeleteProbability": {
            "action": 0.03581907749176025,
            "observation": 0.7520488878091176
        }
    },
    "165": {
        "BestCoverage": 0.8,
        "TestDeleteProbability": {
            "action": 0.07343530654907227,
            "observation": 0.7878679653008779
        }
    },
    "170": {
        "BestCoverage": 0.8,
        "TestDeleteProbability": {
            "action": -0.0037836432456970215,
            "observation": 0.8613032718499501
        }
    },
    "175": {
        "BestCoverage": 0.8,
        "TestDeleteProbability": {
            "action": -0.06508405208587648,
            "observation": 0.8575196286042531
        }
    },
    "180": {
        "BestCoverage": 0.8,
        "TestDeleteProbability": {
            "action": -0.055898070335388184,
            "observation": 0.7924355765183766
        }
    },
    "185": {
        "BestCoverage": 0.8,
        "TestDeleteProbability": {
            "action": 0.0006482958793640192,
            "observation": 0.7365375061829884
        }
    },
    "190": {
        "BestCoverage": 0.8,
        "TestDeleteProbability": {
            "action": 0.005457508563995364,
            "observation": 0.7371858020623524
        }
    },
    "195": {
        "BestCoverage": 0.8,
        "TestDeleteProbability": {
            "action": 0.05067466497421266,
            "observation": 0.7426433106263478
        }
    },
    "200": {
        "BestCoverage": 0.8,
        "TestDeleteProbability": {
            "action": 0.09277031421661378,
            "observation": 0.7933179756005605
        }
    },
    "205": {
        "BestCoverage": 0.8,
        "TestDeleteProbability": {
            "action": -0.08660767674446107,
            "observation": 0.8860882898171742
        }
    },
    "210": {
        "BestCoverage": 0.8,
        "TestDeleteProbability": {
            "action": -0.01768124699592591,
            "observation": 0.7994806130727132
        }
    },
    "215": {
        "BestCoverage": 0.8,
        "TestDeleteProbability": {
            "action": 0.03497803211212158,
            "observation": 0.7817993660767873
        }
    },
    "220": {
        "BestCoverage": 0.8,
        "TestDeleteProbability": {
            "action": -0.06455984711647034,
            "observation": 0.8167773981889089
        }
    },
    "225": {
        "BestCoverage": 0.8,
        "TestDeleteProbability": {
            "action": 0.015706789493560788,
            "observation": 0.7522175510724386
        }
    },
    "230": {
        "BestCoverage": 0.8,