{
    "15": {
        "BestCoverage": 0.8,
        "TestChangeProbability": {
            "action": -0.02647922039031983,
            "observation": 0.3333333333333333
        }
    },
    "20": {
        "BestCoverage": 0.8,
        "TestChangeProbability": {
            "action": 0.033732557296752924,
            "observation": 0.30685411294301346
        }
    },
    "25": {
        "BestCoverage": 0.8,
        "TestChangeProbability": {
            "action": -0.08986235857009889,
            "observation": 0.3405866702397664
        }
    },
    "30": {
        "BestCoverage": 0.8,
        "TestChangeProbability": {
            "action": -0.02869601249694824,
            "observation": 0.2507243116696675
        }
    },
    "35": {
        "BestCoverage": 0.8,
        "TestChangeProbability": {
            "action": -0.01743073463439941,
            "observation": 0.22202829917271927
        }
    },
    "40": {
        "BestCoverage": 0.8,
        "TestChangeProbability": {
            "action": -0.04566522240638733,
            "observation": 0.20459756453831984
        }
    },
    "45": {
        "BestCoverage": 0.8,
        "TestChangeProbability": {
            "action": -0.05475000143051148,
            "observation": 0.15893234213193252
        }
    },
    "50": {
        "BestCoverage": 0.8,
        "TestChangeProbability": {
            "action": 0.03647389411926269,
            "observation": 0.10418234070142104
        }
    },
    "55": {
        "BestCoverage": 0.8,
        "TestChangeProbability": {
            "action": -0.06351318955421448,
            "observation": 0.14065623482068373
        }
    },
    "60": {
        "BestCoverage": 0.8,
        "TestChangeProbability": {
            "action": 0.020449733734130865,
            "observation": 0.07714304526646926
        }
    },
    "65": {
        "BestCoverage": 0.8,
        "TestChangeProbability": {
            "action": -0.0653894603252411,
            "observation": 0.09759277900060012
        }
    },
    "70": {
        "BestCoverage": 0.8,
        "TestChangeProbability": {
            "action": 0.03833296298980712,
            "observation": 0.03220331867535903
        }
    },
    "75": {
        "BestCoverage": 0.8,
        "TestChangeProbability": {
            "action": -0.08989036083221436,
            "observation": 0.07053628166516615
        }
    },
    "80": {
        "BestCoverage": 0.8,
        "TestChangeProbability": {
            "action": -0.003274893760681158,
            "observation": 0.0
        }
    },
    "85": {
        "BestCoverage": 0.8,
        "TestChangeProbability": {
            "action": 0.037320935726165766,
            "observation": 0.0
        }
    },
    "90": {
        "BestCoverage": 0.8,
        "TestChangeProbability": {
            "action": -0.08319680094718934,
            "observation": 0.037320935726165766
        }
    },
    "95": {
        "BestCoverage": 0.8,
        "TestChangeProbability": {
            "action": -0.05553959608078003,
            "observation": 0.0
        }
    },
    "100": {
        "BestCoverage": 0.8,
        "TestChangeProbability": {
            "action": -0.0866198480129242,
            "observation": 0.0
        }
    },
    "105": {
        "BestCoverage": 0.8,
        "TestChangeProbability": {
            "action": 0.09331444501876832,
            "observation": 0.0
        }
    },
    "110": {
        "BestCoverage": 0.8,
        "TestChangeProbability": {
            "action": -0.02622163891792298,
            "observation": 0.09331444501876832
        }
    },
    "115": {
        "BestCoverage": 0.8,
        "TestChangeProbability": {
            "action": 0.04722946882247925,
            "observation": 0.06709280610084534
        }
    },
    "120": {
        "BestCoverage": 0.8,
        "TestChangeProbability": {
            "action": 0.05781841278076172,
            "observation": 0.11432227492332458
        }
    },
    "125": {
        "BestCoverage": 0.8,
        "TestChangeProbability": {
            "action": -0.020091807842254644,
            "observation": 0.1721406877040863
        }
    },
    "130": {
        "BestCoverage": 0.8,
        "TestChangeProbability": {
            "action": -0.06715754866600038,
            "observation": 0.15204887986183166
        }
    },
    "135": {
        "BestCoverage": 0.8,
        "TestChangeProbability": {
            "action": 0.09368822574615479,
            "observation": 0.08489133119583128
        }
    },
    "140": {
        "BestCoverage": 0.8,
        "TestChangeProbability": {
            "action": -0.09284768104553223,
            "observation": 0.17857955694198607
        }
    },
    "145": {
        "BestCoverage": 0.8,
        "TestChangeProbability": {
            "action": -0.018302905559539798,
            "observation": 0.08573187589645384
        }
    },
    "150": {
        "BestCoverage": 0.8,
        "TestChangeProbability": {
            "action": 0.07017399072647096,
            "observation": 0.06742897033691404
        }
    },
    "155": {
        "BestCoverage": 0.8,
        "TestChangeProbability": {
            "action": 0.08642525672912599,
            "observation": 0.137602961063385
        }
    },
    "160": {
        "BestCoverage": 0.8,
        "TestChangeProbability": {
            "action": 0.06513279676437378,
            "observation": 0.22402821779251098
        }
    },
    "165": {
        "BestCoverage": 0.8,
        "TestChangeProbability": {
            "action": -0.0258480429649353,
            "observation": 0.28916101455688475
        }
    },
    "170": {
        "BestCoverage": 0.8,
        "TestChangeProbability": {
            "action": 0.08139383792877197,
            "observation": 0.26331297159194944
        }
    },
    "175": {
        "BestCoverage": 0.8,
        "TestChangeProbability": {
            "action": -0.05363053679466248,
            "observation": 0.3447068095207214
        }
    },
    "180": {
        "BestCoverage": 0.8,
        "TestChangeProbability": {
            "action": 0.05546667575836181,
            "observation": 0.29107627272605896
        }
    },
    "185": {
        "BestCoverage": 0.8,
        "TestChangeProbability": {
            "action": -0.08140624761581422,
            "observation": 0.3465429484844208
        }
    },
    "190": {
        "BestCoverage": 0.8,
        "TestChangeProbability": {
            "action": -0.014207047224044797,
            "observation": 0.2651367008686066
        }
    },
    "195": {
        "BestCoverage": 0.8,
        "TestChangeProbability": {
            "action": 0.0694575309753418,
            "observation": 0.25092965364456177
        }
    },
    "200": {
        "BestCoverage": 0.8,
        "TestChangeProbability": {
            "action": -0.049712085723876955,
            "observation": 0.32038718461990356
        }
    },
    "205": {
        "BestCoverage": 0.8,
        "TestChangeProbability": {
            "action": -0.04800292253494263,
            "observation": 0.2706750988960266
        }
    },
    "210": {
        "BestCoverage": 0.8,
        "TestChangeProbability": {
            "action": -0.07449281811714173,
            "observation": 0.22267217636108397
        }
    },
    "215": {
        "BestCoverage": 0.8,
        "TestChangeProbability": {
            "action": 0.06727316379547119,
            "observation": 0.14817935824394224
        }
    },
    "220": {
        "BestCoverage": 0.8,
        "TestChangeProbability": {
            "action": -0.016179770231246948,
            "observation": 0.21545252203941342
        }
    },
    "225": {
        "BestCoverage": 0.8,
        "TestChangeProbability": {
            "action": 0.06311318874359131,
            "observation": 0.19927275180816648
        }
    },
    "230": {
        "BestCoverage": 0.8,
        "TestChangeProbability": {
            "action": -0.06512043476104737,