{
    "15": {
        "BestCoverage": 0.8,
        "TestInsertProbability": {
            "action": 0.031160461902618397,
            "observation": 0.3333333333333333
        }
    },
    "20": {
        "BestCoverage": 0.8,
        "TestInsertProbability": {
            "action": 0.09698843955993652,
            "observation": 0.3644937952359517
        }
    },
    "25": {
        "BestCoverage": 0.8,
        "TestInsertProbability": {
            "action": -0.012761604785919187,
            "observation": 0.46148223479588824
        }
    },
    "30": {
        "BestCoverage": 0.8,
        "TestInsertProbability": {
            "action": -0.03945254683494568,
            "observation": 0.44872063000996903
        }
    },
    "35": {
        "BestCoverage": 0.8,
        "TestInsertProbability": {
            "action": -0.005109262466430661,
            "observation": 0.40926808317502333
        }
    },
    "40": {
        "BestCoverage": 0.8,
        "TestInsertProbability": {
            "action": 0.06435747146606446,
            "observation": 0.40415882070859266
        }
    },
    "45": {
        "BestCoverage": 0.8,
        "TestInsertProbability": {
            "action": 0.043969690799713135,
            "observation": 0.4685162921746571
        }
    },
    "50": {
        "BestCoverage": 0.8,
        "TestInsertProbability": {
            "action": -0.06614516377449037,
            "observation": 0.5124859829743702
        }
    },
    "55": {
        "BestCoverage": 0.8,
        "TestInsertProbability": {
            "action": 0.07898123264312745,
            "observation": 0.44634081919987983
        }
    },
    "60": {
        "BestCoverage": 0.8,
        "TestInsertProbability": {
            "action": -0.05878666043281555,
            "observation": 0.5253220518430073
        }
    },
    "65": {
        "BestCoverage": 0.8,
        "TestInsertProbability": {
            "action": 0.09817245006561279,
            "observation": 0.46653539141019174
        }
    },
    "70": {
        "BestCoverage": 0.8,
        "TestInsertProbability": {
            "action": 0.030790960788726812,
            "observation": 0.5647078414758046
        }
    },
    "75": {
        "BestCoverage": 0.8,
        "TestInsertProbability": {
            "action": 0.04868475198745728,
            "observation": 0.5954988022645313
        }
    },
    "80": {
        "BestCoverage": 0.8,
        "TestInsertProbability": {
            "action": 0.04873327016830445,
            "observation": 0.6441835542519886
        }
    },
    "85": {
        "BestCoverage": 0.8,
        "TestInsertProbability": {
            "action": 0.028792953491210943,
            "observation": 0.692916824420293
        }
    },
    "90": {
        "BestCoverage": 0.8,
        "TestInsertProbability": {
            "action": -0.04139523506164551,
            "observation": 0.7217097779115039
        }
    },
    "95": {
        "BestCoverage": 0.8,
        "TestInsertProbability": {
            "action": -0.04640891551971436,
            "observation": 0.6803145428498584
        }
    },
    "100": {
        "BestCoverage": 0.8,
        "TestInsertProbability": {
            "action": -0.028666085004806524,
            "observation": 0.633905627330144
        }
    },
    "105": {
        "BestCoverage": 0.8,
        "TestInsertProbability": {
            "action": -0.0999798059463501,
            "observation": 0.6052395423253375
        }
    },
    "110": {
        "BestCoverage": 0.8,
        "TestInsertProbability": {
            "action": 0.02216227054595947,
            "observation": 0.5052597363789874
        }
    },
    "115": {
        "BestCoverage": 0.8,
        "TestInsertProbability": {
            "action": -0.07780584692955017,
            "observation": 0.5274220069249468
        }
    },
    "120": {
        "BestCoverage": 0.8,
        "TestInsertProbability": {
            "action": -0.026355034112930303,
            "observation": 0.4496161599953966
        }
    },
    "125": {
        "BestCoverage": 0.8,
        "TestInsertProbability": {
            "action": 0.04455370903015138,
            "observation": 0.42326112588246634
        }
    },
    "130": {
        "BestCoverage": 0.8,
        "TestInsertProbability": {
            "action": 0.06704270839691162,
            "observation": 0.4678148349126177
        }
    },
    "135": {
        "BestCoverage": 0.8,
        "TestInsertProbability": {
            "action": 0.09603736400604249,
            "observation": 0.5348575433095293
        }
    },
    "140": {
        "BestCoverage": 0.8,
        "TestInsertProbability": {
            "action": -0.059096586704254155,
            "observation": 0.6308949073155717
        }
    },
    "145": {
        "BestCoverage": 0.8,
        "TestInsertProbability": {
            "action": -0.0970117449760437,
            "observation": 0.5717983206113176
        }
    },
    "150": {
        "BestCoverage": 0.8,
        "TestInsertProbability": {
            "action": 0.08868372440338135,
            "observation": 0.47478657563527393
        }
    },
    "155": {
        "BestCoverage": 0.8,
        "TestInsertProbability": {
            "action": 0.00234993696212768,
            "observation": 0.5634703000386553
        }
    },
    "160": {
        "BestCoverage": 0.8,
        "TestInsertProbability": {
            "action": -0.0974170446395874,
            "observation": 0.565820237000783
        }
    },
    "165": {
        "BestCoverage": 0.8,
        "TestInsertProbability": {
            "action": 0.08632276058197022,
            "observation": 0.4684031923611956
        }
    },
    "170": {
        "BestCoverage": 0.8,
        "TestInsertProbability": {
            "action": -0.0458122730255127,
            "observation": 0.5547259529431658
        }
    },
    "175": {
        "BestCoverage": 0.8,
        "TestInsertProbability": {
            "action": -0.020042794942855838,
            "observation": 0.5089136799176531
        }
    },
    "180": {
        "BestCoverage": 0.8,
        "TestInsertProbability": {
            "action": 0.09480365514755248,
            "observation": 0.4888708849747973
        }
    },
    "185": {
        "BestCoverage": 0.8,
        "TestInsertProbability": {
            "action": 0.015311205387115473,
            "observation": 0.5836745401223498
        }
    },
    "190": {
        "BestCoverage": 0.8,
        "TestInsertProbability": {
            "action": 0.0864332675933838,
            "observation": 0.5989857455094653
        }
    },
    "195": {
        "BestCoverage": 0.8,
        "TestInsertProbability": {
            "action": -0.025848555564880374,
            "observation": 0.685419013102849
        }
    },
    "200": {
        "BestCoverage": 0.8,
        "TestInsertProbability": {
            "action": -0.015597647428512579,
            "observation": 0.6595704575379686
        }
    },
    "205": {
        "BestCoverage": 0.8,
        "TestInsertProbability": {
            "action": -0.046834468841552734,
            "observation": 0.6439728101094561
        }
    },
    "210": {
        "BestCoverage": 0.8,
        "TestInsertProbability": {
            "action": -0.01236786246299744,
            "observation": 0.5971383412679033
        }
    },
    "215": {
        "BestCoverage": 0.8,
        "TestInsertProbability": {
            "action": 0.07699530124664308,
            "observation": 0.5847704788049058
        }
    },
    "220": {
        "BestCoverage": 0.8,
        "TestInsertProbability": {
            "action": -0.09651458263397217,
            "observation": 0.661765780051549
        }
    },
    "225": {
        "BestCoverage": 0.8,
        "TestInsertProbability": {
            "action": 0.056840682029724116,
            "observation": 0.5652511974175768
        }
    },
    "230": {
        "BestCoverage": 0.8,