{
    "15": {
        "BestCoverage": 0.8,
        "Elite": {
            "action": 0.8983006477355957,
            "observation": 1
        }
    },
    "20": {
        "BestCoverage": 0.8,
        "Elite": {
            "action": -0.738483190536499,
            "observation": 2
        }
    },
    "25": {
        "BestCoverage": 0.8,
        "Elite": {
            "action": -0.38289928436279297,
            "observation": 1
        }
    },
    "30": {
        "BestCoverage": 0.8,
        "Elite": {
            "action": 0.06612598896026611,
            "observation": 1
        }
    },
    "35": {
        "BestCoverage": 0.8,
        "Elite": {
            "action": 0.5500786304473877,
            "observation": 1
        }
    },
    "40": {
        "BestCoverage": 0.8,
        "Elite": {
            "action": 0.8231148719787598,
            "observation": 2
        }
    },
    "45": {
        "BestCoverage": 0.8,
        "Elite": {
            "action": 0.6118501424789429,
            "observation": 3
        }
    },
    "50": {
        "BestCoverage": 0.8,
        "Elite": {
            "action": 0.696937084197998,
            "observation": 4
        }
    },
    "55": {
        "BestCoverage": 0.8,
        "Elite": {
            "action": 0.024062633514404297,
            "observation": 5
        }
    },
    "60": {
        "BestCoverage": 0.8,
        "Elite": {
            "action": -0.6070553064346313,
            "observation": 5
        }
    },
    "65": {
        "BestCoverage": 0.8,
        "Elite": {
            "action": -0.6103959083557129,
            "observation": 4
        }
    },
    "70": {
        "BestCoverage": 0.8,
        "Elite": {
            "action": -0.3577383756637573,
            "observation": 3
        }
    },
    "75": {
        "BestCoverage": 0.8,
        "Elite": {
            "action": 0.23300659656524658,
            "observation": 3
        }
    },
    "80": {
        "BestCoverage": 0.8,
        "Elite": {
            "action": -0.41219449043273926,
            "observation": 3
        }
    },
    "85": {
        "BestCoverage": 0.8,
        "Elite": {
            "action": 0.176436185836792,
            "observation": 3
        }
    },
    "90": {
        "BestCoverage": 0.8,
        "Elite": {
            "action": -0.9400794506072998,
            "observation": 3
        }
    },
    "95": {
        "BestCoverage": 0.8,
        "Elite": {
            "action": -0.02620518207550049,
            "observation": 2
        }
    },
    "100": {
        "BestCoverage": 0.8,
        "Elite": {
            "action": 0.24859917163848877,
            "observation": 2
        }
    },
    "105": {
        "BestCoverage": 0.8,
        "Elite": {
            "action": 0.3263051509857178,
            "observation": 2
        }
    },
    "110": {
        "BestCoverage": 0.8,
        "Elite": {
            "action": 0.9813497066497803,
            "observation": 2
        }
    },
    "115": {
        "BestCoverage": 0.8,
        "Elite": {
            "action": 0.4818994998931885,
            "observation": 3
        }
    },
    "120": {
        "BestCoverage": 0.8,
        "Elite": {
            "action": 0.8672313690185547,
            "observation": 3
        }
    },
    "125": {
        "BestCoverage": 0.8,
        "Elite": {
            "action": 0.3398091793060303,
            "observation": 4
        }
    },
    "130": {
        "BestCoverage": 0.8,
        "Elite": {
            "action": -0.22337180376052856,
            "observation": 4
        }
    },
    "135": {
        "BestCoverage": 0.8,
        "Elite": {
            "action": 0.28867852687835693,
            "observation": 4
        }
    },
    "140": {
        "BestCoverage": 0.8,
        "Elite": {
            "action": 0.2933030128479004,
            "observation": 4
        }
    },
    "145": {
        "BestCoverage": 0.8,
        "Elite": {
            "action": 0.6808146238327026,
            "observation": 4
        }
    },
    "150": {
        "BestCoverage": 0.8,
        "Elite": {
            "action": 0.3412123918533325,
            "observation": 5
        }
    },
    "155": {
        "BestCoverage": 0.8,
        "Elite": {
            "action": 0.9295917749404907,
            "observation": 5
        }
    },
    "160": {
        "BestCoverage": 0.8,
        "Elite": {
            "action": 0.30745935440063477,
            "observation": 6
        }
    },
    "165": {
        "BestCoverage": 0.8,
        "Elite": {
            "action": 0.2998685836791992,
            "observation": 6
        }
    },
    "170": {
        "BestCoverage": 0.8,
        "Elite": {
            "action": 0.8666191101074219,
            "observation": 6
        }
    },
    "175": {
        "BestCoverage": 0.8,
        "Elite": {
            "action": 0.5765630006790161,
            "observation": 7
        }
    },
    "180": {
        "BestCoverage": 0.8,
        "Elite": {
            "action": -0.8441580533981323,
            "observation": 8
        }
    },
    "185": {
        "BestCoverage": 0.8,
        "Elite": {
            "action": -0.7665388584136963,
            "observation": 7
        }
    },
    "190": {
        "BestCoverage": 0.8,
        "Elite": {
            "action": -0.4728081226348877,
            "observation": 6
        }
    },
    "195": {
        "BestCoverage": 0.8,
        "Elite": {
            "action": 0.8125758171081543,
            "observation": 6
        }
    },
    "200": {
        "BestCoverage": 0.8,
        "Elite": {
            "action": -0.2005223035812378,
            "observation": 7
        }
    },
    "205": {
        "BestCoverage": 0.8,
        "Elite": {
            "action": 0.12928199768066406,
            "observation": 7
        }
    },
    "210": {
        "BestCoverage": 0.8,
        "Elite": {
            "action": -0.9184861183166504,
            "observation": 7
        }
    },
    "215": {
        "BestCoverage": 0.8,
        "Elite": {
            "action": 0.4124675989151001,
            "observation": 6
        }
    },
    "220": {
        "BestCoverage": 0.8,
        "Elite": {
            "action": -0.34978246688842773,
            "observation": 6
        }
    },
    "225": {
        "BestCoverage": 0.8,
        "Elite": {
            "action": -0.724236011505127,
            "observation": 6
        }
    },
    "230": {
        "BestCoverage": 0.8,
        "Elite": {
            "action": 0.4430161714553833,
            "observation": 5
        }
    },
    "235": {
        "BestCoverage": 0.8,
        "Elite": {
            "action": -0.8252847194671631,
            "observation": 5
        }
    },
    "240": {
        "BestCoverage": 0.8,
        "Elite": {
            "action": 0.36568737030029297,
            "observation": 4
        }
    },
    "245": {
        "BestCoverage": 0.8,
        "Elite": {
            "action": -0.6898183822631836,
            "observation": 4
        }
    },
    "250": {
        "BestCoverage": 0.8,
        "Elite": {
            "action": -0.13574880361557007,
            "observation": 3
        }
    },
    "255": {
        "BestCoverage": 0.8,
        "Elite": {
            "action": -0.8976685404777527,
            "observation": 3
        }
    },
    "260": {
        "BestCoverage": 0.8,
        "Elite": {
            "action": -0.5336340665817261,
            "observation": 2
        }
    },
    "265": {
        "BestCoverage": 0.8,
        "Elite": {
            "action": -0.19218134880065918,
            "observation": 1
        }
    },
    "270": {
        "BestCoverage": 0.8,
        "Elite": {
            "action": 0.2326977252960205,
            "observation": 1
        }
    },
    "275": {
        "BestCoverage": 0.8,
        "Elite": {
            "action": -0.08186894655227661,
            "observation": 1
        }
    },
    "280": {
        "BestCoverage": 0.8,