{
    "15": {
        "BestCoverage": 0.8,
        "TestInsertProbability": {
            "action": 0.0044790744781494085,
            "observation": 0.3333333333333333
        }
    },
    "20": {
        "BestCoverage": 0.8,
        "TestInsertProbability": {
            "action": 0.04414938688278197,
            "observation": 0.3378124078114827
        }
    },
    "25": {
        "BestCoverage": 0.8,
        "TestInsertProbability": {
            "action": -0.037958484888076786,
            "observation": 0.38196179469426467
        }
    },
    "30": {
        "BestCoverage": 0.8,
        "TestInsertProbability": {
            "action": -0.049801915884017944,
            "observation": 0.3440033098061879
        }
    },
    "35": {
        "BestCoverage": 0.8,
        "TestInsertProbability": {
            "action": -0.011361628770828247,
            "observation": 0.29420139392216993
        }
    },
    "40": {
        "BestCoverage": 0.8,
        "TestInsertProbability": {
            "action": -0.06242238283157349,
            "observation": 0.2828397651513417
        }
    },
    "45": {
        "BestCoverage": 0.8,
        "TestInsertProbability": {
            "action": 0.024975442886352534,
            "observation": 0.2204173823197682
        }
    },
    "50": {
        "BestCoverage": 0.8,
        "TestInsertProbability": {
            "action": 0.07681764364242555,
            "observation": 0.24539282520612074
        }
    },
    "55": {
        "BestCoverage": 0.8,
        "TestInsertProbability": {
            "action": -0.03661020994186402,
            "observation": 0.3222104688485463
        }
    },
    "60": {
        "BestCoverage": 0.8,
        "TestInsertProbability": {
            "action": -0.02379189729690552,
            "observation": 0.2856002589066823
        }
    },
    "65": {
        "BestCoverage": 0.8,
        "TestInsertProbability": {
            "action": 0.028179657459259044,
            "observation": 0.2618083616097768
        }
    },
    "70": {
        "BestCoverage": 0.8,
        "TestInsertProbability": {
            "action": 0.0012845873832702664,
            "observation": 0.2899880190690358
        }
    },
    "75": {
        "BestCoverage": 0.8,
        "TestInsertProbability": {
            "action": 0.07843508720397949,
            "observation": 0.29127260645230607
        }
    },
    "80": {
        "BestCoverage": 0.8,
        "TestInsertProbability": {
            "action": 0.04141157865524292,
            "observation": 0.36970769365628553
        }
    },
    "85": {
        "BestCoverage": 0.8,
        "TestInsertProbability": {
            "action": 0.03993821144104004,
            "observation": 0.41111927231152845
        }
    },
    "90": {
        "BestCoverage": 0.8,
        "TestInsertProbability": {
            "action": -0.014402365684509283,
            "observation": 0.4510574837525685
        }
    },
    "95": {
        "BestCoverage": 0.8,
        "TestInsertProbability": {
            "action": -0.060094541311264044,
            "observation": 0.43665511806805923
        }
    },
    "100": {
        "BestCoverage": 0.8,
        "TestInsertProbability": {
            "action": -0.027697628736495977,
            "observation": 0.3765605767567952
        }
    },
    "105": {
        "BestCoverage": 0.8,
        "TestInsertProbability": {
            "action": -0.09724403023719788,
            "observation": 0.34886294802029927
        }
    },
    "110": {
        "BestCoverage": 0.8,
        "TestInsertProbability": {
            "action": 0.009351670742034912,
            "observation": 0.2516189177831014
        }
    },
    "115": {
        "BestCoverage": 0.8,
        "TestInsertProbability": {
            "action": 0.09685193300247194,
            "observation": 0.2609705885251363
        }
    },
    "120": {
        "BestCoverage": 0.8,
        "TestInsertProbability": {
            "action": -0.06878417730331421,
            "observation": 0.3578225215276083
        }
    },
    "125": {
        "BestCoverage": 0.8,
        "TestInsertProbability": {
            "action": -0.012465214729309088,
            "observation": 0.2890383442242941
        }
    },
    "130": {
        "BestCoverage": 0.8,
        "TestInsertProbability": {
            "action": 0.06457241773605346,
            "observation": 0.276573129494985
        }
    },
    "135": {
        "BestCoverage": 0.8,
        "TestInsertProbability": {
            "action": -0.011014848947525024,
            "observation": 0.3411455472310385
        }
    },
    "140": {
        "BestCoverage": 0.8,
        "TestInsertProbability": {
            "action": 0.0801853656768799,
            "observation": 0.3301306982835135
        }
    },
    "145": {
        "BestCoverage": 0.8,
        "TestInsertProbability": {
            "action": -0.015275800228118891,
            "observation": 0.4103160639603934
        }
    },
    "150": {
        "BestCoverage": 0.8,
        "TestInsertProbability": {
            "action": 0.0518131732940674,
            "observation": 0.3950402637322745
        }
    },
    "155": {
        "BestCoverage": 0.8,
        "TestInsertProbability": {
            "action": -0.08092405200004578,
            "observation": 0.44685343702634195
        }
    },
    "160": {
        "BestCoverage": 0.8,
        "TestInsertProbability": {
            "action": -0.05301085114479065,
            "observation": 0.3659293850262962
        }
    },
    "165": {
        "BestCoverage": 0.8,
        "TestInsertProbability": {
            "action": -0.08401517868041992,
            "observation": 0.31291853388150553
        }
    },
    "170": {
        "BestCoverage": 0.8,
        "TestInsertProbability": {
            "action": -0.07078717350959779,
            "observation": 0.22890335520108562
        }
    },
    "175": {
        "BestCoverage": 0.8,
        "TestInsertProbability": {
            "action": -0.09852672815322877,
            "observation": 0.15811618169148783
        }
    },
    "180": {
        "BestCoverage": 0.8,
        "TestInsertProbability": {
            "action": -0.0820399284362793,
            "observation": 0.05958945353825906
        }
    },
    "185": {
        "BestCoverage": 0.8,
        "TestInsertProbability": {
            "action": 0.0200273871421814,
            "observation": 0.0
        }
    },
    "190": {
        "BestCoverage": 0.8,
        "TestInsertProbability": {
            "action": -0.039197349548339845,
            "observation": 0.0200273871421814
        }
    },
    "195": {
        "BestCoverage": 0.8,
        "TestInsertProbability": {
            "action": -0.03204556703567506,
            "observation": 0.0
        }
    },
    "200": {
        "BestCoverage": 0.8,
        "TestInsertProbability": {
            "action": 0.07492961883544921,
            "observation": 0.0
        }
    },
    "205": {
        "BestCoverage": 0.8,
        "TestInsertProbability": {
            "action": -0.0844958543777466,
            "observation": 0.07492961883544921
        }
    },
    "210": {
        "BestCoverage": 0.8,
        "TestInsertProbability": {
            "action": 0.05156638622283935,
            "observation": 0.0
        }
    },
    "215": {
        "BestCoverage": 0.8,
        "TestInsertProbability": {
            "action": 0.04715193510055543,
            "observation": 0.05156638622283935
        }
    },
    "220": {
        "BestCoverage": 0.8,
        "TestInsertProbability": {
            "action": 0.05216703414916993,
            "observation": 0.09871832132339478
        }
    },
    "225": {
        "BestCoverage": 0.8,
        "TestInsertProbability": {
            "action": -0.08265709280967713,
            "observation": 0.1508853554725647
        }
    },
    "230": {
        "BestCoverage": 0.8,
        "TestInsertProbability": {
            "action": -0.03273575305938721,