{
    "15": {
        "BestCoverage": 0.1282051282051282,
        "Population": {
            "action": -4.277236461639404,
            "observation": 50
        }
    },
    "20": {
        "BestCoverage": 0.1282051282051282,
        "Population": {
            "action": 0.33069610595703125,
            "observation": 46
        }
    },
    "25": {
        "BestCoverage": 0.1282051282051282,
        "Population": {
            "action": 1.5023164749145508,
            "observation": 46
        }
    },
    "30": {
        "BestCoverage": 0.1282051282051282,
        "Population": {
            "action": 3.13375186920166,
            "observation": 48
        }
    },
    "35": {
        "BestCoverage": 0.1282051282051282,
        "Population": {
            "action": 7.612698554992676,
            "observation": 51
        }
    },
    "40": {
        "BestCoverage": 0.1282051282051282,
        "Population": {
            "action": -6.946577072143555,
            "observation": 59
        }
    },
    "45": {
        "BestCoverage": 0.1282051282051282,
        "Population": {
            "action": 1.286630630493164,
            "observation": 52
        }
    },
    "50": {
        "BestCoverage": 0.1282051282051282,
        "Population": {
            "action": 4.922032356262207,
            "observation": 53
        }
    },
    "55": {
        "BestCoverage": 0.1282051282051282,
        "Population": {
            "action": -4.385538578033447,
            "observation": 58
        }
    },
    "60": {
        "BestCoverage": 0.1282051282051282,
        "Population": {
            "action": -1.3346452713012695,
            "observation": 54
        }
    },
    "65": {
        "BestCoverage": 0.1282051282051282,
        "Population": {
            "action": 7.335054397583008,
            "observation": 53
        }
    },
    "70": {
        "BestCoverage": 0.1282051282051282,
        "Population": {
            "action": 4.763721466064453,
            "observation": 60
        }
    },
    "75": {
        "BestCoverage": 0.1282051282051282,
        "Population": {
            "action": 7.136505126953125,
            "observation": 65
        }
    },
    "80": {
        "BestCoverage": 0.1282051282051282,
        "Population": {
            "action": 1.7756738662719727,
            "observation": 72
        }
    },
    "85": {
        "BestCoverage": 0.1282051282051282,
        "Population": {
            "action": -1.5390386581420898,
            "observation": 74
        }
    },
    "90": {
        "BestCoverage": 0.1282051282051282,
        "Population": {
            "action": -1.294668197631836,
            "observation": 72
        }
    },
    "95": {
        "BestCoverage": 0.1282051282051282,
        "Population": {
            "action": 1.737283706665039,
            "observation": 71
        }
    },
    "100": {
        "BestCoverage": 0.1282051282051282,
        "Population": {
            "action": 6.130397796630859,
            "observation": 73
        }
    },
    "105": {
        "BestCoverage": 0.1282051282051282,
        "Population": {
            "action": -0.9107098579406738,
            "observation": 79
        }
    },
    "110": {
        "BestCoverage": 0.1282051282051282,
        "Population": {
            "action": 7.793389320373535,
            "observation": 78
        }
    },
    "115": {
        "BestCoverage": 0.1282051282051282,
        "Population": {
            "action": -2.9400100708007812,
            "observation": 86
        }
    },
    "120": {
        "BestCoverage": 0.1282051282051282,
        "Population": {
            "action": 0.355377197265625,
            "observation": 83
        }
    },
    "125": {
        "BestCoverage": 0.1282051282051282,
        "Population": {
            "action": 6.196240425109863,
            "observation": 83
        }
    },
    "130": {
        "BestCoverage": 0.1282051282051282,
        "Population": {
            "action": 0.7731075286865234,
            "observation": 89
        }
    },
    "135": {
        "BestCoverage": 0.1282051282051282,
        "Population": {
            "action": 2.2641029357910156,
            "observation": 90
        }
    },
    "140": {
        "BestCoverage": 0.1282051282051282,
        "Population": {
            "action": 0.16018390655517578,
            "observation": 92
        }
    },
    "145": {
        "BestCoverage": 0.1282051282051282,
        "Population": {
            "action": -4.91452693939209,
            "observation": 92
        }
    },
    "150": {
        "BestCoverage": 0.1282051282051282,
        "Population": {
            "action": 4.4683837890625,
            "observation": 87
        }
    },
    "155": {
        "BestCoverage": 0.1282051282051282,
        "Population": {
            "action": -0.3268289566040039,
            "observation": 91
        }
    },
    "160": {
        "BestCoverage": 0.1282051282051282,
        "Population": {
            "action": 5.099621772766113,
            "observation": 91
        }
    },
    "165": {
        "BestCoverage": 0.1282051282051282,
        "Population": {
            "action": 6.2950944900512695,
            "observation": 96
        }
    },
    "170": {
        "BestCoverage": 0.1282051282051282,
        "Population": {
            "action": 5.301141738891602,
            "observation": 100
        }
    },
    "175": {
        "BestCoverage": 0.1282051282051282,
        "Population": {
            "action": -4.806982040405273,
            "observation": 100
        }
    },
    "180": {
        "BestCoverage": 0.1282051282051282,
        "Population": {
            "action": -6.632370471954346,
            "observation": 95
        }
    },
    "185": {
        "BestCoverage": 0.1282051282051282,
        "Population": {
            "action": 6.73724365234375,
            "observation": 88
        }
    },
    "190": {
        "BestCoverage": 0.1282051282051282,
        "Population": {
            "action": -5.296625137329102,
            "observation": 95
        }
    },
    "195": {
        "BestCoverage": 0.1282051282051282,
        "Population": {
            "action": -2.312350273132324,
            "observation": 90
        }
    },
    "200": {
        "BestCoverage": 0.1282051282051282,
        "Population": {
            "action": -4.42051887512207,
            "observation": 88
        }
    },
    "205": {
        "BestCoverage": 0.1282051282051282,
        "Population": {
            "action": 0.16405296325683594,
            "observation": 84
        }
    },
    "210": {
        "BestCoverage": 0.1282051282051282,
        "Population": {
            "action": 0.060031890869140625,
            "observation": 84
        }
    },
    "215": {
        "BestCoverage": 0.1282051282051282,
        "Population": {
            "action": -4.8586039543151855,
            "observation": 84
        }
    },
    "220": {
        "BestCoverage": 0.1282051282051282,
        "Population": {
            "action": 7.8836212158203125,
            "observation": 79
        }
    },
    "225": {
        "BestCoverage": 0.1282051282051282,
        "Population": {
            "action": -7.504325866699219,
            "observation": 87
        }
    },
    "230": {
        "BestCoverage": 0.1282051282051282,
        "Population": {
            "action": -2.4224705696105957,
            "observation": 79
        }
    },
    "235": {
        "BestCoverage": 0.1282051282051282,
        "Population": {
            "action": 3.773198127746582,
            "observation": 77
        }
    },
    "240": {
        "BestCoverage": 0.1282051282051282,
        "Population": {
            "action": 3.747870445251465,
            "observation": 81
        }
    },
    "245": {
        "BestCoverage": 0.1282051282051282,
        "Population": {
            "action": 4.2733306884765625,
            "observation": 85
        }
    },