{
    "20": {
        "BestCoverage": 0.7142857142857143,
        "Population": {
            "action": 2.590198516845703,
            "observation": 50
        }
    },
    "25": {
        "BestCoverage": 0.7142857142857143,
        "Population": {
            "action": 3.5986328125,
            "observation": 53
        }
    },
    "30": {
        "BestCoverage": 0.7142857142857143,
        "Population": {
            "action": -3.075723648071289,
            "observation": 57
        }
    },
    "35": {
        "BestCoverage": 0.7428571428571429,
        "Population": {
            "action": -4.848879814147949,
            "observation": 54
        }
    },
    "40": {
        "BestCoverage": 0.7428571428571429,
        "Population": {
            "action": 4.704355239868164,
            "observation": 49
        }
    },
    "45": {
        "BestCoverage": 0.7428571428571429,
        "Population": {
            "action": -7.5673508644104,
            "observation": 54
        }
    },
    "50": {
        "BestCoverage": 0.7428571428571429,
        "Population": {
            "action": 6.609430313110352,
            "observation": 46
        }
    },
    "55": {
        "BestCoverage": 0.7428571428571429,
        "Population": {
            "action": 7.884147644042969,
            "observation": 53
        }
    },
    "60": {
        "BestCoverage": 0.7428571428571429,
        "Population": {
            "action": 7.165821075439453,
            "observation": 61
        }
    },
    "65": {
        "BestCoverage": 0.7428571428571429,
        "Population": {
            "action": -7.014040470123291,
            "observation": 68
        }
    },
    "70": {
        "BestCoverage": 0.7428571428571429,
        "Population": {
            "action": 7.808784484863281,
            "observation": 61
        }
    },
    "75": {
        "BestCoverage": 0.7428571428571429,
        "Population": {
            "action": 4.705601692199707,
            "observation": 69
        }
    },
    "80": {
        "BestCoverage": 0.7428571428571429,
        "Population": {
            "action": -5.659055709838867,
            "observation": 74
        }
    },
    "85": {
        "BestCoverage": 0.7428571428571429,
        "Population": {
            "action": 7.788860321044922,
            "observation": 68
        }
    },
    "90": {
        "BestCoverage": 0.8285714285714286,
        "Population": {
            "action": -6.746819496154785,
            "observation": 76
        }
    },
    "95": {
        "BestCoverage": 0.8285714285714286,
        "Population": {
            "action": -3.3093671798706055,
            "observation": 69
        }
    },
    "100": {
        "BestCoverage": 0.8285714285714286,
        "Population": {
            "action": 7.5572967529296875,
            "observation": 66
        }
    },
    "105": {
        "BestCoverage": 0.8285714285714286,
        "Population": {
            "action": 3.8768911361694336,
            "observation": 74
        }
    },
    "110": {
        "BestCoverage": 0.8285714285714286,
        "Population": {
            "action": 6.146230697631836,
            "observation": 78
        }
    },
    "115": {
        "BestCoverage": 0.8285714285714286,
        "Population": {
            "action": 4.746877670288086,
            "observation": 84
        }
    },
    "120": {
        "BestCoverage": 0.8285714285714286,
        "Population": {
            "action": -5.752420425415039,
            "observation": 89
        }
    },
    "125": {
        "BestCoverage": 0.8285714285714286,
        "Population": {
            "action": 3.5295839309692383,
            "observation": 83
        }
    },
    "130": {
        "BestCoverage": 0.8285714285714286,
        "Population": {
            "action": -4.823957920074463,
            "observation": 87
        }
    },
    "135": {
        "BestCoverage": 0.8285714285714286,
        "Population": {
            "action": -6.164748191833496,
            "observation": 82
        }
    },
    "140": {
        "BestCoverage": 0.8285714285714286,
        "Population": {
            "action": 7.642168045043945,
            "observation": 76
        }
    },
    "145": {
        "BestCoverage": 0.8285714285714286,
        "Population": {
            "action": -6.294270038604736,
            "observation": 84
        }
    },
    "150": {
        "BestCoverage": 0.8285714285714286,
        "Population": {
            "action": 6.869976043701172,
            "observation": 78
        }
    },
    "155": {
        "BestCoverage": 0.8285714285714286,
        "Population": {
            "action": 1.6310758590698242,
            "observation": 85
        }
    },
    "160": {
        "BestCoverage": 0.9428571428571428,
        "Population": {
            "action": 2.791627883911133,
            "observation": 87
        }
    },
    "165": {
        "BestCoverage": 0.9428571428571428,
        "Population": {
            "action": -3.988619804382324,
            "observation": 90
        }
    },
    "170": {
        "BestCoverage": 0.9428571428571428,
        "Population": {
            "action": -2.525043487548828,
            "observation": 86
        }
    },
    "175": {
        "BestCoverage": 0.9428571428571428,
        "Population": {
            "action": -4.404482364654541,
            "observation": 83
        }
    },
    "180": {
        "BestCoverage": 0.9428571428571428,
        "Population": {
            "action": 4.713047027587891,
            "observation": 79
        }
    },
    "185": {
        "BestCoverage": 0.9428571428571428,
        "Population": {
            "action": 5.7487335205078125,
            "observation": 84
        }
    },
    "190": {
        "BestCoverage": 0.9428571428571428,
        "Population": {
            "action": -5.775803565979004,
            "observation": 90
        }
    },
    "195": {
        "BestCoverage": 0.9428571428571428,
        "Population": {
            "action": -6.8697509765625,
            "observation": 84
        }
    },
    "200": {
        "BestCoverage": 0.9428571428571428,
        "Population": {
            "action": -0.1488204002380371,
            "observation": 77
        }
    },
    "205": {
        "BestCoverage": 0.9428571428571428,
        "Population": {
            "action": -1.1840448379516602,
            "observation": 77
        }
    },
    "210": {
        "BestCoverage": 0.9428571428571428,
        "Population": {
            "action": 4.476287841796875,
            "observation": 76
        }
    },
    "215": {
        "BestCoverage": 0.9428571428571428,
        "Population": {
            "action": -0.4990196228027344,
            "observation": 80
        }
    },
    "220": {
        "BestCoverage": 0.9428571428571428,
        "Population": {
            "action": 7.670977592468262,
            "observation": 80
        }
    },
    "225": {
        "BestCoverage": 0.9428571428571428,
        "Population": {
            "action": -4.762336254119873,
            "observation": 88
        }
    },
    "230": {
        "BestCoverage": 0.9428571428571428,
        "Population": {
            "action": 2.0107336044311523,
            "observation": 83
        }
    },
    "235": {
        "BestCoverage": 0.9428571428571428,
        "Population": {
            "action": 5.302001953125,
            "observation": 85
        }
    },
    "240": {
        "BestCoverage": 0.9428571428571428,
        "Population": {
            "action": -1.9553909301757812,
            "observation": 90
        }
    },
    "245": {
        "BestCoverage": 0.9428571428571428,
        "Population": {
            "action": 3.759061813354492,
            "observation": 88
        }
    },
    "250": {
        "BestCoverage": 0.9428571428571428,
        "Population": {
            "action": 5.193380355834961,
            "observation": 92
        }
    },