{
    "15": {
        "BestCoverage": 0.06666666666666667,
        "Population": {
            "action": 5.102959632873535,
            "observation": 50
        }
    },
    "20": {
        "BestCoverage": 0.06666666666666667,
        "Population": {
            "action": -6.429605007171631,
            "observation": 55
        }
    },
    "25": {
        "BestCoverage": 0.06666666666666667,
        "Population": {
            "action": -5.80677604675293,
            "observation": 49
        }
    },
    "30": {
        "BestCoverage": 0.06666666666666667,
        "Population": {
            "action": -3.917675495147705,
            "observation": 43
        }
    },
    "35": {
        "BestCoverage": 0.06666666666666667,
        "Population": {
            "action": 2.2070131301879883,
            "observation": 39
        }
    },
    "40": {
        "BestCoverage": 0.06666666666666667,
        "Population": {
            "action": 7.64284610748291,
            "observation": 41
        }
    },
    "45": {
        "BestCoverage": 0.06666666666666667,
        "Population": {
            "action": 4.2951202392578125,
            "observation": 49
        }
    },
    "50": {
        "BestCoverage": 0.06666666666666667,
        "Population": {
            "action": -0.12498998641967773,
            "observation": 53
        }
    },
    "55": {
        "BestCoverage": 0.06666666666666667,
        "Population": {
            "action": 7.621671676635742,
            "observation": 53
        }
    },
    "60": {
        "BestCoverage": 0.06666666666666667,
        "Population": {
            "action": 1.7383575439453125,
            "observation": 61
        }
    },
    "65": {
        "BestCoverage": 0.06666666666666667,
        "Population": {
            "action": -3.9838552474975586,
            "observation": 63
        }
    },
    "70": {
        "BestCoverage": 0.06666666666666667,
        "Population": {
            "action": 3.833494186401367,
            "observation": 59
        }
    },
    "75": {
        "BestCoverage": 0.06666666666666667,
        "Population": {
            "action": 2.3483972549438477,
            "observation": 63
        }
    },
    "80": {
        "BestCoverage": 0.06666666666666667,
        "Population": {
            "action": -4.798464775085449,
            "observation": 65
        }
    },
    "85": {
        "BestCoverage": 0.06666666666666667,
        "Population": {
            "action": -3.76304292678833,
            "observation": 60
        }
    },
    "90": {
        "BestCoverage": 0.06666666666666667,
        "Population": {
            "action": 0.20102500915527344,
            "observation": 56
        }
    },
    "95": {
        "BestCoverage": 0.06666666666666667,
        "Population": {
            "action": 7.785360336303711,
            "observation": 56
        }
    },
    "100": {
        "BestCoverage": 0.06666666666666667,
        "Population": {
            "action": 1.7815380096435547,
            "observation": 64
        }
    },
    "105": {
        "BestCoverage": 0.06666666666666667,
        "Population": {
            "action": -7.716872215270996,
            "observation": 66
        }
    },
    "110": {
        "BestCoverage": 0.06666666666666667,
        "Population": {
            "action": 6.287824630737305,
            "observation": 58
        }
    },
    "115": {
        "BestCoverage": 0.06666666666666667,
        "Population": {
            "action": 4.120084762573242,
            "observation": 64
        }
    },
    "120": {
        "BestCoverage": 0.06666666666666667,
        "Population": {
            "action": 7.062448501586914,
            "observation": 68
        }
    },
    "125": {
        "BestCoverage": 0.06666666666666667,
        "Population": {
            "action": 4.115228652954102,
            "observation": 75
        }
    },
    "130": {
        "BestCoverage": 0.06666666666666667,
        "Population": {
            "action": -4.02703332901001,
            "observation": 79
        }
    },
    "135": {
        "BestCoverage": 0.06666666666666667,
        "Population": {
            "action": 7.545976638793945,
            "observation": 75
        }
    },
    "140": {
        "BestCoverage": 0.06666666666666667,
        "Population": {
            "action": 2.056425094604492,
            "observation": 83
        }
    },
    "145": {
        "BestCoverage": 0.06666666666666667,
        "Population": {
            "action": 5.664916038513184,
            "observation": 85
        }
    },
    "150": {
        "BestCoverage": 0.06666666666666667,
        "Population": {
            "action": 7.932975769042969,
            "observation": 91
        }
    },
    "155": {
        "BestCoverage": 0.06666666666666667,
        "Population": {
            "action": -6.194413185119629,
            "observation": 99
        }
    },
    "160": {
        "BestCoverage": 0.06666666666666667,
        "Population": {
            "action": -0.1292858123779297,
            "observation": 93
        }
    },
    "165": {
        "BestCoverage": 0.06666666666666667,
        "Population": {
            "action": -4.642155647277832,
            "observation": 93
        }
    },
    "170": {
        "BestCoverage": 0.06666666666666667,
        "Population": {
            "action": -0.17807292938232422,
            "observation": 88
        }
    },
    "175": {
        "BestCoverage": 0.06666666666666667,
        "Population": {
            "action": -5.261385917663574,
            "observation": 88
        }
    },
    "180": {
        "BestCoverage": 0.06666666666666667,
        "Population": {
            "action": 7.763968467712402,
            "observation": 83
        }
    },
    "185": {
        "BestCoverage": 0.06666666666666667,
        "Population": {
            "action": 6.234708786010742,
            "observation": 91
        }
    },
    "190": {
        "BestCoverage": 0.06666666666666667,
        "Population": {
            "action": 1.5288772583007812,
            "observation": 97
        }
    },
    "195": {
        "BestCoverage": 0.06666666666666667,
        "Population": {
            "action": -2.343512535095215,
            "observation": 99
        }
    },
    "200": {
        "BestCoverage": 0.06666666666666667,
        "Population": {
            "action": 5.249768257141113,
            "observation": 97
        }
    },
    "205": {
        "BestCoverage": 0.06666666666666667,
        "Population": {
            "action": 5.6160888671875,
            "observation": 100
        }
    },
    "210": {
        "BestCoverage": 0.06666666666666667,
        "Population": {
            "action": 3.5984935760498047,
            "observation": 100
        }
    },
    "215": {
        "BestCoverage": 0.06666666666666667,
        "Population": {
            "action": 4.823478698730469,
            "observation": 100
        }
    },
    "220": {
        "BestCoverage": 0.06666666666666667,
        "Population": {
            "action": 0.37603282928466797,
            "observation": 100
        }
    },
    "225": {
        "BestCoverage": 0.06666666666666667,
        "Population": {
            "action": -2.348679542541504,
            "observation": 100
        }
    },
    "230": {
        "BestCoverage": 0.06666666666666667,
        "Population": {
            "action": 2.451785087585449,
            "observation": 98
        }
    },
    "235": {
        "BestCoverage": 0.06666666666666667,
        "Population": {
            "action": -1.9039201736450195,
            "observation": 100
        }
    },
    "240": {
        "BestCoverage": 0.06666666666666667,
        "Population": {
            "action": 2.4666175842285156,
            "observation": 98
        }
    },
    "245": {
        "BestCoverage": 0.06666666666666667,
        "Population": {
            "action": -7.025980472564697,