{
    "25": {
        "BestCoverage": 0.75,
        "Elite": {
            "action": 0.3776313066482544,
            "observation": 1
        }
    },
    "30": {
        "BestCoverage": 0.75,
        "Elite": {
            "action": 0.8839884996414185,
            "observation": 1
        }
    },
    "35": {
        "BestCoverage": 0.75,
        "Elite": {
            "action": -0.393754243850708,
            "observation": 2
        }
    },
    "40": {
        "BestCoverage": 0.75,
        "Elite": {
            "action": 0.8040647506713867,
            "observation": 2
        }
    },
    "45": {
        "BestCoverage": 0.75,
        "Elite": {
            "action": -0.21665722131729126,
            "observation": 3
        }
    },
    "50": {
        "BestCoverage": 0.75,
        "Elite": {
            "action": -0.3494243025779724,
            "observation": 3
        }
    },
    "55": {
        "BestCoverage": 0.75,
        "Elite": {
            "action": -0.13882285356521606,
            "observation": 3
        }
    },
    "60": {
        "BestCoverage": 0.75,
        "Elite": {
            "action": 0.6859699487686157,
            "observation": 3
        }
    },
    "65": {
        "BestCoverage": 0.75,
        "Elite": {
            "action": -0.28459852933883667,
            "observation": 4
        }
    },
    "70": {
        "BestCoverage": 0.75,
        "Elite": {
            "action": 0.45364201068878174,
            "observation": 4
        }
    },
    "75": {
        "BestCoverage": 0.75,
        "Elite": {
            "action": 0.9957380294799805,
            "observation": 4
        }
    },
    "80": {
        "BestCoverage": 0.75,
        "Elite": {
            "action": -0.20144832134246826,
            "observation": 5
        }
    },
    "85": {
        "BestCoverage": 0.75,
        "Elite": {
            "action": 0.9189558029174805,
            "observation": 5
        }
    },
    "90": {
        "BestCoverage": 0.75,
        "Elite": {
            "action": -0.2192935347557068,
            "observation": 6
        }
    },
    "95": {
        "BestCoverage": 0.75,
        "Elite": {
            "action": -0.22922760248184204,
            "observation": 6
        }
    },
    "100": {
        "BestCoverage": 0.75,
        "Elite": {
            "action": -0.3020714521408081,
            "observation": 6
        }
    },
    "105": {
        "BestCoverage": 0.75,
        "Elite": {
            "action": 0.8805732727050781,
            "observation": 6
        }
    },
    "110": {
        "BestCoverage": 0.75,
        "Elite": {
            "action": 0.2350367307662964,
            "observation": 7
        }
    },
    "115": {
        "BestCoverage": 0.75,
        "Elite": {
            "action": -0.4440891742706299,
            "observation": 7
        }
    },
    "120": {
        "BestCoverage": 0.75,
        "Elite": {
            "action": -0.6957905888557434,
            "observation": 7
        }
    },
    "125": {
        "BestCoverage": 0.75,
        "Elite": {
            "action": 0.39556431770324707,
            "observation": 6
        }
    },
    "130": {
        "BestCoverage": 0.75,
        "Elite": {
            "action": -0.44675517082214355,
            "observation": 6
        }
    },
    "135": {
        "BestCoverage": 0.75,
        "Elite": {
            "action": -0.29485422372817993,
            "observation": 6
        }
    },
    "140": {
        "BestCoverage": 0.7625,
        "Elite": {
            "action": 0.91725754737854,
            "observation": 6
        }
    },
    "145": {
        "BestCoverage": 0.7625,
        "Elite": {
            "action": 0.6622357368469238,
            "observation": 7
        }
    },
    "150": {
        "BestCoverage": 0.7625,
        "Elite": {
            "action": -0.07888072729110718,
            "observation": 8
        }
    },
    "155": {
        "BestCoverage": 0.8125,
        "Elite": {
            "action": -0.39200472831726074,
            "observation": 8
        }
    },
    "160": {
        "BestCoverage": 0.8125,
        "Elite": {
            "action": -0.5976666212081909,
            "observation": 8
        }
    },
    "165": {
        "BestCoverage": 0.8125,
        "Elite": {
            "action": -0.7448099851608276,
            "observation": 7
        }
    },
    "170": {
        "BestCoverage": 0.8125,
        "Elite": {
            "action": 0.4609506130218506,
            "observation": 6
        }
    },
    "175": {
        "BestCoverage": 0.8125,
        "Elite": {
            "action": 0.24776554107666016,
            "observation": 6
        }
    },
    "180": {
        "BestCoverage": 0.8125,
        "Elite": {
            "action": -0.6568971276283264,
            "observation": 6
        }
    },
    "185": {
        "BestCoverage": 0.8125,
        "Elite": {
            "action": 0.42551231384277344,
            "observation": 5
        }
    },
    "190": {
        "BestCoverage": 0.8125,
        "Elite": {
            "action": 0.21638381481170654,
            "observation": 5
        }
    },
    "195": {
        "BestCoverage": 0.8125,
        "Elite": {
            "action": 0.6179924011230469,
            "observation": 5
        }
    },
    "200": {
        "BestCoverage": 0.8125,
        "Elite": {
            "action": -0.9657207131385803,
            "observation": 6
        }
    },
    "205": {
        "BestCoverage": 0.825,
        "Elite": {
            "action": 0.13647091388702393,
            "observation": 5
        }
    },
    "210": {
        "BestCoverage": 0.825,
        "Elite": {
            "action": -0.916098952293396,
            "observation": 5
        }
    },
    "215": {
        "BestCoverage": 0.825,
        "Elite": {
            "action": -0.6927265524864197,
            "observation": 4
        }
    },
    "220": {
        "BestCoverage": 0.825,
        "Elite": {
            "action": -0.38483214378356934,
            "observation": 3
        }
    },
    "225": {
        "BestCoverage": 0.825,
        "Elite": {
            "action": 0.6201245784759521,
            "observation": 3
        }
    },
    "230": {
        "BestCoverage": 0.825,
        "Elite": {
            "action": 0.8565013408660889,
            "observation": 4
        }
    },
    "235": {
        "BestCoverage": 0.825,
        "Elite": {
            "action": 0.08033859729766846,
            "observation": 5
        }
    },
    "240": {
        "BestCoverage": 0.825,
        "Elite": {
            "action": -0.7546829581260681,
            "observation": 5
        }
    },
    "245": {
        "BestCoverage": 0.825,
        "Elite": {
            "action": -0.3041282296180725,
            "observation": 4
        }
    },
    "250": {
        "BestCoverage": 0.825,
        "Elite": {
            "action": -0.09256261587142944,
            "observation": 4
        }
    },
    "255": {
        "BestCoverage": 0.825,
        "Elite": {
            "action": 0.881821870803833,
            "observation": 4
        }
    },
    "260": {
        "BestCoverage": 0.825,
        "Elite": {
            "action": -0.9543588161468506,
            "observation": 5
        }
    },
    "265": {
        "BestCoverage": 0.825,
        "Elite": {
            "action": -0.08665847778320312,
            "observation": 4
        }
    },
    "270": {
        "BestCoverage": 0.825,
        "Elite": {
            "action": -0.13346576690673828,
            "observation": 4
        }
    },
    "275": {
        "BestCoverage": 0.825,
        "Elite": {
            "action": -0.5810350179672241,
            "observation": 4
        }
    },
    "280": {
        "BestCoverage": 0.825,
        "Elite": {
            "action": 0.2831532955169678,
            "observation": 3
        }
    },
    "285": {
        "BestCoverage": 0.825,
        "Elite": {
            "action": 0.35980308055877686,