{
    "15": {
        "BestCoverage": 0.8,
        "StatementInsertionProbability": {
            "action": 0.01637500524520874,
            "observation": 0.5
        }
    },
    "20": {
        "BestCoverage": 0.8,
        "StatementInsertionProbability": {
            "action": -0.03466839194297791,
            "observation": 0.5163750052452087
        }
    },
    "25": {
        "BestCoverage": 0.8,
        "StatementInsertionProbability": {
            "action": 0.0652313470840454,
            "observation": 0.48170661330223086
        }
    },
    "30": {
        "BestCoverage": 0.8,
        "StatementInsertionProbability": {
            "action": -0.018402171134948728,
            "observation": 0.5469379603862763
        }
    },
    "35": {
        "BestCoverage": 0.8,
        "StatementInsertionProbability": {
            "action": 0.023326635360717773,
            "observation": 0.5285357892513276
        }
    },
    "40": {
        "BestCoverage": 0.8,
        "StatementInsertionProbability": {
            "action": 0.008163380622863772,
            "observation": 0.5518624246120454
        }
    },
    "45": {
        "BestCoverage": 0.8,
        "StatementInsertionProbability": {
            "action": 0.04408423900604247,
            "observation": 0.5600258052349092
        }
    },
    "50": {
        "BestCoverage": 0.8,
        "StatementInsertionProbability": {
            "action": -0.0756090521812439,
            "observation": 0.6041100442409517
        }
    },
    "55": {
        "BestCoverage": 0.8,
        "StatementInsertionProbability": {
            "action": -0.015137588977813726,
            "observation": 0.5285009920597078
        }
    },
    "60": {
        "BestCoverage": 0.8,
        "StatementInsertionProbability": {
            "action": 0.08212562799453735,
            "observation": 0.5133634030818941
        }
    },
    "65": {
        "BestCoverage": 0.8,
        "StatementInsertionProbability": {
            "action": -0.04599330425262452,
            "observation": 0.5954890310764315
        }
    },
    "70": {
        "BestCoverage": 0.8,
        "StatementInsertionProbability": {
            "action": 0.08455748558044435,
            "observation": 0.549495726823807
        }
    },
    "75": {
        "BestCoverage": 0.8,
        "StatementInsertionProbability": {
            "action": -0.05020643472671509,
            "observation": 0.6340532124042513
        }
    },
    "80": {
        "BestCoverage": 0.8,
        "StatementInsertionProbability": {
            "action": 0.06770772933959962,
            "observation": 0.5838467776775362
        }
    },
    "85": {
        "BestCoverage": 0.8,
        "StatementInsertionProbability": {
            "action": 0.09723615646362305,
            "observation": 0.6515545070171358
        }
    },
    "90": {
        "BestCoverage": 0.8,
        "StatementInsertionProbability": {
            "action": -0.008187758922576907,
            "observation": 0.7487906634807588
        }
    },
    "95": {
        "BestCoverage": 0.8,
        "StatementInsertionProbability": {
            "action": -0.03955638408660889,
            "observation": 0.7406029045581819
        }
    },
    "100": {
        "BestCoverage": 0.8,
        "StatementInsertionProbability": {
            "action": 0.051736736297607416,
            "observation": 0.701046520471573
        }
    },
    "105": {
        "BestCoverage": 0.8,
        "StatementInsertionProbability": {
            "action": 0.01790885925292969,
            "observation": 0.7527832567691805
        }
    },
    "110": {
        "BestCoverage": 0.8,
        "StatementInsertionProbability": {
            "action": -0.06733765602111816,
            "observation": 0.7706921160221102
        }
    },
    "115": {
        "BestCoverage": 0.8,
        "StatementInsertionProbability": {
            "action": -0.021261179447174067,
            "observation": 0.703354460000992
        }
    },
    "120": {
        "BestCoverage": 0.8,
        "StatementInsertionProbability": {
            "action": -0.0037803888320922796,
            "observation": 0.6820932805538179
        }
    },
    "125": {
        "BestCoverage": 0.8,
        "StatementInsertionProbability": {
            "action": -0.07217937111854554,
            "observation": 0.6783128917217256
        }
    },
    "130": {
        "BestCoverage": 0.8,
        "StatementInsertionProbability": {
            "action": -0.060641986131668095,
            "observation": 0.60613352060318
        }
    },
    "135": {
        "BestCoverage": 0.8,
        "StatementInsertionProbability": {
            "action": -0.01323789358139038,
            "observation": 0.545491534471512
        }
    },
    "140": {
        "BestCoverage": 0.8,
        "StatementInsertionProbability": {
            "action": -0.04323546886444092,
            "observation": 0.5322536408901216
        }
    },
    "145": {
        "BestCoverage": 0.8,
        "StatementInsertionProbability": {
            "action": 0.06678503751754761,
            "observation": 0.4890181720256807
        }
    },
    "150": {
        "BestCoverage": 0.8,
        "StatementInsertionProbability": {
            "action": -0.028098690509796145,
            "observation": 0.5558032095432284
        }
    },
    "155": {
        "BestCoverage": 0.8,
        "StatementInsertionProbability": {
            "action": 0.027705657482147206,
            "observation": 0.5277045190334322
        }
    },
    "160": {
        "BestCoverage": 0.8,
        "StatementInsertionProbability": {
            "action": 0.06671563386917115,
            "observation": 0.5554101765155794
        }
    },
    "165": {
        "BestCoverage": 0.8,
        "StatementInsertionProbability": {
            "action": -0.026376545429229736,
            "observation": 0.6221258103847506
        }
    },
    "170": {
        "BestCoverage": 0.8,
        "StatementInsertionProbability": {
            "action": -0.08799188733100892,
            "observation": 0.5957492649555208
        }
    },
    "175": {
        "BestCoverage": 0.8,
        "StatementInsertionProbability": {
            "action": -0.06484150886535645,
            "observation": 0.5077573776245119
        }
    },
    "180": {
        "BestCoverage": 0.8,
        "StatementInsertionProbability": {
            "action": 0.056339263916015625,
            "observation": 0.44291586875915545
        }
    },
    "185": {
        "BestCoverage": 0.8,
        "StatementInsertionProbability": {
            "action": -0.050007426738739015,
            "observation": 0.4992551326751711
        }
    },
    "190": {
        "BestCoverage": 0.8,
        "StatementInsertionProbability": {
            "action": 0.09127235412597656,
            "observation": 0.44924770593643204
        }
    },
    "195": {
        "BestCoverage": 0.8,
        "StatementInsertionProbability": {
            "action": -0.06708439588546752,
            "observation": 0.5405200600624086
        }
    },
    "200": {
        "BestCoverage": 0.8,
        "StatementInsertionProbability": {
            "action": 0.09508004188537597,
            "observation": 0.47343566417694105
        }
    },
    "205": {
        "BestCoverage": 0.8,
        "StatementInsertionProbability": {
            "action": -0.02294756174087524,
            "observation": 0.568515706062317
        }
    },
    "210": {
        "BestCoverage": 0.8,
        "StatementInsertionProbability": {
            "action": -0.013529175519943232,
            "observation": 0.5455681443214419
        }
    },
    "215": {
        "BestCoverage": 0.8,
        "StatementInsertionProbability": {
            "action": -0.044973415136337284,
            "observation": 0.5320389688014986
        }
    },
    "220": {
        "BestCoverage": 0.8,
        "StatementInsertionProbability": {
            "action": 0.00857199430465698,