{
    "15": {
        "BestCoverage": 0.8,
        "TestInsertProbability": {
            "action": 0.09402060508728027,
            "observation": 0.3333333333333333
        }
    },
    "20": {
        "BestCoverage": 0.8,
        "TestInsertProbability": {
            "action": -0.00876582860946655,
            "observation": 0.4273539384206136
        }
    },
    "25": {
        "BestCoverage": 0.8,
        "TestInsertProbability": {
            "action": -0.0921610176563263,
            "observation": 0.418588109811147
        }
    },
    "30": {
        "BestCoverage": 0.8,
        "TestInsertProbability": {
            "action": -0.03473947644233703,
            "observation": 0.32642709215482074
        }
    },
    "35": {
        "BestCoverage": 0.8,
        "TestInsertProbability": {
            "action": 0.07788002490997314,
            "observation": 0.2916876157124837
        }
    },
    "40": {
        "BestCoverage": 0.8,
        "TestInsertProbability": {
            "action": -0.02157441377639771,
            "observation": 0.36956764062245684
        }
    },
    "45": {
        "BestCoverage": 0.8,
        "TestInsertProbability": {
            "action": -0.08516349196434021,
            "observation": 0.34799322684605916
        }
    },
    "50": {
        "BestCoverage": 0.8,
        "TestInsertProbability": {
            "action": -0.055698084831237796,
            "observation": 0.26282973488171896
        }
    },
    "55": {
        "BestCoverage": 0.8,
        "TestInsertProbability": {
            "action": -0.08708169460296632,
            "observation": 0.20713165005048118
        }
    },
    "60": {
        "BestCoverage": 0.8,
        "TestInsertProbability": {
            "action": -0.04777923822402955,
            "observation": 0.12004995544751486
        }
    },
    "65": {
        "BestCoverage": 0.8,
        "TestInsertProbability": {
            "action": 0.09189980030059816,
            "observation": 0.07227071722348531
        }
    },
    "70": {
        "BestCoverage": 0.8,
        "TestInsertProbability": {
            "action": 0.08720681667327881,
            "observation": 0.16417051752408346
        }
    },
    "75": {
        "BestCoverage": 0.8,
        "TestInsertProbability": {
            "action": 0.00730020999908447,
            "observation": 0.2513773341973623
        }
    },
    "80": {
        "BestCoverage": 0.8,
        "TestInsertProbability": {
            "action": 0.04390741586685182,
            "observation": 0.2586775441964468
        }
    },
    "85": {
        "BestCoverage": 0.8,
        "TestInsertProbability": {
            "action": 0.07772672176361084,
            "observation": 0.3025849600632986
        }
    },
    "90": {
        "BestCoverage": 0.8,
        "TestInsertProbability": {
            "action": -0.04242275953292847,
            "observation": 0.38031168182690944
        }
    },
    "95": {
        "BestCoverage": 0.8,
        "TestInsertProbability": {
            "action": 0.013673377037048337,
            "observation": 0.337888922293981
        }
    },
    "100": {
        "BestCoverage": 0.8,
        "TestInsertProbability": {
            "action": -0.05595574975013733,
            "observation": 0.35156229933102934
        }
    },
    "105": {
        "BestCoverage": 0.8,
        "TestInsertProbability": {
            "action": 0.07503371238708498,
            "observation": 0.295606549580892
        }
    },
    "110": {
        "BestCoverage": 0.8,
        "TestInsertProbability": {
            "action": -0.0850986123085022,
            "observation": 0.37064026196797695
        }
    },
    "115": {
        "BestCoverage": 0.8,
        "TestInsertProbability": {
            "action": -0.062482899427413946,
            "observation": 0.28554164965947476
        }
    },
    "120": {
        "BestCoverage": 0.8,
        "TestInsertProbability": {
            "action": -0.011064994335174563,
            "observation": 0.22305875023206082
        }
    },
    "125": {
        "BestCoverage": 0.8,
        "TestInsertProbability": {
            "action": 0.00976697206497193,
            "observation": 0.21199375589688624
        }
    },
    "130": {
        "BestCoverage": 0.8,
        "TestInsertProbability": {
            "action": -0.05997553467750549,
            "observation": 0.22176072796185817
        }
    },
    "135": {
        "BestCoverage": 0.8,
        "TestInsertProbability": {
            "action": 0.06620848178863525,
            "observation": 0.16178519328435267
        }
    },
    "140": {
        "BestCoverage": 0.8,
        "TestInsertProbability": {
            "action": -0.07320672273635864,
            "observation": 0.22799367507298793
        }
    },
    "145": {
        "BestCoverage": 0.8,
        "TestInsertProbability": {
            "action": -0.07081500291824341,
            "observation": 0.15478695233662929
        }
    },
    "150": {
        "BestCoverage": 0.8,
        "TestInsertProbability": {
            "action": 0.012019920349121097,
            "observation": 0.08397194941838587
        }
    },
    "155": {
        "BestCoverage": 0.8,
        "TestInsertProbability": {
            "action": 0.04472081661224364,
            "observation": 0.09599186976750697
        }
    },
    "160": {
        "BestCoverage": 0.8,
        "TestInsertProbability": {
            "action": 0.044690608978271484,
            "observation": 0.1407126863797506
        }
    },
    "165": {
        "BestCoverage": 0.8,
        "TestInsertProbability": {
            "action": 0.06318560838699341,
            "observation": 0.18540329535802208
        }
    },
    "170": {
        "BestCoverage": 0.8,
        "TestInsertProbability": {
            "action": -0.003359895944595334,
            "observation": 0.2485889037450155
        }
    },
    "175": {
        "BestCoverage": 0.8,
        "TestInsertProbability": {
            "action": 0.09066265821456909,
            "observation": 0.24522900780042017
        }
    },
    "180": {
        "BestCoverage": 0.8,
        "TestInsertProbability": {
            "action": -0.013213980197906497,
            "observation": 0.33589166601498927
        }
    },
    "185": {
        "BestCoverage": 0.8,
        "TestInsertProbability": {
            "action": -0.06283714175224304,
            "observation": 0.3226776858170828
        }
    },
    "190": {
        "BestCoverage": 0.8,
        "TestInsertProbability": {
            "action": 0.02265253067016601,
            "observation": 0.25984054406483975
        }
    },
    "195": {
        "BestCoverage": 0.8,
        "TestInsertProbability": {
            "action": 0.036290192604064936,
            "observation": 0.28249307473500573
        }
    },
    "200": {
        "BestCoverage": 0.8,
        "TestInsertProbability": {
            "action": -0.02308475971221924,
            "observation": 0.3187832673390707
        }
    },
    "205": {
        "BestCoverage": 0.8,
        "TestInsertProbability": {
            "action": -0.03295652866363526,
            "observation": 0.29569850762685146
        }
    },
    "210": {
        "BestCoverage": 0.8,
        "TestInsertProbability": {
            "action": -0.033463704586029056,
            "observation": 0.2627419789632162
        }
    },
    "215": {
        "BestCoverage": 0.8,
        "TestInsertProbability": {
            "action": -0.015233838558197016,
            "observation": 0.22927827437718717
        }
    },
    "220": {
        "BestCoverage": 0.8,
        "TestInsertProbability": {
            "action": 0.09749531745910645,
            "observation": 0.21404443581899016
        }
    },
    "225": {
        "BestCoverage": 0.8,
        "TestInsertProbability": {
            "action": -0.0772057592868805,
            "observation": 0.3115397532780966
        }
    },
    "230": {
        "BestCoverage": 0.8,