{
    "15": {
        "BestCoverage": 0.05714285714285714,
        "Population": {
            "action": 7.299310684204102,
            "observation": 50
        }
    },
    "20": {
        "BestCoverage": 0.05714285714285714,
        "Population": {
            "action": -5.7082037925720215,
            "observation": 57
        }
    },
    "25": {
        "BestCoverage": 0.05714285714285714,
        "Population": {
            "action": 6.692888259887695,
            "observation": 51
        }
    },
    "30": {
        "BestCoverage": 0.05714285714285714,
        "Population": {
            "action": 5.350130081176758,
            "observation": 58
        }
    },
    "35": {
        "BestCoverage": 0.05714285714285714,
        "Population": {
            "action": 3.146432876586914,
            "observation": 63
        }
    },
    "40": {
        "BestCoverage": 0.05714285714285714,
        "Population": {
            "action": -6.705888748168945,
            "observation": 66
        }
    },
    "45": {
        "BestCoverage": 0.05714285714285714,
        "Population": {
            "action": 7.081319808959961,
            "observation": 59
        }
    },
    "50": {
        "BestCoverage": 0.05714285714285714,
        "Population": {
            "action": -6.501089572906494,
            "observation": 66
        }
    },
    "55": {
        "BestCoverage": 0.05714285714285714,
        "Population": {
            "action": 6.466472625732422,
            "observation": 59
        }
    },
    "60": {
        "BestCoverage": 0.05714285714285714,
        "Population": {
            "action": -4.475433349609375,
            "observation": 65
        }
    },
    "65": {
        "BestCoverage": 0.05714285714285714,
        "Population": {
            "action": -2.926321029663086,
            "observation": 61
        }
    },
    "70": {
        "BestCoverage": 0.05714285714285714,
        "Population": {
            "action": -1.183598518371582,
            "observation": 58
        }
    },
    "75": {
        "BestCoverage": 0.05714285714285714,
        "Population": {
            "action": -0.47182464599609375,
            "observation": 57
        }
    },
    "80": {
        "BestCoverage": 0.05714285714285714,
        "Population": {
            "action": 1.9602041244506836,
            "observation": 57
        }
    },
    "85": {
        "BestCoverage": 0.05714285714285714,
        "Population": {
            "action": 6.867833137512207,
            "observation": 59
        }
    },
    "90": {
        "BestCoverage": 0.05714285714285714,
        "Population": {
            "action": 0.5266218185424805,
            "observation": 66
        }
    },
    "95": {
        "BestCoverage": 0.05714285714285714,
        "Population": {
            "action": 0.510035514831543,
            "observation": 67
        }
    },
    "100": {
        "BestCoverage": 0.05714285714285714,
        "Population": {
            "action": -0.9474563598632812,
            "observation": 68
        }
    },
    "105": {
        "BestCoverage": 0.05714285714285714,
        "Population": {
            "action": 1.373917579650879,
            "observation": 67
        }
    },
    "110": {
        "BestCoverage": 0.05714285714285714,
        "Population": {
            "action": -5.963575839996338,
            "observation": 68
        }
    },
    "115": {
        "BestCoverage": 0.05714285714285714,
        "Population": {
            "action": -3.360872745513916,
            "observation": 62
        }
    },
    "120": {
        "BestCoverage": 0.05714285714285714,
        "Population": {
            "action": 5.116170883178711,
            "observation": 59
        }
    },
    "125": {
        "BestCoverage": 0.05714285714285714,
        "Population": {
            "action": 4.23876953125,
            "observation": 64
        }
    },
    "130": {
        "BestCoverage": 0.05714285714285714,
        "Population": {
            "action": -0.9796481132507324,
            "observation": 68
        }
    },
    "135": {
        "BestCoverage": 0.05714285714285714,
        "Population": {
            "action": 1.9906988143920898,
            "observation": 67
        }
    },
    "140": {
        "BestCoverage": 0.05714285714285714,
        "Population": {
            "action": 6.338803291320801,
            "observation": 69
        }
    },
    "145": {
        "BestCoverage": 0.05714285714285714,
        "Population": {
            "action": -6.864937782287598,
            "observation": 75
        }
    },
    "150": {
        "BestCoverage": 0.05714285714285714,
        "Population": {
            "action": -6.439761638641357,
            "observation": 68
        }
    },
    "155": {
        "BestCoverage": 0.05714285714285714,
        "Population": {
            "action": 6.136161804199219,
            "observation": 62
        }
    },
    "160": {
        "BestCoverage": 0.05714285714285714,
        "Population": {
            "action": -3.6521286964416504,
            "observation": 68
        }
    },
    "165": {
        "BestCoverage": 0.05714285714285714,
        "Population": {
            "action": -4.942001819610596,
            "observation": 64
        }
    },
    "170": {
        "BestCoverage": 0.05714285714285714,
        "Population": {
            "action": 2.9403181076049805,
            "observation": 59
        }
    },
    "175": {
        "BestCoverage": 0.05714285714285714,
        "Population": {
            "action": 1.2616758346557617,
            "observation": 62
        }
    },
    "180": {
        "BestCoverage": 0.05714285714285714,
        "Population": {
            "action": -4.0054497718811035,
            "observation": 63
        }
    },
    "185": {
        "BestCoverage": 0.05714285714285714,
        "Population": {
            "action": 4.15505313873291,
            "observation": 59
        }
    },
    "190": {
        "BestCoverage": 0.05714285714285714,
        "Population": {
            "action": -2.1961193084716797,
            "observation": 63
        }
    },
    "195": {
        "BestCoverage": 0.05714285714285714,
        "Population": {
            "action": -4.321172714233398,
            "observation": 61
        }
    },
    "200": {
        "BestCoverage": 0.05714285714285714,
        "Population": {
            "action": 3.0504236221313477,
            "observation": 57
        }
    },
    "205": {
        "BestCoverage": 0.05714285714285714,
        "Population": {
            "action": 4.083345413208008,
            "observation": 60
        }
    },
    "210": {
        "BestCoverage": 0.05714285714285714,
        "Population": {
            "action": -2.4360475540161133,
            "observation": 64
        }
    },
    "215": {
        "BestCoverage": 0.05714285714285714,
        "Population": {
            "action": -5.055673122406006,
            "observation": 62
        }
    },
    "220": {
        "BestCoverage": 0.05714285714285714,
        "Population": {
            "action": -3.8984603881835938,
            "observation": 57
        }
    },
    "225": {
        "BestCoverage": 0.05714285714285714,
        "Population": {
            "action": 4.376598358154297,
            "observation": 53
        }
    },
    "230": {
        "BestCoverage": 0.05714285714285714,
        "Population": {
            "action": -5.897099494934082,
            "observation": 57
        }
    },
    "235": {
        "BestCoverage": 0.05714285714285714,
        "Population": {
            "action": 1.0201330184936523,
            "observation": 51
        }
    },
    "240": {
        "BestCoverage": 0.05714285714285714,
        "Population": {
            "action": 3.635814666748047,
            "observation": 52
        }
    },
    "245": {
        "BestCoverage": 0.05714285714285714,
        "Population": {
            "action": -3.5936079025268555,