{
    "20": {
        "BestCoverage": 0.7,
        "Population": {
            "action": 1.9599275588989258,
            "observation": 50
        }
    },
    "25": {
        "BestCoverage": 0.7125,
        "Population": {
            "action": 4.37775993347168,
            "observation": 52
        }
    },
    "30": {
        "BestCoverage": 0.7125,
        "Population": {
            "action": -0.3542470932006836,
            "observation": 56
        }
    },
    "35": {
        "BestCoverage": 0.7125,
        "Population": {
            "action": -6.545243740081787,
            "observation": 56
        }
    },
    "40": {
        "BestCoverage": 0.7125,
        "Population": {
            "action": -1.1276874542236328,
            "observation": 49
        }
    },
    "45": {
        "BestCoverage": 0.7375,
        "Population": {
            "action": -4.028781890869141,
            "observation": 48
        }
    },
    "50": {
        "BestCoverage": 0.75,
        "Population": {
            "action": -6.229891777038574,
            "observation": 44
        }
    },
    "55": {
        "BestCoverage": 0.75,
        "Population": {
            "action": 3.4328269958496094,
            "observation": 38
        }
    },
    "60": {
        "BestCoverage": 0.75,
        "Population": {
            "action": 5.729883193969727,
            "observation": 41
        }
    },
    "65": {
        "BestCoverage": 0.75,
        "Population": {
            "action": 5.602968215942383,
            "observation": 47
        }
    },
    "70": {
        "BestCoverage": 0.75,
        "Population": {
            "action": 1.3082218170166016,
            "observation": 53
        }
    },
    "75": {
        "BestCoverage": 0.75,
        "Population": {
            "action": 4.964408874511719,
            "observation": 54
        }
    },
    "80": {
        "BestCoverage": 0.75,
        "Population": {
            "action": -2.429872512817383,
            "observation": 59
        }
    },
    "85": {
        "BestCoverage": 0.75,
        "Population": {
            "action": -0.5706253051757812,
            "observation": 57
        }
    },
    "90": {
        "BestCoverage": 0.75,
        "Population": {
            "action": 7.298053741455078,
            "observation": 56
        }
    },
    "95": {
        "BestCoverage": 0.75,
        "Population": {
            "action": -0.6764183044433594,
            "observation": 63
        }
    },
    "100": {
        "BestCoverage": 0.75,
        "Population": {
            "action": 7.160207748413086,
            "observation": 62
        }
    },
    "105": {
        "BestCoverage": 0.75,
        "Population": {
            "action": -6.743134498596191,
            "observation": 69
        }
    },
    "110": {
        "BestCoverage": 0.75,
        "Population": {
            "action": -1.8812856674194336,
            "observation": 62
        }
    },
    "115": {
        "BestCoverage": 0.75,
        "Population": {
            "action": 3.270937919616699,
            "observation": 60
        }
    },
    "120": {
        "BestCoverage": 0.75,
        "Population": {
            "action": 5.017350196838379,
            "observation": 63
        }
    },
    "125": {
        "BestCoverage": 0.75,
        "Population": {
            "action": -3.849750518798828,
            "observation": 68
        }
    },
    "130": {
        "BestCoverage": 0.75,
        "Population": {
            "action": 6.990218162536621,
            "observation": 64
        }
    },
    "135": {
        "BestCoverage": 0.75,
        "Population": {
            "action": -0.7984247207641602,
            "observation": 71
        }
    },
    "140": {
        "BestCoverage": 0.75,
        "Population": {
            "action": -6.0451154708862305,
            "observation": 70
        }
    },
    "145": {
        "BestCoverage": 0.75,
        "Population": {
            "action": 0.2579078674316406,
            "observation": 64
        }
    },
    "150": {
        "BestCoverage": 0.75,
        "Population": {
            "action": 0.2695884704589844,
            "observation": 64
        }
    },
    "155": {
        "BestCoverage": 0.75,
        "Population": {
            "action": -6.675506591796875,
            "observation": 64
        }
    },
    "160": {
        "BestCoverage": 0.75,
        "Population": {
            "action": 6.583763122558594,
            "observation": 57
        }
    },
    "165": {
        "BestCoverage": 0.75,
        "Population": {
            "action": 4.649478912353516,
            "observation": 64
        }
    },
    "170": {
        "BestCoverage": 0.75,
        "Population": {
            "action": -6.231158256530762,
            "observation": 69
        }
    },
    "175": {
        "BestCoverage": 0.75,
        "Population": {
            "action": -1.3698906898498535,
            "observation": 63
        }
    },
    "180": {
        "BestCoverage": 0.75,
        "Population": {
            "action": 5.705727577209473,
            "observation": 62
        }
    },
    "185": {
        "BestCoverage": 0.75,
        "Population": {
            "action": 0.780858039855957,
            "observation": 68
        }
    },
    "190": {
        "BestCoverage": 0.75,
        "Population": {
            "action": -3.8158373832702637,
            "observation": 69
        }
    },
    "195": {
        "BestCoverage": 0.75,
        "Population": {
            "action": -4.066126346588135,
            "observation": 65
        }
    },
    "200": {
        "BestCoverage": 0.75,
        "Population": {
            "action": -1.880732536315918,
            "observation": 61
        }
    },
    "205": {
        "BestCoverage": 0.75,
        "Population": {
            "action": -0.19344377517700195,
            "observation": 59
        }
    },
    "210": {
        "BestCoverage": 0.75,
        "Population": {
            "action": -1.7230043411254883,
            "observation": 59
        }
    },
    "215": {
        "BestCoverage": 0.75,
        "Population": {
            "action": 2.78399658203125,
            "observation": 57
        }
    },
    "220": {
        "BestCoverage": 0.75,
        "Population": {
            "action": -2.052645683288574,
            "observation": 60
        }
    },
    "225": {
        "BestCoverage": 0.75,
        "Population": {
            "action": -4.363853931427002,
            "observation": 58
        }
    },
    "230": {
        "BestCoverage": 0.75,
        "Population": {
            "action": 1.3110475540161133,
            "observation": 54
        }
    },
    "235": {
        "BestCoverage": 0.75,
        "Population": {
            "action": 5.78852653503418,
            "observation": 55
        }
    },
    "240": {
        "BestCoverage": 0.75,
        "Population": {
            "action": 7.811186790466309,
            "observation": 61
        }
    },
    "245": {
        "BestCoverage": 0.75,
        "Population": {
            "action": -1.682833194732666,
            "observation": 69
        }
    },
    "250": {
        "BestCoverage": 0.75,
        "Population": {
            "action": 1.6969242095947266,
            "observation": 67
        }
    },
    "255": {
        "BestCoverage": 0.75,
        "Population": {
            "action": -2.9654908180236816,
            "observation": 69
        }
    },
    "260": {
        "BestCoverage": 0.75,
        "Population": {
            "action": 0.4019031524658203,
            "observation": 66
        }
    },
    "265": {
        "BestCoverage": 0.75,
        "Population": {
            "action": 3.116842269897461,
            "observation": 66
        }
    },
    "270": {
        "BestCoverage": 0.75,
        "Population": {
            "action": 0.5535717010498047,
            "observation": 69
        }
    },
    "275": {
        "BestCoverage": 0.75,