{
    "30": {
        "BestCoverage": 0.75,
        "TournamentSize": {
            "action": 0.9327037334442139,
            "observation": 5
        }
    },
    "35": {
        "BestCoverage": 0.75,
        "TournamentSize": {
            "action": -0.7516733407974243,
            "observation": 6
        }
    },
    "40": {
        "BestCoverage": 0.75,
        "TournamentSize": {
            "action": 0.5715138912200928,
            "observation": 5
        }
    },
    "45": {
        "BestCoverage": 0.75,
        "TournamentSize": {
            "action": 0.8142604827880859,
            "observation": 6
        }
    },
    "50": {
        "BestCoverage": 0.75,
        "TournamentSize": {
            "action": 0.8014241456985474,
            "observation": 7
        }
    },
    "55": {
        "BestCoverage": 0.75,
        "TournamentSize": {
            "action": -0.8027973771095276,
            "observation": 8
        }
    },
    "60": {
        "BestCoverage": 0.75,
        "TournamentSize": {
            "action": -0.6360472440719604,
            "observation": 7
        }
    },
    "65": {
        "BestCoverage": 0.75,
        "TournamentSize": {
            "action": -0.18067342042922974,
            "observation": 6
        }
    },
    "70": {
        "BestCoverage": 0.75,
        "TournamentSize": {
            "action": 0.7692515850067139,
            "observation": 6
        }
    },
    "75": {
        "BestCoverage": 0.75,
        "TournamentSize": {
            "action": 0.6450626850128174,
            "observation": 7
        }
    },
    "80": {
        "BestCoverage": 0.75,
        "TournamentSize": {
            "action": 0.791006326675415,
            "observation": 8
        }
    },
    "85": {
        "BestCoverage": 0.75,
        "TournamentSize": {
            "action": -0.22175318002700806,
            "observation": 9
        }
    },
    "90": {
        "BestCoverage": 0.75,
        "TournamentSize": {
            "action": -0.27875441312789917,
            "observation": 9
        }
    },
    "95": {
        "BestCoverage": 0.75,
        "TournamentSize": {
            "action": 0.12098157405853271,
            "observation": 9
        }
    },
    "100": {
        "BestCoverage": 0.75,
        "TournamentSize": {
            "action": -0.6008014678955078,
            "observation": 9
        }
    },
    "105": {
        "BestCoverage": 0.75,
        "TournamentSize": {
            "action": -0.9977354407310486,
            "observation": 8
        }
    },
    "110": {
        "BestCoverage": 0.75,
        "TournamentSize": {
            "action": -0.5054043531417847,
            "observation": 7
        }
    },
    "115": {
        "BestCoverage": 0.75,
        "TournamentSize": {
            "action": 0.40855419635772705,
            "observation": 6
        }
    },
    "120": {
        "BestCoverage": 0.75,
        "TournamentSize": {
            "action": -0.014360368251800537,
            "observation": 6
        }
    },
    "125": {
        "BestCoverage": 0.75,
        "TournamentSize": {
            "action": -0.3129432201385498,
            "observation": 6
        }
    },
    "130": {
        "BestCoverage": 0.75,
        "TournamentSize": {
            "action": 0.3808016777038574,
            "observation": 6
        }
    },
    "135": {
        "BestCoverage": 0.75,
        "TournamentSize": {
            "action": -0.8084098100662231,
            "observation": 6
        }
    },
    "140": {
        "BestCoverage": 0.75,
        "TournamentSize": {
            "action": -0.7959566712379456,
            "observation": 5
        }
    },
    "145": {
        "BestCoverage": 0.75,
        "TournamentSize": {
            "action": -0.5058104991912842,
            "observation": 4
        }
    },
    "150": {
        "BestCoverage": 0.75,
        "TournamentSize": {
            "action": 0.22011089324951172,
            "observation": 3
        }
    },
    "155": {
        "BestCoverage": 0.75,
        "TournamentSize": {
            "action": 0.6213732957839966,
            "observation": 3
        }
    },
    "160": {
        "BestCoverage": 0.75,
        "TournamentSize": {
            "action": 0.18049407005310059,
            "observation": 4
        }
    },
    "165": {
        "BestCoverage": 0.75,
        "TournamentSize": {
            "action": -0.005142867565155029,
            "observation": 4
        }
    },
    "170": {
        "BestCoverage": 0.75,
        "TournamentSize": {
            "action": 0.46460115909576416,
            "observation": 4
        }
    },
    "175": {
        "BestCoverage": 0.75,
        "TournamentSize": {
            "action": 0.7101658582687378,
            "observation": 4
        }
    },
    "180": {
        "BestCoverage": 0.75,
        "TournamentSize": {
            "action": 0.2780764102935791,
            "observation": 5
        }
    },
    "185": {
        "BestCoverage": 0.75,
        "TournamentSize": {
            "action": 0.05209994316101074,
            "observation": 5
        }
    },
    "190": {
        "BestCoverage": 0.75,
        "TournamentSize": {
            "action": 0.2590595483779907,
            "observation": 5
        }
    },
    "195": {
        "BestCoverage": 0.75,
        "TournamentSize": {
            "action": 0.14901971817016602,
            "observation": 5
        }
    },
    "200": {
        "BestCoverage": 0.75,
        "TournamentSize": {
            "action": 0.5420918464660645,
            "observation": 5
        }
    },
    "205": {
        "BestCoverage": 0.75,
        "TournamentSize": {
            "action": 0.48372673988342285,
            "observation": 6
        }
    },
    "210": {
        "BestCoverage": 0.75,
        "TournamentSize": {
            "action": -0.8330897092819214,
            "observation": 6
        }
    },
    "215": {
        "BestCoverage": 0.75,
        "TournamentSize": {
            "action": -0.6678051352500916,
            "observation": 5
        }
    },
    "220": {
        "BestCoverage": 0.75,
        "TournamentSize": {
            "action": 0.879888653755188,
            "observation": 4
        }
    },
    "225": {
        "BestCoverage": 0.75,
        "TournamentSize": {
            "action": -0.23699581623077393,
            "observation": 5
        }
    },
    "230": {
        "BestCoverage": 0.75,
        "TournamentSize": {
            "action": 0.3132055997848511,
            "observation": 5
        }
    },
    "235": {
        "BestCoverage": 0.75,
        "TournamentSize": {
            "action": -0.5924161672592163,
            "observation": 5
        }
    },
    "240": {
        "BestCoverage": 0.75,
        "TournamentSize": {
            "action": 0.9999707937240601,
            "observation": 4
        }
    },
    "245": {
        "BestCoverage": 0.75,
        "TournamentSize": {
            "action": 0.4071204662322998,
            "observation": 5
        }
    },
    "250": {
        "BestCoverage": 0.75,
        "TournamentSize": {
            "action": 0.9922146797180176,
            "observation": 5
        }
    },
    "255": {
        "BestCoverage": 0.75,
        "TournamentSize": {
            "action": -0.00866079330444336,
            "observation": 6
        }
    },
    "260": {
        "BestCoverage": 0.75,
        "TournamentSize": {
            "action": 0.3492501974105835,
            "observation": 6
        }
    },
    "265": {
        "BestCoverage": 0.75,
        "TournamentSize": {
            "action": 0.7565332651138306,
            "observation": 6
        }
    },
    "270": {
        "BestCoverage": 0.75,
        "TournamentSize": {
            "action": 0.9390020370483398,
            "observation": 7
        }
    },
    "275": {
        "BestCoverage": 0.75,
        "TournamentSize": {
            "action": -0.028421521186828613,
            "observation": 8
        }
    },