{
    "15": {
        "BestCoverage": 0.8,
        "TestChangeProbability": {
            "action": -0.0229917049407959,
            "observation": 0.3333333333333333
        }
    },
    "20": {
        "BestCoverage": 0.8,
        "TestChangeProbability": {
            "action": 0.011405229568481445,
            "observation": 0.3103416283925374
        }
    },
    "25": {
        "BestCoverage": 0.8,
        "TestChangeProbability": {
            "action": 0.032319641113281256,
            "observation": 0.3217468579610189
        }
    },
    "30": {
        "BestCoverage": 0.8,
        "TestChangeProbability": {
            "action": -0.05864552259445191,
            "observation": 0.3540664990743001
        }
    },
    "35": {
        "BestCoverage": 0.8,
        "TestChangeProbability": {
            "action": -0.02111479640007019,
            "observation": 0.2954209764798482
        }
    },
    "40": {
        "BestCoverage": 0.8,
        "TestChangeProbability": {
            "action": -0.03886849284172059,
            "observation": 0.27430618007977803
        }
    },
    "45": {
        "BestCoverage": 0.8,
        "TestChangeProbability": {
            "action": -0.0402087152004242,
            "observation": 0.23543768723805744
        }
    },
    "50": {
        "BestCoverage": 0.8,
        "TestChangeProbability": {
            "action": -0.07528603672981263,
            "observation": 0.19522897203763323
        }
    },
    "55": {
        "BestCoverage": 0.8,
        "TestChangeProbability": {
            "action": 0.0893060803413391,
            "observation": 0.1199429353078206
        }
    },
    "60": {
        "BestCoverage": 0.8,
        "TestChangeProbability": {
            "action": -0.06799457669258119,
            "observation": 0.2092490156491597
        }
    },
    "65": {
        "BestCoverage": 0.8,
        "TestChangeProbability": {
            "action": 0.047136545181274414,
            "observation": 0.14125443895657852
        }
    },
    "70": {
        "BestCoverage": 0.8,
        "TestChangeProbability": {
            "action": -0.06795970797538758,
            "observation": 0.18839098413785293
        }
    },
    "75": {
        "BestCoverage": 0.8,
        "TestChangeProbability": {
            "action": -0.007315599918365473,
            "observation": 0.12043127616246535
        }
    },
    "80": {
        "BestCoverage": 0.8,
        "TestChangeProbability": {
            "action": -0.06257725358009339,
            "observation": 0.11311567624409988
        }
    },
    "85": {
        "BestCoverage": 0.8,
        "TestChangeProbability": {
            "action": 0.022755372524261477,
            "observation": 0.05053842266400649
        }
    },
    "90": {
        "BestCoverage": 0.8,
        "TestChangeProbability": {
            "action": 0.09314393997192383,
            "observation": 0.07329379518826797
        }
    },
    "95": {
        "BestCoverage": 0.8,
        "TestChangeProbability": {
            "action": 0.09847843647003174,
            "observation": 0.16643773516019178
        }
    },
    "100": {
        "BestCoverage": 0.8,
        "TestChangeProbability": {
            "action": 0.0860618829727173,
            "observation": 0.2649161716302235
        }
    },
    "105": {
        "BestCoverage": 0.8,
        "TestChangeProbability": {
            "action": -0.06932795643806458,
            "observation": 0.35097805460294085
        }
    },
    "110": {
        "BestCoverage": 0.8,
        "TestChangeProbability": {
            "action": -0.08813995122909546,
            "observation": 0.2816500981648763
        }
    },
    "115": {
        "BestCoverage": 0.8,
        "TestChangeProbability": {
            "action": -0.014036339521408078,
            "observation": 0.19351014693578084
        }
    },
    "120": {
        "BestCoverage": 0.8,
        "TestChangeProbability": {
            "action": 0.09565004110336303,
            "observation": 0.17947380741437274
        }
    },
    "125": {
        "BestCoverage": 0.8,
        "TestChangeProbability": {
            "action": 0.09456669092178346,
            "observation": 0.27512384851773575
        }
    },
    "130": {
        "BestCoverage": 0.8,
        "TestChangeProbability": {
            "action": -0.06565774083137513,
            "observation": 0.36969053943951924
        }
    },
    "135": {
        "BestCoverage": 0.8,
        "TestChangeProbability": {
            "action": 0.051959252357482916,
            "observation": 0.30403279860814414
        }
    },
    "140": {
        "BestCoverage": 0.8,
        "TestChangeProbability": {
            "action": -0.08997094035148621,
            "observation": 0.355992050965627
        }
    },
    "145": {
        "BestCoverage": 0.8,
        "TestChangeProbability": {
            "action": 0.0055114865303039495,
            "observation": 0.2660211106141408
        }
    },
    "150": {
        "BestCoverage": 0.8,
        "TestChangeProbability": {
            "action": -0.05101468563079834,
            "observation": 0.2715325971444448
        }
    },
    "155": {
        "BestCoverage": 0.8,
        "TestChangeProbability": {
            "action": -0.09228930473327637,
            "observation": 0.22051791151364644
        }
    },
    "160": {
        "BestCoverage": 0.8,
        "TestChangeProbability": {
            "action": -0.0898612916469574,
            "observation": 0.12822860678037007
        }
    },
    "165": {
        "BestCoverage": 0.8,
        "TestChangeProbability": {
            "action": 0.09482967853546143,
            "observation": 0.03836731513341267
        }
    },
    "170": {
        "BestCoverage": 0.8,
        "TestChangeProbability": {
            "action": -0.05473501086235047,
            "observation": 0.1331969936688741
        }
    },
    "175": {
        "BestCoverage": 0.8,
        "TestChangeProbability": {
            "action": -0.03212798237800599,
            "observation": 0.07846198280652364
        }
    },
    "180": {
        "BestCoverage": 0.8,
        "TestChangeProbability": {
            "action": 0.02419934272766114,
            "observation": 0.04633400042851765
        }
    },
    "185": {
        "BestCoverage": 0.8,
        "TestChangeProbability": {
            "action": 0.0641960620880127,
            "observation": 0.07053334315617879
        }
    },
    "190": {
        "BestCoverage": 0.8,
        "TestChangeProbability": {
            "action": -0.07663299441337586,
            "observation": 0.1347294052441915
        }
    },
    "195": {
        "BestCoverage": 0.8,
        "TestChangeProbability": {
            "action": -0.07605186700820923,
            "observation": 0.05809641083081564
        }
    },
    "200": {
        "BestCoverage": 0.8,
        "TestChangeProbability": {
            "action": 0.06406772136688232,
            "observation": 0.0
        }
    },
    "205": {
        "BestCoverage": 0.8,
        "TestChangeProbability": {
            "action": 0.05031849145889283,
            "observation": 0.06406772136688232
        }
    },
    "210": {
        "BestCoverage": 0.8,
        "TestChangeProbability": {
            "action": -0.027796483039855963,
            "observation": 0.11438621282577516
        }
    },
    "215": {
        "BestCoverage": 0.8,
        "TestChangeProbability": {
            "action": -0.04216964840888977,
            "observation": 0.0865897297859192
        }
    },
    "220": {
        "BestCoverage": 0.8,
        "TestChangeProbability": {
            "action": 0.0764474630355835,
            "observation": 0.04442008137702942
        }
    },
    "225": {
        "BestCoverage": 0.8,
        "TestChangeProbability": {
            "action": -0.04172285795211792,
            "observation": 0.12086754441261292
        }
    },
    "230": {
        "BestCoverage": 0.8,