{
    "15": {
        "BestCoverage": 0.8,
        "RandomPerturbation": {
            "action": 0.02280426025390625,
            "observation": 0.2
        }
    },
    "20": {
        "BestCoverage": 0.8,
        "RandomPerturbation": {
            "action": 0.0014170169830322321,
            "observation": 0.22280426025390626
        }
    },
    "25": {
        "BestCoverage": 0.8,
        "RandomPerturbation": {
            "action": -0.057281446456909184,
            "observation": 0.2242212772369385
        }
    },
    "30": {
        "BestCoverage": 0.8,
        "RandomPerturbation": {
            "action": -0.07427734136581421,
            "observation": 0.1669398307800293
        }
    },
    "35": {
        "BestCoverage": 0.8,
        "RandomPerturbation": {
            "action": -0.05313273668289185,
            "observation": 0.0926624894142151
        }
    },
    "40": {
        "BestCoverage": 0.8,
        "RandomPerturbation": {
            "action": 0.0653770685195923,
            "observation": 0.039529752731323246
        }
    },
    "45": {
        "BestCoverage": 0.8,
        "RandomPerturbation": {
            "action": 0.04803563356399537,
            "observation": 0.10490682125091555
        }
    },
    "50": {
        "BestCoverage": 0.8,
        "RandomPerturbation": {
            "action": 0.08545818328857421,
            "observation": 0.15294245481491092
        }
    },
    "55": {
        "BestCoverage": 0.8,
        "RandomPerturbation": {
            "action": 0.05903613567352295,
            "observation": 0.23840063810348514
        }
    },
    "60": {
        "BestCoverage": 0.8,
        "RandomPerturbation": {
            "action": 0.06088826656341553,
            "observation": 0.29743677377700806
        }
    },
    "65": {
        "BestCoverage": 0.8,
        "RandomPerturbation": {
            "action": -0.06904721260070801,
            "observation": 0.35832504034042356
        }
    },
    "70": {
        "BestCoverage": 0.8,
        "RandomPerturbation": {
            "action": 0.08085131645202637,
            "observation": 0.28927782773971555
        }
    },
    "75": {
        "BestCoverage": 0.8,
        "RandomPerturbation": {
            "action": -0.07262700200080872,
            "observation": 0.3701291441917419
        }
    },
    "80": {
        "BestCoverage": 0.8,
        "RandomPerturbation": {
            "action": 7.75456428527832e-05,
            "observation": 0.2975021421909332
        }
    },
    "85": {
        "BestCoverage": 0.8,
        "RandomPerturbation": {
            "action": -0.00824435949325561,
            "observation": 0.29757968783378597
        }
    },
    "90": {
        "BestCoverage": 0.8,
        "RandomPerturbation": {
            "action": 0.017200899124145505,
            "observation": 0.28933532834053033
        }
    },
    "95": {
        "BestCoverage": 0.8,
        "RandomPerturbation": {
            "action": 0.05060553550720215,
            "observation": 0.30653622746467585
        }
    },
    "100": {
        "BestCoverage": 0.8,
        "RandomPerturbation": {
            "action": 0.030271756649017323,
            "observation": 0.357141762971878
        }
    },
    "105": {
        "BestCoverage": 0.8,
        "RandomPerturbation": {
            "action": 0.044573020935058605,
            "observation": 0.3874135196208953
        }
    },
    "110": {
        "BestCoverage": 0.8,
        "RandomPerturbation": {
            "action": -0.09537788033485413,
            "observation": 0.4319865405559539
        }
    },
    "115": {
        "BestCoverage": 0.8,
        "RandomPerturbation": {
            "action": 0.022415769100189206,
            "observation": 0.3366086602210998
        }
    },
    "120": {
        "BestCoverage": 0.8,
        "RandomPerturbation": {
            "action": 0.027869927883148182,
            "observation": 0.35902442932128903
        }
    },
    "125": {
        "BestCoverage": 0.8,
        "RandomPerturbation": {
            "action": -0.04697825908660889,
            "observation": 0.3868943572044372
        }
    },
    "130": {
        "BestCoverage": 0.8,
        "RandomPerturbation": {
            "action": -0.03049046993255615,
            "observation": 0.3399160981178283
        }
    },
    "135": {
        "BestCoverage": 0.8,
        "RandomPerturbation": {
            "action": 0.06742441654205322,
            "observation": 0.30942562818527214
        }
    },
    "140": {
        "BestCoverage": 0.8,
        "RandomPerturbation": {
            "action": -0.08746946454048157,
            "observation": 0.37685004472732536
        }
    },
    "145": {
        "BestCoverage": 0.8,
        "RandomPerturbation": {
            "action": 0.08684823513031006,
            "observation": 0.28938058018684376
        }
    },
    "150": {
        "BestCoverage": 0.8,
        "RandomPerturbation": {
            "action": 0.06643215417861939,
            "observation": 0.3762288153171538
        }
    },
    "155": {
        "BestCoverage": 0.8,
        "RandomPerturbation": {
            "action": -0.04660961031913757,
            "observation": 0.44266096949577316
        }
    },
    "160": {
        "BestCoverage": 0.8,
        "RandomPerturbation": {
            "action": -0.04480178952217102,
            "observation": 0.3960513591766356
        }
    },
    "165": {
        "BestCoverage": 0.8,
        "RandomPerturbation": {
            "action": 0.005576562881469724,
            "observation": 0.3512495696544646
        }
    },
    "170": {
        "BestCoverage": 0.8,
        "RandomPerturbation": {
            "action": -0.09558473229408265,
            "observation": 0.3568261325359343
        }
    },
    "175": {
        "BestCoverage": 0.8,
        "RandomPerturbation": {
            "action": -0.058952271938323975,
            "observation": 0.26124140024185166
        }
    },
    "180": {
        "BestCoverage": 0.8,
        "RandomPerturbation": {
            "action": -0.027170538902282715,
            "observation": 0.2022891283035277
        }
    },
    "185": {
        "BestCoverage": 0.8,
        "RandomPerturbation": {
            "action": -0.022406053543090818,
            "observation": 0.17511858940124497
        }
    },
    "190": {
        "BestCoverage": 0.8,
        "RandomPerturbation": {
            "action": -0.05592377781867981,
            "observation": 0.15271253585815414
        }
    },
    "195": {
        "BestCoverage": 0.8,
        "RandomPerturbation": {
            "action": 0.0472694754600525,
            "observation": 0.09678875803947433
        }
    },
    "200": {
        "BestCoverage": 0.8,
        "RandomPerturbation": {
            "action": -0.09882647395133973,
            "observation": 0.14405823349952684
        }
    },
    "205": {
        "BestCoverage": 0.8,
        "RandomPerturbation": {
            "action": 0.050120282173156755,
            "observation": 0.04523175954818712
        }
    },
    "210": {
        "BestCoverage": 0.8,
        "RandomPerturbation": {
            "action": -0.04165545105934143,
            "observation": 0.09535204172134387
        }
    },
    "215": {
        "BestCoverage": 0.8,
        "RandomPerturbation": {
            "action": 0.02045576572418213,
            "observation": 0.05369659066200244
        }
    },
    "220": {
        "BestCoverage": 0.8,
        "RandomPerturbation": {
            "action": 0.09189946651458741,
            "observation": 0.07415235638618457
        }
    },
    "225": {
        "BestCoverage": 0.8,
        "RandomPerturbation": {
            "action": 0.0222092866897583,
            "observation": 0.16605182290077197
        }
    },
    "230": {
        "BestCoverage": 0.8,
        "RandomPerturbation": {
            "action": -0.048818510770797734,
            "observation": 0.18826110959053027
        }
    },
    "235": {
        "BestCoverage": 0.8,