{
    "15": {
        "BestCoverage": 0.8,
        "TestInsertionProbability": {
            "action": -0.0024985194206237765,
            "observation": 0.1
        }
    },
    "20": {
        "BestCoverage": 0.8,
        "TestInsertionProbability": {
            "action": 0.07957842350006103,
            "observation": 0.09750148057937623
        }
    },
    "25": {
        "BestCoverage": 0.8,
        "TestInsertionProbability": {
            "action": -0.08721976280212403,
            "observation": 0.17707990407943724
        }
    },
    "30": {
        "BestCoverage": 0.8,
        "TestInsertionProbability": {
            "action": 0.043907308578491205,
            "observation": 0.08986014127731322
        }
    },
    "35": {
        "BestCoverage": 0.8,
        "TestInsertionProbability": {
            "action": 0.023480343818664554,
            "observation": 0.1337674498558044
        }
    },
    "40": {
        "BestCoverage": 0.8,
        "TestInsertionProbability": {
            "action": -0.07483763694763185,
            "observation": 0.15724779367446895
        }
    },
    "45": {
        "BestCoverage": 0.8,
        "TestInsertionProbability": {
            "action": 0.02316597700119019,
            "observation": 0.0824101567268371
        }
    },
    "50": {
        "BestCoverage": 0.8,
        "TestInsertionProbability": {
            "action": -0.032555341720581055,
            "observation": 0.1055761337280273
        }
    },
    "55": {
        "BestCoverage": 0.8,
        "TestInsertionProbability": {
            "action": -0.08317173719406129,
            "observation": 0.07302079200744624
        }
    },
    "60": {
        "BestCoverage": 0.8,
        "TestInsertionProbability": {
            "action": -0.05118322968482972,
            "observation": 0.0
        }
    },
    "65": {
        "BestCoverage": 0.8,
        "TestInsertionProbability": {
            "action": 0.0216823935508728,
            "observation": 0.0
        }
    },
    "70": {
        "BestCoverage": 0.8,
        "TestInsertionProbability": {
            "action": -0.0811909854412079,
            "observation": 0.0216823935508728
        }
    },
    "75": {
        "BestCoverage": 0.8,
        "TestInsertionProbability": {
            "action": 0.01673568487167358,
            "observation": 0.0
        }
    },
    "80": {
        "BestCoverage": 0.8,
        "TestInsertionProbability": {
            "action": 0.06626605987548828,
            "observation": 0.01673568487167358
        }
    },
    "85": {
        "BestCoverage": 0.8,
        "TestInsertionProbability": {
            "action": -0.04187630414962769,
            "observation": 0.08300174474716186
        }
    },
    "90": {
        "BestCoverage": 0.8,
        "TestInsertionProbability": {
            "action": 0.08072209358215332,
            "observation": 0.041125440597534174
        }
    },
    "95": {
        "BestCoverage": 0.8,
        "TestInsertionProbability": {
            "action": 0.002655553817749026,
            "observation": 0.1218475341796875
        }
    },
    "100": {
        "BestCoverage": 0.8,
        "TestInsertionProbability": {
            "action": 0.08470113277435304,
            "observation": 0.12450308799743652
        }
    },
    "105": {
        "BestCoverage": 0.8,
        "TestInsertionProbability": {
            "action": 0.08386714458465577,
            "observation": 0.20920422077178957
        }
    },
    "110": {
        "BestCoverage": 0.8,
        "TestInsertionProbability": {
            "action": 0.05247757434844971,
            "observation": 0.29307136535644535
        }
    },
    "115": {
        "BestCoverage": 0.8,
        "TestInsertionProbability": {
            "action": 0.04643759727478028,
            "observation": 0.3455489397048951
        }
    },
    "120": {
        "BestCoverage": 0.8,
        "TestInsertionProbability": {
            "action": 0.0007992386817932129,
            "observation": 0.39198653697967534
        }
    },
    "125": {
        "BestCoverage": 0.8,
        "TestInsertionProbability": {
            "action": 0.043504500389099116,
            "observation": 0.39278577566146855
        }
    },
    "130": {
        "BestCoverage": 0.8,
        "TestInsertionProbability": {
            "action": -0.026412892341613772,
            "observation": 0.4362902760505677
        }
    },
    "135": {
        "BestCoverage": 0.8,
        "TestInsertionProbability": {
            "action": 0.04203579425811768,
            "observation": 0.40987738370895394
        }
    },
    "140": {
        "BestCoverage": 0.8,
        "TestInsertionProbability": {
            "action": 0.09530817270278932,
            "observation": 0.45191317796707164
        }
    },
    "145": {
        "BestCoverage": 0.8,
        "TestInsertionProbability": {
            "action": -0.004144525527954107,
            "observation": 0.547221350669861
        }
    },
    "150": {
        "BestCoverage": 0.8,
        "TestInsertionProbability": {
            "action": 0.032314920425415034,
            "observation": 0.5430768251419069
        }
    },
    "155": {
        "BestCoverage": 0.8,
        "TestInsertionProbability": {
            "action": -0.004394412040710449,
            "observation": 0.575391745567322
        }
    },
    "160": {
        "BestCoverage": 0.8,
        "TestInsertionProbability": {
            "action": 0.062196683883667,
            "observation": 0.5709973335266115
        }
    },
    "165": {
        "BestCoverage": 0.8,
        "TestInsertionProbability": {
            "action": -0.0783757746219635,
            "observation": 0.6331940174102786
        }
    },
    "170": {
        "BestCoverage": 0.8,
        "TestInsertionProbability": {
            "action": 0.006592988967895508,
            "observation": 0.554818242788315
        }
    },
    "175": {
        "BestCoverage": 0.8,
        "TestInsertionProbability": {
            "action": -0.09546192288398743,
            "observation": 0.5614112317562105
        }
    },
    "180": {
        "BestCoverage": 0.8,
        "TestInsertionProbability": {
            "action": -0.06647589206695556,
            "observation": 0.46594930887222313
        }
    },
    "185": {
        "BestCoverage": 0.8,
        "TestInsertionProbability": {
            "action": -0.041049605607986456,
            "observation": 0.3994734168052676
        }
    },
    "190": {
        "BestCoverage": 0.8,
        "TestInsertionProbability": {
            "action": -0.08361712098121643,
            "observation": 0.3584238111972812
        }
    },
    "195": {
        "BestCoverage": 0.8,
        "TestInsertionProbability": {
            "action": 0.03582593202590942,
            "observation": 0.27480669021606474
        }
    },
    "200": {
        "BestCoverage": 0.8,
        "TestInsertionProbability": {
            "action": 0.09984867572784425,
            "observation": 0.3106326222419742
        }
    },
    "205": {
        "BestCoverage": 0.8,
        "TestInsertionProbability": {
            "action": 0.051180565357208246,
            "observation": 0.41048129796981847
        }
    },
    "210": {
        "BestCoverage": 0.8,
        "TestInsertionProbability": {
            "action": -0.027324485778808597,
            "observation": 0.46166186332702674
        }
    },
    "215": {
        "BestCoverage": 0.8,
        "TestInsertionProbability": {
            "action": -0.08941481113433838,
            "observation": 0.43433737754821816
        }
    },
    "220": {
        "BestCoverage": 0.8,
        "TestInsertionProbability": {
            "action": 0.0007586479187011719,
            "observation": 0.34492256641387975
        }
    },
    "225": {
        "BestCoverage": 0.8,
        "TestInsertionProbability": {
            "action": -0.09087225794792175,
            "observation": 0.3456812143325809
        }
    },