{
    "15": {
        "BestCoverage": 0.8,
        "TournamentSize": {
            "action": -0.5797448754310608,
            "observation": 5
        }
    },
    "20": {
        "BestCoverage": 0.8,
        "TournamentSize": {
            "action": -0.9912168979644775,
            "observation": 4
        }
    },
    "25": {
        "BestCoverage": 0.8,
        "TournamentSize": {
            "action": -0.5854822993278503,
            "observation": 3
        }
    },
    "30": {
        "BestCoverage": 0.8,
        "TournamentSize": {
            "action": 0.3340764045715332,
            "observation": 2
        }
    },
    "35": {
        "BestCoverage": 0.8,
        "TournamentSize": {
            "action": -0.266568124294281,
            "observation": 2
        }
    },
    "40": {
        "BestCoverage": 0.8,
        "TournamentSize": {
            "action": 0.19052255153656006,
            "observation": 2
        }
    },
    "45": {
        "BestCoverage": 0.8,
        "TournamentSize": {
            "action": -0.9579729437828064,
            "observation": 2
        }
    },
    "50": {
        "BestCoverage": 0.8,
        "TournamentSize": {
            "action": -0.5547972917556763,
            "observation": 2
        }
    },
    "55": {
        "BestCoverage": 0.8,
        "TournamentSize": {
            "action": 0.018321990966796875,
            "observation": 2
        }
    },
    "60": {
        "BestCoverage": 0.8,
        "TournamentSize": {
            "action": -0.7633420825004578,
            "observation": 2
        }
    },
    "65": {
        "BestCoverage": 0.8,
        "TournamentSize": {
            "action": 0.22835588455200195,
            "observation": 2
        }
    },
    "70": {
        "BestCoverage": 0.8,
        "TournamentSize": {
            "action": 0.8877735137939453,
            "observation": 2
        }
    },
    "75": {
        "BestCoverage": 0.8,
        "TournamentSize": {
            "action": 0.8464905023574829,
            "observation": 3
        }
    },
    "80": {
        "BestCoverage": 0.8,
        "TournamentSize": {
            "action": 0.13844680786132812,
            "observation": 4
        }
    },
    "85": {
        "BestCoverage": 0.8,
        "TournamentSize": {
            "action": 0.46627867221832275,
            "observation": 4
        }
    },
    "90": {
        "BestCoverage": 0.8,
        "TournamentSize": {
            "action": -0.02818673849105835,
            "observation": 4
        }
    },
    "95": {
        "BestCoverage": 0.8,
        "TournamentSize": {
            "action": -0.6082918047904968,
            "observation": 4
        }
    },
    "100": {
        "BestCoverage": 0.8,
        "TournamentSize": {
            "action": 0.1447657346725464,
            "observation": 3
        }
    },
    "105": {
        "BestCoverage": 0.8,
        "TournamentSize": {
            "action": -0.3885486125946045,
            "observation": 3
        }
    },
    "110": {
        "BestCoverage": 0.8,
        "TournamentSize": {
            "action": -0.8760179281234741,
            "observation": 3
        }
    },
    "115": {
        "BestCoverage": 0.8,
        "TournamentSize": {
            "action": -0.3575551509857178,
            "observation": 2
        }
    },
    "120": {
        "BestCoverage": 0.8,
        "TournamentSize": {
            "action": -0.9836942553520203,
            "observation": 2
        }
    },
    "125": {
        "BestCoverage": 0.8,
        "TournamentSize": {
            "action": -0.5663833618164062,
            "observation": 2
        }
    },
    "130": {
        "BestCoverage": 0.8,
        "TournamentSize": {
            "action": 0.7429354190826416,
            "observation": 2
        }
    },
    "135": {
        "BestCoverage": 0.8,
        "TournamentSize": {
            "action": -0.41650986671447754,
            "observation": 3
        }
    },
    "140": {
        "BestCoverage": 0.8,
        "TournamentSize": {
            "action": 0.8031808137893677,
            "observation": 3
        }
    },
    "145": {
        "BestCoverage": 0.8,
        "TournamentSize": {
            "action": -0.9062595367431641,
            "observation": 4
        }
    },
    "150": {
        "BestCoverage": 0.8,
        "TournamentSize": {
            "action": 0.8564653396606445,
            "observation": 3
        }
    },
    "155": {
        "BestCoverage": 0.8,
        "TournamentSize": {
            "action": 0.023261547088623047,
            "observation": 4
        }
    },
    "160": {
        "BestCoverage": 0.8,
        "TournamentSize": {
            "action": -0.46078789234161377,
            "observation": 4
        }
    },
    "165": {
        "BestCoverage": 0.8,
        "TournamentSize": {
            "action": 0.8040342330932617,
            "observation": 4
        }
    },
    "170": {
        "BestCoverage": 0.8,
        "TournamentSize": {
            "action": -0.03159862756729126,
            "observation": 5
        }
    },
    "175": {
        "BestCoverage": 0.8,
        "TournamentSize": {
            "action": -0.9537989497184753,
            "observation": 5
        }
    },
    "180": {
        "BestCoverage": 0.8,
        "TournamentSize": {
            "action": 0.1856907606124878,
            "observation": 4
        }
    },
    "185": {
        "BestCoverage": 0.8,
        "TournamentSize": {
            "action": 0.16566383838653564,
            "observation": 4
        }
    },
    "190": {
        "BestCoverage": 0.8,
        "TournamentSize": {
            "action": -0.33931297063827515,
            "observation": 4
        }
    },
    "195": {
        "BestCoverage": 0.8,
        "TournamentSize": {
            "action": 0.6940141916275024,
            "observation": 4
        }
    },
    "200": {
        "BestCoverage": 0.8,
        "TournamentSize": {
            "action": 0.966137170791626,
            "observation": 5
        }
    },
    "205": {
        "BestCoverage": 0.8,
        "TournamentSize": {
            "action": -0.2299966812133789,
            "observation": 6
        }
    },
    "210": {
        "BestCoverage": 0.8,
        "TournamentSize": {
            "action": 0.6600993871688843,
            "observation": 6
        }
    },
    "215": {
        "BestCoverage": 0.8,
        "TournamentSize": {
            "action": -0.1688740849494934,
            "observation": 7
        }
    },
    "220": {
        "BestCoverage": 0.8,
        "TournamentSize": {
            "action": -0.7411126494407654,
            "observation": 7
        }
    },
    "225": {
        "BestCoverage": 0.8,
        "TournamentSize": {
            "action": -0.9662157297134399,
            "observation": 6
        }
    },
    "230": {
        "BestCoverage": 0.8,
        "TournamentSize": {
            "action": -0.3269578218460083,
            "observation": 5
        }
    },
    "235": {
        "BestCoverage": 0.8,
        "TournamentSize": {
            "action": -0.1513996124267578,
            "observation": 5
        }
    },
    "240": {
        "BestCoverage": 0.8,
        "TournamentSize": {
            "action": -0.17118310928344727,
            "observation": 5
        }
    },
    "245": {
        "BestCoverage": 0.8,
        "TournamentSize": {
            "action": -0.9841447472572327,
            "observation": 5
        }
    },
    "250": {
        "BestCoverage": 0.8,
        "TournamentSize": {
            "action": 0.885948896408081,
            "observation": 4
        }
    },
    "255": {
        "BestCoverage": 0.8,
        "TournamentSize": {
            "action": 0.7740378379821777,
            "observation": 5
        }
    },
    "260": {
        "BestCoverage": 0.8,
        "TournamentSize": {
            "action": -0.8842940926551819,
            "observation": 6
        }
    },
    "265": {
        "BestCoverage": 0.8,