{
    "15": {
        "BestCoverage": 0.8,
        "ChangeParameterProbability": {
            "action": -0.017770361900329587,
            "observation": 0.1
        }
    },
    "20": {
        "BestCoverage": 0.8,
        "ChangeParameterProbability": {
            "action": 0.018407928943634036,
            "observation": 0.08222963809967042
        }
    },
    "25": {
        "BestCoverage": 0.8,
        "ChangeParameterProbability": {
            "action": 0.0701467275619507,
            "observation": 0.10063756704330445
        }
    },
    "30": {
        "BestCoverage": 0.8,
        "ChangeParameterProbability": {
            "action": 0.07892847061157227,
            "observation": 0.17078429460525515
        }
    },
    "35": {
        "BestCoverage": 0.8,
        "ChangeParameterProbability": {
            "action": -0.055718022584915164,
            "observation": 0.24971276521682742
        }
    },
    "40": {
        "BestCoverage": 0.8,
        "ChangeParameterProbability": {
            "action": -0.06904754638671876,
            "observation": 0.19399474263191224
        }
    },
    "45": {
        "BestCoverage": 0.8,
        "ChangeParameterProbability": {
            "action": 0.07000694274902344,
            "observation": 0.12494719624519349
        }
    },
    "50": {
        "BestCoverage": 0.8,
        "ChangeParameterProbability": {
            "action": -0.07553689479827881,
            "observation": 0.19495413899421693
        }
    },
    "55": {
        "BestCoverage": 0.8,
        "ChangeParameterProbability": {
            "action": 0.06839873790740966,
            "observation": 0.11941724419593812
        }
    },
    "60": {
        "BestCoverage": 0.8,
        "ChangeParameterProbability": {
            "action": 0.05465195178985596,
            "observation": 0.18781598210334777
        }
    },
    "65": {
        "BestCoverage": 0.8,
        "ChangeParameterProbability": {
            "action": 0.09425334930419924,
            "observation": 0.24246793389320373
        }
    },
    "70": {
        "BestCoverage": 0.8,
        "ChangeParameterProbability": {
            "action": -0.08226239681243896,
            "observation": 0.33672128319740297
        }
    },
    "75": {
        "BestCoverage": 0.8,
        "ChangeParameterProbability": {
            "action": -0.02618892192840576,
            "observation": 0.254458886384964
        }
    },
    "80": {
        "BestCoverage": 0.8,
        "ChangeParameterProbability": {
            "action": -0.09680164456367493,
            "observation": 0.22826996445655823
        }
    },
    "85": {
        "BestCoverage": 0.8,
        "ChangeParameterProbability": {
            "action": -0.0031375825405120794,
            "observation": 0.1314683198928833
        }
    },
    "90": {
        "BestCoverage": 0.8,
        "ChangeParameterProbability": {
            "action": -0.06416378617286683,
            "observation": 0.12833073735237122
        }
    },
    "95": {
        "BestCoverage": 0.8,
        "ChangeParameterProbability": {
            "action": 0.0924935817718506,
            "observation": 0.06416695117950438
        }
    },
    "100": {
        "BestCoverage": 0.8,
        "ChangeParameterProbability": {
            "action": 0.0021990895271301325,
            "observation": 0.15666053295135499
        }
    },
    "105": {
        "BestCoverage": 0.8,
        "ChangeParameterProbability": {
            "action": -0.04093390703201294,
            "observation": 0.15885962247848512
        }
    },
    "110": {
        "BestCoverage": 0.8,
        "ChangeParameterProbability": {
            "action": 0.0011561155319213812,
            "observation": 0.11792571544647218
        }
    },
    "115": {
        "BestCoverage": 0.8,
        "ChangeParameterProbability": {
            "action": 0.08079767227172852,
            "observation": 0.11908183097839356
        }
    },
    "120": {
        "BestCoverage": 0.8,
        "ChangeParameterProbability": {
            "action": 0.045436286926269526,
            "observation": 0.19987950325012208
        }
    },
    "125": {
        "BestCoverage": 0.8,
        "ChangeParameterProbability": {
            "action": 0.04180802106857301,
            "observation": 0.2453157901763916
        }
    },
    "130": {
        "BestCoverage": 0.8,
        "ChangeParameterProbability": {
            "action": -0.0464213252067566,
            "observation": 0.2871238112449646
        }
    },
    "135": {
        "BestCoverage": 0.8,
        "ChangeParameterProbability": {
            "action": 0.001397335529327387,
            "observation": 0.240702486038208
        }
    },
    "140": {
        "BestCoverage": 0.8,
        "ChangeParameterProbability": {
            "action": 0.023324012756347656,
            "observation": 0.2420998215675354
        }
    },
    "145": {
        "BestCoverage": 0.8,
        "ChangeParameterProbability": {
            "action": -0.0160166084766388,
            "observation": 0.26542383432388306
        }
    },
    "150": {
        "BestCoverage": 0.8,
        "ChangeParameterProbability": {
            "action": -0.002909034490585327,
            "observation": 0.24940722584724426
        }
    },
    "155": {
        "BestCoverage": 0.8,
        "ChangeParameterProbability": {
            "action": -0.02445716857910156,
            "observation": 0.24649819135665893
        }
    },
    "160": {
        "BestCoverage": 0.8,
        "ChangeParameterProbability": {
            "action": -0.052662950754165654,
            "observation": 0.22204102277755738
        }
    },
    "165": {
        "BestCoverage": 0.8,
        "ChangeParameterProbability": {
            "action": -0.007980763912200928,
            "observation": 0.16937807202339172
        }
    },
    "170": {
        "BestCoverage": 0.8,
        "ChangeParameterProbability": {
            "action": -0.09902691841125488,
            "observation": 0.1613973081111908
        }
    },
    "175": {
        "BestCoverage": 0.8,
        "ChangeParameterProbability": {
            "action": -0.0927131175994873,
            "observation": 0.06237038969993591
        }
    },
    "180": {
        "BestCoverage": 0.8,
        "ChangeParameterProbability": {
            "action": 0.04237238168716431,
            "observation": 0.0
        }
    },
    "185": {
        "BestCoverage": 0.8,
        "ChangeParameterProbability": {
            "action": 0.003117763996124262,
            "observation": 0.04237238168716431
        }
    },
    "190": {
        "BestCoverage": 0.8,
        "ChangeParameterProbability": {
            "action": -0.08298166990280152,
            "observation": 0.045490145683288574
        }
    },
    "195": {
        "BestCoverage": 0.8,
        "ChangeParameterProbability": {
            "action": -0.02070168256759644,
            "observation": 0.0
        }
    },
    "200": {
        "BestCoverage": 0.8,
        "ChangeParameterProbability": {
            "action": -0.0426325798034668,
            "observation": 0.0
        }
    },
    "205": {
        "BestCoverage": 0.8,
        "ChangeParameterProbability": {
            "action": 0.01647852659225464,
            "observation": 0.0
        }
    },
    "210": {
        "BestCoverage": 0.8,
        "ChangeParameterProbability": {
            "action": 0.0017557144165039062,
            "observation": 0.01647852659225464
        }
    },
    "215": {
        "BestCoverage": 0.8,
        "ChangeParameterProbability": {
            "action": 0.06104846000671388,
            "observation": 0.018234241008758548
        }
    },
    "220": {
        "BestCoverage": 0.8,
        "ChangeParameterProbability": {
            "action": 0.07575995922088624,
            "observation": 0.07928270101547243
        }
    },
    "225": {
        "BestCoverage": 0.8,
        "ChangeParameterProbability": {
            "action": -0.03569478392601014,