{
    "20": {
        "BestCoverage": 0.75,
        "Population": {
            "action": -5.200129508972168,
            "observation": 50
        }
    },
    "25": {
        "BestCoverage": 0.75,
        "Population": {
            "action": -5.993122100830078,
            "observation": 45
        }
    },
    "30": {
        "BestCoverage": 0.75,
        "Population": {
            "action": 7.1046857833862305,
            "observation": 39
        }
    },
    "35": {
        "BestCoverage": 0.75,
        "Population": {
            "action": -5.094412326812744,
            "observation": 46
        }
    },
    "40": {
        "BestCoverage": 0.75,
        "Population": {
            "action": -7.098008632659912,
            "observation": 41
        }
    },
    "45": {
        "BestCoverage": 0.75,
        "Population": {
            "action": -4.3003129959106445,
            "observation": 34
        }
    },
    "50": {
        "BestCoverage": 0.75,
        "Population": {
            "action": 3.170037269592285,
            "observation": 30
        }
    },
    "55": {
        "BestCoverage": 0.75,
        "Population": {
            "action": -4.908538341522217,
            "observation": 33
        }
    },
    "60": {
        "BestCoverage": 0.75,
        "Population": {
            "action": -2.908362865447998,
            "observation": 28
        }
    },
    "65": {
        "BestCoverage": 0.75,
        "Population": {
            "action": 0.7208995819091797,
            "observation": 25
        }
    },
    "70": {
        "BestCoverage": 0.75,
        "Population": {
            "action": -1.700758934020996,
            "observation": 26
        }
    },
    "75": {
        "BestCoverage": 0.75,
        "Population": {
            "action": 1.9449787139892578,
            "observation": 25
        }
    },
    "80": {
        "BestCoverage": 0.75,
        "Population": {
            "action": 7.630161285400391,
            "observation": 27
        }
    },
    "85": {
        "BestCoverage": 0.75,
        "Population": {
            "action": -7.5536580085754395,
            "observation": 35
        }
    },
    "90": {
        "BestCoverage": 0.75,
        "Population": {
            "action": -7.782909870147705,
            "observation": 27
        }
    },
    "95": {
        "BestCoverage": 0.75,
        "Population": {
            "action": 5.423079490661621,
            "observation": 25
        }
    },
    "100": {
        "BestCoverage": 0.75,
        "Population": {
            "action": -2.11191987991333,
            "observation": 30
        }
    },
    "105": {
        "BestCoverage": 0.75,
        "Population": {
            "action": -3.0929412841796875,
            "observation": 28
        }
    },
    "110": {
        "BestCoverage": 0.75,
        "Population": {
            "action": 5.259664535522461,
            "observation": 25
        }
    },
    "115": {
        "BestCoverage": 0.75,
        "Population": {
            "action": -7.641438007354736,
            "observation": 30
        }
    },
    "120": {
        "BestCoverage": 0.75,
        "Population": {
            "action": -6.036661148071289,
            "observation": 25
        }
    },
    "125": {
        "BestCoverage": 0.75,
        "Population": {
            "action": -2.8956918716430664,
            "observation": 25
        }
    },
    "130": {
        "BestCoverage": 0.75,
        "Population": {
            "action": 0.5621938705444336,
            "observation": 25
        }
    },
    "135": {
        "BestCoverage": 0.75,
        "Population": {
            "action": 2.5598316192626953,
            "observation": 26
        }
    },
    "140": {
        "BestCoverage": 0.75,
        "Population": {
            "action": 5.136768341064453,
            "observation": 29
        }
    },
    "145": {
        "BestCoverage": 0.75,
        "Population": {
            "action": -0.637944221496582,
            "observation": 34
        }
    },
    "150": {
        "BestCoverage": 0.75,
        "Population": {
            "action": 3.292266845703125,
            "observation": 33
        }
    },
    "155": {
        "BestCoverage": 0.75,
        "Population": {
            "action": 0.6915912628173828,
            "observation": 36
        }
    },
    "160": {
        "BestCoverage": 0.75,
        "Population": {
            "action": 7.724161148071289,
            "observation": 37
        }
    },
    "165": {
        "BestCoverage": 0.75,
        "Population": {
            "action": -1.7914652824401855,
            "observation": 45
        }
    },
    "170": {
        "BestCoverage": 0.75,
        "Population": {
            "action": 6.117852210998535,
            "observation": 43
        }
    },
    "175": {
        "BestCoverage": 0.75,
        "Population": {
            "action": 5.423453330993652,
            "observation": 49
        }
    },
    "180": {
        "BestCoverage": 0.75,
        "Population": {
            "action": -5.914083480834961,
            "observation": 54
        }
    },
    "185": {
        "BestCoverage": 0.75,
        "Population": {
            "action": 6.24366569519043,
            "observation": 48
        }
    },
    "190": {
        "BestCoverage": 0.75,
        "Population": {
            "action": -5.774199485778809,
            "observation": 54
        }
    },
    "195": {
        "BestCoverage": 0.75,
        "Population": {
            "action": -3.7727560997009277,
            "observation": 48
        }
    },
    "200": {
        "BestCoverage": 0.75,
        "Population": {
            "action": -7.6912102699279785,
            "observation": 44
        }
    },
    "205": {
        "BestCoverage": 0.75,
        "Population": {
            "action": 3.002656936645508,
            "observation": 36
        }
    },
    "210": {
        "BestCoverage": 0.75,
        "Population": {
            "action": 7.987510681152344,
            "observation": 39
        }
    },
    "215": {
        "BestCoverage": 0.75,
        "Population": {
            "action": -7.175990581512451,
            "observation": 47
        }
    },
    "220": {
        "BestCoverage": 0.75,
        "Population": {
            "action": -4.059623718261719,
            "observation": 40
        }
    },
    "225": {
        "BestCoverage": 0.75,
        "Population": {
            "action": 5.368570327758789,
            "observation": 36
        }
    },
    "230": {
        "BestCoverage": 0.75,
        "Population": {
            "action": 5.261350631713867,
            "observation": 41
        }
    },
    "235": {
        "BestCoverage": 0.75,
        "Population": {
            "action": 7.867598533630371,
            "observation": 46
        }
    },
    "240": {
        "BestCoverage": 0.75,
        "Population": {
            "action": 2.8158750534057617,
            "observation": 54
        }
    },
    "245": {
        "BestCoverage": 0.75,
        "Population": {
            "action": 5.850842475891113,
            "observation": 57
        }
    },
    "250": {
        "BestCoverage": 0.75,
        "Population": {
            "action": -2.976923942565918,
            "observation": 63
        }
    },
    "255": {
        "BestCoverage": 0.75,
        "Population": {
            "action": 5.483634948730469,
            "observation": 60
        }
    },
    "260": {
        "BestCoverage": 0.75,
        "Population": {
            "action": -3.892167091369629,
            "observation": 65
        }
    },
    "265": {
        "BestCoverage": 0.75,
        "Population": {
            "action": -7.0694780349731445,
            "observation": 61
        }
    },
    "270": {
        "BestCoverage": 0.75,
        "Population": {
            "action": 7.041868209838867,
            "observation": 54
        }
    },
    "275": {
        "BestCoverage": 0.75,