{
    "15": {
        "BestCoverage": 0.12,
        "Population": {
            "action": -2.46848726272583,
            "observation": 50
        }
    },
    "20": {
        "BestCoverage": 0.12,
        "Population": {
            "action": 7.250263214111328,
            "observation": 48
        }
    },
    "25": {
        "BestCoverage": 0.12,
        "Population": {
            "action": 0.9182443618774414,
            "observation": 55
        }
    },
    "30": {
        "BestCoverage": 0.12,
        "Population": {
            "action": -1.4444990158081055,
            "observation": 56
        }
    },
    "35": {
        "BestCoverage": 0.12,
        "Population": {
            "action": 0.10169696807861328,
            "observation": 55
        }
    },
    "40": {
        "BestCoverage": 0.12,
        "Population": {
            "action": -1.266232967376709,
            "observation": 55
        }
    },
    "45": {
        "BestCoverage": 0.12,
        "Population": {
            "action": 7.663825988769531,
            "observation": 54
        }
    },
    "50": {
        "BestCoverage": 0.12,
        "Population": {
            "action": -3.1352763175964355,
            "observation": 62
        }
    },
    "55": {
        "BestCoverage": 0.12,
        "Population": {
            "action": 6.683467864990234,
            "observation": 59
        }
    },
    "60": {
        "BestCoverage": 0.12,
        "Population": {
            "action": 4.771531105041504,
            "observation": 66
        }
    },
    "65": {
        "BestCoverage": 0.12,
        "Population": {
            "action": 0.22071361541748047,
            "observation": 71
        }
    },
    "70": {
        "BestCoverage": 0.12,
        "Population": {
            "action": -3.4411888122558594,
            "observation": 71
        }
    },
    "75": {
        "BestCoverage": 0.12,
        "Population": {
            "action": -3.0169334411621094,
            "observation": 68
        }
    },
    "80": {
        "BestCoverage": 0.12,
        "Population": {
            "action": 0.35596179962158203,
            "observation": 65
        }
    },
    "85": {
        "BestCoverage": 0.12,
        "Population": {
            "action": 7.327653884887695,
            "observation": 65
        }
    },
    "90": {
        "BestCoverage": 0.12,
        "Population": {
            "action": 4.478963851928711,
            "observation": 72
        }
    },
    "95": {
        "BestCoverage": 0.12,
        "Population": {
            "action": 7.941461563110352,
            "observation": 76
        }
    },
    "100": {
        "BestCoverage": 0.12,
        "Population": {
            "action": 2.0808143615722656,
            "observation": 84
        }
    },
    "105": {
        "BestCoverage": 0.12,
        "Population": {
            "action": 5.418911933898926,
            "observation": 86
        }
    },
    "110": {
        "BestCoverage": 0.12,
        "Population": {
            "action": 1.697854995727539,
            "observation": 91
        }
    },
    "115": {
        "BestCoverage": 0.12,
        "Population": {
            "action": 6.215601921081543,
            "observation": 93
        }
    },
    "120": {
        "BestCoverage": 0.12,
        "Population": {
            "action": -3.5209741592407227,
            "observation": 99
        }
    },
    "125": {
        "BestCoverage": 0.12,
        "Population": {
            "action": -1.8530611991882324,
            "observation": 95
        }
    },
    "130": {
        "BestCoverage": 0.12,
        "Population": {
            "action": 0.059952735900878906,
            "observation": 93
        }
    },
    "135": {
        "BestCoverage": 0.12,
        "Population": {
            "action": -0.6279311180114746,
            "observation": 93
        }
    },
    "140": {
        "BestCoverage": 0.12,
        "Population": {
            "action": 7.129391670227051,
            "observation": 92
        }
    },
    "145": {
        "BestCoverage": 0.12,
        "Population": {
            "action": 0.7431373596191406,
            "observation": 99
        }
    },
    "150": {
        "BestCoverage": 0.12,
        "Population": {
            "action": 3.7124929428100586,
            "observation": 100
        }
    },
    "155": {
        "BestCoverage": 0.12,
        "Population": {
            "action": 0.2422161102294922,
            "observation": 100
        }
    },
    "160": {
        "BestCoverage": 0.12,
        "Population": {
            "action": -5.346492767333984,
            "observation": 100
        }
    },
    "165": {
        "BestCoverage": 0.12,
        "Population": {
            "action": -5.027621269226074,
            "observation": 95
        }
    },
    "170": {
        "BestCoverage": 0.12,
        "Population": {
            "action": -2.292962074279785,
            "observation": 90
        }
    },
    "175": {
        "BestCoverage": 0.12,
        "Population": {
            "action": 6.732860565185547,
            "observation": 88
        }
    },
    "180": {
        "BestCoverage": 0.12,
        "Population": {
            "action": -7.112029075622559,
            "observation": 95
        }
    },
    "185": {
        "BestCoverage": 0.12,
        "Population": {
            "action": 7.592132568359375,
            "observation": 88
        }
    },
    "190": {
        "BestCoverage": 0.12,
        "Population": {
            "action": -0.22352838516235352,
            "observation": 96
        }
    },
    "195": {
        "BestCoverage": 0.12,
        "Population": {
            "action": 3.318079948425293,
            "observation": 96
        }
    },
    "200": {
        "BestCoverage": 0.12,
        "Population": {
            "action": 7.733071327209473,
            "observation": 99
        }
    },
    "205": {
        "BestCoverage": 0.12,
        "Population": {
            "action": -1.264378547668457,
            "observation": 100
        }
    },
    "210": {
        "BestCoverage": 0.12,
        "Population": {
            "action": 4.428586006164551,
            "observation": 99
        }
    },
    "215": {
        "BestCoverage": 0.12,
        "Population": {
            "action": 1.266413688659668,
            "observation": 100
        }
    },
    "220": {
        "BestCoverage": 0.12,
        "Population": {
            "action": 7.668170928955078,
            "observation": 100
        }
    },
    "225": {
        "BestCoverage": 0.12,
        "Population": {
            "action": -1.4767084121704102,
            "observation": 100
        }
    },
    "230": {
        "BestCoverage": 0.12,
        "Population": {
            "action": 2.364023208618164,
            "observation": 99
        }
    },
    "235": {
        "BestCoverage": 0.12,
        "Population": {
            "action": -1.6282668113708496,
            "observation": 100
        }
    },
    "240": {
        "BestCoverage": 0.12,
        "Population": {
            "action": -2.569249153137207,
            "observation": 98
        }
    },
    "245": {
        "BestCoverage": 0.12,
        "Population": {
            "action": -1.3135919570922852,
            "observation": 95
        }
    },
    "250": {
        "BestCoverage": 0.12,
        "Population": {
            "action": 4.966669082641602,
            "observation": 94
        }
    },
    "255": {
        "BestCoverage": 0.12,
        "Population": {
            "action": -5.086427211761475,
            "observation": 99
        }
    },
    "260": {
        "BestCoverage": 0.12,
        "Population": {
            "action": -2.3012609481811523,
            "observation": 94
        }
    },
    "265": {
        "BestCoverage": 0.12,
        "Population": {
            "action": 6.715329170227051,
            "observation": 92
        }
    },
    "270": {
        "BestCoverage": 0.12,