{
    "15": {
        "BestCoverage": 0.8,
        "StatementInsertionProbability": {
            "action": -0.061830008029937746,
            "observation": 0.5
        }
    },
    "20": {
        "BestCoverage": 0.8,
        "StatementInsertionProbability": {
            "action": 0.05406980514526369,
            "observation": 0.43816999197006223
        }
    },
    "25": {
        "BestCoverage": 0.8,
        "StatementInsertionProbability": {
            "action": -0.055519348382949835,
            "observation": 0.49223979711532595
        }
    },
    "30": {
        "BestCoverage": 0.8,
        "StatementInsertionProbability": {
            "action": -0.062306356430053715,
            "observation": 0.43672044873237614
        }
    },
    "35": {
        "BestCoverage": 0.8,
        "StatementInsertionProbability": {
            "action": 0.04346824884414674,
            "observation": 0.3744140923023224
        }
    },
    "40": {
        "BestCoverage": 0.8,
        "StatementInsertionProbability": {
            "action": 0.06167466640472413,
            "observation": 0.41788234114646916
        }
    },
    "45": {
        "BestCoverage": 0.8,
        "StatementInsertionProbability": {
            "action": 0.09237984418869019,
            "observation": 0.4795570075511933
        }
    },
    "50": {
        "BestCoverage": 0.8,
        "StatementInsertionProbability": {
            "action": -0.08676393032073976,
            "observation": 0.5719368517398835
        }
    },
    "55": {
        "BestCoverage": 0.8,
        "StatementInsertionProbability": {
            "action": 0.08761484622955323,
            "observation": 0.48517292141914375
        }
    },
    "60": {
        "BestCoverage": 0.8,
        "StatementInsertionProbability": {
            "action": 0.01580767631530762,
            "observation": 0.572787767648697
        }
    },
    "65": {
        "BestCoverage": 0.8,
        "StatementInsertionProbability": {
            "action": 0.08685736656188967,
            "observation": 0.5885954439640046
        }
    },
    "70": {
        "BestCoverage": 0.8,
        "StatementInsertionProbability": {
            "action": 0.008609390258789068,
            "observation": 0.6754528105258943
        }
    },
    "75": {
        "BestCoverage": 0.8,
        "StatementInsertionProbability": {
            "action": -0.05799892544746399,
            "observation": 0.6840622007846834
        }
    },
    "80": {
        "BestCoverage": 0.8,
        "StatementInsertionProbability": {
            "action": 0.04727180004119874,
            "observation": 0.6260632753372194
        }
    },
    "85": {
        "BestCoverage": 0.8,
        "StatementInsertionProbability": {
            "action": 0.010727560520172125,
            "observation": 0.6733350753784182
        }
    },
    "90": {
        "BestCoverage": 0.8,
        "StatementInsertionProbability": {
            "action": 0.011392450332641607,
            "observation": 0.6840626358985903
        }
    },
    "95": {
        "BestCoverage": 0.8,
        "StatementInsertionProbability": {
            "action": -0.018267488479614263,
            "observation": 0.6954550862312319
        }
    },
    "100": {
        "BestCoverage": 0.8,
        "StatementInsertionProbability": {
            "action": 0.07292301654815675,
            "observation": 0.6771875977516176
        }
    },
    "105": {
        "BestCoverage": 0.8,
        "StatementInsertionProbability": {
            "action": -0.0959090530872345,
            "observation": 0.7501106142997744
        }
    },
    "110": {
        "BestCoverage": 0.8,
        "StatementInsertionProbability": {
            "action": -0.057296073436737066,
            "observation": 0.6542015612125399
        }
    },
    "115": {
        "BestCoverage": 0.8,
        "StatementInsertionProbability": {
            "action": 0.04522081613540649,
            "observation": 0.5969054877758029
        }
    },
    "120": {
        "BestCoverage": 0.8,
        "StatementInsertionProbability": {
            "action": 0.06425471305847169,
            "observation": 0.6421263039112094
        }
    },
    "125": {
        "BestCoverage": 0.8,
        "StatementInsertionProbability": {
            "action": 0.09872875213623047,
            "observation": 0.7063810169696811
        }
    },
    "130": {
        "BestCoverage": 0.8,
        "StatementInsertionProbability": {
            "action": 0.012960088253021237,
            "observation": 0.8051097691059116
        }
    },
    "135": {
        "BestCoverage": 0.8,
        "StatementInsertionProbability": {
            "action": -0.06605479121208191,
            "observation": 0.8180698573589328
        }
    },
    "140": {
        "BestCoverage": 0.8,
        "StatementInsertionProbability": {
            "action": -0.024259364604949957,
            "observation": 0.7520150661468509
        }
    },
    "145": {
        "BestCoverage": 0.8,
        "StatementInsertionProbability": {
            "action": -0.016296255588531497,
            "observation": 0.727755701541901
        }
    },
    "150": {
        "BestCoverage": 0.8,
        "StatementInsertionProbability": {
            "action": 0.01213546991348266,
            "observation": 0.7114594459533694
        }
    },
    "155": {
        "BestCoverage": 0.8,
        "StatementInsertionProbability": {
            "action": 0.010147035121917725,
            "observation": 0.7235949158668521
        }
    },
    "160": {
        "BestCoverage": 0.8,
        "StatementInsertionProbability": {
            "action": -0.05780746936798096,
            "observation": 0.7337419509887698
        }
    },
    "165": {
        "BestCoverage": 0.8,
        "StatementInsertionProbability": {
            "action": -0.04549527168273926,
            "observation": 0.6759344816207888
        }
    },
    "170": {
        "BestCoverage": 0.8,
        "StatementInsertionProbability": {
            "action": -0.06153640747070313,
            "observation": 0.6304392099380496
        }
    },
    "175": {
        "BestCoverage": 0.8,
        "StatementInsertionProbability": {
            "action": -0.0028389394283294678,
            "observation": 0.5689028024673465
        }
    },
    "180": {
        "BestCoverage": 0.8,
        "StatementInsertionProbability": {
            "action": 0.04023749828338624,
            "observation": 0.566063863039017
        }
    },
    "185": {
        "BestCoverage": 0.8,
        "StatementInsertionProbability": {
            "action": 0.01570625305175781,
            "observation": 0.6063013613224033
        }
    },
    "190": {
        "BestCoverage": 0.8,
        "StatementInsertionProbability": {
            "action": -0.025448620319366455,
            "observation": 0.6220076143741611
        }
    },
    "195": {
        "BestCoverage": 0.8,
        "StatementInsertionProbability": {
            "action": -0.0689220666885376,
            "observation": 0.5965589940547946
        }
    },
    "200": {
        "BestCoverage": 0.8,
        "StatementInsertionProbability": {
            "action": -0.03360183238983154,
            "observation": 0.527636927366257
        }
    },
    "205": {
        "BestCoverage": 0.8,
        "StatementInsertionProbability": {
            "action": -0.06325075626373292,
            "observation": 0.49403509497642545
        }
    },
    "210": {
        "BestCoverage": 0.8,
        "StatementInsertionProbability": {
            "action": -0.007836711406707761,
            "observation": 0.4307843387126925
        }
    },
    "215": {
        "BestCoverage": 0.8,
        "StatementInsertionProbability": {
            "action": -0.0034212529659271296,
            "observation": 0.42294762730598473
        }
    },
    "220": {
        "BestCoverage": 0.8,
        "StatementInsertionProbability": {
            "action": -0.07028000354766846,