{
    "15": {
        "BestCoverage": 0.8,
        "CrossoverRate": {
            "action": 0.07728438377380373,
            "observation": 0.75
        }
    },
    "20": {
        "BestCoverage": 0.8,
        "CrossoverRate": {
            "action": 0.0947190523147583,
            "observation": 0.8272843837738038
        }
    },
    "25": {
        "BestCoverage": 0.8,
        "CrossoverRate": {
            "action": -0.021101731061935428,
            "observation": 0.9220034360885621
        }
    },
    "30": {
        "BestCoverage": 0.8,
        "CrossoverRate": {
            "action": -0.08351488709449768,
            "observation": 0.9009017050266266
        }
    },
    "35": {
        "BestCoverage": 0.8,
        "CrossoverRate": {
            "action": 0.04576982259750367,
            "observation": 0.8173868179321289
        }
    },
    "40": {
        "BestCoverage": 0.8,
        "CrossoverRate": {
            "action": 0.06349372863769531,
            "observation": 0.8631566405296325
        }
    },
    "45": {
        "BestCoverage": 0.8,
        "CrossoverRate": {
            "action": -0.011408078670501712,
            "observation": 0.9266503691673278
        }
    },
    "50": {
        "BestCoverage": 0.8,
        "CrossoverRate": {
            "action": 0.08635710477828981,
            "observation": 0.915242290496826
        }
    },
    "55": {
        "BestCoverage": 0.8,
        "CrossoverRate": {
            "action": -0.09169530868530273,
            "observation": 1.0
        }
    },
    "60": {
        "BestCoverage": 0.8,
        "CrossoverRate": {
            "action": 0.04716633558273314,
            "observation": 0.9083046913146973
        }
    },
    "65": {
        "BestCoverage": 0.8,
        "CrossoverRate": {
            "action": 0.010305511951446536,
            "observation": 0.9554710268974305
        }
    },
    "70": {
        "BestCoverage": 0.8,
        "CrossoverRate": {
            "action": -0.008213567733764651,
            "observation": 0.965776538848877
        }
    },
    "75": {
        "BestCoverage": 0.8,
        "CrossoverRate": {
            "action": 0.06577713489532472,
            "observation": 0.9575629711151123
        }
    },
    "80": {
        "BestCoverage": 0.8,
        "CrossoverRate": {
            "action": 0.09010270833969117,
            "observation": 1.0
        }
    },
    "85": {
        "BestCoverage": 0.8,
        "CrossoverRate": {
            "action": -0.09564675688743592,
            "observation": 1.0
        }
    },
    "90": {
        "BestCoverage": 0.8,
        "CrossoverRate": {
            "action": -0.062073236703872686,
            "observation": 0.904353243112564
        }
    },
    "95": {
        "BestCoverage": 0.8,
        "CrossoverRate": {
            "action": 0.07082374095916749,
            "observation": 0.8422800064086914
        }
    },
    "100": {
        "BestCoverage": 0.8,
        "CrossoverRate": {
            "action": 0.09606324434280397,
            "observation": 0.9131037473678589
        }
    },
    "105": {
        "BestCoverage": 0.8,
        "CrossoverRate": {
            "action": 0.027090096473693842,
            "observation": 1.0
        }
    },
    "110": {
        "BestCoverage": 0.8,
        "CrossoverRate": {
            "action": 0.09359050989151002,
            "observation": 1.0
        }
    },
    "115": {
        "BestCoverage": 0.8,
        "CrossoverRate": {
            "action": 0.037208044528961176,
            "observation": 1.0
        }
    },
    "120": {
        "BestCoverage": 0.8,
        "CrossoverRate": {
            "action": 0.005972111225128168,
            "observation": 1.0
        }
    },
    "125": {
        "BestCoverage": 0.8,
        "CrossoverRate": {
            "action": 0.06600558757781982,
            "observation": 1.0
        }
    },
    "130": {
        "BestCoverage": 0.8,
        "CrossoverRate": {
            "action": 0.05006551742553711,
            "observation": 1.0
        }
    },
    "135": {
        "BestCoverage": 0.8,
        "CrossoverRate": {
            "action": 0.01776762008666992,
            "observation": 1.0
        }
    },
    "140": {
        "BestCoverage": 0.8,
        "CrossoverRate": {
            "action": -0.034018903970718384,
            "observation": 1.0
        }
    },
    "145": {
        "BestCoverage": 0.8,
        "CrossoverRate": {
            "action": -0.0872962474822998,
            "observation": 0.9659810960292816
        }
    },
    "150": {
        "BestCoverage": 0.8,
        "CrossoverRate": {
            "action": 0.05812137126922609,
            "observation": 0.8786848485469818
        }
    },
    "155": {
        "BestCoverage": 0.8,
        "CrossoverRate": {
            "action": 0.03432075977325438,
            "observation": 0.9368062198162079
        }
    },
    "160": {
        "BestCoverage": 0.8,
        "CrossoverRate": {
            "action": 0.08176391124725343,
            "observation": 0.9711269795894624
        }
    },
    "165": {
        "BestCoverage": 0.8,
        "CrossoverRate": {
            "action": -0.05500072240829468,
            "observation": 1.0
        }
    },
    "170": {
        "BestCoverage": 0.8,
        "CrossoverRate": {
            "action": -0.04580293893814087,
            "observation": 0.9449992775917053
        }
    },
    "175": {
        "BestCoverage": 0.8,
        "CrossoverRate": {
            "action": -0.0790489435195923,
            "observation": 0.8991963386535644
        }
    },
    "180": {
        "BestCoverage": 0.8,
        "CrossoverRate": {
            "action": 0.07811243534088136,
            "observation": 0.8201473951339722
        }
    },
    "185": {
        "BestCoverage": 0.8,
        "CrossoverRate": {
            "action": 0.025603771209716797,
            "observation": 0.8982598304748535
        }
    },
    "190": {
        "BestCoverage": 0.8,
        "CrossoverRate": {
            "action": -0.025436717271804812,
            "observation": 0.9238636016845703
        }
    },
    "195": {
        "BestCoverage": 0.8,
        "CrossoverRate": {
            "action": -0.027912473678588873,
            "observation": 0.8984268844127654
        }
    },
    "200": {
        "BestCoverage": 0.8,
        "CrossoverRate": {
            "action": -0.018461835384368894,
            "observation": 0.8705144107341766
        }
    },
    "205": {
        "BestCoverage": 0.8,
        "CrossoverRate": {
            "action": -0.009119611978530881,
            "observation": 0.8520525753498077
        }
    },
    "210": {
        "BestCoverage": 0.8,
        "CrossoverRate": {
            "action": -0.09799113273620606,
            "observation": 0.8429329633712769
        }
    },
    "215": {
        "BestCoverage": 0.8,
        "CrossoverRate": {
            "action": 0.02989363670349121,
            "observation": 0.7449418306350708
        }
    },
    "220": {
        "BestCoverage": 0.8,
        "CrossoverRate": {
            "action": -0.052937632799148565,
            "observation": 0.774835467338562
        }
    },
    "225": {
        "BestCoverage": 0.8,
        "CrossoverRate": {
            "action": -0.052971172332763675,
            "observation": 0.7218978345394135
        }
    },
    "230": {
        "BestCoverage": 0.8,
        "CrossoverRate": {
            "action": 0.04559428691864015,
            "observation": 0.6689266622066498
        }
    },
    "235": {
        "BestCoverage": 0.8,
        "CrossoverRate": {
            "action": 0.04496197700500487,
            "observation": 0.71452094912529
        }
    },
    "240": {
        "BestCoverage": 0.8,
        "CrossoverRate": {
            "action": -0.001440495252609253,
            "observation": 0.7594829261302949
        }
    },
    "245": {
        "BestCoverage": 0.8,
        "CrossoverRate": {
            "action": -0.09554163813591005,