{
    "15": {
        "BestCoverage": 0.2608695652173913,
        "Population": {
            "action": -6.336119651794434,
            "observation": 50
        }
    },
    "20": {
        "BestCoverage": 0.2608695652173913,
        "Population": {
            "action": -5.914073467254639,
            "observation": 44
        }
    },
    "25": {
        "BestCoverage": 0.2608695652173913,
        "Population": {
            "action": 4.89101505279541,
            "observation": 38
        }
    },
    "30": {
        "BestCoverage": 0.2608695652173913,
        "Population": {
            "action": -5.143833160400391,
            "observation": 43
        }
    },
    "35": {
        "BestCoverage": 0.2608695652173913,
        "Population": {
            "action": 2.7812023162841797,
            "observation": 38
        }
    },
    "40": {
        "BestCoverage": 0.2608695652173913,
        "Population": {
            "action": 5.079608917236328,
            "observation": 41
        }
    },
    "45": {
        "BestCoverage": 0.2608695652173913,
        "Population": {
            "action": 2.609966278076172,
            "observation": 46
        }
    },
    "50": {
        "BestCoverage": 0.2608695652173913,
        "Population": {
            "action": -1.8163948059082031,
            "observation": 49
        }
    },
    "55": {
        "BestCoverage": 0.2608695652173913,
        "Population": {
            "action": 7.06428337097168,
            "observation": 47
        }
    },
    "60": {
        "BestCoverage": 0.2608695652173913,
        "Population": {
            "action": 6.108433723449707,
            "observation": 54
        }
    },
    "65": {
        "BestCoverage": 0.2608695652173913,
        "Population": {
            "action": -3.6527318954467773,
            "observation": 60
        }
    },
    "70": {
        "BestCoverage": 0.2608695652173913,
        "Population": {
            "action": -7.585998058319092,
            "observation": 56
        }
    },
    "75": {
        "BestCoverage": 0.2608695652173913,
        "Population": {
            "action": -0.9602694511413574,
            "observation": 48
        }
    },
    "80": {
        "BestCoverage": 0.2608695652173913,
        "Population": {
            "action": -6.887943267822266,
            "observation": 47
        }
    },
    "85": {
        "BestCoverage": 0.2608695652173913,
        "Population": {
            "action": -0.8960886001586914,
            "observation": 40
        }
    },
    "90": {
        "BestCoverage": 0.2608695652173913,
        "Population": {
            "action": -6.582006454467773,
            "observation": 39
        }
    },
    "95": {
        "BestCoverage": 0.2608695652173913,
        "Population": {
            "action": -1.0187182426452637,
            "observation": 32
        }
    },
    "100": {
        "BestCoverage": 0.2608695652173913,
        "Population": {
            "action": 7.683368682861328,
            "observation": 31
        }
    },
    "105": {
        "BestCoverage": 0.2608695652173913,
        "Population": {
            "action": 2.692058563232422,
            "observation": 39
        }
    },
    "110": {
        "BestCoverage": 0.2608695652173913,
        "Population": {
            "action": 3.239779472351074,
            "observation": 42
        }
    },
    "115": {
        "BestCoverage": 0.2608695652173913,
        "Population": {
            "action": 1.8002967834472656,
            "observation": 45
        }
    },
    "120": {
        "BestCoverage": 0.2608695652173913,
        "Population": {
            "action": -2.4352097511291504,
            "observation": 47
        }
    },
    "125": {
        "BestCoverage": 0.2608695652173913,
        "Population": {
            "action": 4.748102188110352,
            "observation": 45
        }
    },
    "130": {
        "BestCoverage": 0.2608695652173913,
        "Population": {
            "action": 2.873788833618164,
            "observation": 50
        }
    },
    "135": {
        "BestCoverage": 0.2608695652173913,
        "Population": {
            "action": 5.989841461181641,
            "observation": 53
        }
    },
    "140": {
        "BestCoverage": 0.2608695652173913,
        "Population": {
            "action": 0.5816516876220703,
            "observation": 59
        }
    },
    "145": {
        "BestCoverage": 0.2608695652173913,
        "Population": {
            "action": 0.5110111236572266,
            "observation": 60
        }
    },
    "150": {
        "BestCoverage": 0.2608695652173913,
        "Population": {
            "action": -1.5531115531921387,
            "observation": 61
        }
    },
    "155": {
        "BestCoverage": 0.2608695652173913,
        "Population": {
            "action": -6.754098415374756,
            "observation": 59
        }
    },
    "160": {
        "BestCoverage": 0.2608695652173913,
        "Population": {
            "action": 1.29095458984375,
            "observation": 52
        }
    },
    "165": {
        "BestCoverage": 0.2608695652173913,
        "Population": {
            "action": -0.4458804130554199,
            "observation": 53
        }
    },
    "170": {
        "BestCoverage": 0.2608695652173913,
        "Population": {
            "action": 7.319908142089844,
            "observation": 53
        }
    },
    "175": {
        "BestCoverage": 0.2608695652173913,
        "Population": {
            "action": 7.766824722290039,
            "observation": 60
        }
    },
    "180": {
        "BestCoverage": 0.2608695652173913,
        "Population": {
            "action": 7.992510795593262,
            "observation": 68
        }
    },
    "185": {
        "BestCoverage": 0.34782608695652173,
        "Population": {
            "action": 7.278276443481445,
            "observation": 76
        }
    },
    "190": {
        "BestCoverage": 0.34782608695652173,
        "Population": {
            "action": 3.5521650314331055,
            "observation": 83
        }
    },
    "195": {
        "BestCoverage": 0.34782608695652173,
        "Population": {
            "action": 6.4904937744140625,
            "observation": 87
        }
    },
    "200": {
        "BestCoverage": 0.34782608695652173,
        "Population": {
            "action": 7.022265434265137,
            "observation": 93
        }
    },
    "205": {
        "BestCoverage": 0.34782608695652173,
        "Population": {
            "action": 7.150082588195801,
            "observation": 100
        }
    },
    "210": {
        "BestCoverage": 0.34782608695652173,
        "Population": {
            "action": 1.314499855041504,
            "observation": 100
        }
    },
    "215": {
        "BestCoverage": 0.34782608695652173,
        "Population": {
            "action": -6.775805950164795,
            "observation": 100
        }
    },
    "220": {
        "BestCoverage": 0.34782608695652173,
        "Population": {
            "action": -5.602661609649658,
            "observation": 93
        }
    },
    "225": {
        "BestCoverage": 0.34782608695652173,
        "Population": {
            "action": -5.166779041290283,
            "observation": 87
        }
    },
    "230": {
        "BestCoverage": 0.34782608695652173,
        "Population": {
            "action": -3.534977436065674,
            "observation": 82
        }
    },
    "235": {
        "BestCoverage": 0.34782608695652173,
        "Population": {
            "action": -3.6331710815429688,
            "observation": 78
        }
    },
    "240": {
        "BestCoverage": 0.6086956521739131,
        "Population": {
            "action": 7.6481781005859375,
            "observation": 74
        }
    },
    "245": {
        "BestCoverage": 0.6086956521739131,
        "Population": {
            "action": 7.961637496948242,
            "observation": 82
        }
    },