{
    "15": {
        "BestCoverage": 0.8,
        "TestInsertProbability": {
            "action": 0.0318002462387085,
            "observation": 0.3333333333333333
        }
    },
    "20": {
        "BestCoverage": 0.8,
        "TestInsertProbability": {
            "action": 0.0959593415260315,
            "observation": 0.36513357957204184
        }
    },
    "25": {
        "BestCoverage": 0.8,
        "TestInsertProbability": {
            "action": -0.08828979730606079,
            "observation": 0.4610929210980733
        }
    },
    "30": {
        "BestCoverage": 0.8,
        "TestInsertProbability": {
            "action": -0.0679374098777771,
            "observation": 0.3728031237920125
        }
    },
    "35": {
        "BestCoverage": 0.8,
        "TestInsertProbability": {
            "action": 0.06462674140930177,
            "observation": 0.30486571391423545
        }
    },
    "40": {
        "BestCoverage": 0.8,
        "TestInsertProbability": {
            "action": -0.05213342905044556,
            "observation": 0.36949245532353725
        }
    },
    "45": {
        "BestCoverage": 0.8,
        "TestInsertProbability": {
            "action": -0.048821848630905156,
            "observation": 0.3173590262730917
        }
    },
    "50": {
        "BestCoverage": 0.8,
        "TestInsertProbability": {
            "action": -0.04619035720825196,
            "observation": 0.26853717764218654
        }
    },
    "55": {
        "BestCoverage": 0.8,
        "TestInsertProbability": {
            "action": 0.06162583827972412,
            "observation": 0.22234682043393458
        }
    },
    "60": {
        "BestCoverage": 0.8,
        "TestInsertProbability": {
            "action": 0.06057066917419435,
            "observation": 0.28397265871365873
        }
    },
    "65": {
        "BestCoverage": 0.8,
        "TestInsertProbability": {
            "action": -0.02163754105567932,
            "observation": 0.3445433278878531
        }
    },
    "70": {
        "BestCoverage": 0.8,
        "TestInsertProbability": {
            "action": -0.02007622122764588,
            "observation": 0.32290578683217375
        }
    },
    "75": {
        "BestCoverage": 0.8,
        "TestInsertProbability": {
            "action": 0.034021365642547596,
            "observation": 0.3028295656045279
        }
    },
    "80": {
        "BestCoverage": 0.8,
        "TestInsertProbability": {
            "action": -0.08594751954078675,
            "observation": 0.3368509312470755
        }
    },
    "85": {
        "BestCoverage": 0.8,
        "TestInsertProbability": {
            "action": 0.09636001586914064,
            "observation": 0.2509034117062887
        }
    },
    "90": {
        "BestCoverage": 0.8,
        "TestInsertProbability": {
            "action": -0.0036877989768981934,
            "observation": 0.3472634275754294
        }
    },
    "95": {
        "BestCoverage": 0.8,
        "TestInsertProbability": {
            "action": -0.04440705180168152,
            "observation": 0.3435756285985312
        }
    },
    "100": {
        "BestCoverage": 0.8,
        "TestInsertProbability": {
            "action": -0.037053930759429934,
            "observation": 0.29916857679684966
        }
    },
    "105": {
        "BestCoverage": 0.8,
        "TestInsertProbability": {
            "action": -0.021935111284255987,
            "observation": 0.26211464603741974
        }
    },
    "110": {
        "BestCoverage": 0.8,
        "TestInsertProbability": {
            "action": -0.043137079477310186,
            "observation": 0.24017953475316375
        }
    },
    "115": {
        "BestCoverage": 0.8,
        "TestInsertProbability": {
            "action": -0.06621884703636169,
            "observation": 0.19704245527585357
        }
    },
    "120": {
        "BestCoverage": 0.8,
        "TestInsertProbability": {
            "action": 0.0928308129310608,
            "observation": 0.13082360823949188
        }
    },
    "125": {
        "BestCoverage": 0.8,
        "TestInsertProbability": {
            "action": -0.04133515357971192,
            "observation": 0.22365442117055268
        }
    },
    "130": {
        "BestCoverage": 0.8,
        "TestInsertProbability": {
            "action": 0.05376621484756469,
            "observation": 0.18231926759084077
        }
    },
    "135": {
        "BestCoverage": 0.8,
        "TestInsertProbability": {
            "action": 0.08180378675460817,
            "observation": 0.23608548243840546
        }
    },
    "140": {
        "BestCoverage": 0.8,
        "TestInsertProbability": {
            "action": -0.08316230773925781,
            "observation": 0.31788926919301363
        }
    },
    "145": {
        "BestCoverage": 0.8,
        "TestInsertProbability": {
            "action": -0.06180720925331116,
            "observation": 0.23472696145375582
        }
    },
    "150": {
        "BestCoverage": 0.8,
        "TestInsertProbability": {
            "action": -0.08322172760963441,
            "observation": 0.17291975220044467
        }
    },
    "155": {
        "BestCoverage": 0.8,
        "TestInsertProbability": {
            "action": -0.030429530143737796,
            "observation": 0.08969802459081026
        }
    },
    "160": {
        "BestCoverage": 0.8,
        "TestInsertProbability": {
            "action": -0.027565747499465942,
            "observation": 0.05926849444707247
        }
    },
    "165": {
        "BestCoverage": 0.8,
        "TestInsertProbability": {
            "action": -0.07429111003875732,
            "observation": 0.031702746947606525
        }
    },
    "170": {
        "BestCoverage": 0.8,
        "TestInsertProbability": {
            "action": 0.0404565453529358,
            "observation": 0.0
        }
    },
    "175": {
        "BestCoverage": 0.8,
        "TestInsertProbability": {
            "action": 0.07963614463806154,
            "observation": 0.0404565453529358
        }
    },
    "180": {
        "BestCoverage": 0.8,
        "TestInsertProbability": {
            "action": -0.006544119119644171,
            "observation": 0.12009268999099734
        }
    },
    "185": {
        "BestCoverage": 0.8,
        "TestInsertProbability": {
            "action": -0.00312688946723938,
            "observation": 0.11354857087135317
        }
    },
    "190": {
        "BestCoverage": 0.8,
        "TestInsertProbability": {
            "action": 0.02101603746414185,
            "observation": 0.11042168140411379
        }
    },
    "195": {
        "BestCoverage": 0.8,
        "TestInsertProbability": {
            "action": -0.07985526323318481,
            "observation": 0.13143771886825564
        }
    },
    "200": {
        "BestCoverage": 0.8,
        "TestInsertProbability": {
            "action": -0.009339833259582514,
            "observation": 0.05158245563507083
        }
    },
    "205": {
        "BestCoverage": 0.8,
        "TestInsertProbability": {
            "action": -0.014448040723800654,
            "observation": 0.042242622375488315
        }
    },
    "210": {
        "BestCoverage": 0.8,
        "TestInsertProbability": {
            "action": 0.02901556491851806,
            "observation": 0.02779458165168766
        }
    },
    "215": {
        "BestCoverage": 0.8,
        "TestInsertProbability": {
            "action": -0.06367088556289674,
            "observation": 0.05681014657020572
        }
    },
    "220": {
        "BestCoverage": 0.8,
        "TestInsertProbability": {
            "action": -0.08536878228187561,
            "observation": 0.0
        }
    },
    "225": {
        "BestCoverage": 0.8,
        "TestInsertProbability": {
            "action": 0.02277460098266601,
            "observation": 0.0
        }
    },
    "230": {
        "BestCoverage": 0.8,
        "TestInsertProbability": {
            "action": -0.09307549595832826,