{
    "15": {
        "BestCoverage": 0.8,
        "RandomPerturbation": {
            "action": 0.05137164592742921,
            "observation": 0.2
        }
    },
    "20": {
        "BestCoverage": 0.8,
        "RandomPerturbation": {
            "action": 0.04996702671051026,
            "observation": 0.2513716459274292
        }
    },
    "25": {
        "BestCoverage": 0.8,
        "RandomPerturbation": {
            "action": 0.045323038101196284,
            "observation": 0.30133867263793945
        }
    },
    "30": {
        "BestCoverage": 0.8,
        "RandomPerturbation": {
            "action": 0.05723714828491211,
            "observation": 0.34666171073913576
        }
    },
    "35": {
        "BestCoverage": 0.8,
        "RandomPerturbation": {
            "action": 0.0963824987411499,
            "observation": 0.4038988590240479
        }
    },
    "40": {
        "BestCoverage": 0.8,
        "RandomPerturbation": {
            "action": 0.06497277021408082,
            "observation": 0.5002813577651978
        }
    },
    "45": {
        "BestCoverage": 0.8,
        "RandomPerturbation": {
            "action": 0.014668929576873782,
            "observation": 0.5652541279792787
        }
    },
    "50": {
        "BestCoverage": 0.8,
        "RandomPerturbation": {
            "action": -0.010778301954269404,
            "observation": 0.5799230575561525
        }
    },
    "55": {
        "BestCoverage": 0.8,
        "RandomPerturbation": {
            "action": 0.0735587239265442,
            "observation": 0.569144755601883
        }
    },
    "60": {
        "BestCoverage": 0.8,
        "RandomPerturbation": {
            "action": -0.03884851336479187,
            "observation": 0.6427034795284272
        }
    },
    "65": {
        "BestCoverage": 0.8,
        "RandomPerturbation": {
            "action": 0.01635254621505737,
            "observation": 0.6038549661636353
        }
    },
    "70": {
        "BestCoverage": 0.8,
        "RandomPerturbation": {
            "action": 0.07222058773040771,
            "observation": 0.6202075123786926
        }
    },
    "75": {
        "BestCoverage": 0.8,
        "RandomPerturbation": {
            "action": 0.00023863315582275946,
            "observation": 0.6924281001091004
        }
    },
    "80": {
        "BestCoverage": 0.8,
        "RandomPerturbation": {
            "action": 0.04483869075775146,
            "observation": 0.6926667332649231
        }
    },
    "85": {
        "BestCoverage": 0.8,
        "RandomPerturbation": {
            "action": 0.06092331409454346,
            "observation": 0.7375054240226746
        }
    },
    "90": {
        "BestCoverage": 0.8,
        "RandomPerturbation": {
            "action": 0.005774819850921625,
            "observation": 0.798428738117218
        }
    },
    "95": {
        "BestCoverage": 0.8,
        "RandomPerturbation": {
            "action": -0.0031361281871795654,
            "observation": 0.8042035579681397
        }
    },
    "100": {
        "BestCoverage": 0.8,
        "RandomPerturbation": {
            "action": 0.04761397838592529,
            "observation": 0.8010674297809601
        }
    },
    "105": {
        "BestCoverage": 0.8,
        "RandomPerturbation": {
            "action": 0.01897654533386231,
            "observation": 0.8486814081668854
        }
    },
    "110": {
        "BestCoverage": 0.8,
        "RandomPerturbation": {
            "action": 0.08025797605514526,
            "observation": 0.8676579535007477
        }
    },
    "115": {
        "BestCoverage": 0.8,
        "RandomPerturbation": {
            "action": 0.012799763679504389,
            "observation": 0.947915929555893
        }
    },
    "120": {
        "BestCoverage": 0.8,
        "RandomPerturbation": {
            "action": 0.09649109840393066,
            "observation": 0.9607156932353974
        }
    },
    "125": {
        "BestCoverage": 0.8,
        "RandomPerturbation": {
            "action": -0.003002029657363889,
            "observation": 1.0
        }
    },
    "130": {
        "BestCoverage": 0.8,
        "RandomPerturbation": {
            "action": 0.07585614919662476,
            "observation": 0.9969979703426362
        }
    },
    "135": {
        "BestCoverage": 0.8,
        "RandomPerturbation": {
            "action": 0.09570059776306153,
            "observation": 1.0
        }
    },
    "140": {
        "BestCoverage": 0.8,
        "RandomPerturbation": {
            "action": -0.0926317036151886,
            "observation": 1.0
        }
    },
    "145": {
        "BestCoverage": 0.8,
        "RandomPerturbation": {
            "action": 0.08380725383758544,
            "observation": 0.9073682963848114
        }
    },
    "150": {
        "BestCoverage": 0.8,
        "RandomPerturbation": {
            "action": 0.051720702648162836,
            "observation": 0.9911755502223969
        }
    },
    "155": {
        "BestCoverage": 0.8,
        "RandomPerturbation": {
            "action": 0.07723292112350463,
            "observation": 1.0
        }
    },
    "160": {
        "BestCoverage": 0.8,
        "RandomPerturbation": {
            "action": 0.03279855251312255,
            "observation": 1.0
        }
    },
    "165": {
        "BestCoverage": 0.8,
        "RandomPerturbation": {
            "action": -0.0407718300819397,
            "observation": 1.0
        }
    },
    "170": {
        "BestCoverage": 0.8,
        "RandomPerturbation": {
            "action": -0.010999542474746701,
            "observation": 0.9592281699180603
        }
    },
    "175": {
        "BestCoverage": 0.8,
        "RandomPerturbation": {
            "action": -0.08237224221229554,
            "observation": 0.9482286274433136
        }
    },
    "180": {
        "BestCoverage": 0.8,
        "RandomPerturbation": {
            "action": -0.07156124114990235,
            "observation": 0.865856385231018
        }
    },
    "185": {
        "BestCoverage": 0.8,
        "RandomPerturbation": {
            "action": 0.07219129800796509,
            "observation": 0.7942951440811157
        }
    },
    "190": {
        "BestCoverage": 0.8,
        "RandomPerturbation": {
            "action": 0.0405639886856079,
            "observation": 0.8664864420890808
        }
    },
    "195": {
        "BestCoverage": 0.8,
        "RandomPerturbation": {
            "action": 0.07828950881958008,
            "observation": 0.9070504307746887
        }
    },
    "200": {
        "BestCoverage": 0.8,
        "RandomPerturbation": {
            "action": 0.03545143604278564,
            "observation": 0.9853399395942688
        }
    },
    "205": {
        "BestCoverage": 0.8,
        "RandomPerturbation": {
            "action": -0.02400339841842651,
            "observation": 1.0
        }
    },
    "210": {
        "BestCoverage": 0.8,
        "RandomPerturbation": {
            "action": -0.07736241817474365,
            "observation": 0.9759966015815735
        }
    },
    "215": {
        "BestCoverage": 0.8,
        "RandomPerturbation": {
            "action": 0.09596612453460693,
            "observation": 0.8986341834068299
        }
    },
    "220": {
        "BestCoverage": 0.8,
        "RandomPerturbation": {
            "action": 0.03228371143341063,
            "observation": 0.9946003079414368
        }
    },
    "225": {
        "BestCoverage": 0.8,
        "RandomPerturbation": {
            "action": 0.08607885837554932,
            "observation": 1.0
        }
    },
    "230": {
        "BestCoverage": 0.8,
        "RandomPerturbation": {
            "action": 0.09303882122039794,
            "observation": 1.0
        }
    },
    "235": {
        "BestCoverage": 0.8,
        "RandomPerturbation": {
            "action": 0.003661501407623294,
            "observation": 1.0
        }
    },
    "240": {
        "BestCoverage": 0.8,