{
    "15": {
        "BestCoverage": 0.8,
        "TestChangeProbability": {
            "action": -0.02307706475257873,
            "observation": 0.3333333333333333
        }
    },
    "20": {
        "BestCoverage": 0.8,
        "TestChangeProbability": {
            "action": -0.012336063385009768,
            "observation": 0.3102562685807546
        }
    },
    "25": {
        "BestCoverage": 0.8,
        "TestChangeProbability": {
            "action": -0.05307180285453797,
            "observation": 0.29792020519574486
        }
    },
    "30": {
        "BestCoverage": 0.8,
        "TestChangeProbability": {
            "action": 0.09625359773635864,
            "observation": 0.2448484023412069
        }
    },
    "35": {
        "BestCoverage": 0.8,
        "TestChangeProbability": {
            "action": -0.0665942907333374,
            "observation": 0.3411020000775655
        }
    },
    "40": {
        "BestCoverage": 0.8,
        "TestChangeProbability": {
            "action": 0.032361388206481934,
            "observation": 0.27450770934422813
        }
    },
    "45": {
        "BestCoverage": 0.8,
        "TestChangeProbability": {
            "action": 0.05765513181686402,
            "observation": 0.30686909755071007
        }
    },
    "50": {
        "BestCoverage": 0.8,
        "TestChangeProbability": {
            "action": 0.001531708240509036,
            "observation": 0.3645242293675741
        }
    },
    "55": {
        "BestCoverage": 0.8,
        "TestChangeProbability": {
            "action": 0.041864752769470215,
            "observation": 0.36605593760808314
        }
    },
    "60": {
        "BestCoverage": 0.8,
        "TestChangeProbability": {
            "action": 0.07451119422912597,
            "observation": 0.40792069037755335
        }
    },
    "65": {
        "BestCoverage": 0.8,
        "TestChangeProbability": {
            "action": 0.06706080436706544,
            "observation": 0.4824318846066793
        }
    },
    "70": {
        "BestCoverage": 0.8,
        "TestChangeProbability": {
            "action": -0.07925649881362916,
            "observation": 0.5494926889737447
        }
    },
    "75": {
        "BestCoverage": 0.8,
        "TestChangeProbability": {
            "action": 0.007336688041687009,
            "observation": 0.47023619016011553
        }
    },
    "80": {
        "BestCoverage": 0.8,
        "TestChangeProbability": {
            "action": -0.008599638938903809,
            "observation": 0.47757287820180255
        }
    },
    "85": {
        "BestCoverage": 0.8,
        "TestChangeProbability": {
            "action": -0.0697965919971466,
            "observation": 0.46897323926289874
        }
    },
    "90": {
        "BestCoverage": 0.8,
        "TestChangeProbability": {
            "action": -0.06145972609519959,
            "observation": 0.39917664726575214
        }
    },
    "95": {
        "BestCoverage": 0.8,
        "TestChangeProbability": {
            "action": -0.08569395542144775,
            "observation": 0.3377169211705525
        }
    },
    "100": {
        "BestCoverage": 0.8,
        "TestChangeProbability": {
            "action": -0.041261428594589235,
            "observation": 0.25202296574910477
        }
    },
    "105": {
        "BestCoverage": 0.8,
        "TestChangeProbability": {
            "action": -0.0102405846118927,
            "observation": 0.21076153715451554
        }
    },
    "110": {
        "BestCoverage": 0.8,
        "TestChangeProbability": {
            "action": -0.01183253526687622,
            "observation": 0.20052095254262284
        }
    },
    "115": {
        "BestCoverage": 0.8,
        "TestChangeProbability": {
            "action": 0.06567838191986083,
            "observation": 0.18868841727574662
        }
    },
    "120": {
        "BestCoverage": 0.8,
        "TestChangeProbability": {
            "action": -0.05235611200332642,
            "observation": 0.25436679919560745
        }
    },
    "125": {
        "BestCoverage": 0.8,
        "TestChangeProbability": {
            "action": 0.09522470235824584,
            "observation": 0.20201068719228105
        }
    },
    "130": {
        "BestCoverage": 0.8,
        "TestChangeProbability": {
            "action": 0.03339695930480957,
            "observation": 0.29723538955052686
        }
    },
    "135": {
        "BestCoverage": 0.8,
        "TestChangeProbability": {
            "action": 0.07954683303833007,
            "observation": 0.33063234885533643
        }
    },
    "140": {
        "BestCoverage": 0.8,
        "TestChangeProbability": {
            "action": -0.04184482097625733,
            "observation": 0.41017918189366653
        }
    },
    "145": {
        "BestCoverage": 0.8,
        "TestChangeProbability": {
            "action": -0.0383228063583374,
            "observation": 0.36833436091740923
        }
    },
    "150": {
        "BestCoverage": 0.8,
        "TestChangeProbability": {
            "action": -0.024819916486740118,
            "observation": 0.33001155455907183
        }
    },
    "155": {
        "BestCoverage": 0.8,
        "TestChangeProbability": {
            "action": 0.05672937631607056,
            "observation": 0.30519163807233174
        }
    },
    "160": {
        "BestCoverage": 0.8,
        "TestChangeProbability": {
            "action": 0.08664919137954713,
            "observation": 0.3619210143884023
        }
    },
    "165": {
        "BestCoverage": 0.8,
        "TestChangeProbability": {
            "action": -0.016073167324066162,
            "observation": 0.4485702057679494
        }
    },
    "170": {
        "BestCoverage": 0.8,
        "TestChangeProbability": {
            "action": 0.06373430490493776,
            "observation": 0.43249703844388326
        }
    },
    "175": {
        "BestCoverage": 0.8,
        "TestChangeProbability": {
            "action": 0.08291797637939455,
            "observation": 0.496231343348821
        }
    },
    "180": {
        "BestCoverage": 0.8,
        "TestChangeProbability": {
            "action": 0.07491595745086671,
            "observation": 0.5791493197282156
        }
    },
    "185": {
        "BestCoverage": 0.8,
        "TestChangeProbability": {
            "action": 0.09170584678649904,
            "observation": 0.6540652771790822
        }
    },
    "190": {
        "BestCoverage": 0.8,
        "TestChangeProbability": {
            "action": -0.06020990610122681,
            "observation": 0.7457711239655813
        }
    },
    "195": {
        "BestCoverage": 0.8,
        "TestChangeProbability": {
            "action": -0.09547355175018311,
            "observation": 0.6855612178643545
        }
    },
    "200": {
        "BestCoverage": 0.8,
        "TestChangeProbability": {
            "action": 0.09423619508743286,
            "observation": 0.5900876661141714
        }
    },
    "205": {
        "BestCoverage": 0.8,
        "TestChangeProbability": {
            "action": 0.03782372474670409,
            "observation": 0.6843238612016043
        }
    },
    "210": {
        "BestCoverage": 0.8,
        "TestChangeProbability": {
            "action": -0.07058393955230713,
            "observation": 0.7221475859483084
        }
    },
    "215": {
        "BestCoverage": 0.8,
        "TestChangeProbability": {
            "action": 0.06111209392547609,
            "observation": 0.6515636463960013
        }
    },
    "220": {
        "BestCoverage": 0.8,
        "TestChangeProbability": {
            "action": -0.004695343971252444,
            "observation": 0.7126757403214774
        }
    },
    "225": {
        "BestCoverage": 0.8,
        "TestChangeProbability": {
            "action": 0.02483104467391968,
            "observation": 0.7079803963502249
        }
    },
    "230": {
        "BestCoverage": 0.8,