{
    "25": {
        "BestCoverage": 0.75,
        "Population": {
            "action": -2.47263765335083,
            "observation": 50
        }
    },
    "30": {
        "BestCoverage": 0.75,
        "Population": {
            "action": 0.08184623718261719,
            "observation": 48
        }
    },
    "35": {
        "BestCoverage": 0.75,
        "Population": {
            "action": -0.0825037956237793,
            "observation": 48
        }
    },
    "40": {
        "BestCoverage": 0.75,
        "Population": {
            "action": 1.9849624633789062,
            "observation": 48
        }
    },
    "45": {
        "BestCoverage": 0.75,
        "Population": {
            "action": -1.8103184700012207,
            "observation": 50
        }
    },
    "50": {
        "BestCoverage": 0.75,
        "Population": {
            "action": 6.436043739318848,
            "observation": 48
        }
    },
    "55": {
        "BestCoverage": 0.75,
        "Population": {
            "action": -1.410111904144287,
            "observation": 54
        }
    },
    "60": {
        "BestCoverage": 0.75,
        "Population": {
            "action": -5.920337200164795,
            "observation": 53
        }
    },
    "65": {
        "BestCoverage": 0.75,
        "Population": {
            "action": 6.195629119873047,
            "observation": 47
        }
    },
    "70": {
        "BestCoverage": 0.75,
        "Population": {
            "action": -5.528138160705566,
            "observation": 53
        }
    },
    "75": {
        "BestCoverage": 0.75,
        "Population": {
            "action": 7.4061431884765625,
            "observation": 47
        }
    },
    "80": {
        "BestCoverage": 0.75,
        "Population": {
            "action": -5.627109050750732,
            "observation": 54
        }
    },
    "85": {
        "BestCoverage": 0.75,
        "Population": {
            "action": -6.501636028289795,
            "observation": 48
        }
    },
    "90": {
        "BestCoverage": 0.75,
        "Population": {
            "action": 1.6179065704345703,
            "observation": 41
        }
    },
    "95": {
        "BestCoverage": 0.75,
        "Population": {
            "action": 4.893861770629883,
            "observation": 43
        }
    },
    "100": {
        "BestCoverage": 0.75,
        "Population": {
            "action": -2.274503231048584,
            "observation": 48
        }
    },
    "105": {
        "BestCoverage": 0.75,
        "Population": {
            "action": -6.252231121063232,
            "observation": 46
        }
    },
    "110": {
        "BestCoverage": 0.75,
        "Population": {
            "action": 7.601282119750977,
            "observation": 40
        }
    },
    "115": {
        "BestCoverage": 0.75,
        "Population": {
            "action": -0.8237848281860352,
            "observation": 48
        }
    },
    "120": {
        "BestCoverage": 0.75,
        "Population": {
            "action": 4.667768478393555,
            "observation": 47
        }
    },
    "125": {
        "BestCoverage": 0.75,
        "Population": {
            "action": 5.426948547363281,
            "observation": 52
        }
    },
    "130": {
        "BestCoverage": 0.75,
        "Population": {
            "action": -6.366776943206787,
            "observation": 57
        }
    },
    "135": {
        "BestCoverage": 0.75,
        "Population": {
            "action": 4.556375503540039,
            "observation": 51
        }
    },
    "140": {
        "BestCoverage": 0.75,
        "Population": {
            "action": 5.603754043579102,
            "observation": 56
        }
    },
    "145": {
        "BestCoverage": 0.75,
        "Population": {
            "action": -5.254526138305664,
            "observation": 62
        }
    },
    "150": {
        "BestCoverage": 0.75,
        "Population": {
            "action": 0.3750772476196289,
            "observation": 57
        }
    },
    "155": {
        "BestCoverage": 0.75,
        "Population": {
            "action": 5.5132293701171875,
            "observation": 57
        }
    },
    "160": {
        "BestCoverage": 0.75,
        "Population": {
            "action": 6.509160995483398,
            "observation": 63
        }
    },
    "165": {
        "BestCoverage": 0.75,
        "Population": {
            "action": 1.2259893417358398,
            "observation": 70
        }
    },
    "170": {
        "BestCoverage": 0.75,
        "Population": {
            "action": 4.406824111938477,
            "observation": 71
        }
    },
    "175": {
        "BestCoverage": 0.75,
        "Population": {
            "action": -4.1765666007995605,
            "observation": 75
        }
    },
    "180": {
        "BestCoverage": 0.75,
        "Population": {
            "action": 4.416872024536133,
            "observation": 71
        }
    },
    "185": {
        "BestCoverage": 0.75,
        "Population": {
            "action": -6.683197498321533,
            "observation": 75
        }
    },
    "190": {
        "BestCoverage": 0.75,
        "Population": {
            "action": 1.5772552490234375,
            "observation": 68
        }
    },
    "195": {
        "BestCoverage": 0.75,
        "Population": {
            "action": -4.990879058837891,
            "observation": 70
        }
    },
    "200": {
        "BestCoverage": 0.75,
        "Population": {
            "action": 0.5213212966918945,
            "observation": 65
        }
    },
    "205": {
        "BestCoverage": 0.75,
        "Population": {
            "action": -1.8908720016479492,
            "observation": 66
        }
    },
    "210": {
        "BestCoverage": 0.75,
        "Population": {
            "action": -7.852244853973389,
            "observation": 64
        }
    },
    "215": {
        "BestCoverage": 0.75,
        "Population": {
            "action": 7.091062545776367,
            "observation": 56
        }
    },
    "220": {
        "BestCoverage": 0.75,
        "Population": {
            "action": 4.909319877624512,
            "observation": 63
        }
    },
    "225": {
        "BestCoverage": 0.75,
        "Population": {
            "action": -3.7305283546447754,
            "observation": 68
        }
    },
    "230": {
        "BestCoverage": 0.75,
        "Population": {
            "action": 0.26409435272216797,
            "observation": 64
        }
    },
    "235": {
        "BestCoverage": 0.75,
        "Population": {
            "action": 6.915971755981445,
            "observation": 64
        }
    },
    "240": {
        "BestCoverage": 0.75,
        "Population": {
            "action": -3.2290515899658203,
            "observation": 71
        }
    },
    "245": {
        "BestCoverage": 0.75,
        "Population": {
            "action": 4.790339469909668,
            "observation": 68
        }
    },
    "250": {
        "BestCoverage": 0.75,
        "Population": {
            "action": -1.9634509086608887,
            "observation": 73
        }
    },
    "255": {
        "BestCoverage": 0.75,
        "Population": {
            "action": 4.439617156982422,
            "observation": 71
        }
    },
    "260": {
        "BestCoverage": 0.75,
        "Population": {
            "action": -6.316348552703857,
            "observation": 75
        }
    },
    "265": {
        "BestCoverage": 0.75,
        "Population": {
            "action": 3.2570981979370117,
            "observation": 69
        }
    },
    "270": {
        "BestCoverage": 0.75,
        "Population": {
            "action": -6.729339122772217,
            "observation": 72
        }
    },
    "275": {
        "BestCoverage": 0.75,
        "Population": {
            "action": 2.4023208618164062,
            "observation": 65
        }
    },
    "280": {
        "BestCoverage": 0.75,