{
    "15": {
        "BestCoverage": 0.1282051282051282,
        "Population": {
            "action": 1.1598482131958008,
            "observation": 50
        }
    },
    "20": {
        "BestCoverage": 0.1282051282051282,
        "Population": {
            "action": -7.406380653381348,
            "observation": 51
        }
    },
    "25": {
        "BestCoverage": 0.1282051282051282,
        "Population": {
            "action": 1.870203971862793,
            "observation": 44
        }
    },
    "30": {
        "BestCoverage": 0.1282051282051282,
        "Population": {
            "action": 4.015995025634766,
            "observation": 46
        }
    },
    "35": {
        "BestCoverage": 0.1282051282051282,
        "Population": {
            "action": 3.1723709106445312,
            "observation": 50
        }
    },
    "40": {
        "BestCoverage": 0.1282051282051282,
        "Population": {
            "action": 7.720717430114746,
            "observation": 53
        }
    },
    "45": {
        "BestCoverage": 0.1282051282051282,
        "Population": {
            "action": -3.738220691680908,
            "observation": 61
        }
    },
    "50": {
        "BestCoverage": 0.1282051282051282,
        "Population": {
            "action": -6.772575378417969,
            "observation": 57
        }
    },
    "55": {
        "BestCoverage": 0.1282051282051282,
        "Population": {
            "action": -7.089025497436523,
            "observation": 50
        }
    },
    "60": {
        "BestCoverage": 0.1282051282051282,
        "Population": {
            "action": -1.5720462799072266,
            "observation": 43
        }
    },
    "65": {
        "BestCoverage": 0.1282051282051282,
        "Population": {
            "action": 4.895864486694336,
            "observation": 41
        }
    },
    "70": {
        "BestCoverage": 0.1282051282051282,
        "Population": {
            "action": 7.641119003295898,
            "observation": 46
        }
    },
    "75": {
        "BestCoverage": 0.1282051282051282,
        "Population": {
            "action": -7.25900411605835,
            "observation": 54
        }
    },
    "80": {
        "BestCoverage": 0.1282051282051282,
        "Population": {
            "action": -1.0325798988342285,
            "observation": 47
        }
    },
    "85": {
        "BestCoverage": 0.1282051282051282,
        "Population": {
            "action": 3.6827592849731445,
            "observation": 46
        }
    },
    "90": {
        "BestCoverage": 0.1282051282051282,
        "Population": {
            "action": 2.309541702270508,
            "observation": 50
        }
    },
    "95": {
        "BestCoverage": 0.1282051282051282,
        "Population": {
            "action": 3.6451187133789062,
            "observation": 52
        }
    },
    "100": {
        "BestCoverage": 0.1282051282051282,
        "Population": {
            "action": -4.4943528175354,
            "observation": 56
        }
    },
    "105": {
        "BestCoverage": 0.1282051282051282,
        "Population": {
            "action": 2.500589370727539,
            "observation": 52
        }
    },
    "110": {
        "BestCoverage": 0.1282051282051282,
        "Population": {
            "action": 5.074131011962891,
            "observation": 55
        }
    },
    "115": {
        "BestCoverage": 0.1282051282051282,
        "Population": {
            "action": 0.2934560775756836,
            "observation": 60
        }
    },
    "120": {
        "BestCoverage": 0.1282051282051282,
        "Population": {
            "action": -1.66102933883667,
            "observation": 60
        }
    },
    "125": {
        "BestCoverage": 0.1282051282051282,
        "Population": {
            "action": 7.617898941040039,
            "observation": 58
        }
    },
    "130": {
        "BestCoverage": 0.1282051282051282,
        "Population": {
            "action": 5.006694793701172,
            "observation": 66
        }
    },
    "135": {
        "BestCoverage": 0.1282051282051282,
        "Population": {
            "action": 1.733536720275879,
            "observation": 71
        }
    },
    "140": {
        "BestCoverage": 0.1282051282051282,
        "Population": {
            "action": -2.931769371032715,
            "observation": 73
        }
    },
    "145": {
        "BestCoverage": 0.23076923076923078,
        "Population": {
            "action": 0.9730119705200195,
            "observation": 70
        }
    },
    "150": {
        "BestCoverage": 0.23076923076923078,
        "Population": {
            "action": 4.662900924682617,
            "observation": 71
        }
    },
    "155": {
        "BestCoverage": 0.28205128205128205,
        "Population": {
            "action": -3.6442012786865234,
            "observation": 76
        }
    },
    "160": {
        "BestCoverage": 0.28205128205128205,
        "Population": {
            "action": 3.635228157043457,
            "observation": 72
        }
    },
    "165": {
        "BestCoverage": 0.28205128205128205,
        "Population": {
            "action": 5.5915374755859375,
            "observation": 76
        }
    },
    "170": {
        "BestCoverage": 0.28205128205128205,
        "Population": {
            "action": 5.974277496337891,
            "observation": 82
        }
    },
    "175": {
        "BestCoverage": 0.28205128205128205,
        "Population": {
            "action": -4.7367167472839355,
            "observation": 88
        }
    },
    "180": {
        "BestCoverage": 0.28205128205128205,
        "Population": {
            "action": 4.067407608032227,
            "observation": 83
        }
    },
    "185": {
        "BestCoverage": 0.28205128205128205,
        "Population": {
            "action": 7.858329772949219,
            "observation": 87
        }
    },
    "190": {
        "BestCoverage": 0.28205128205128205,
        "Population": {
            "action": 7.386039733886719,
            "observation": 95
        }
    },
    "195": {
        "BestCoverage": 0.28205128205128205,
        "Population": {
            "action": -4.926287651062012,
            "observation": 100
        }
    },
    "200": {
        "BestCoverage": 0.28205128205128205,
        "Population": {
            "action": 1.2757997512817383,
            "observation": 95
        }
    },
    "205": {
        "BestCoverage": 0.28205128205128205,
        "Population": {
            "action": 4.745396614074707,
            "observation": 96
        }
    },
    "210": {
        "BestCoverage": 0.28205128205128205,
        "Population": {
            "action": 6.7505598068237305,
            "observation": 100
        }
    },
    "215": {
        "BestCoverage": 0.28205128205128205,
        "Population": {
            "action": -3.6782875061035156,
            "observation": 100
        }
    },
    "220": {
        "BestCoverage": 0.28205128205128205,
        "Population": {
            "action": -4.150487422943115,
            "observation": 96
        }
    },
    "225": {
        "BestCoverage": 0.28205128205128205,
        "Population": {
            "action": 5.725438117980957,
            "observation": 92
        }
    },
    "230": {
        "BestCoverage": 0.28205128205128205,
        "Population": {
            "action": 6.4783525466918945,
            "observation": 98
        }
    },
    "235": {
        "BestCoverage": 0.28205128205128205,
        "Population": {
            "action": 7.235917091369629,
            "observation": 100
        }
    },
    "240": {
        "BestCoverage": 0.28205128205128205,
        "Population": {
            "action": 3.9429216384887695,
            "observation": 100
        }
    },
    "245": {
        "BestCoverage": 0.28205128205128205,
        "Population": {
            "action": -0.05058431625366211,
            "observation": 100
        }
    },