{
    "15": {
        "BestCoverage": 0.8,
        "Population": {
            "action": -2.822861671447754,
            "observation": 50
        }
    },
    "20": {
        "BestCoverage": 0.8,
        "Population": {
            "action": 5.935407638549805,
            "observation": 47
        }
    },
    "25": {
        "BestCoverage": 0.8,
        "Population": {
            "action": 4.06072998046875,
            "observation": 53
        }
    },
    "30": {
        "BestCoverage": 0.8,
        "Population": {
            "action": -3.198488235473633,
            "observation": 57
        }
    },
    "35": {
        "BestCoverage": 0.8,
        "Population": {
            "action": -1.9602785110473633,
            "observation": 54
        }
    },
    "40": {
        "BestCoverage": 0.8,
        "Population": {
            "action": -1.9092960357666016,
            "observation": 52
        }
    },
    "45": {
        "BestCoverage": 0.8,
        "Population": {
            "action": -3.271548271179199,
            "observation": 50
        }
    },
    "50": {
        "BestCoverage": 0.8,
        "Population": {
            "action": 2.484206199645996,
            "observation": 47
        }
    },
    "55": {
        "BestCoverage": 0.8,
        "Population": {
            "action": 6.458680152893066,
            "observation": 49
        }
    },
    "60": {
        "BestCoverage": 0.8,
        "Population": {
            "action": -4.341254711151123,
            "observation": 55
        }
    },
    "65": {
        "BestCoverage": 0.8,
        "Population": {
            "action": 3.171217918395996,
            "observation": 51
        }
    },
    "70": {
        "BestCoverage": 0.8,
        "Population": {
            "action": 6.157320022583008,
            "observation": 54
        }
    },
    "75": {
        "BestCoverage": 0.8,
        "Population": {
            "action": 1.5107288360595703,
            "observation": 60
        }
    },
    "80": {
        "BestCoverage": 0.8,
        "Population": {
            "action": 2.797178268432617,
            "observation": 62
        }
    },
    "85": {
        "BestCoverage": 0.8,
        "Population": {
            "action": -1.2298851013183594,
            "observation": 65
        }
    },
    "90": {
        "BestCoverage": 0.8,
        "Population": {
            "action": 6.68018913269043,
            "observation": 64
        }
    },
    "95": {
        "BestCoverage": 0.8,
        "Population": {
            "action": -2.089812755584717,
            "observation": 71
        }
    },
    "100": {
        "BestCoverage": 0.8,
        "Population": {
            "action": 2.253157615661621,
            "observation": 69
        }
    },
    "105": {
        "BestCoverage": 0.8,
        "Population": {
            "action": 1.5998287200927734,
            "observation": 71
        }
    },
    "110": {
        "BestCoverage": 0.8,
        "Population": {
            "action": -5.592696666717529,
            "observation": 73
        }
    },
    "115": {
        "BestCoverage": 0.8,
        "Population": {
            "action": -3.056957244873047,
            "observation": 67
        }
    },
    "120": {
        "BestCoverage": 0.8,
        "Population": {
            "action": -3.939852237701416,
            "observation": 64
        }
    },
    "125": {
        "BestCoverage": 0.8,
        "Population": {
            "action": -1.2165164947509766,
            "observation": 60
        }
    },
    "130": {
        "BestCoverage": 0.8,
        "Population": {
            "action": 7.071435928344727,
            "observation": 59
        }
    },
    "135": {
        "BestCoverage": 0.8,
        "Population": {
            "action": 7.706820487976074,
            "observation": 66
        }
    },
    "140": {
        "BestCoverage": 0.8,
        "Population": {
            "action": -6.094869613647461,
            "observation": 74
        }
    },
    "145": {
        "BestCoverage": 0.8,
        "Population": {
            "action": -2.67987060546875,
            "observation": 68
        }
    },
    "150": {
        "BestCoverage": 0.8,
        "Population": {
            "action": 2.5132970809936523,
            "observation": 65
        }
    },
    "155": {
        "BestCoverage": 0.8,
        "Population": {
            "action": 7.850656509399414,
            "observation": 68
        }
    },
    "160": {
        "BestCoverage": 0.8,
        "Population": {
            "action": -6.412173271179199,
            "observation": 76
        }
    },
    "165": {
        "BestCoverage": 0.8,
        "Population": {
            "action": -0.9968876838684082,
            "observation": 70
        }
    },
    "170": {
        "BestCoverage": 0.8,
        "Population": {
            "action": -6.475966453552246,
            "observation": 69
        }
    },
    "175": {
        "BestCoverage": 0.8,
        "Population": {
            "action": -1.6195430755615234,
            "observation": 63
        }
    },
    "180": {
        "BestCoverage": 0.8,
        "Population": {
            "action": -3.663405418395996,
            "observation": 61
        }
    },
    "185": {
        "BestCoverage": 0.8,
        "Population": {
            "action": 6.652797698974609,
            "observation": 57
        }
    },
    "190": {
        "BestCoverage": 0.8,
        "Population": {
            "action": 6.526308059692383,
            "observation": 64
        }
    },
    "195": {
        "BestCoverage": 0.8,
        "Population": {
            "action": -1.2795677185058594,
            "observation": 71
        }
    },
    "200": {
        "BestCoverage": 0.8,
        "Population": {
            "action": 4.27559757232666,
            "observation": 70
        }
    },
    "205": {
        "BestCoverage": 0.8,
        "Population": {
            "action": 6.641689300537109,
            "observation": 74
        }
    },
    "210": {
        "BestCoverage": 0.8,
        "Population": {
            "action": 3.2912635803222656,
            "observation": 81
        }
    },
    "215": {
        "BestCoverage": 0.8,
        "Population": {
            "action": 6.996288299560547,
            "observation": 84
        }
    },
    "220": {
        "BestCoverage": 0.8,
        "Population": {
            "action": -7.224102020263672,
            "observation": 91
        }
    },
    "225": {
        "BestCoverage": 0.8,
        "Population": {
            "action": 1.5109071731567383,
            "observation": 84
        }
    },
    "230": {
        "BestCoverage": 0.8,
        "Population": {
            "action": 0.2872734069824219,
            "observation": 86
        }
    },
    "235": {
        "BestCoverage": 0.8,
        "Population": {
            "action": -5.152654647827148,
            "observation": 86
        }
    },
    "240": {
        "BestCoverage": 0.8,
        "Population": {
            "action": -5.665316104888916,
            "observation": 81
        }
    },
    "245": {
        "BestCoverage": 0.8,
        "Population": {
            "action": 0.18755054473876953,
            "observation": 75
        }
    },
    "250": {
        "BestCoverage": 0.8,
        "Population": {
            "action": 7.881624221801758,
            "observation": 75
        }
    },
    "255": {
        "BestCoverage": 0.8,
        "Population": {
            "action": -5.728142738342285,
            "observation": 83
        }
    },
    "260": {
        "BestCoverage": 0.8,
        "Population": {
            "action": 7.366131782531738,
            "observation": 77
        }
    },
    "265": {
        "BestCoverage": 0.8,
        "Population": {
            "action": -5.9702277183532715,
            "observation": 84
        }
    },
    "270": {
        "BestCoverage": 0.8,
        "Population": {
            "action": -5.9365363121032715,