{
    "15": {
        "BestCoverage": 0.8,
        "ChangeParameterProbability": {
            "action": 0.05531117916107178,
            "observation": 0.1
        }
    },
    "20": {
        "BestCoverage": 0.8,
        "ChangeParameterProbability": {
            "action": 0.07232241630554201,
            "observation": 0.1553111791610718
        }
    },
    "25": {
        "BestCoverage": 0.8,
        "ChangeParameterProbability": {
            "action": 0.016600036621093744,
            "observation": 0.2276335954666138
        }
    },
    "30": {
        "BestCoverage": 0.8,
        "ChangeParameterProbability": {
            "action": 0.08813509941101075,
            "observation": 0.24423363208770754
        }
    },
    "35": {
        "BestCoverage": 0.8,
        "ChangeParameterProbability": {
            "action": 0.005393707752227778,
            "observation": 0.33236873149871826
        }
    },
    "40": {
        "BestCoverage": 0.8,
        "ChangeParameterProbability": {
            "action": -0.06324525475502014,
            "observation": 0.33776243925094607
        }
    },
    "45": {
        "BestCoverage": 0.8,
        "ChangeParameterProbability": {
            "action": -0.08184611201286317,
            "observation": 0.27451718449592594
        }
    },
    "50": {
        "BestCoverage": 0.8,
        "ChangeParameterProbability": {
            "action": 0.04522627592086792,
            "observation": 0.19267107248306276
        }
    },
    "55": {
        "BestCoverage": 0.8,
        "ChangeParameterProbability": {
            "action": -0.00419453382492066,
            "observation": 0.23789734840393068
        }
    },
    "60": {
        "BestCoverage": 0.8,
        "ChangeParameterProbability": {
            "action": 0.026858305931091314,
            "observation": 0.23370281457901002
        }
    },
    "65": {
        "BestCoverage": 0.8,
        "ChangeParameterProbability": {
            "action": 0.021687829494476313,
            "observation": 0.26056112051010133
        }
    },
    "70": {
        "BestCoverage": 0.8,
        "ChangeParameterProbability": {
            "action": -0.0775939404964447,
            "observation": 0.2822489500045776
        }
    },
    "75": {
        "BestCoverage": 0.8,
        "ChangeParameterProbability": {
            "action": -0.08045457005500795,
            "observation": 0.20465500950813292
        }
    },
    "80": {
        "BestCoverage": 0.8,
        "ChangeParameterProbability": {
            "action": -0.02185403108596802,
            "observation": 0.12420043945312498
        }
    },
    "85": {
        "BestCoverage": 0.8,
        "ChangeParameterProbability": {
            "action": 0.04728457927703858,
            "observation": 0.10234640836715696
        }
    },
    "90": {
        "BestCoverage": 0.8,
        "ChangeParameterProbability": {
            "action": -0.05264538526535034,
            "observation": 0.14963098764419552
        }
    },
    "95": {
        "BestCoverage": 0.8,
        "ChangeParameterProbability": {
            "action": 0.059461355209350586,
            "observation": 0.09698560237884518
        }
    },
    "100": {
        "BestCoverage": 0.8,
        "ChangeParameterProbability": {
            "action": 0.03606352806091309,
            "observation": 0.15644695758819577
        }
    },
    "105": {
        "BestCoverage": 0.8,
        "ChangeParameterProbability": {
            "action": 0.0042519092559814425,
            "observation": 0.19251048564910886
        }
    },
    "110": {
        "BestCoverage": 0.8,
        "ChangeParameterProbability": {
            "action": -0.009086316823959356,
            "observation": 0.1967623949050903
        }
    },
    "115": {
        "BestCoverage": 0.8,
        "ChangeParameterProbability": {
            "action": 0.07179768085479737,
            "observation": 0.18767607808113093
        }
    },
    "120": {
        "BestCoverage": 0.8,
        "ChangeParameterProbability": {
            "action": -0.002496606111526495,
            "observation": 0.2594737589359283
        }
    },
    "125": {
        "BestCoverage": 0.8,
        "ChangeParameterProbability": {
            "action": -0.09622264504432679,
            "observation": 0.2569771528244018
        }
    },
    "130": {
        "BestCoverage": 0.8,
        "ChangeParameterProbability": {
            "action": 0.00563092231750488,
            "observation": 0.16075450778007502
        }
    },
    "135": {
        "BestCoverage": 0.8,
        "ChangeParameterProbability": {
            "action": 0.002826821804046628,
            "observation": 0.1663854300975799
        }
    },
    "140": {
        "BestCoverage": 0.8,
        "ChangeParameterProbability": {
            "action": -0.08626311421394349,
            "observation": 0.16921225190162653
        }
    },
    "145": {
        "BestCoverage": 0.8,
        "ChangeParameterProbability": {
            "action": 0.0355768918991089,
            "observation": 0.08294913768768304
        }
    },
    "150": {
        "BestCoverage": 0.8,
        "ChangeParameterProbability": {
            "action": 0.029570770263671886,
            "observation": 0.11852602958679194
        }
    },
    "155": {
        "BestCoverage": 0.8,
        "ChangeParameterProbability": {
            "action": -0.07651782631874085,
            "observation": 0.1480967998504638
        }
    },
    "160": {
        "BestCoverage": 0.8,
        "ChangeParameterProbability": {
            "action": 0.0083383560180664,
            "observation": 0.07157897353172296
        }
    },
    "165": {
        "BestCoverage": 0.8,
        "ChangeParameterProbability": {
            "action": -0.011898356676101687,
            "observation": 0.07991732954978936
        }
    },
    "170": {
        "BestCoverage": 0.8,
        "ChangeParameterProbability": {
            "action": 0.07903285026550294,
            "observation": 0.06801897287368767
        }
    },
    "175": {
        "BestCoverage": 0.8,
        "ChangeParameterProbability": {
            "action": 0.05196244716644288,
            "observation": 0.14705182313919063
        }
    },
    "180": {
        "BestCoverage": 0.8,
        "ChangeParameterProbability": {
            "action": -0.04753527641296387,
            "observation": 0.1990142703056335
        }
    },
    "185": {
        "BestCoverage": 0.8,
        "ChangeParameterProbability": {
            "action": 0.0104366660118103,
            "observation": 0.15147899389266964
        }
    },
    "190": {
        "BestCoverage": 0.8,
        "ChangeParameterProbability": {
            "action": 0.09388085603713989,
            "observation": 0.16191565990447992
        }
    },
    "195": {
        "BestCoverage": 0.8,
        "ChangeParameterProbability": {
            "action": -0.016931200027465815,
            "observation": 0.2557965159416198
        }
    },
    "200": {
        "BestCoverage": 0.8,
        "ChangeParameterProbability": {
            "action": -0.05936628580093384,
            "observation": 0.23886531591415397
        }
    },
    "205": {
        "BestCoverage": 0.8,
        "ChangeParameterProbability": {
            "action": 0.07178766727447511,
            "observation": 0.17949903011322013
        }
    },
    "210": {
        "BestCoverage": 0.8,
        "ChangeParameterProbability": {
            "action": -0.08569077253341675,
            "observation": 0.25128669738769527
        }
    },
    "215": {
        "BestCoverage": 0.8,
        "ChangeParameterProbability": {
            "action": -0.04511020183563233,
            "observation": 0.16559592485427851
        }
    },
    "220": {
        "BestCoverage": 0.8,
        "ChangeParameterProbability": {
            "action": -0.05961208939552307,
            "observation": 0.12048572301864618
        }
    },
    "225": {
        "BestCoverage": 0.8,