{
    "15": {
        "BestCoverage": 0.8,
        "TestDeleteProbability": {
            "action": -0.03198318481445313,
            "observation": 0.3333333333333333
        }
    },
    "20": {
        "BestCoverage": 0.8,
        "TestDeleteProbability": {
            "action": 0.03212412595748901,
            "observation": 0.3013501485188802
        }
    },
    "25": {
        "BestCoverage": 0.8,
        "TestDeleteProbability": {
            "action": 0.01561547517776489,
            "observation": 0.33347427447636924
        }
    },
    "30": {
        "BestCoverage": 0.8,
        "TestDeleteProbability": {
            "action": -0.09951347708702088,
            "observation": 0.34908974965413414
        }
    },
    "35": {
        "BestCoverage": 0.8,
        "TestDeleteProbability": {
            "action": -0.07777426838874818,
            "observation": 0.24957627256711326
        }
    },
    "40": {
        "BestCoverage": 0.8,
        "TestDeleteProbability": {
            "action": -0.08018109202384949,
            "observation": 0.17180200417836508
        }
    },
    "45": {
        "BestCoverage": 0.8,
        "TestDeleteProbability": {
            "action": 0.06593961715698243,
            "observation": 0.0916209121545156
        }
    },
    "50": {
        "BestCoverage": 0.8,
        "TestDeleteProbability": {
            "action": 0.03462536334991456,
            "observation": 0.15756052931149803
        }
    },
    "55": {
        "BestCoverage": 0.8,
        "TestDeleteProbability": {
            "action": 0.03555247783660889,
            "observation": 0.1921858926614126
        }
    },
    "60": {
        "BestCoverage": 0.8,
        "TestDeleteProbability": {
            "action": 0.014792716503143316,
            "observation": 0.22773837049802148
        }
    },
    "65": {
        "BestCoverage": 0.8,
        "TestDeleteProbability": {
            "action": 0.06655032634735109,
            "observation": 0.2425310870011648
        }
    },
    "70": {
        "BestCoverage": 0.8,
        "TestDeleteProbability": {
            "action": 0.028019607067108154,
            "observation": 0.3090814133485159
        }
    },
    "75": {
        "BestCoverage": 0.8,
        "TestDeleteProbability": {
            "action": 0.014063072204589841,
            "observation": 0.33710102041562406
        }
    },
    "80": {
        "BestCoverage": 0.8,
        "TestDeleteProbability": {
            "action": 0.09297189712524415,
            "observation": 0.3511640926202139
        }
    },
    "85": {
        "BestCoverage": 0.8,
        "TestDeleteProbability": {
            "action": -0.022176516056060788,
            "observation": 0.4441359897454581
        }
    },
    "90": {
        "BestCoverage": 0.8,
        "TestDeleteProbability": {
            "action": 0.012354338169097895,
            "observation": 0.4219594736893973
        }
    },
    "95": {
        "BestCoverage": 0.8,
        "TestDeleteProbability": {
            "action": -0.08107050061225891,
            "observation": 0.43431381185849516
        }
    },
    "100": {
        "BestCoverage": 0.8,
        "TestDeleteProbability": {
            "action": 0.0027808904647827204,
            "observation": 0.35324331124623626
        }
    },
    "105": {
        "BestCoverage": 0.8,
        "TestDeleteProbability": {
            "action": 0.02486904859542846,
            "observation": 0.356024201711019
        }
    },
    "110": {
        "BestCoverage": 0.8,
        "TestDeleteProbability": {
            "action": -0.0834829866886139,
            "observation": 0.3808932503064475
        }
    },
    "115": {
        "BestCoverage": 0.8,
        "TestDeleteProbability": {
            "action": -0.008817821741104126,
            "observation": 0.2974102636178336
        }
    },
    "120": {
        "BestCoverage": 0.8,
        "TestDeleteProbability": {
            "action": -0.05420054197311402,
            "observation": 0.2885924418767295
        }
    },
    "125": {
        "BestCoverage": 0.8,
        "TestDeleteProbability": {
            "action": 0.05431627035140993,
            "observation": 0.23439189990361547
        }
    },
    "130": {
        "BestCoverage": 0.8,
        "TestDeleteProbability": {
            "action": -0.01145771741867066,
            "observation": 0.2887081702550254
        }
    },
    "135": {
        "BestCoverage": 0.8,
        "TestDeleteProbability": {
            "action": 0.09021289348602296,
            "observation": 0.27725045283635474
        }
    },
    "140": {
        "BestCoverage": 0.8,
        "TestDeleteProbability": {
            "action": -0.09523619413375856,
            "observation": 0.3674633463223777
        }
    },
    "145": {
        "BestCoverage": 0.8,
        "TestDeleteProbability": {
            "action": 0.09056081771850585,
            "observation": 0.27222715218861915
        }
    },
    "150": {
        "BestCoverage": 0.8,
        "TestDeleteProbability": {
            "action": -0.08804690837860107,
            "observation": 0.36278796990712503
        }
    },
    "155": {
        "BestCoverage": 0.8,
        "TestDeleteProbability": {
            "action": -0.0166090726852417,
            "observation": 0.27474106152852396
        }
    },
    "160": {
        "BestCoverage": 0.8,
        "TestDeleteProbability": {
            "action": -0.00996109247207641,
            "observation": 0.25813198884328226
        }
    },
    "165": {
        "BestCoverage": 0.8,
        "TestDeleteProbability": {
            "action": -0.07261175513267518,
            "observation": 0.24817089637120585
        }
    },
    "170": {
        "BestCoverage": 0.8,
        "TestDeleteProbability": {
            "action": 0.012296056747436529,
            "observation": 0.17555914123853067
        }
    },
    "175": {
        "BestCoverage": 0.8,
        "TestDeleteProbability": {
            "action": -0.09356138110160828,
            "observation": 0.1878551979859672
        }
    },
    "180": {
        "BestCoverage": 0.8,
        "TestDeleteProbability": {
            "action": -0.08267672061920167,
            "observation": 0.09429381688435892
        }
    },
    "185": {
        "BestCoverage": 0.8,
        "TestDeleteProbability": {
            "action": -0.010155606269836429,
            "observation": 0.01161709626515725
        }
    },
    "190": {
        "BestCoverage": 0.8,
        "TestDeleteProbability": {
            "action": -0.002172023057937622,
            "observation": 0.0014614899953208221
        }
    },
    "195": {
        "BestCoverage": 0.8,
        "TestDeleteProbability": {
            "action": 0.08089883327484132,
            "observation": 0.0
        }
    },
    "200": {
        "BestCoverage": 0.8,
        "TestDeleteProbability": {
            "action": 0.027552366256713867,
            "observation": 0.08089883327484132
        }
    },
    "205": {
        "BestCoverage": 0.8,
        "TestDeleteProbability": {
            "action": -0.013241106271743769,
            "observation": 0.10845119953155519
        }
    },
    "210": {
        "BestCoverage": 0.8,
        "TestDeleteProbability": {
            "action": -0.09812268614768982,
            "observation": 0.09521009325981142
        }
    },
    "215": {
        "BestCoverage": 0.8,
        "TestDeleteProbability": {
            "action": -0.04732780456542969,
            "observation": 0.0
        }
    },
    "220": {
        "BestCoverage": 0.8,
        "TestDeleteProbability": {
            "action": -0.04312769770622254,
            "observation": 0.0
        }
    },
    "225": {
        "BestCoverage": 0.8,
        "TestDeleteProbability": {
            "action": -0.017921310663223264,
            "observation": 0.0
        }
    },
    "230": {
        "BestCoverage": 0.8,
        "TestDeleteProbability": {
            "action": -0.057054889202117924,