{
    "20": {
        "BestCoverage": 0.75,
        "ChromosomeLength": {
            "action": -5.988053798675537,
            "observation": 40
        }
    },
    "25": {
        "BestCoverage": 0.75,
        "ChromosomeLength": {
            "action": -5.5950576066970825,
            "observation": 34
        }
    },
    "30": {
        "BestCoverage": 0.75,
        "ChromosomeLength": {
            "action": 3.083951711654663,
            "observation": 28
        }
    },
    "35": {
        "BestCoverage": 0.75,
        "ChromosomeLength": {
            "action": 5.690298557281494,
            "observation": 31
        }
    },
    "40": {
        "BestCoverage": 0.75,
        "ChromosomeLength": {
            "action": -1.5306065082550049,
            "observation": 37
        }
    },
    "45": {
        "BestCoverage": 0.75,
        "ChromosomeLength": {
            "action": 4.246330261230469,
            "observation": 35
        }
    },
    "50": {
        "BestCoverage": 0.775,
        "ChromosomeLength": {
            "action": 2.477989912033081,
            "observation": 39
        }
    },
    "55": {
        "BestCoverage": 0.775,
        "ChromosomeLength": {
            "action": 1.514880895614624,
            "observation": 41
        }
    },
    "60": {
        "BestCoverage": 0.775,
        "ChromosomeLength": {
            "action": -4.932755827903748,
            "observation": 43
        }
    },
    "65": {
        "BestCoverage": 0.775,
        "ChromosomeLength": {
            "action": -2.9482176303863525,
            "observation": 38
        }
    },
    "70": {
        "BestCoverage": 0.775,
        "ChromosomeLength": {
            "action": 2.582136869430542,
            "observation": 35
        }
    },
    "75": {
        "BestCoverage": 0.775,
        "ChromosomeLength": {
            "action": -5.26272189617157,
            "observation": 38
        }
    },
    "80": {
        "BestCoverage": 0.775,
        "ChromosomeLength": {
            "action": -0.1592867374420166,
            "observation": 33
        }
    },
    "85": {
        "BestCoverage": 0.775,
        "ChromosomeLength": {
            "action": 1.6158320903778076,
            "observation": 33
        }
    },
    "90": {
        "BestCoverage": 0.775,
        "ChromosomeLength": {
            "action": 1.556788444519043,
            "observation": 35
        }
    },
    "95": {
        "BestCoverage": 0.775,
        "ChromosomeLength": {
            "action": -2.720106840133667,
            "observation": 37
        }
    },
    "100": {
        "BestCoverage": 0.775,
        "ChromosomeLength": {
            "action": 2.5736303329467773,
            "observation": 34
        }
    },
    "105": {
        "BestCoverage": 0.775,
        "ChromosomeLength": {
            "action": -5.673268675804138,
            "observation": 37
        }
    },
    "110": {
        "BestCoverage": 0.775,
        "ChromosomeLength": {
            "action": 0.98630690574646,
            "observation": 31
        }
    },
    "115": {
        "BestCoverage": 0.775,
        "ChromosomeLength": {
            "action": 3.286867618560791,
            "observation": 32
        }
    },
    "120": {
        "BestCoverage": 0.775,
        "ChromosomeLength": {
            "action": -1.295804500579834,
            "observation": 35
        }
    },
    "125": {
        "BestCoverage": 0.775,
        "ChromosomeLength": {
            "action": -4.709086060523987,
            "observation": 34
        }
    },
    "130": {
        "BestCoverage": 0.775,
        "ChromosomeLength": {
            "action": -5.782766103744507,
            "observation": 29
        }
    },
    "135": {
        "BestCoverage": 0.775,
        "ChromosomeLength": {
            "action": 1.7264649868011475,
            "observation": 23
        }
    },
    "140": {
        "BestCoverage": 0.775,
        "ChromosomeLength": {
            "action": 3.2505927085876465,
            "observation": 25
        }
    },
    "145": {
        "BestCoverage": 0.775,
        "ChromosomeLength": {
            "action": -3.247070074081421,
            "observation": 28
        }
    },
    "150": {
        "BestCoverage": 0.775,
        "ChromosomeLength": {
            "action": 2.5869877338409424,
            "observation": 25
        }
    },
    "155": {
        "BestCoverage": 0.775,
        "ChromosomeLength": {
            "action": 0.44545841217041016,
            "observation": 28
        }
    },
    "160": {
        "BestCoverage": 0.775,
        "ChromosomeLength": {
            "action": 2.525562286376953,
            "observation": 28
        }
    },
    "165": {
        "BestCoverage": 0.775,
        "ChromosomeLength": {
            "action": -2.3104087114334106,
            "observation": 31
        }
    },
    "170": {
        "BestCoverage": 0.775,
        "ChromosomeLength": {
            "action": 2.322396755218506,
            "observation": 29
        }
    },
    "175": {
        "BestCoverage": 0.775,
        "ChromosomeLength": {
            "action": -5.388570070266724,
            "observation": 31
        }
    },
    "180": {
        "BestCoverage": 0.775,
        "ChromosomeLength": {
            "action": -4.365537643432617,
            "observation": 26
        }
    },
    "185": {
        "BestCoverage": 0.775,
        "ChromosomeLength": {
            "action": -4.028089284896851,
            "observation": 22
        }
    },
    "190": {
        "BestCoverage": 0.775,
        "ChromosomeLength": {
            "action": 3.9046425819396973,
            "observation": 20
        }
    },
    "195": {
        "BestCoverage": 0.775,
        "ChromosomeLength": {
            "action": 5.248162508010864,
            "observation": 24
        }
    },
    "200": {
        "BestCoverage": 0.775,
        "ChromosomeLength": {
            "action": 2.4919209480285645,
            "observation": 29
        }
    },
    "205": {
        "BestCoverage": 0.775,
        "ChromosomeLength": {
            "action": -4.2007774114608765,
            "observation": 31
        }
    },
    "210": {
        "BestCoverage": 0.775,
        "ChromosomeLength": {
            "action": 5.724173069000244,
            "observation": 27
        }
    },
    "215": {
        "BestCoverage": 0.775,
        "ChromosomeLength": {
            "action": 0.7739503383636475,
            "observation": 33
        }
    },
    "220": {
        "BestCoverage": 0.775,
        "ChromosomeLength": {
            "action": -4.871979832649231,
            "observation": 34
        }
    },
    "225": {
        "BestCoverage": 0.775,
        "ChromosomeLength": {
            "action": -4.545886874198914,
            "observation": 29
        }
    },
    "230": {
        "BestCoverage": 0.775,
        "ChromosomeLength": {
            "action": 3.441390037536621,
            "observation": 24
        }
    },
    "235": {
        "BestCoverage": 0.775,
        "ChromosomeLength": {
            "action": -2.197552442550659,
            "observation": 27
        }
    },
    "240": {
        "BestCoverage": 0.775,
        "ChromosomeLength": {
            "action": -5.871193885803223,
            "observation": 25
        }
    },
    "245": {
        "BestCoverage": 0.775,
        "ChromosomeLength": {
            "action": 2.3052706718444824,
            "observation": 20
        }
    },
    "250": {
        "BestCoverage": 0.775,
        "ChromosomeLength": {
            "action": 5.762856960296631,
            "observation": 22
        }
    },
    "255": {
        "BestCoverage": 0.775,
        "ChromosomeLength": {
            "action": -2.4747061729431152,
            "observation": 28
        }
    },
    "260": {
        "BestCoverage": 0.775,
        "ChromosomeLength": {
            "action": -0.6034820079803467,
            "observation": 26
        }
    },