{
    "15": {
        "BestCoverage": 0.8,
        "RandomPerturbation": {
            "action": -0.08215959072113038,
            "observation": 0.2
        }
    },
    "20": {
        "BestCoverage": 0.8,
        "RandomPerturbation": {
            "action": -0.010544365644454962,
            "observation": 0.11784040927886963
        }
    },
    "25": {
        "BestCoverage": 0.8,
        "RandomPerturbation": {
            "action": -0.051962757110595705,
            "observation": 0.10729604363441467
        }
    },
    "30": {
        "BestCoverage": 0.8,
        "RandomPerturbation": {
            "action": 0.08088121414184571,
            "observation": 0.05533328652381896
        }
    },
    "35": {
        "BestCoverage": 0.8,
        "RandomPerturbation": {
            "action": -0.07641174793243409,
            "observation": 0.13621450066566468
        }
    },
    "40": {
        "BestCoverage": 0.8,
        "RandomPerturbation": {
            "action": 0.05774736404418945,
            "observation": 0.05980275273323059
        }
    },
    "45": {
        "BestCoverage": 0.8,
        "RandomPerturbation": {
            "action": -0.06238745450973511,
            "observation": 0.11755011677742004
        }
    },
    "50": {
        "BestCoverage": 0.8,
        "RandomPerturbation": {
            "action": -0.025773036479949954,
            "observation": 0.05516266226768493
        }
    },
    "55": {
        "BestCoverage": 0.8,
        "RandomPerturbation": {
            "action": -0.0413538932800293,
            "observation": 0.029389625787734977
        }
    },
    "60": {
        "BestCoverage": 0.8,
        "RandomPerturbation": {
            "action": -0.007102203369140622,
            "observation": 0.0
        }
    },
    "65": {
        "BestCoverage": 0.8,
        "RandomPerturbation": {
            "action": 0.0816650390625,
            "observation": 0.0
        }
    },
    "70": {
        "BestCoverage": 0.8,
        "RandomPerturbation": {
            "action": 0.047810220718383784,
            "observation": 0.0816650390625
        }
    },
    "75": {
        "BestCoverage": 0.8,
        "RandomPerturbation": {
            "action": 0.04023890495300292,
            "observation": 0.12947525978088378
        }
    },
    "80": {
        "BestCoverage": 0.8,
        "RandomPerturbation": {
            "action": 0.007101023197174067,
            "observation": 0.1697141647338867
        }
    },
    "85": {
        "BestCoverage": 0.8,
        "RandomPerturbation": {
            "action": 0.037911987304687506,
            "observation": 0.17681518793106077
        }
    },
    "90": {
        "BestCoverage": 0.8,
        "RandomPerturbation": {
            "action": 0.0968295693397522,
            "observation": 0.21472717523574827
        }
    },
    "95": {
        "BestCoverage": 0.8,
        "RandomPerturbation": {
            "action": -0.02264795303344727,
            "observation": 0.3115567445755005
        }
    },
    "100": {
        "BestCoverage": 0.8,
        "RandomPerturbation": {
            "action": 0.044920229911804194,
            "observation": 0.2889087915420532
        }
    },
    "105": {
        "BestCoverage": 0.8,
        "RandomPerturbation": {
            "action": -0.008048307895660398,
            "observation": 0.3338290214538574
        }
    },
    "110": {
        "BestCoverage": 0.8,
        "RandomPerturbation": {
            "action": -0.02047374248504638,
            "observation": 0.325780713558197
        }
    },
    "115": {
        "BestCoverage": 0.8,
        "RandomPerturbation": {
            "action": 0.04513391256332397,
            "observation": 0.30530697107315063
        }
    },
    "120": {
        "BestCoverage": 0.8,
        "RandomPerturbation": {
            "action": -0.06019561290740967,
            "observation": 0.35044088363647463
        }
    },
    "125": {
        "BestCoverage": 0.8,
        "RandomPerturbation": {
            "action": -0.06251625418663026,
            "observation": 0.290245270729065
        }
    },
    "130": {
        "BestCoverage": 0.8,
        "RandomPerturbation": {
            "action": 0.08746714591979982,
            "observation": 0.22772901654243471
        }
    },
    "135": {
        "BestCoverage": 0.8,
        "RandomPerturbation": {
            "action": 0.032485973834991466,
            "observation": 0.31519616246223453
        }
    },
    "140": {
        "BestCoverage": 0.8,
        "RandomPerturbation": {
            "action": -0.06985363960266114,
            "observation": 0.347682136297226
        }
    },
    "145": {
        "BestCoverage": 0.8,
        "RandomPerturbation": {
            "action": -0.059477108716964724,
            "observation": 0.2778284966945649
        }
    },
    "150": {
        "BestCoverage": 0.8,
        "RandomPerturbation": {
            "action": -0.05691159367561341,
            "observation": 0.21835138797760018
        }
    },
    "155": {
        "BestCoverage": 0.8,
        "RandomPerturbation": {
            "action": -0.016245567798614496,
            "observation": 0.16143979430198677
        }
    },
    "160": {
        "BestCoverage": 0.8,
        "RandomPerturbation": {
            "action": 0.05141730308532716,
            "observation": 0.14519422650337227
        }
    },
    "165": {
        "BestCoverage": 0.8,
        "RandomPerturbation": {
            "action": -0.004491835832595825,
            "observation": 0.19661152958869943
        }
    },
    "170": {
        "BestCoverage": 0.8,
        "RandomPerturbation": {
            "action": -0.0814302682876587,
            "observation": 0.1921196937561036
        }
    },
    "175": {
        "BestCoverage": 0.8,
        "RandomPerturbation": {
            "action": -0.05325821042060852,
            "observation": 0.1106894254684449
        }
    },
    "180": {
        "BestCoverage": 0.8,
        "RandomPerturbation": {
            "action": 0.015852379798889163,
            "observation": 0.05743121504783638
        }
    },
    "185": {
        "BestCoverage": 0.8,
        "RandomPerturbation": {
            "action": 0.04791650772094727,
            "observation": 0.07328359484672554
        }
    },
    "190": {
        "BestCoverage": 0.8,
        "RandomPerturbation": {
            "action": -0.07389535307884217,
            "observation": 0.12120010256767282
        }
    },
    "195": {
        "BestCoverage": 0.8,
        "RandomPerturbation": {
            "action": -0.07841663956642152,
            "observation": 0.04730474948883065
        }
    },
    "200": {
        "BestCoverage": 0.8,
        "RandomPerturbation": {
            "action": -0.0028819680213928167,
            "observation": 0.0
        }
    },
    "205": {
        "BestCoverage": 0.8,
        "RandomPerturbation": {
            "action": -0.011315840482711795,
            "observation": 0.0
        }
    },
    "210": {
        "BestCoverage": 0.8,
        "RandomPerturbation": {
            "action": 0.00420155525207519,
            "observation": 0.0
        }
    },
    "215": {
        "BestCoverage": 0.8,
        "RandomPerturbation": {
            "action": -0.01923413276672363,
            "observation": 0.00420155525207519
        }
    },
    "220": {
        "BestCoverage": 0.8,
        "RandomPerturbation": {
            "action": -0.05870393514633179,
            "observation": 0.0
        }
    },
    "225": {
        "BestCoverage": 0.8,
        "RandomPerturbation": {
            "action": 0.05755891799926757,
            "observation": 0.0
        }
    },
    "230": {
        "BestCoverage": 0.8,
        "RandomPerturbation": {
            "action": -0.01620347499847412,
            "observation": 0.05755891799926757
        }
    },
    "235": {
        "BestCoverage": 0.8,
        "RandomPerturbation": {
            "action": 0.06506227254867555,