{
    "15": {
        "BestCoverage": 0.1282051282051282,
        "Population": {
            "action": 6.265727996826172,
            "observation": 50
        }
    },
    "20": {
        "BestCoverage": 0.1282051282051282,
        "Population": {
            "action": 2.53973388671875,
            "observation": 56
        }
    },
    "25": {
        "BestCoverage": 0.1282051282051282,
        "Population": {
            "action": -1.4940781593322754,
            "observation": 59
        }
    },
    "30": {
        "BestCoverage": 0.1282051282051282,
        "Population": {
            "action": 2.1535940170288086,
            "observation": 58
        }
    },
    "35": {
        "BestCoverage": 0.1282051282051282,
        "Population": {
            "action": 6.685768127441406,
            "observation": 60
        }
    },
    "40": {
        "BestCoverage": 0.1282051282051282,
        "Population": {
            "action": -2.422400951385498,
            "observation": 67
        }
    },
    "45": {
        "BestCoverage": 0.1282051282051282,
        "Population": {
            "action": 6.539207458496094,
            "observation": 65
        }
    },
    "50": {
        "BestCoverage": 0.1282051282051282,
        "Population": {
            "action": 7.020733833312988,
            "observation": 72
        }
    },
    "55": {
        "BestCoverage": 0.1282051282051282,
        "Population": {
            "action": 2.4753875732421875,
            "observation": 79
        }
    },
    "60": {
        "BestCoverage": 0.1282051282051282,
        "Population": {
            "action": 3.466829299926758,
            "observation": 81
        }
    },
    "65": {
        "BestCoverage": 0.1282051282051282,
        "Population": {
            "action": -1.1592440605163574,
            "observation": 84
        }
    },
    "70": {
        "BestCoverage": 0.1282051282051282,
        "Population": {
            "action": 6.539731979370117,
            "observation": 83
        }
    },
    "75": {
        "BestCoverage": 0.1282051282051282,
        "Population": {
            "action": -1.4403796195983887,
            "observation": 90
        }
    },
    "80": {
        "BestCoverage": 0.1282051282051282,
        "Population": {
            "action": -0.23906660079956055,
            "observation": 89
        }
    },
    "85": {
        "BestCoverage": 0.1282051282051282,
        "Population": {
            "action": -6.284351348876953,
            "observation": 89
        }
    },
    "90": {
        "BestCoverage": 0.1282051282051282,
        "Population": {
            "action": 7.649410247802734,
            "observation": 83
        }
    },
    "95": {
        "BestCoverage": 0.1282051282051282,
        "Population": {
            "action": 0.755462646484375,
            "observation": 91
        }
    },
    "100": {
        "BestCoverage": 0.1282051282051282,
        "Population": {
            "action": 3.833681106567383,
            "observation": 92
        }
    },
    "105": {
        "BestCoverage": 0.1282051282051282,
        "Population": {
            "action": 1.6830720901489258,
            "observation": 96
        }
    },
    "110": {
        "BestCoverage": 0.1282051282051282,
        "Population": {
            "action": 0.48816585540771484,
            "observation": 98
        }
    },
    "115": {
        "BestCoverage": 0.1282051282051282,
        "Population": {
            "action": -2.211543083190918,
            "observation": 98
        }
    },
    "120": {
        "BestCoverage": 0.1282051282051282,
        "Population": {
            "action": -4.104939937591553,
            "observation": 96
        }
    },
    "125": {
        "BestCoverage": 0.1282051282051282,
        "Population": {
            "action": -0.8553228378295898,
            "observation": 92
        }
    },
    "130": {
        "BestCoverage": 0.1282051282051282,
        "Population": {
            "action": 0.41948509216308594,
            "observation": 91
        }
    },
    "135": {
        "BestCoverage": 0.1282051282051282,
        "Population": {
            "action": 0.2543048858642578,
            "observation": 91
        }
    },
    "140": {
        "BestCoverage": 0.1282051282051282,
        "Population": {
            "action": -6.504179954528809,
            "observation": 91
        }
    },
    "145": {
        "BestCoverage": 0.1282051282051282,
        "Population": {
            "action": 3.1579341888427734,
            "observation": 84
        }
    },
    "150": {
        "BestCoverage": 0.1282051282051282,
        "Population": {
            "action": -0.19166135787963867,
            "observation": 87
        }
    },
    "155": {
        "BestCoverage": 0.1282051282051282,
        "Population": {
            "action": -0.6107854843139648,
            "observation": 87
        }
    },
    "160": {
        "BestCoverage": 0.1282051282051282,
        "Population": {
            "action": -5.3139119148254395,
            "observation": 86
        }
    },
    "165": {
        "BestCoverage": 0.1282051282051282,
        "Population": {
            "action": 0.22745800018310547,
            "observation": 81
        }
    },
    "170": {
        "BestCoverage": 0.1282051282051282,
        "Population": {
            "action": 5.713037490844727,
            "observation": 81
        }
    },
    "175": {
        "BestCoverage": 0.1282051282051282,
        "Population": {
            "action": 4.642799377441406,
            "observation": 87
        }
    },
    "180": {
        "BestCoverage": 0.1282051282051282,
        "Population": {
            "action": -5.823993682861328,
            "observation": 92
        }
    },
    "185": {
        "BestCoverage": 0.1282051282051282,
        "Population": {
            "action": -4.399651050567627,
            "observation": 86
        }
    },
    "190": {
        "BestCoverage": 0.1282051282051282,
        "Population": {
            "action": 4.219609260559082,
            "observation": 82
        }
    },
    "195": {
        "BestCoverage": 0.1282051282051282,
        "Population": {
            "action": 2.073007583618164,
            "observation": 86
        }
    },
    "200": {
        "BestCoverage": 0.1282051282051282,
        "Population": {
            "action": -0.39687538146972656,
            "observation": 88
        }
    },
    "205": {
        "BestCoverage": 0.1282051282051282,
        "Population": {
            "action": 7.404811859130859,
            "observation": 88
        }
    },
    "210": {
        "BestCoverage": 0.1282051282051282,
        "Population": {
            "action": -7.71459436416626,
            "observation": 95
        }
    },
    "215": {
        "BestCoverage": 0.1282051282051282,
        "Population": {
            "action": 5.494052886962891,
            "observation": 87
        }
    },
    "220": {
        "BestCoverage": 0.1282051282051282,
        "Population": {
            "action": -0.5001640319824219,
            "observation": 92
        }
    },
    "225": {
        "BestCoverage": 0.1282051282051282,
        "Population": {
            "action": 3.0416860580444336,
            "observation": 91
        }
    },
    "230": {
        "BestCoverage": 0.1282051282051282,
        "Population": {
            "action": 3.275655746459961,
            "observation": 94
        }
    },
    "235": {
        "BestCoverage": 0.1282051282051282,
        "Population": {
            "action": 6.562063217163086,
            "observation": 97
        }
    },
    "240": {
        "BestCoverage": 0.1282051282051282,
        "Population": {
            "action": 6.409574508666992,
            "observation": 100
        }
    },
    "245": {
        "BestCoverage": 0.1282051282051282,
        "Population": {
            "action": 0.6151943206787109,
            "observation": 100
        }
    },