{
    "15": {
        "BestCoverage": 0.8,
        "TestInsertProbability": {
            "action": -0.05518162250518799,
            "observation": 0.3333333333333333
        }
    },
    "20": {
        "BestCoverage": 0.8,
        "TestInsertProbability": {
            "action": 0.006775617599487305,
            "observation": 0.2781517108281453
        }
    },
    "25": {
        "BestCoverage": 0.8,
        "TestInsertProbability": {
            "action": -0.015308415889739996,
            "observation": 0.28492732842763263
        }
    },
    "30": {
        "BestCoverage": 0.8,
        "TestInsertProbability": {
            "action": 0.06360414028167724,
            "observation": 0.2696189125378926
        }
    },
    "35": {
        "BestCoverage": 0.8,
        "TestInsertProbability": {
            "action": -0.0012224078178405817,
            "observation": 0.3332230528195699
        }
    },
    "40": {
        "BestCoverage": 0.8,
        "TestInsertProbability": {
            "action": 0.008178961277008054,
            "observation": 0.3320006450017293
        }
    },
    "45": {
        "BestCoverage": 0.8,
        "TestInsertProbability": {
            "action": 0.06581659317016603,
            "observation": 0.3401796062787374
        }
    },
    "50": {
        "BestCoverage": 0.8,
        "TestInsertProbability": {
            "action": 0.03692986965179443,
            "observation": 0.4059961994489034
        }
    },
    "55": {
        "BestCoverage": 0.8,
        "TestInsertProbability": {
            "action": 0.048244965076446544,
            "observation": 0.4429260691006979
        }
    },
    "60": {
        "BestCoverage": 0.8,
        "TestInsertProbability": {
            "action": -0.06892749667167664,
            "observation": 0.4911710341771444
        }
    },
    "65": {
        "BestCoverage": 0.8,
        "TestInsertProbability": {
            "action": -0.011304855346679688,
            "observation": 0.4222435375054678
        }
    },
    "70": {
        "BestCoverage": 0.8,
        "TestInsertProbability": {
            "action": 0.014730226993560788,
            "observation": 0.4109386821587881
        }
    },
    "75": {
        "BestCoverage": 0.8,
        "TestInsertProbability": {
            "action": -0.04110187888145447,
            "observation": 0.4256689091523489
        }
    },
    "80": {
        "BestCoverage": 0.8,
        "TestInsertProbability": {
            "action": 0.03184280395507813,
            "observation": 0.38456703027089445
        }
    },
    "85": {
        "BestCoverage": 0.8,
        "TestInsertProbability": {
            "action": -0.07005163431167603,
            "observation": 0.41640983422597255
        }
    },
    "90": {
        "BestCoverage": 0.8,
        "TestInsertProbability": {
            "action": 0.026137924194335943,
            "observation": 0.3463581999142965
        }
    },
    "95": {
        "BestCoverage": 0.8,
        "TestInsertProbability": {
            "action": -0.04023983478546143,
            "observation": 0.3724961241086324
        }
    },
    "100": {
        "BestCoverage": 0.8,
        "TestInsertProbability": {
            "action": 0.022023010253906253,
            "observation": 0.332256289323171
        }
    },
    "105": {
        "BestCoverage": 0.8,
        "TestInsertProbability": {
            "action": -0.010308521986007693,
            "observation": 0.3542792995770772
        }
    },
    "110": {
        "BestCoverage": 0.8,
        "TestInsertProbability": {
            "action": -0.05860826373100281,
            "observation": 0.34397077759106953
        }
    },
    "115": {
        "BestCoverage": 0.8,
        "TestInsertProbability": {
            "action": 0.059416878223419206,
            "observation": 0.2853625138600667
        }
    },
    "120": {
        "BestCoverage": 0.8,
        "TestInsertProbability": {
            "action": 0.030445134639739996,
            "observation": 0.34477939208348596
        }
    },
    "125": {
        "BestCoverage": 0.8,
        "TestInsertProbability": {
            "action": -0.014961183071136475,
            "observation": 0.3752245267232259
        }
    },
    "130": {
        "BestCoverage": 0.8,
        "TestInsertProbability": {
            "action": 0.019084775447845453,
            "observation": 0.36026334365208945
        }
    },
    "135": {
        "BestCoverage": 0.8,
        "TestInsertProbability": {
            "action": 0.07125566005706788,
            "observation": 0.37934811909993493
        }
    },
    "140": {
        "BestCoverage": 0.8,
        "TestInsertProbability": {
            "action": 0.09749832153320312,
            "observation": 0.4506037791570028
        }
    },
    "145": {
        "BestCoverage": 0.8,
        "TestInsertProbability": {
            "action": 0.048111832141876226,
            "observation": 0.5481021006902059
        }
    },
    "150": {
        "BestCoverage": 0.8,
        "TestInsertProbability": {
            "action": -0.06809606552124023,
            "observation": 0.5962139328320821
        }
    },
    "155": {
        "BestCoverage": 0.8,
        "TestInsertProbability": {
            "action": -0.04520952105522156,
            "observation": 0.5281178673108419
        }
    },
    "160": {
        "BestCoverage": 0.8,
        "TestInsertProbability": {
            "action": -0.05044450163841248,
            "observation": 0.4829083462556203
        }
    },
    "165": {
        "BestCoverage": 0.8,
        "TestInsertProbability": {
            "action": 0.09030250310897828,
            "observation": 0.4324638446172078
        }
    },
    "170": {
        "BestCoverage": 0.8,
        "TestInsertProbability": {
            "action": 0.08371360301971437,
            "observation": 0.5227663477261861
        }
    },
    "175": {
        "BestCoverage": 0.8,
        "TestInsertProbability": {
            "action": 0.058335876464843756,
            "observation": 0.6064799507459004
        }
    },
    "180": {
        "BestCoverage": 0.8,
        "TestInsertProbability": {
            "action": 0.06502184867858887,
            "observation": 0.6648158272107442
        }
    },
    "185": {
        "BestCoverage": 0.8,
        "TestInsertProbability": {
            "action": -0.09948937296867372,
            "observation": 0.729837675889333
        }
    },
    "190": {
        "BestCoverage": 0.8,
        "TestInsertProbability": {
            "action": -0.013298517465591436,
            "observation": 0.6303483029206594
        }
    },
    "195": {
        "BestCoverage": 0.8,
        "TestInsertProbability": {
            "action": -0.025193047523498532,
            "observation": 0.617049785455068
        }
    },
    "200": {
        "BestCoverage": 0.8,
        "TestInsertProbability": {
            "action": 0.03634605407714844,
            "observation": 0.5918567379315695
        }
    },
    "205": {
        "BestCoverage": 0.8,
        "TestInsertProbability": {
            "action": -0.005784195661544797,
            "observation": 0.6282027920087179
        }
    },
    "210": {
        "BestCoverage": 0.8,
        "TestInsertProbability": {
            "action": -0.08677531480789186,
            "observation": 0.6224185963471731
        }
    },
    "215": {
        "BestCoverage": 0.8,
        "TestInsertProbability": {
            "action": 0.09295282363891602,
            "observation": 0.5356432815392813
        }
    },
    "220": {
        "BestCoverage": 0.8,
        "TestInsertProbability": {
            "action": 0.09433642625808716,
            "observation": 0.6285961051781973
        }
    },
    "225": {
        "BestCoverage": 0.8,
        "TestInsertProbability": {
            "action": -0.06931111812591553,
            "observation": 0.7229325314362844
        }
    },
    "230": {
        "BestCoverage": 0.8,