{
    "20": {
        "BestCoverage": 0.3,
        "Population": {
            "action": 5.672863960266113,
            "observation": 50
        }
    },
    "25": {
        "BestCoverage": 0.3,
        "Population": {
            "action": 6.319093704223633,
            "observation": 56
        }
    },
    "30": {
        "BestCoverage": 0.3,
        "Population": {
            "action": 2.447037696838379,
            "observation": 62
        }
    },
    "35": {
        "BestCoverage": 0.3,
        "Population": {
            "action": 1.1410093307495117,
            "observation": 64
        }
    },
    "40": {
        "BestCoverage": 0.3,
        "Population": {
            "action": 1.4017343521118164,
            "observation": 65
        }
    },
    "45": {
        "BestCoverage": 0.3,
        "Population": {
            "action": 2.363276481628418,
            "observation": 66
        }
    },
    "50": {
        "BestCoverage": 0.3,
        "Population": {
            "action": -5.590909957885742,
            "observation": 68
        }
    },
    "55": {
        "BestCoverage": 0.3,
        "Population": {
            "action": 2.8934707641601562,
            "observation": 62
        }
    },
    "60": {
        "BestCoverage": 0.3,
        "Population": {
            "action": 7.39260196685791,
            "observation": 65
        }
    },
    "65": {
        "BestCoverage": 0.3,
        "Population": {
            "action": -2.6247267723083496,
            "observation": 72
        }
    },
    "70": {
        "BestCoverage": 0.3,
        "Population": {
            "action": -3.74704647064209,
            "observation": 69
        }
    },
    "75": {
        "BestCoverage": 0.3,
        "Population": {
            "action": 3.8756284713745117,
            "observation": 65
        }
    },
    "80": {
        "BestCoverage": 0.3,
        "Population": {
            "action": -1.4275002479553223,
            "observation": 69
        }
    },
    "85": {
        "BestCoverage": 0.3,
        "Population": {
            "action": 7.364412307739258,
            "observation": 68
        }
    },
    "90": {
        "BestCoverage": 0.3,
        "Population": {
            "action": 4.966083526611328,
            "observation": 75
        }
    },
    "95": {
        "BestCoverage": 0.3,
        "Population": {
            "action": -0.9969401359558105,
            "observation": 80
        }
    },
    "100": {
        "BestCoverage": 0.3,
        "Population": {
            "action": 7.454523086547852,
            "observation": 79
        }
    },
    "105": {
        "BestCoverage": 0.3,
        "Population": {
            "action": 2.5255231857299805,
            "observation": 86
        }
    },
    "110": {
        "BestCoverage": 0.3,
        "Population": {
            "action": 6.699895858764648,
            "observation": 89
        }
    },
    "115": {
        "BestCoverage": 0.3,
        "Population": {
            "action": -4.979150295257568,
            "observation": 96
        }
    },
    "120": {
        "BestCoverage": 0.3,
        "Population": {
            "action": 3.63350772857666,
            "observation": 91
        }
    },
    "125": {
        "BestCoverage": 0.3,
        "Population": {
            "action": -4.857900142669678,
            "observation": 95
        }
    },
    "130": {
        "BestCoverage": 0.3,
        "Population": {
            "action": -5.527339458465576,
            "observation": 90
        }
    },
    "135": {
        "BestCoverage": 0.3,
        "Population": {
            "action": 7.0751190185546875,
            "observation": 84
        }
    },
    "140": {
        "BestCoverage": 0.3,
        "Population": {
            "action": -4.455929279327393,
            "observation": 91
        }
    },
    "145": {
        "BestCoverage": 0.3,
        "Population": {
            "action": -3.3808937072753906,
            "observation": 87
        }
    },
    "150": {
        "BestCoverage": 0.3,
        "Population": {
            "action": 2.4591493606567383,
            "observation": 84
        }
    },
    "155": {
        "BestCoverage": 0.3,
        "Population": {
            "action": -0.1817307472229004,
            "observation": 86
        }
    },
    "160": {
        "BestCoverage": 0.3,
        "Population": {
            "action": -0.777763843536377,
            "observation": 86
        }
    },
    "165": {
        "BestCoverage": 0.3,
        "Population": {
            "action": -5.207935333251953,
            "observation": 85
        }
    },
    "170": {
        "BestCoverage": 0.3,
        "Population": {
            "action": 4.557340621948242,
            "observation": 80
        }
    },
    "175": {
        "BestCoverage": 0.3,
        "Population": {
            "action": 4.64301872253418,
            "observation": 85
        }
    },
    "180": {
        "BestCoverage": 0.3,
        "Population": {
            "action": -3.4354381561279297,
            "observation": 90
        }
    },
    "185": {
        "BestCoverage": 0.3,
        "Population": {
            "action": -4.440204620361328,
            "observation": 87
        }
    },
    "190": {
        "BestCoverage": 0.3,
        "Population": {
            "action": 6.5822954177856445,
            "observation": 83
        }
    },
    "195": {
        "BestCoverage": 0.3,
        "Population": {
            "action": -5.466875076293945,
            "observation": 90
        }
    },
    "200": {
        "BestCoverage": 0.3,
        "Population": {
            "action": 2.3405418395996094,
            "observation": 85
        }
    },
    "205": {
        "BestCoverage": 0.3,
        "Population": {
            "action": -3.8425397872924805,
            "observation": 87
        }
    },
    "210": {
        "BestCoverage": 0.3,
        "Population": {
            "action": 0.46337890625,
            "observation": 83
        }
    },
    "215": {
        "BestCoverage": 0.3,
        "Population": {
            "action": -5.219927787780762,
            "observation": 83
        }
    },
    "220": {
        "BestCoverage": 0.3,
        "Population": {
            "action": -4.7661051750183105,
            "observation": 78
        }
    },
    "225": {
        "BestCoverage": 0.3,
        "Population": {
            "action": -7.0725998878479,
            "observation": 73
        }
    },
    "230": {
        "BestCoverage": 0.3,
        "Population": {
            "action": 2.6180477142333984,
            "observation": 66
        }
    },
    "235": {
        "BestCoverage": 0.3,
        "Population": {
            "action": -0.39525461196899414,
            "observation": 69
        }
    },
    "240": {
        "BestCoverage": 0.3,
        "Population": {
            "action": 5.939777374267578,
            "observation": 69
        }
    },
    "245": {
        "BestCoverage": 0.3,
        "Population": {
            "action": 4.7166547775268555,
            "observation": 75
        }
    },
    "250": {
        "BestCoverage": 0.3,
        "Population": {
            "action": 2.0418338775634766,
            "observation": 80
        }
    },
    "255": {
        "BestCoverage": 0.3,
        "Population": {
            "action": -2.552210807800293,
            "observation": 82
        }
    },
    "260": {
        "BestCoverage": 0.3,
        "Population": {
            "action": -5.829479694366455,
            "observation": 79
        }
    },
    "265": {
        "BestCoverage": 0.3,
        "Population": {
            "action": 2.5722532272338867,
            "observation": 73
        }
    },
    "270": {
        "BestCoverage": 0.3,
        "Population": {
            "action": 4.030203819274902,
            "observation": 76
        }
    },
    "275": {
        "BestCoverage": 0.3,
        "Population": {
            "action": 2.356109619140625,