{
    "15": {
        "BestCoverage": 0.8,
        "TestChangeProbability": {
            "action": 0.0710594892501831,
            "observation": 0.3333333333333333
        }
    },
    "20": {
        "BestCoverage": 0.8,
        "TestChangeProbability": {
            "action": 0.008577251434326166,
            "observation": 0.4043928225835164
        }
    },
    "25": {
        "BestCoverage": 0.8,
        "TestChangeProbability": {
            "action": 0.007823359966278073,
            "observation": 0.4129700740178426
        }
    },
    "30": {
        "BestCoverage": 0.8,
        "TestChangeProbability": {
            "action": 0.07910395860671998,
            "observation": 0.42079343398412067
        }
    },
    "35": {
        "BestCoverage": 0.8,
        "TestChangeProbability": {
            "action": 0.05512542724609376,
            "observation": 0.49989739259084065
        }
    },
    "40": {
        "BestCoverage": 0.8,
        "TestChangeProbability": {
            "action": -0.0818798840045929,
            "observation": 0.5550228198369345
        }
    },
    "45": {
        "BestCoverage": 0.8,
        "TestChangeProbability": {
            "action": 0.0259308099746704,
            "observation": 0.47314293583234157
        }
    },
    "50": {
        "BestCoverage": 0.8,
        "TestChangeProbability": {
            "action": -0.041396045684814455,
            "observation": 0.49907374580701197
        }
    },
    "55": {
        "BestCoverage": 0.8,
        "TestChangeProbability": {
            "action": -0.04010450839996338,
            "observation": 0.4576777001221975
        }
    },
    "60": {
        "BestCoverage": 0.8,
        "TestChangeProbability": {
            "action": -0.08671912550926208,
            "observation": 0.4175731917222341
        }
    },
    "65": {
        "BestCoverage": 0.8,
        "TestChangeProbability": {
            "action": 0.0640937089920044,
            "observation": 0.33085406621297203
        }
    },
    "70": {
        "BestCoverage": 0.8,
        "TestChangeProbability": {
            "action": 0.02978694438934326,
            "observation": 0.3949477752049764
        }
    },
    "75": {
        "BestCoverage": 0.8,
        "TestChangeProbability": {
            "action": 0.011137902736663818,
            "observation": 0.4247347195943197
        }
    },
    "80": {
        "BestCoverage": 0.8,
        "TestChangeProbability": {
            "action": -0.024575567245483404,
            "observation": 0.4358726223309835
        }
    },
    "85": {
        "BestCoverage": 0.8,
        "TestChangeProbability": {
            "action": -0.07163771390914918,
            "observation": 0.4112970550855001
        }
    },
    "90": {
        "BestCoverage": 0.8,
        "TestChangeProbability": {
            "action": 0.015446960926055908,
            "observation": 0.3396593411763509
        }
    },
    "95": {
        "BestCoverage": 0.8,
        "TestChangeProbability": {
            "action": -0.05066488385200501,
            "observation": 0.3551063021024068
        }
    },
    "100": {
        "BestCoverage": 0.8,
        "TestChangeProbability": {
            "action": -0.08614126443862916,
            "observation": 0.3044414182504018
        }
    },
    "105": {
        "BestCoverage": 0.8,
        "TestChangeProbability": {
            "action": -0.0648949146270752,
            "observation": 0.21830015381177262
        }
    },
    "110": {
        "BestCoverage": 0.8,
        "TestChangeProbability": {
            "action": -0.001334547996520996,
            "observation": 0.15340523918469742
        }
    },
    "115": {
        "BestCoverage": 0.8,
        "TestChangeProbability": {
            "action": 0.07474377155303955,
            "observation": 0.15207069118817643
        }
    },
    "120": {
        "BestCoverage": 0.8,
        "TestChangeProbability": {
            "action": 0.043196058273315435,
            "observation": 0.22681446274121597
        }
    },
    "125": {
        "BestCoverage": 0.8,
        "TestChangeProbability": {
            "action": -0.09490652084350587,
            "observation": 0.2700105210145314
        }
    },
    "130": {
        "BestCoverage": 0.8,
        "TestChangeProbability": {
            "action": 0.08321837186813355,
            "observation": 0.1751040001710255
        }
    },
    "135": {
        "BestCoverage": 0.8,
        "TestChangeProbability": {
            "action": 0.025612401962280262,
            "observation": 0.2583223720391591
        }
    },
    "140": {
        "BestCoverage": 0.8,
        "TestChangeProbability": {
            "action": -0.043705427646636964,
            "observation": 0.28393477400143935
        }
    },
    "145": {
        "BestCoverage": 0.8,
        "TestChangeProbability": {
            "action": 0.04131497144699098,
            "observation": 0.2402293463548024
        }
    },
    "150": {
        "BestCoverage": 0.8,
        "TestChangeProbability": {
            "action": 0.04509172439575196,
            "observation": 0.28154431780179334
        }
    },
    "155": {
        "BestCoverage": 0.8,
        "TestChangeProbability": {
            "action": -0.054920464754104614,
            "observation": 0.3266360421975453
        }
    },
    "160": {
        "BestCoverage": 0.8,
        "TestChangeProbability": {
            "action": -0.04822482466697693,
            "observation": 0.27171557744344066
        }
    },
    "165": {
        "BestCoverage": 0.8,
        "TestChangeProbability": {
            "action": -0.03636406660079956,
            "observation": 0.22349075277646374
        }
    },
    "170": {
        "BestCoverage": 0.8,
        "TestChangeProbability": {
            "action": 0.06241471767425538,
            "observation": 0.1871266861756642
        }
    },
    "175": {
        "BestCoverage": 0.8,
        "TestChangeProbability": {
            "action": -0.07466009259223938,
            "observation": 0.24954140384991957
        }
    },
    "180": {
        "BestCoverage": 0.8,
        "TestChangeProbability": {
            "action": 0.06385536193847657,
            "observation": 0.1748813112576802
        }
    },
    "185": {
        "BestCoverage": 0.8,
        "TestChangeProbability": {
            "action": 0.07848341464996339,
            "observation": 0.23873667319615677
        }
    },
    "190": {
        "BestCoverage": 0.8,
        "TestChangeProbability": {
            "action": 0.0903383731842041,
            "observation": 0.31722008784612016
        }
    },
    "195": {
        "BestCoverage": 0.8,
        "TestChangeProbability": {
            "action": -0.07977712154388428,
            "observation": 0.4075584610303242
        }
    },
    "200": {
        "BestCoverage": 0.8,
        "TestChangeProbability": {
            "action": -0.08455765843391419,
            "observation": 0.32778133948643995
        }
    },
    "205": {
        "BestCoverage": 0.8,
        "TestChangeProbability": {
            "action": -0.0178859293460846,
            "observation": 0.24322368105252576
        }
    },
    "210": {
        "BestCoverage": 0.8,
        "TestChangeProbability": {
            "action": -0.07063341736793519,
            "observation": 0.22533775170644116
        }
    },
    "215": {
        "BestCoverage": 0.8,
        "TestChangeProbability": {
            "action": -0.06676048636436463,
            "observation": 0.15470433433850597
        }
    },
    "220": {
        "BestCoverage": 0.8,
        "TestChangeProbability": {
            "action": -0.09046520590782166,
            "observation": 0.08794384797414134
        }
    },
    "225": {
        "BestCoverage": 0.8,
        "TestChangeProbability": {
            "action": -0.004487729072570806,
            "observation": 0.0
        }
    },
    "230": {
        "BestCoverage": 0.8,