{
    "15": {
        "BestCoverage": 0.8,
        "TestChangeProbability": {
            "action": 0.011563003063201904,
            "observation": 0.3333333333333333
        }
    },
    "20": {
        "BestCoverage": 0.8,
        "TestChangeProbability": {
            "action": -0.03530712723731995,
            "observation": 0.3448963363965352
        }
    },
    "25": {
        "BestCoverage": 0.8,
        "TestChangeProbability": {
            "action": 0.04065744876861571,
            "observation": 0.3095892091592153
        }
    },
    "30": {
        "BestCoverage": 0.8,
        "TestChangeProbability": {
            "action": 0.008613741397857672,
            "observation": 0.350246657927831
        }
    },
    "35": {
        "BestCoverage": 0.8,
        "TestChangeProbability": {
            "action": -0.004585593938827515,
            "observation": 0.3588603993256887
        }
    },
    "40": {
        "BestCoverage": 0.8,
        "TestChangeProbability": {
            "action": 0.0544296979904175,
            "observation": 0.3542748053868612
        }
    },
    "45": {
        "BestCoverage": 0.8,
        "TestChangeProbability": {
            "action": 0.03357720375061035,
            "observation": 0.4087045033772787
        }
    },
    "50": {
        "BestCoverage": 0.8,
        "TestChangeProbability": {
            "action": 0.009770345687866208,
            "observation": 0.44228170712788906
        }
    },
    "55": {
        "BestCoverage": 0.8,
        "TestChangeProbability": {
            "action": 0.013556182384490967,
            "observation": 0.4520520528157553
        }
    },
    "60": {
        "BestCoverage": 0.8,
        "TestChangeProbability": {
            "action": 0.0778348445892334,
            "observation": 0.46560823520024625
        }
    },
    "65": {
        "BestCoverage": 0.8,
        "TestChangeProbability": {
            "action": -0.022022247314453125,
            "observation": 0.5434430797894796
        }
    },
    "70": {
        "BestCoverage": 0.8,
        "TestChangeProbability": {
            "action": 0.0677610754966736,
            "observation": 0.5214208324750265
        }
    },
    "75": {
        "BestCoverage": 0.8,
        "TestChangeProbability": {
            "action": -0.051914882659912114,
            "observation": 0.5891819079717
        }
    },
    "80": {
        "BestCoverage": 0.8,
        "TestChangeProbability": {
            "action": -0.046589004993438723,
            "observation": 0.5372670253117879
        }
    },
    "85": {
        "BestCoverage": 0.8,
        "TestChangeProbability": {
            "action": 0.03507628440856933,
            "observation": 0.49067802031834923
        }
    },
    "90": {
        "BestCoverage": 0.8,
        "TestChangeProbability": {
            "action": 0.047252690792083746,
            "observation": 0.5257543047269185
        }
    },
    "95": {
        "BestCoverage": 0.8,
        "TestChangeProbability": {
            "action": 0.07279739379882813,
            "observation": 0.5730069955190022
        }
    },
    "100": {
        "BestCoverage": 0.8,
        "TestChangeProbability": {
            "action": -0.07363609671592714,
            "observation": 0.6458043893178304
        }
    },
    "105": {
        "BestCoverage": 0.8,
        "TestChangeProbability": {
            "action": 0.061428797245025646,
            "observation": 0.5721682926019032
        }
    },
    "110": {
        "BestCoverage": 0.8,
        "TestChangeProbability": {
            "action": -0.010187798738479609,
            "observation": 0.6335970898469288
        }
    },
    "115": {
        "BestCoverage": 0.8,
        "TestChangeProbability": {
            "action": 0.08885519504547121,
            "observation": 0.6234092911084491
        }
    },
    "120": {
        "BestCoverage": 0.8,
        "TestChangeProbability": {
            "action": 0.09744577407836916,
            "observation": 0.7122644861539204
        }
    },
    "125": {
        "BestCoverage": 0.8,
        "TestChangeProbability": {
            "action": 0.050468587875366205,
            "observation": 0.8097102602322895
        }
    },
    "130": {
        "BestCoverage": 0.8,
        "TestChangeProbability": {
            "action": 0.08507460355758667,
            "observation": 0.8601788481076558
        }
    },
    "135": {
        "BestCoverage": 0.8,
        "TestChangeProbability": {
            "action": -0.004673469066619876,
            "observation": 0.9452534516652424
        }
    },
    "140": {
        "BestCoverage": 0.8,
        "TestChangeProbability": {
            "action": -0.08792853951454163,
            "observation": 0.9405799825986225
        }
    },
    "145": {
        "BestCoverage": 0.8,
        "TestChangeProbability": {
            "action": -0.0519723653793335,
            "observation": 0.8526514430840809
        }
    },
    "150": {
        "BestCoverage": 0.8,
        "TestChangeProbability": {
            "action": 0.008115863800048834,
            "observation": 0.8006790777047474
        }
    },
    "155": {
        "BestCoverage": 0.8,
        "TestChangeProbability": {
            "action": 0.01196811199188233,
            "observation": 0.8087949415047962
        }
    },
    "160": {
        "BestCoverage": 0.8,
        "TestChangeProbability": {
            "action": -0.029374384880065926,
            "observation": 0.8207630534966786
        }
    },
    "165": {
        "BestCoverage": 0.8,
        "TestChangeProbability": {
            "action": -0.0674670159816742,
            "observation": 0.7913886686166126
        }
    },
    "170": {
        "BestCoverage": 0.8,
        "TestChangeProbability": {
            "action": 0.04522655010223389,
            "observation": 0.7239216526349384
        }
    },
    "175": {
        "BestCoverage": 0.8,
        "TestChangeProbability": {
            "action": -0.05771279335021973,
            "observation": 0.7691482027371722
        }
    },
    "180": {
        "BestCoverage": 0.8,
        "TestChangeProbability": {
            "action": -0.027328121662139895,
            "observation": 0.7114354093869525
        }
    },
    "185": {
        "BestCoverage": 0.8,
        "TestChangeProbability": {
            "action": -0.019514000415802008,
            "observation": 0.6841072877248126
        }
    },
    "190": {
        "BestCoverage": 0.8,
        "TestChangeProbability": {
            "action": -0.0688819169998169,
            "observation": 0.6645932873090106
        }
    },
    "195": {
        "BestCoverage": 0.8,
        "TestChangeProbability": {
            "action": 0.07285583019256592,
            "observation": 0.5957113703091936
        }
    },
    "200": {
        "BestCoverage": 0.8,
        "TestChangeProbability": {
            "action": -0.04474161267280579,
            "observation": 0.6685672005017596
        }
    },
    "205": {
        "BestCoverage": 0.8,
        "TestChangeProbability": {
            "action": 0.00383081436157226,
            "observation": 0.6238255878289538
        }
    },
    "210": {
        "BestCoverage": 0.8,
        "TestChangeProbability": {
            "action": -0.0976482093334198,
            "observation": 0.6276564021905261
        }
    },
    "215": {
        "BestCoverage": 0.8,
        "TestChangeProbability": {
            "action": 0.062004351615905756,
            "observation": 0.5300081928571063
        }
    },
    "220": {
        "BestCoverage": 0.8,
        "TestChangeProbability": {
            "action": 0.024803519248962402,
            "observation": 0.5920125444730121
        }
    },
    "225": {
        "BestCoverage": 0.8,
        "TestChangeProbability": {
            "action": 0.023615813255310064,
            "observation": 0.6168160637219745
        }
    },
    "230": {
        "BestCoverage": 0.8,