{
    "15": {
        "BestCoverage": 0.8,
        "Elite": {
            "action": 0.35124802589416504,
            "observation": 1
        }
    },
    "20": {
        "BestCoverage": 0.8,
        "Elite": {
            "action": 0.42181944847106934,
            "observation": 1
        }
    },
    "25": {
        "BestCoverage": 0.8,
        "Elite": {
            "action": 0.4563479423522949,
            "observation": 1
        }
    },
    "30": {
        "BestCoverage": 0.8,
        "Elite": {
            "action": 0.6440725326538086,
            "observation": 1
        }
    },
    "35": {
        "BestCoverage": 0.8,
        "Elite": {
            "action": -0.7324931025505066,
            "observation": 2
        }
    },
    "40": {
        "BestCoverage": 0.8,
        "Elite": {
            "action": -0.001224815845489502,
            "observation": 1
        }
    },
    "45": {
        "BestCoverage": 0.8,
        "Elite": {
            "action": 0.2501859664916992,
            "observation": 1
        }
    },
    "50": {
        "BestCoverage": 0.8,
        "Elite": {
            "action": 0.7392934560775757,
            "observation": 1
        }
    },
    "55": {
        "BestCoverage": 0.8,
        "Elite": {
            "action": -0.11931675672531128,
            "observation": 2
        }
    },
    "60": {
        "BestCoverage": 0.8,
        "Elite": {
            "action": -0.525837779045105,
            "observation": 2
        }
    },
    "65": {
        "BestCoverage": 0.8,
        "Elite": {
            "action": 0.21710526943206787,
            "observation": 1
        }
    },
    "70": {
        "BestCoverage": 0.8,
        "Elite": {
            "action": -0.9275735020637512,
            "observation": 1
        }
    },
    "75": {
        "BestCoverage": 0.8,
        "Elite": {
            "action": -0.8583000898361206,
            "observation": 0
        }
    },
    "80": {
        "BestCoverage": 0.8,
        "Elite": {
            "action": 0.9050300121307373,
            "observation": 0
        }
    },
    "85": {
        "BestCoverage": 0.8,
        "Elite": {
            "action": -0.7927505373954773,
            "observation": 1
        }
    },
    "90": {
        "BestCoverage": 0.8,
        "Elite": {
            "action": -0.3018859028816223,
            "observation": 0
        }
    },
    "95": {
        "BestCoverage": 0.8,
        "Elite": {
            "action": -0.03717362880706787,
            "observation": 0
        }
    },
    "100": {
        "BestCoverage": 0.8,
        "Elite": {
            "action": -0.42205870151519775,
            "observation": 0
        }
    },
    "105": {
        "BestCoverage": 0.8,
        "Elite": {
            "action": 0.9634866714477539,
            "observation": 0
        }
    },
    "110": {
        "BestCoverage": 0.8,
        "Elite": {
            "action": -0.7472098469734192,
            "observation": 1
        }
    },
    "115": {
        "BestCoverage": 0.8,
        "Elite": {
            "action": -0.5333033800125122,
            "observation": 0
        }
    },
    "120": {
        "BestCoverage": 0.8,
        "Elite": {
            "action": -0.4043484926223755,
            "observation": 0
        }
    },
    "125": {
        "BestCoverage": 0.8,
        "Elite": {
            "action": -0.8541246056556702,
            "observation": 0
        }
    },
    "130": {
        "BestCoverage": 0.8,
        "Elite": {
            "action": 0.9128644466400146,
            "observation": 0
        }
    },
    "135": {
        "BestCoverage": 0.8,
        "Elite": {
            "action": 0.06043553352355957,
            "observation": 1
        }
    },
    "140": {
        "BestCoverage": 0.8,
        "Elite": {
            "action": -0.8012783527374268,
            "observation": 1
        }
    },
    "145": {
        "BestCoverage": 0.8,
        "Elite": {
            "action": 0.54958176612854,
            "observation": 0
        }
    },
    "150": {
        "BestCoverage": 0.8,
        "Elite": {
            "action": -0.7328619360923767,
            "observation": 1
        }
    },
    "155": {
        "BestCoverage": 0.8,
        "Elite": {
            "action": -0.0574488639831543,
            "observation": 0
        }
    },
    "160": {
        "BestCoverage": 0.8,
        "Elite": {
            "action": 0.8484445810317993,
            "observation": 0
        }
    },
    "165": {
        "BestCoverage": 0.8,
        "Elite": {
            "action": 0.6225239038467407,
            "observation": 1
        }
    },
    "170": {
        "BestCoverage": 0.8,
        "Elite": {
            "action": 0.8564611673355103,
            "observation": 2
        }
    },
    "175": {
        "BestCoverage": 0.8,
        "Elite": {
            "action": -0.5255569815635681,
            "observation": 3
        }
    },
    "180": {
        "BestCoverage": 0.8,
        "Elite": {
            "action": -0.8711887001991272,
            "observation": 2
        }
    },
    "185": {
        "BestCoverage": 0.8,
        "Elite": {
            "action": -0.9283676743507385,
            "observation": 1
        }
    },
    "190": {
        "BestCoverage": 0.8,
        "Elite": {
            "action": 0.41854262351989746,
            "observation": 0
        }
    },
    "195": {
        "BestCoverage": 0.8,
        "Elite": {
            "action": 0.10829019546508789,
            "observation": 0
        }
    },
    "200": {
        "BestCoverage": 0.8,
        "Elite": {
            "action": 0.6073188781738281,
            "observation": 0
        }
    },
    "205": {
        "BestCoverage": 0.8,
        "Elite": {
            "action": -0.26806801557540894,
            "observation": 1
        }
    },
    "210": {
        "BestCoverage": 0.8,
        "Elite": {
            "action": 0.5790283679962158,
            "observation": 1
        }
    },
    "215": {
        "BestCoverage": 0.8,
        "Elite": {
            "action": -0.12354564666748047,
            "observation": 2
        }
    },
    "220": {
        "BestCoverage": 0.8,
        "Elite": {
            "action": 0.9627245664596558,
            "observation": 2
        }
    },
    "225": {
        "BestCoverage": 0.8,
        "Elite": {
            "action": 0.4283989667892456,
            "observation": 3
        }
    },
    "230": {
        "BestCoverage": 0.8,
        "Elite": {
            "action": -0.4050443172454834,
            "observation": 3
        }
    },
    "235": {
        "BestCoverage": 0.8,
        "Elite": {
            "action": 0.9954581260681152,
            "observation": 3
        }
    },
    "240": {
        "BestCoverage": 0.8,
        "Elite": {
            "action": -0.5285439491271973,
            "observation": 4
        }
    },
    "245": {
        "BestCoverage": 0.8,
        "Elite": {
            "action": -0.6559745073318481,
            "observation": 3
        }
    },
    "250": {
        "BestCoverage": 0.8,
        "Elite": {
            "action": 0.8901033401489258,
            "observation": 2
        }
    },
    "255": {
        "BestCoverage": 0.8,
        "Elite": {
            "action": -0.6117830276489258,
            "observation": 3
        }
    },
    "260": {
        "BestCoverage": 0.8,
        "Elite": {
            "action": -0.1079103946685791,
            "observation": 2
        }
    },
    "265": {
        "BestCoverage": 0.8,
        "Elite": {
            "action": -0.8913987278938293,
            "observation": 2
        }
    },
    "270": {
        "BestCoverage": 0.8,
        "Elite": {
            "action": -0.9895635843276978,
            "observation": 1
        }
    },
    "275": {
        "BestCoverage": 0.8,
        "Elite": {
            "action": 0.952178955078125,
            "observation": 0
        }
    },
    "280": {
        "BestCoverage": 0.8,