{
    "15": {
        "BestCoverage": 0.8,
        "StatementInsertionProbability": {
            "action": -0.049460023641586304,
            "observation": 0.5
        }
    },
    "20": {
        "BestCoverage": 0.8,
        "StatementInsertionProbability": {
            "action": 0.09604392051696778,
            "observation": 0.4505399763584137
        }
    },
    "25": {
        "BestCoverage": 0.8,
        "StatementInsertionProbability": {
            "action": -0.07679541110992433,
            "observation": 0.5465838968753814
        }
    },
    "30": {
        "BestCoverage": 0.8,
        "StatementInsertionProbability": {
            "action": -0.008974117040634152,
            "observation": 0.4697884857654571
        }
    },
    "35": {
        "BestCoverage": 0.8,
        "StatementInsertionProbability": {
            "action": -0.0868502974510193,
            "observation": 0.46081436872482295
        }
    },
    "40": {
        "BestCoverage": 0.8,
        "StatementInsertionProbability": {
            "action": 0.08583019971847536,
            "observation": 0.37396407127380366
        }
    },
    "45": {
        "BestCoverage": 0.8,
        "StatementInsertionProbability": {
            "action": -0.0026249527931213323,
            "observation": 0.459794270992279
        }
    },
    "50": {
        "BestCoverage": 0.8,
        "StatementInsertionProbability": {
            "action": 0.062058329582214355,
            "observation": 0.4571693181991576
        }
    },
    "55": {
        "BestCoverage": 0.8,
        "StatementInsertionProbability": {
            "action": 0.06319775581359863,
            "observation": 0.519227647781372
        }
    },
    "60": {
        "BestCoverage": 0.8,
        "StatementInsertionProbability": {
            "action": -0.04231427907943726,
            "observation": 0.5824254035949706
        }
    },
    "65": {
        "BestCoverage": 0.8,
        "StatementInsertionProbability": {
            "action": -0.011502814292907712,
            "observation": 0.5401111245155333
        }
    },
    "70": {
        "BestCoverage": 0.8,
        "StatementInsertionProbability": {
            "action": -0.08614296317100525,
            "observation": 0.5286083102226257
        }
    },
    "75": {
        "BestCoverage": 0.8,
        "StatementInsertionProbability": {
            "action": 0.07312991619110107,
            "observation": 0.44246534705162044
        }
    },
    "80": {
        "BestCoverage": 0.8,
        "StatementInsertionProbability": {
            "action": 0.015783798694610593,
            "observation": 0.5155952632427215
        }
    },
    "85": {
        "BestCoverage": 0.8,
        "StatementInsertionProbability": {
            "action": -0.04723705053329468,
            "observation": 0.5313790619373321
        }
    },
    "90": {
        "BestCoverage": 0.8,
        "StatementInsertionProbability": {
            "action": 0.002349984645843503,
            "observation": 0.4841420114040374
        }
    },
    "95": {
        "BestCoverage": 0.8,
        "StatementInsertionProbability": {
            "action": -0.0516833245754242,
            "observation": 0.4864919960498809
        }
    },
    "100": {
        "BestCoverage": 0.8,
        "StatementInsertionProbability": {
            "action": 0.060725188255310064,
            "observation": 0.43480867147445673
        }
    },
    "105": {
        "BestCoverage": 0.8,
        "StatementInsertionProbability": {
            "action": -0.09080494642257692,
            "observation": 0.4955338597297668
        }
    },
    "110": {
        "BestCoverage": 0.8,
        "StatementInsertionProbability": {
            "action": 0.027712011337280268,
            "observation": 0.4047289133071899
        }
    },
    "115": {
        "BestCoverage": 0.8,
        "StatementInsertionProbability": {
            "action": 0.0473908305168152,
            "observation": 0.43244092464447015
        }
    },
    "120": {
        "BestCoverage": 0.8,
        "StatementInsertionProbability": {
            "action": 0.029648423194885254,
            "observation": 0.47983175516128534
        }
    },
    "125": {
        "BestCoverage": 0.8,
        "StatementInsertionProbability": {
            "action": -0.03601364493370056,
            "observation": 0.5094801783561707
        }
    },
    "130": {
        "BestCoverage": 0.8,
        "StatementInsertionProbability": {
            "action": -0.06875224709510804,
            "observation": 0.4734665334224701
        }
    },
    "135": {
        "BestCoverage": 0.8,
        "StatementInsertionProbability": {
            "action": 0.05776231288909914,
            "observation": 0.40471428632736206
        }
    },
    "140": {
        "BestCoverage": 0.8,
        "StatementInsertionProbability": {
            "action": 0.016154575347900393,
            "observation": 0.4624765992164612
        }
    },
    "145": {
        "BestCoverage": 0.8,
        "StatementInsertionProbability": {
            "action": 0.07737944126129151,
            "observation": 0.4786311745643616
        }
    },
    "150": {
        "BestCoverage": 0.8,
        "StatementInsertionProbability": {
            "action": 0.007340896129608157,
            "observation": 0.5560106158256531
        }
    },
    "155": {
        "BestCoverage": 0.8,
        "StatementInsertionProbability": {
            "action": -0.007065713405609131,
            "observation": 0.5633515119552613
        }
    },
    "160": {
        "BestCoverage": 0.8,
        "StatementInsertionProbability": {
            "action": 0.01597188711166382,
            "observation": 0.5562857985496522
        }
    },
    "165": {
        "BestCoverage": 0.8,
        "StatementInsertionProbability": {
            "action": 0.06731266975402833,
            "observation": 0.5722576856613161
        }
    },
    "170": {
        "BestCoverage": 0.8,
        "StatementInsertionProbability": {
            "action": 0.02158023118972778,
            "observation": 0.6395703554153445
        }
    },
    "175": {
        "BestCoverage": 0.8,
        "StatementInsertionProbability": {
            "action": -0.08803702592849733,
            "observation": 0.6611505866050722
        }
    },
    "180": {
        "BestCoverage": 0.8,
        "StatementInsertionProbability": {
            "action": 0.003860640525817874,
            "observation": 0.5731135606765749
        }
    },
    "185": {
        "BestCoverage": 0.8,
        "StatementInsertionProbability": {
            "action": -5.3369998931879215e-05,
            "observation": 0.5769742012023928
        }
    },
    "190": {
        "BestCoverage": 0.8,
        "StatementInsertionProbability": {
            "action": 0.06701674461364746,
            "observation": 0.5769208312034609
        }
    },
    "195": {
        "BestCoverage": 0.8,
        "StatementInsertionProbability": {
            "action": -0.03317216634750367,
            "observation": 0.6439375758171084
        }
    },
    "200": {
        "BestCoverage": 0.8,
        "StatementInsertionProbability": {
            "action": 0.0996358036994934,
            "observation": 0.6107654094696048
        }
    },
    "205": {
        "BestCoverage": 0.8,
        "StatementInsertionProbability": {
            "action": -0.001682621240615842,
            "observation": 0.7104012131690982
        }
    },
    "210": {
        "BestCoverage": 0.8,
        "StatementInsertionProbability": {
            "action": -0.03901376724243164,
            "observation": 0.7087185919284824
        }
    },
    "215": {
        "BestCoverage": 0.8,
        "StatementInsertionProbability": {
            "action": 0.07955949306488039,
            "observation": 0.6697048246860507
        }
    },
    "220": {
        "BestCoverage": 0.8,
        "StatementInsertionProbability": {
            "action": 0.03347468376159668,