{
    "20": {
        "BestCoverage": 0.75,
        "Population": {
            "action": 0.5553388595581055,
            "observation": 50
        }
    },
    "25": {
        "BestCoverage": 0.75,
        "Population": {
            "action": -5.1217756271362305,
            "observation": 51
        }
    },
    "30": {
        "BestCoverage": 0.75,
        "Population": {
            "action": -4.327995777130127,
            "observation": 46
        }
    },
    "35": {
        "BestCoverage": 0.75,
        "Population": {
            "action": -4.631645679473877,
            "observation": 42
        }
    },
    "40": {
        "BestCoverage": 0.75,
        "Population": {
            "action": -1.457796573638916,
            "observation": 37
        }
    },
    "45": {
        "BestCoverage": 0.75,
        "Population": {
            "action": -1.8310046195983887,
            "observation": 36
        }
    },
    "50": {
        "BestCoverage": 0.75,
        "Population": {
            "action": 3.9925765991210938,
            "observation": 34
        }
    },
    "55": {
        "BestCoverage": 0.75,
        "Population": {
            "action": 7.102081298828125,
            "observation": 38
        }
    },
    "60": {
        "BestCoverage": 0.75,
        "Population": {
            "action": 0.27651023864746094,
            "observation": 45
        }
    },
    "65": {
        "BestCoverage": 0.75,
        "Population": {
            "action": 0.23577499389648438,
            "observation": 45
        }
    },
    "70": {
        "BestCoverage": 0.75,
        "Population": {
            "action": 5.941168785095215,
            "observation": 45
        }
    },
    "75": {
        "BestCoverage": 0.75,
        "Population": {
            "action": -7.834112644195557,
            "observation": 51
        }
    },
    "80": {
        "BestCoverage": 0.75,
        "Population": {
            "action": -0.5929141044616699,
            "observation": 43
        }
    },
    "85": {
        "BestCoverage": 0.75,
        "Population": {
            "action": 7.205039978027344,
            "observation": 42
        }
    },
    "90": {
        "BestCoverage": 0.75,
        "Population": {
            "action": 7.588947296142578,
            "observation": 49
        }
    },
    "95": {
        "BestCoverage": 0.75,
        "Population": {
            "action": -3.155278205871582,
            "observation": 57
        }
    },
    "100": {
        "BestCoverage": 0.8,
        "Population": {
            "action": 7.376615524291992,
            "observation": 54
        }
    },
    "105": {
        "BestCoverage": 0.8,
        "Population": {
            "action": -1.82621431350708,
            "observation": 61
        }
    },
    "110": {
        "BestCoverage": 0.8,
        "Population": {
            "action": 3.449784278869629,
            "observation": 59
        }
    },
    "115": {
        "BestCoverage": 0.8,
        "Population": {
            "action": -6.640817642211914,
            "observation": 62
        }
    },
    "120": {
        "BestCoverage": 0.8,
        "Population": {
            "action": -4.09352445602417,
            "observation": 55
        }
    },
    "125": {
        "BestCoverage": 0.8,
        "Population": {
            "action": 3.339262008666992,
            "observation": 51
        }
    },
    "130": {
        "BestCoverage": 0.8,
        "Population": {
            "action": -3.7187275886535645,
            "observation": 54
        }
    },
    "135": {
        "BestCoverage": 0.8,
        "Population": {
            "action": 3.1706457138061523,
            "observation": 50
        }
    },
    "140": {
        "BestCoverage": 0.8,
        "Population": {
            "action": 6.53337287902832,
            "observation": 53
        }
    },
    "145": {
        "BestCoverage": 0.8,
        "Population": {
            "action": -0.9372224807739258,
            "observation": 60
        }
    },
    "150": {
        "BestCoverage": 0.8,
        "Population": {
            "action": 0.6400661468505859,
            "observation": 59
        }
    },
    "155": {
        "BestCoverage": 0.8,
        "Population": {
            "action": -0.3209652900695801,
            "observation": 60
        }
    },
    "160": {
        "BestCoverage": 0.8,
        "Population": {
            "action": 1.3808908462524414,
            "observation": 60
        }
    },
    "165": {
        "BestCoverage": 0.8,
        "Population": {
            "action": 5.169981002807617,
            "observation": 61
        }
    },
    "170": {
        "BestCoverage": 0.8,
        "Population": {
            "action": -5.419938087463379,
            "observation": 66
        }
    },
    "175": {
        "BestCoverage": 0.8,
        "Population": {
            "action": 3.1017818450927734,
            "observation": 61
        }
    },
    "180": {
        "BestCoverage": 0.8,
        "Population": {
            "action": 7.238837242126465,
            "observation": 64
        }
    },
    "185": {
        "BestCoverage": 0.8,
        "Population": {
            "action": 0.9957971572875977,
            "observation": 71
        }
    },
    "190": {
        "BestCoverage": 0.8,
        "Population": {
            "action": -3.758544921875,
            "observation": 72
        }
    },
    "195": {
        "BestCoverage": 0.8,
        "Population": {
            "action": 3.0432682037353516,
            "observation": 68
        }
    },
    "200": {
        "BestCoverage": 0.8,
        "Population": {
            "action": 3.816523551940918,
            "observation": 71
        }
    },
    "205": {
        "BestCoverage": 0.8,
        "Population": {
            "action": -5.288849830627441,
            "observation": 75
        }
    },
    "210": {
        "BestCoverage": 0.8,
        "Population": {
            "action": 0.9376344680786133,
            "observation": 70
        }
    },
    "215": {
        "BestCoverage": 0.8,
        "Population": {
            "action": 3.155858039855957,
            "observation": 71
        }
    },
    "220": {
        "BestCoverage": 0.8,
        "Population": {
            "action": -4.735185146331787,
            "observation": 74
        }
    },
    "225": {
        "BestCoverage": 0.8,
        "Population": {
            "action": -2.9709019660949707,
            "observation": 69
        }
    },
    "230": {
        "BestCoverage": 0.8,
        "Population": {
            "action": -5.673853874206543,
            "observation": 66
        }
    },
    "235": {
        "BestCoverage": 0.8,
        "Population": {
            "action": 3.0184221267700195,
            "observation": 60
        }
    },
    "240": {
        "BestCoverage": 0.8,
        "Population": {
            "action": -7.736075401306152,
            "observation": 63
        }
    },
    "245": {
        "BestCoverage": 0.8,
        "Population": {
            "action": -3.4530959129333496,
            "observation": 55
        }
    },
    "250": {
        "BestCoverage": 0.8,
        "Population": {
            "action": 4.012835502624512,
            "observation": 52
        }
    },
    "255": {
        "BestCoverage": 0.8,
        "Population": {
            "action": -0.22132396697998047,
            "observation": 56
        }
    },
    "260": {
        "BestCoverage": 0.8,
        "Population": {
            "action": 2.060896873474121,
            "observation": 56
        }
    },
    "265": {
        "BestCoverage": 0.8,
        "Population": {
            "action": 6.084222793579102,
            "observation": 58
        }
    },
    "270": {
        "BestCoverage": 0.8,
        "Population": {
            "action": -4.683679103851318,
            "observation": 64
        }
    },
    "275": {
        "BestCoverage": 0.8,