{
    "15": {
        "BestCoverage": 0.8,
        "StatementInsertionProbability": {
            "action": 0.020117926597595218,
            "observation": 0.5
        }
    },
    "20": {
        "BestCoverage": 0.8,
        "StatementInsertionProbability": {
            "action": -0.012978571653366092,
            "observation": 0.5201179265975953
        }
    },
    "25": {
        "BestCoverage": 0.8,
        "StatementInsertionProbability": {
            "action": -0.006218117475509641,
            "observation": 0.5071393549442291
        }
    },
    "30": {
        "BestCoverage": 0.8,
        "StatementInsertionProbability": {
            "action": -0.05371328592300415,
            "observation": 0.5009212374687195
        }
    },
    "35": {
        "BestCoverage": 0.8,
        "StatementInsertionProbability": {
            "action": -0.007752144336700434,
            "observation": 0.44720795154571535
        }
    },
    "40": {
        "BestCoverage": 0.8,
        "StatementInsertionProbability": {
            "action": -0.08584186434745789,
            "observation": 0.4394558072090149
        }
    },
    "45": {
        "BestCoverage": 0.8,
        "StatementInsertionProbability": {
            "action": 0.07568225860595704,
            "observation": 0.353613942861557
        }
    },
    "50": {
        "BestCoverage": 0.8,
        "StatementInsertionProbability": {
            "action": -0.044336676597595215,
            "observation": 0.429296201467514
        }
    },
    "55": {
        "BestCoverage": 0.8,
        "StatementInsertionProbability": {
            "action": -0.019716972112655634,
            "observation": 0.3849595248699188
        }
    },
    "60": {
        "BestCoverage": 0.8,
        "StatementInsertionProbability": {
            "action": 0.02962113618850709,
            "observation": 0.36524255275726314
        }
    },
    "65": {
        "BestCoverage": 0.8,
        "StatementInsertionProbability": {
            "action": -0.07802302837371827,
            "observation": 0.39486368894577023
        }
    },
    "70": {
        "BestCoverage": 0.8,
        "StatementInsertionProbability": {
            "action": 0.019515037536621094,
            "observation": 0.31684066057205196
        }
    },
    "75": {
        "BestCoverage": 0.8,
        "StatementInsertionProbability": {
            "action": 0.09185352325439453,
            "observation": 0.33635569810867305
        }
    },
    "80": {
        "BestCoverage": 0.8,
        "StatementInsertionProbability": {
            "action": -0.030682426691055295,
            "observation": 0.4282092213630676
        }
    },
    "85": {
        "BestCoverage": 0.8,
        "StatementInsertionProbability": {
            "action": -0.08761270046234132,
            "observation": 0.3975267946720123
        }
    },
    "90": {
        "BestCoverage": 0.8,
        "StatementInsertionProbability": {
            "action": -0.07666305303573609,
            "observation": 0.309914094209671
        }
    },
    "95": {
        "BestCoverage": 0.8,
        "StatementInsertionProbability": {
            "action": 0.03768274784088135,
            "observation": 0.2332510411739349
        }
    },
    "100": {
        "BestCoverage": 0.8,
        "StatementInsertionProbability": {
            "action": -0.013085091114044184,
            "observation": 0.27093378901481624
        }
    },
    "105": {
        "BestCoverage": 0.8,
        "StatementInsertionProbability": {
            "action": -0.09771133065223694,
            "observation": 0.25784869790077203
        }
    },
    "110": {
        "BestCoverage": 0.8,
        "StatementInsertionProbability": {
            "action": -0.09994606375694276,
            "observation": 0.16013736724853508
        }
    },
    "115": {
        "BestCoverage": 0.8,
        "StatementInsertionProbability": {
            "action": -0.06697551608085633,
            "observation": 0.060191303491592324
        }
    },
    "120": {
        "BestCoverage": 0.8,
        "StatementInsertionProbability": {
            "action": 0.07681136131286623,
            "observation": 0.0
        }
    },
    "125": {
        "BestCoverage": 0.8,
        "StatementInsertionProbability": {
            "action": -0.03221086859703064,
            "observation": 0.07681136131286623
        }
    },
    "130": {
        "BestCoverage": 0.8,
        "StatementInsertionProbability": {
            "action": 0.049854481220245356,
            "observation": 0.04460049271583559
        }
    },
    "135": {
        "BestCoverage": 0.8,
        "StatementInsertionProbability": {
            "action": 0.025124835968017567,
            "observation": 0.09445497393608095
        }
    },
    "140": {
        "BestCoverage": 0.8,
        "StatementInsertionProbability": {
            "action": -0.025354003906250006,
            "observation": 0.11957980990409851
        }
    },
    "145": {
        "BestCoverage": 0.8,
        "StatementInsertionProbability": {
            "action": 0.007794713973999029,
            "observation": 0.09422580599784851
        }
    },
    "150": {
        "BestCoverage": 0.8,
        "StatementInsertionProbability": {
            "action": -0.07373842597007751,
            "observation": 0.10202051997184754
        }
    },
    "155": {
        "BestCoverage": 0.8,
        "StatementInsertionProbability": {
            "action": 0.05758057832717897,
            "observation": 0.028282094001770022
        }
    },
    "160": {
        "BestCoverage": 0.8,
        "StatementInsertionProbability": {
            "action": 0.034926080703735346,
            "observation": 0.085862672328949
        }
    },
    "165": {
        "BestCoverage": 0.8,
        "StatementInsertionProbability": {
            "action": -0.05201457738876343,
            "observation": 0.12078875303268434
        }
    },
    "170": {
        "BestCoverage": 0.8,
        "StatementInsertionProbability": {
            "action": 0.03910832405090331,
            "observation": 0.06877417564392091
        }
    },
    "175": {
        "BestCoverage": 0.8,
        "StatementInsertionProbability": {
            "action": -0.010929399728775019,
            "observation": 0.10788249969482422
        }
    },
    "180": {
        "BestCoverage": 0.8,
        "StatementInsertionProbability": {
            "action": -0.07648550271987915,
            "observation": 0.0969530999660492
        }
    },
    "185": {
        "BestCoverage": 0.8,
        "StatementInsertionProbability": {
            "action": 0.09816734790802004,
            "observation": 0.020467597246170047
        }
    },
    "190": {
        "BestCoverage": 0.8,
        "StatementInsertionProbability": {
            "action": -0.0176240086555481,
            "observation": 0.11863494515419008
        }
    },
    "195": {
        "BestCoverage": 0.8,
        "StatementInsertionProbability": {
            "action": 0.0323164939880371,
            "observation": 0.10101093649864198
        }
    },
    "200": {
        "BestCoverage": 0.8,
        "StatementInsertionProbability": {
            "action": -0.06589749455451965,
            "observation": 0.13332743048667908
        }
    },
    "205": {
        "BestCoverage": 0.8,
        "StatementInsertionProbability": {
            "action": -0.09767372012138367,
            "observation": 0.06742993593215943
        }
    },
    "210": {
        "BestCoverage": 0.8,
        "StatementInsertionProbability": {
            "action": 0.08208017349243166,
            "observation": 0.0
        }
    },
    "215": {
        "BestCoverage": 0.8,
        "StatementInsertionProbability": {
            "action": 0.08842709064483642,
            "observation": 0.08208017349243166
        }
    },
    "220": {
        "BestCoverage": 0.8,
        "StatementInsertionProbability": {
            "action": 0.09554810523986818,