{
    "20": {
        "BestCoverage": 0.7375,
        "Elite": {
            "action": 0.749456524848938,
            "observation": 1
        }
    },
    "25": {
        "BestCoverage": 0.75,
        "Elite": {
            "action": -0.6322380900382996,
            "observation": 2
        }
    },
    "30": {
        "BestCoverage": 0.75,
        "Elite": {
            "action": -0.22680777311325073,
            "observation": 1
        }
    },
    "35": {
        "BestCoverage": 0.75,
        "Elite": {
            "action": -0.4487801790237427,
            "observation": 1
        }
    },
    "40": {
        "BestCoverage": 0.75,
        "Elite": {
            "action": -0.6106386780738831,
            "observation": 1
        }
    },
    "45": {
        "BestCoverage": 0.75,
        "Elite": {
            "action": 0.592395544052124,
            "observation": 0
        }
    },
    "50": {
        "BestCoverage": 0.75,
        "Elite": {
            "action": -0.7604043483734131,
            "observation": 1
        }
    },
    "55": {
        "BestCoverage": 0.75,
        "Elite": {
            "action": -0.18217110633850098,
            "observation": 0
        }
    },
    "60": {
        "BestCoverage": 0.75,
        "Elite": {
            "action": 0.9380185604095459,
            "observation": 0
        }
    },
    "65": {
        "BestCoverage": 0.75,
        "Elite": {
            "action": -0.9633391499519348,
            "observation": 1
        }
    },
    "70": {
        "BestCoverage": 0.75,
        "Elite": {
            "action": -0.29534149169921875,
            "observation": 0
        }
    },
    "75": {
        "BestCoverage": 0.75,
        "Elite": {
            "action": -0.8935904502868652,
            "observation": 0
        }
    },
    "80": {
        "BestCoverage": 0.75,
        "Elite": {
            "action": 0.13518774509429932,
            "observation": 0
        }
    },
    "85": {
        "BestCoverage": 0.75,
        "Elite": {
            "action": 0.6745660305023193,
            "observation": 0
        }
    },
    "90": {
        "BestCoverage": 0.75,
        "Elite": {
            "action": -0.7968408465385437,
            "observation": 1
        }
    },
    "95": {
        "BestCoverage": 0.75,
        "Elite": {
            "action": 0.8499631881713867,
            "observation": 0
        }
    },
    "100": {
        "BestCoverage": 0.75,
        "Elite": {
            "action": -0.4595797657966614,
            "observation": 1
        }
    },
    "105": {
        "BestCoverage": 0.75,
        "Elite": {
            "action": 0.14193105697631836,
            "observation": 1
        }
    },
    "110": {
        "BestCoverage": 0.75,
        "Elite": {
            "action": 0.750565767288208,
            "observation": 1
        }
    },
    "115": {
        "BestCoverage": 0.75,
        "Elite": {
            "action": 0.9296138286590576,
            "observation": 2
        }
    },
    "120": {
        "BestCoverage": 0.75,
        "Elite": {
            "action": -0.26711034774780273,
            "observation": 3
        }
    },
    "125": {
        "BestCoverage": 0.75,
        "Elite": {
            "action": -0.8603512644767761,
            "observation": 3
        }
    },
    "130": {
        "BestCoverage": 0.75,
        "Elite": {
            "action": 0.9247767925262451,
            "observation": 2
        }
    },
    "135": {
        "BestCoverage": 0.75,
        "Elite": {
            "action": -0.4366918206214905,
            "observation": 3
        }
    },
    "140": {
        "BestCoverage": 0.75,
        "Elite": {
            "action": -0.3920600414276123,
            "observation": 3
        }
    },
    "145": {
        "BestCoverage": 0.75,
        "Elite": {
            "action": 0.6140708923339844,
            "observation": 3
        }
    },
    "150": {
        "BestCoverage": 0.75,
        "Elite": {
            "action": -0.5317510962486267,
            "observation": 4
        }
    },
    "155": {
        "BestCoverage": 0.75,
        "Elite": {
            "action": -0.004294276237487793,
            "observation": 3
        }
    },
    "160": {
        "BestCoverage": 0.75,
        "Elite": {
            "action": 0.2771855592727661,
            "observation": 3
        }
    },
    "165": {
        "BestCoverage": 0.75,
        "Elite": {
            "action": -0.4670313000679016,
            "observation": 3
        }
    },
    "170": {
        "BestCoverage": 0.75,
        "Elite": {
            "action": -0.6371876001358032,
            "observation": 3
        }
    },
    "175": {
        "BestCoverage": 0.75,
        "Elite": {
            "action": -0.8128284811973572,
            "observation": 2
        }
    },
    "180": {
        "BestCoverage": 0.75,
        "Elite": {
            "action": 0.32724785804748535,
            "observation": 1
        }
    },
    "185": {
        "BestCoverage": 0.75,
        "Elite": {
            "action": -0.717891275882721,
            "observation": 1
        }
    },
    "190": {
        "BestCoverage": 0.75,
        "Elite": {
            "action": 0.8012967109680176,
            "observation": 0
        }
    },
    "195": {
        "BestCoverage": 0.75,
        "Elite": {
            "action": 0.4257991313934326,
            "observation": 1
        }
    },
    "200": {
        "BestCoverage": 0.75,
        "Elite": {
            "action": 0.1542140245437622,
            "observation": 1
        }
    },
    "205": {
        "BestCoverage": 0.75,
        "Elite": {
            "action": -0.32122665643692017,
            "observation": 1
        }
    },
    "210": {
        "BestCoverage": 0.75,
        "Elite": {
            "action": -0.696914792060852,
            "observation": 1
        }
    },
    "215": {
        "BestCoverage": 0.75,
        "Elite": {
            "action": -0.7512627840042114,
            "observation": 0
        }
    },
    "220": {
        "BestCoverage": 0.75,
        "Elite": {
            "action": -0.23999404907226562,
            "observation": 0
        }
    },
    "225": {
        "BestCoverage": 0.75,
        "Elite": {
            "action": -0.945568323135376,
            "observation": 0
        }
    },
    "230": {
        "BestCoverage": 0.7625,
        "Elite": {
            "action": -0.7773373126983643,
            "observation": 0
        }
    },
    "235": {
        "BestCoverage": 0.7625,
        "Elite": {
            "action": -0.9113688468933105,
            "observation": 0
        }
    },
    "240": {
        "BestCoverage": 0.7625,
        "Elite": {
            "action": -0.26938605308532715,
            "observation": 0
        }
    },
    "245": {
        "BestCoverage": 0.7625,
        "Elite": {
            "action": -0.9331635236740112,
            "observation": 0
        }
    },
    "250": {
        "BestCoverage": 0.7625,
        "Elite": {
            "action": 0.1393369436264038,
            "observation": 0
        }
    },
    "255": {
        "BestCoverage": 0.7625,
        "Elite": {
            "action": -0.6676142811775208,
            "observation": 0
        }
    },
    "260": {
        "BestCoverage": 0.7625,
        "Elite": {
            "action": 0.0560145378112793,
            "observation": 0
        }
    },
    "265": {
        "BestCoverage": 0.7625,
        "Elite": {
            "action": 0.23230326175689697,
            "observation": 0
        }
    },
    "270": {
        "BestCoverage": 0.7625,
        "Elite": {
            "action": -0.1620667576789856,
            "observation": 0
        }
    },
    "275": {
        "BestCoverage": 0.7625,
        "Elite": {
            "action": 0.6646771430969238,
            "observation": 0
        }
    },
    "280": {
        "BestCoverage": 0.7625,
        "Elite": {
            "action": 0.05360829830169678,
            "observation": 1
        }
    },