{
    "30": {
        "BestCoverage": 0.75,
        "CrossoverRate": {
            "action": -0.03279791474342346,
            "observation": 0.75
        }
    },
    "35": {
        "BestCoverage": 0.75,
        "CrossoverRate": {
            "action": -0.03360338807106018,
            "observation": 0.7172020852565766
        }
    },
    "40": {
        "BestCoverage": 0.75,
        "CrossoverRate": {
            "action": -0.07064432501792908,
            "observation": 0.6835986971855164
        }
    },
    "45": {
        "BestCoverage": 0.75,
        "CrossoverRate": {
            "action": 0.0694087862968445,
            "observation": 0.6129543721675873
        }
    },
    "50": {
        "BestCoverage": 0.75,
        "CrossoverRate": {
            "action": 0.03830784559249878,
            "observation": 0.6823631584644319
        }
    },
    "55": {
        "BestCoverage": 0.75,
        "CrossoverRate": {
            "action": 0.08828048706054689,
            "observation": 0.7206710040569306
        }
    },
    "60": {
        "BestCoverage": 0.7625,
        "CrossoverRate": {
            "action": -0.09786713123321533,
            "observation": 0.8089514911174776
        }
    },
    "65": {
        "BestCoverage": 0.7625,
        "CrossoverRate": {
            "action": 0.01325082778930664,
            "observation": 0.7110843598842622
        }
    },
    "70": {
        "BestCoverage": 0.7625,
        "CrossoverRate": {
            "action": 0.060069143772125244,
            "observation": 0.7243351876735689
        }
    },
    "75": {
        "BestCoverage": 0.7625,
        "CrossoverRate": {
            "action": 0.04617705345153808,
            "observation": 0.7844043314456941
        }
    },
    "80": {
        "BestCoverage": 0.7625,
        "CrossoverRate": {
            "action": 0.0455306053161621,
            "observation": 0.8305813848972322
        }
    },
    "85": {
        "BestCoverage": 0.7625,
        "CrossoverRate": {
            "action": -0.05250664353370667,
            "observation": 0.8761119902133943
        }
    },
    "90": {
        "BestCoverage": 0.7625,
        "CrossoverRate": {
            "action": 0.04917161464691161,
            "observation": 0.8236053466796875
        }
    },
    "95": {
        "BestCoverage": 0.7625,
        "CrossoverRate": {
            "action": -0.09919717311859132,
            "observation": 0.8727769613265992
        }
    },
    "100": {
        "BestCoverage": 0.7625,
        "CrossoverRate": {
            "action": 0.03991199731826783,
            "observation": 0.7735797882080079
        }
    },
    "105": {
        "BestCoverage": 0.7625,
        "CrossoverRate": {
            "action": 0.036008524894714344,
            "observation": 0.8134917855262758
        }
    },
    "110": {
        "BestCoverage": 0.7625,
        "CrossoverRate": {
            "action": -0.08247909545898438,
            "observation": 0.8495003104209902
        }
    },
    "115": {
        "BestCoverage": 0.7625,
        "CrossoverRate": {
            "action": 0.058645749092102045,
            "observation": 0.7670212149620058
        }
    },
    "120": {
        "BestCoverage": 0.7625,
        "CrossoverRate": {
            "action": -0.09692944884300232,
            "observation": 0.8256669640541079
        }
    },
    "125": {
        "BestCoverage": 0.7625,
        "CrossoverRate": {
            "action": -0.024157744646072385,
            "observation": 0.7287375152111055
        }
    },
    "130": {
        "BestCoverage": 0.7625,
        "CrossoverRate": {
            "action": -0.040151345729827884,
            "observation": 0.7045797705650332
        }
    },
    "135": {
        "BestCoverage": 0.7625,
        "CrossoverRate": {
            "action": 0.09251757860183715,
            "observation": 0.6644284248352053
        }
    },
    "140": {
        "BestCoverage": 0.7625,
        "CrossoverRate": {
            "action": -0.08165784478187561,
            "observation": 0.7569460034370424
        }
    },
    "145": {
        "BestCoverage": 0.7625,
        "CrossoverRate": {
            "action": -0.059525543451309205,
            "observation": 0.6752881586551668
        }
    },
    "150": {
        "BestCoverage": 0.7625,
        "CrossoverRate": {
            "action": -0.09038719534873962,
            "observation": 0.6157626152038576
        }
    },
    "155": {
        "BestCoverage": 0.7625,
        "CrossoverRate": {
            "action": 0.07117524147033691,
            "observation": 0.5253754198551179
        }
    },
    "160": {
        "BestCoverage": 0.7625,
        "CrossoverRate": {
            "action": -0.026470768451690677,
            "observation": 0.5965506613254549
        }
    },
    "165": {
        "BestCoverage": 0.7625,
        "CrossoverRate": {
            "action": -0.017117601633071897,
            "observation": 0.5700798928737641
        }
    },
    "170": {
        "BestCoverage": 0.7625,
        "CrossoverRate": {
            "action": 0.03256489038467408,
            "observation": 0.5529622912406923
        }
    },
    "175": {
        "BestCoverage": 0.7625,
        "CrossoverRate": {
            "action": -0.09732287526130677,
            "observation": 0.5855271816253664
        }
    },
    "180": {
        "BestCoverage": 0.7625,
        "CrossoverRate": {
            "action": -0.03173713088035583,
            "observation": 0.48820430636405965
        }
    },
    "185": {
        "BestCoverage": 0.7625,
        "CrossoverRate": {
            "action": -0.006314033269882197,
            "observation": 0.4564671754837038
        }
    },
    "190": {
        "BestCoverage": 0.7625,
        "CrossoverRate": {
            "action": -0.0660513997077942,
            "observation": 0.45015314221382163
        }
    },
    "195": {
        "BestCoverage": 0.7625,
        "CrossoverRate": {
            "action": 0.07271596193313598,
            "observation": 0.38410174250602747
        }
    },
    "200": {
        "BestCoverage": 0.7625,
        "CrossoverRate": {
            "action": -0.08166269659996034,
            "observation": 0.4568177044391635
        }
    },
    "205": {
        "BestCoverage": 0.7625,
        "CrossoverRate": {
            "action": -0.04493138790130616,
            "observation": 0.37515500783920314
        }
    },
    "210": {
        "BestCoverage": 0.7625,
        "CrossoverRate": {
            "action": -0.08839722871780396,
            "observation": 0.33022361993789695
        }
    },
    "215": {
        "BestCoverage": 0.7625,
        "CrossoverRate": {
            "action": 0.06260149478912355,
            "observation": 0.24182639122009297
        }
    },
    "220": {
        "BestCoverage": 0.7625,
        "CrossoverRate": {
            "action": -0.060128879547119145,
            "observation": 0.30442788600921655
        }
    },
    "225": {
        "BestCoverage": 0.7625,
        "CrossoverRate": {
            "action": -0.004854625463485723,
            "observation": 0.2442990064620974
        }
    },
    "230": {
        "BestCoverage": 0.7625,
        "CrossoverRate": {
            "action": 0.08672159910202026,
            "observation": 0.23944438099861168
        }
    },
    "235": {
        "BestCoverage": 0.7625,
        "CrossoverRate": {
            "action": -0.09911147952079774,
            "observation": 0.3261659801006319
        }
    },
    "240": {
        "BestCoverage": 0.7625,
        "CrossoverRate": {
            "action": 0.09546812772750854,
            "observation": 0.22705450057983417
        }
    },
    "245": {
        "BestCoverage": 0.7625,
        "CrossoverRate": {
            "action": 0.05856168270111084,
            "observation": 0.3225226283073427
        }
    },
    "250": {
        "BestCoverage": 0.7625,
        "CrossoverRate": {
            "action": -0.09082411527633667,