{
    "15": {
        "BestCoverage": 0.8,
        "TestChangeProbability": {
            "action": 0.06445550918579102,
            "observation": 0.3333333333333333
        }
    },
    "20": {
        "BestCoverage": 0.8,
        "TestChangeProbability": {
            "action": 0.09315680265426637,
            "observation": 0.39778884251912433
        }
    },
    "25": {
        "BestCoverage": 0.8,
        "TestChangeProbability": {
            "action": 0.08869729042053223,
            "observation": 0.4909456451733907
        }
    },
    "30": {
        "BestCoverage": 0.8,
        "TestChangeProbability": {
            "action": -0.08739524483680726,
            "observation": 0.5796429355939229
        }
    },
    "35": {
        "BestCoverage": 0.8,
        "TestChangeProbability": {
            "action": -0.03407199382781982,
            "observation": 0.4922476907571156
        }
    },
    "40": {
        "BestCoverage": 0.8,
        "TestChangeProbability": {
            "action": 0.08048841953277588,
            "observation": 0.4581756969292958
        }
    },
    "45": {
        "BestCoverage": 0.8,
        "TestChangeProbability": {
            "action": 0.06877710819244384,
            "observation": 0.5386641164620717
        }
    },
    "50": {
        "BestCoverage": 0.8,
        "TestChangeProbability": {
            "action": -0.019266909360885626,
            "observation": 0.6074412246545156
        }
    },
    "55": {
        "BestCoverage": 0.8,
        "TestChangeProbability": {
            "action": 0.053969252109527605,
            "observation": 0.58817431529363
        }
    },
    "60": {
        "BestCoverage": 0.8,
        "TestChangeProbability": {
            "action": 0.09177129268646242,
            "observation": 0.6421435674031576
        }
    },
    "65": {
        "BestCoverage": 0.8,
        "TestChangeProbability": {
            "action": 0.08826839923858643,
            "observation": 0.73391486008962
        }
    },
    "70": {
        "BestCoverage": 0.8,
        "TestChangeProbability": {
            "action": -0.04403675794601441,
            "observation": 0.8221832593282065
        }
    },
    "75": {
        "BestCoverage": 0.8,
        "TestChangeProbability": {
            "action": -0.02755825519561768,
            "observation": 0.7781465013821921
        }
    },
    "80": {
        "BestCoverage": 0.8,
        "TestChangeProbability": {
            "action": -0.07541142702102661,
            "observation": 0.7505882461865744
        }
    },
    "85": {
        "BestCoverage": 0.8,
        "TestChangeProbability": {
            "action": -0.028041785955429083,
            "observation": 0.6751768191655477
        }
    },
    "90": {
        "BestCoverage": 0.8,
        "TestChangeProbability": {
            "action": 0.04593299627304076,
            "observation": 0.6471350332101187
        }
    },
    "95": {
        "BestCoverage": 0.8,
        "TestChangeProbability": {
            "action": 0.05108470916748048,
            "observation": 0.6930680294831595
        }
    },
    "100": {
        "BestCoverage": 0.8,
        "TestChangeProbability": {
            "action": -0.07082403898239137,
            "observation": 0.7441527386506399
        }
    },
    "105": {
        "BestCoverage": 0.8,
        "TestChangeProbability": {
            "action": 0.06164631843566895,
            "observation": 0.6733286996682486
        }
    },
    "110": {
        "BestCoverage": 0.8,
        "TestChangeProbability": {
            "action": 0.007500600814819333,
            "observation": 0.7349750181039175
        }
    },
    "115": {
        "BestCoverage": 0.8,
        "TestChangeProbability": {
            "action": 0.06184449195861816,
            "observation": 0.7424756189187368
        }
    },
    "120": {
        "BestCoverage": 0.8,
        "TestChangeProbability": {
            "action": 0.0928053617477417,
            "observation": 0.804320110877355
        }
    },
    "125": {
        "BestCoverage": 0.8,
        "TestChangeProbability": {
            "action": -0.005810141563415527,
            "observation": 0.8971254726250967
        }
    },
    "130": {
        "BestCoverage": 0.8,
        "TestChangeProbability": {
            "action": 0.006072795391082769,
            "observation": 0.8913153310616811
        }
    },
    "135": {
        "BestCoverage": 0.8,
        "TestChangeProbability": {
            "action": 0.07672696113586427,
            "observation": 0.8973881264527639
        }
    },
    "140": {
        "BestCoverage": 0.8,
        "TestChangeProbability": {
            "action": 0.09684300422668457,
            "observation": 0.9741150875886282
        }
    },
    "145": {
        "BestCoverage": 0.8,
        "TestChangeProbability": {
            "action": 0.07899444103240968,
            "observation": 1.0
        }
    },
    "150": {
        "BestCoverage": 0.8,
        "TestChangeProbability": {
            "action": 0.007653987407684332,
            "observation": 1.0
        }
    },
    "155": {
        "BestCoverage": 0.8,
        "TestChangeProbability": {
            "action": 0.020309317111968997,
            "observation": 1.0
        }
    },
    "160": {
        "BestCoverage": 0.8,
        "TestChangeProbability": {
            "action": 0.04459064006805419,
            "observation": 1.0
        }
    },
    "165": {
        "BestCoverage": 0.8,
        "TestChangeProbability": {
            "action": -0.06984887719154359,
            "observation": 1.0
        }
    },
    "170": {
        "BestCoverage": 0.8,
        "TestChangeProbability": {
            "action": 0.013305425643920898,
            "observation": 0.9301511228084565
        }
    },
    "175": {
        "BestCoverage": 0.8,
        "TestChangeProbability": {
            "action": 0.018461441993713384,
            "observation": 0.9434565484523774
        }
    },
    "180": {
        "BestCoverage": 0.8,
        "TestChangeProbability": {
            "action": 0.06653165817260742,
            "observation": 0.9619179904460907
        }
    },
    "185": {
        "BestCoverage": 0.8,
        "TestChangeProbability": {
            "action": 0.06033153533935548,
            "observation": 1.0
        }
    },
    "190": {
        "BestCoverage": 0.8,
        "TestChangeProbability": {
            "action": -0.008450877666473386,
            "observation": 1.0
        }
    },
    "195": {
        "BestCoverage": 0.8,
        "TestChangeProbability": {
            "action": 0.044659268856048595,
            "observation": 0.9915491223335267
        }
    },
    "200": {
        "BestCoverage": 0.8,
        "TestChangeProbability": {
            "action": -0.027324211597442624,
            "observation": 1.0
        }
    },
    "205": {
        "BestCoverage": 0.8,
        "TestChangeProbability": {
            "action": 0.061901545524597174,
            "observation": 0.9726757884025574
        }
    },
    "210": {
        "BestCoverage": 0.8,
        "TestChangeProbability": {
            "action": 0.0424572229385376,
            "observation": 1.0
        }
    },
    "215": {
        "BestCoverage": 0.8,
        "TestChangeProbability": {
            "action": 0.05417609214782715,
            "observation": 1.0
        }
    },
    "220": {
        "BestCoverage": 0.8,
        "TestChangeProbability": {
            "action": 0.07714650630950928,
            "observation": 1.0
        }
    },
    "225": {
        "BestCoverage": 0.8,
        "TestChangeProbability": {
            "action": 0.028583061695098888,
            "observation": 1.0
        }
    },
    "230": {
        "BestCoverage": 0.8,
        "TestChangeProbability": {
            "action": 0.006000721454620356,
            "observation": 1.0
        }
    },
    "235": {
        "BestCoverage": 0.8,
        "TestChangeProbability": {
            "action": 0.027194452285766613,