{
    "25": {
        "BestCoverage": 0.75,
        "TestDeleteProbability": {
            "action": 0.058237504959106456,
            "observation": 0.3333333333333333
        }
    },
    "30": {
        "BestCoverage": 0.75,
        "TestDeleteProbability": {
            "action": 0.03410497903823853,
            "observation": 0.39157083829243977
        }
    },
    "35": {
        "BestCoverage": 0.75,
        "TestDeleteProbability": {
            "action": -0.05022643804550171,
            "observation": 0.4256758173306783
        }
    },
    "40": {
        "BestCoverage": 0.75,
        "TestDeleteProbability": {
            "action": -0.03792772293090821,
            "observation": 0.3754493792851766
        }
    },
    "45": {
        "BestCoverage": 0.75,
        "TestDeleteProbability": {
            "action": -0.05539873838424683,
            "observation": 0.33752165635426834
        }
    },
    "50": {
        "BestCoverage": 0.75,
        "TestDeleteProbability": {
            "action": -0.08442437648773193,
            "observation": 0.28212291797002154
        }
    },
    "55": {
        "BestCoverage": 0.75,
        "TestDeleteProbability": {
            "action": 0.030174684524536144,
            "observation": 0.1976985414822896
        }
    },
    "60": {
        "BestCoverage": 0.75,
        "TestDeleteProbability": {
            "action": 0.02230006456375122,
            "observation": 0.22787322600682575
        }
    },
    "65": {
        "BestCoverage": 0.75,
        "TestDeleteProbability": {
            "action": -0.07810627818107606,
            "observation": 0.25017329057057697
        }
    },
    "70": {
        "BestCoverage": 0.75,
        "TestDeleteProbability": {
            "action": 0.05808513164520265,
            "observation": 0.1720670123895009
        }
    },
    "75": {
        "BestCoverage": 0.75,
        "TestDeleteProbability": {
            "action": -0.015079855918884277,
            "observation": 0.23015214403470355
        }
    },
    "80": {
        "BestCoverage": 0.75,
        "TestDeleteProbability": {
            "action": 0.01367760896682739,
            "observation": 0.21507228811581927
        }
    },
    "85": {
        "BestCoverage": 0.75,
        "TestDeleteProbability": {
            "action": 0.01393921375274658,
            "observation": 0.22874989708264665
        }
    },
    "90": {
        "BestCoverage": 0.75,
        "TestDeleteProbability": {
            "action": -0.051488167047500616,
            "observation": 0.24268911083539324
        }
    },
    "95": {
        "BestCoverage": 0.75,
        "TestDeleteProbability": {
            "action": -0.061408042907714844,
            "observation": 0.19120094378789262
        }
    },
    "100": {
        "BestCoverage": 0.75,
        "TestDeleteProbability": {
            "action": 0.05745577812194824,
            "observation": 0.12979290088017778
        }
    },
    "105": {
        "BestCoverage": 0.75,
        "TestDeleteProbability": {
            "action": -0.017351394891738897,
            "observation": 0.18724867900212602
        }
    },
    "110": {
        "BestCoverage": 0.75,
        "TestDeleteProbability": {
            "action": -0.09294043183326722,
            "observation": 0.16989728411038713
        }
    },
    "115": {
        "BestCoverage": 0.75,
        "TestDeleteProbability": {
            "action": -0.07837671041488647,
            "observation": 0.0769568522771199
        }
    },
    "120": {
        "BestCoverage": 0.75,
        "TestDeleteProbability": {
            "action": 0.012949705123901367,
            "observation": 0.0
        }
    },
    "125": {
        "BestCoverage": 0.75,
        "TestDeleteProbability": {
            "action": 0.002710926532745364,
            "observation": 0.012949705123901367
        }
    },
    "130": {
        "BestCoverage": 0.75,
        "TestDeleteProbability": {
            "action": -0.020888149738311768,
            "observation": 0.01566063165664673
        }
    },
    "135": {
        "BestCoverage": 0.75,
        "TestDeleteProbability": {
            "action": 0.08299589157104492,
            "observation": 0.0
        }
    },
    "140": {
        "BestCoverage": 0.75,
        "TestDeleteProbability": {
            "action": 0.020152318477630618,
            "observation": 0.08299589157104492
        }
    },
    "145": {
        "BestCoverage": 0.75,
        "TestDeleteProbability": {
            "action": -0.042648106813430786,
            "observation": 0.10314821004867554
        }
    },
    "150": {
        "BestCoverage": 0.75,
        "TestDeleteProbability": {
            "action": -0.07253413200378418,
            "observation": 0.060500103235244754
        }
    },
    "155": {
        "BestCoverage": 0.75,
        "TestDeleteProbability": {
            "action": -0.07317606210708619,
            "observation": 0.0
        }
    },
    "160": {
        "BestCoverage": 0.75,
        "TestDeleteProbability": {
            "action": -0.017825192213058477,
            "observation": 0.0
        }
    },
    "165": {
        "BestCoverage": 0.75,
        "TestDeleteProbability": {
            "action": 0.07457578182220459,
            "observation": 0.0
        }
    },
    "170": {
        "BestCoverage": 0.75,
        "TestDeleteProbability": {
            "action": 0.01723227500915528,
            "observation": 0.07457578182220459
        }
    },
    "175": {
        "BestCoverage": 0.75,
        "TestDeleteProbability": {
            "action": 0.08121714591979981,
            "observation": 0.09180805683135987
        }
    },
    "180": {
        "BestCoverage": 0.75,
        "TestDeleteProbability": {
            "action": -0.04769328832626343,
            "observation": 0.17302520275115968
        }
    },
    "185": {
        "BestCoverage": 0.75,
        "TestDeleteProbability": {
            "action": -0.06269592046737671,
            "observation": 0.12533191442489625
        }
    },
    "190": {
        "BestCoverage": 0.75,
        "TestDeleteProbability": {
            "action": 0.038452136516571034,
            "observation": 0.06263599395751954
        }
    },
    "195": {
        "BestCoverage": 0.75,
        "TestDeleteProbability": {
            "action": 0.054419708251953136,
            "observation": 0.10108813047409057
        }
    },
    "200": {
        "BestCoverage": 0.75,
        "TestDeleteProbability": {
            "action": -0.01065253019332886,
            "observation": 0.1555078387260437
        }
    },
    "205": {
        "BestCoverage": 0.7625,
        "TestDeleteProbability": {
            "action": -0.045688760280609135,
            "observation": 0.14485530853271483
        }
    },
    "210": {
        "BestCoverage": 0.7625,
        "TestDeleteProbability": {
            "action": 0.07675654888153077,
            "observation": 0.09916654825210569
        }
    },
    "215": {
        "BestCoverage": 0.7625,
        "TestDeleteProbability": {
            "action": 0.04334768056869506,
            "observation": 0.17592309713363646
        }
    },
    "220": {
        "BestCoverage": 0.7625,
        "TestDeleteProbability": {
            "action": -0.031622004508972165,
            "observation": 0.21927077770233153
        }
    },
    "225": {
        "BestCoverage": 0.7625,
        "TestDeleteProbability": {
            "action": -0.018057715892791745,
            "observation": 0.18764877319335938
        }
    },
    "230": {
        "BestCoverage": 0.7625,
        "TestDeleteProbability": {
            "action": -0.06472590565681458,
            "observation": 0.16959105730056762
        }
    },
    "235": {
        "BestCoverage": 0.7625,
        "TestDeleteProbability": {
            "action": -0.03255531787872315,
            "observation": 0.10486515164375304
        }
    },
    "240": {
        "BestCoverage": 0.7625,