{
    "20": {
        "BestCoverage": 0.7375,
        "TestInsertProbability": {
            "action": -0.00436835885047912,
            "observation": 0.3333333333333333
        }
    },
    "25": {
        "BestCoverage": 0.7375,
        "TestInsertProbability": {
            "action": -0.08566949963569642,
            "observation": 0.3289649744828542
        }
    },
    "30": {
        "BestCoverage": 0.7375,
        "TestInsertProbability": {
            "action": 0.0687062382698059,
            "observation": 0.2432954748471578
        }
    },
    "35": {
        "BestCoverage": 0.7375,
        "TestInsertProbability": {
            "action": 0.0868229866027832,
            "observation": 0.3120017131169637
        }
    },
    "40": {
        "BestCoverage": 0.7375,
        "TestInsertProbability": {
            "action": 0.074774169921875,
            "observation": 0.3988246997197469
        }
    },
    "45": {
        "BestCoverage": 0.75,
        "TestInsertProbability": {
            "action": -0.0405775785446167,
            "observation": 0.4735988696416219
        }
    },
    "50": {
        "BestCoverage": 0.75,
        "TestInsertProbability": {
            "action": -0.05518499612808228,
            "observation": 0.4330212910970052
        }
    },
    "55": {
        "BestCoverage": 0.75,
        "TestInsertProbability": {
            "action": 0.08775024414062502,
            "observation": 0.3778362949689229
        }
    },
    "60": {
        "BestCoverage": 0.75,
        "TestInsertProbability": {
            "action": -0.05904378890991211,
            "observation": 0.46558653910954795
        }
    },
    "65": {
        "BestCoverage": 0.75,
        "TestInsertProbability": {
            "action": -0.041843640804290774,
            "observation": 0.4065427501996358
        }
    },
    "70": {
        "BestCoverage": 0.75,
        "TestInsertProbability": {
            "action": 0.06821646690368652,
            "observation": 0.36469910939534506
        }
    },
    "75": {
        "BestCoverage": 0.75,
        "TestInsertProbability": {
            "action": -0.015224534273147586,
            "observation": 0.43291557629903155
        }
    },
    "80": {
        "BestCoverage": 0.75,
        "TestInsertProbability": {
            "action": 0.04004583358764649,
            "observation": 0.417691042025884
        }
    },
    "85": {
        "BestCoverage": 0.75,
        "TestInsertProbability": {
            "action": -0.02379860877990722,
            "observation": 0.4577368756135305
        }
    },
    "90": {
        "BestCoverage": 0.75,
        "TestInsertProbability": {
            "action": -0.07281759977340699,
            "observation": 0.43393826683362324
        }
    },
    "95": {
        "BestCoverage": 0.75,
        "TestInsertProbability": {
            "action": -0.07610964775085449,
            "observation": 0.3611206670602163
        }
    },
    "100": {
        "BestCoverage": 0.75,
        "TestInsertProbability": {
            "action": -0.0004813730716705378,
            "observation": 0.2850110193093618
        }
    },
    "105": {
        "BestCoverage": 0.75,
        "TestInsertProbability": {
            "action": -0.025503104925155645,
            "observation": 0.2845296462376913
        }
    },
    "110": {
        "BestCoverage": 0.75,
        "TestInsertProbability": {
            "action": 0.007571065425872797,
            "observation": 0.25902654131253566
        }
    },
    "115": {
        "BestCoverage": 0.75,
        "TestInsertProbability": {
            "action": 0.019010412693023684,
            "observation": 0.2665976067384085
        }
    },
    "120": {
        "BestCoverage": 0.75,
        "TestInsertProbability": {
            "action": -0.02672425508499146,
            "observation": 0.28560801943143216
        }
    },
    "125": {
        "BestCoverage": 0.75,
        "TestInsertProbability": {
            "action": 0.07755575180053711,
            "observation": 0.25888376434644067
        }
    },
    "130": {
        "BestCoverage": 0.75,
        "TestInsertProbability": {
            "action": 0.07415187358856201,
            "observation": 0.33643951614697776
        }
    },
    "135": {
        "BestCoverage": 0.75,
        "TestInsertProbability": {
            "action": -0.03568028211593628,
            "observation": 0.41059138973553977
        }
    },
    "140": {
        "BestCoverage": 0.75,
        "TestInsertProbability": {
            "action": -0.022410118579864496,
            "observation": 0.3749111076196035
        }
    },
    "145": {
        "BestCoverage": 0.75,
        "TestInsertProbability": {
            "action": 0.036157798767089855,
            "observation": 0.35250098903973903
        }
    },
    "150": {
        "BestCoverage": 0.75,
        "TestInsertProbability": {
            "action": -0.0214594304561615,
            "observation": 0.3886587878068289
        }
    },
    "155": {
        "BestCoverage": 0.75,
        "TestInsertProbability": {
            "action": 0.08781427145004272,
            "observation": 0.3671993573506674
        }
    },
    "160": {
        "BestCoverage": 0.75,
        "TestInsertProbability": {
            "action": -0.018542456626892093,
            "observation": 0.4550136288007101
        }
    },
    "165": {
        "BestCoverage": 0.75,
        "TestInsertProbability": {
            "action": 0.004409670829772949,
            "observation": 0.43647117217381803
        }
    },
    "170": {
        "BestCoverage": 0.75,
        "TestInsertProbability": {
            "action": 0.01915810108184815,
            "observation": 0.440880843003591
        }
    },
    "175": {
        "BestCoverage": 0.75,
        "TestInsertProbability": {
            "action": -0.06506224870681762,
            "observation": 0.4600389440854391
        }
    },
    "180": {
        "BestCoverage": 0.75,
        "TestInsertProbability": {
            "action": -0.013996696472167974,
            "observation": 0.39497669537862146
        }
    },
    "185": {
        "BestCoverage": 0.75,
        "TestInsertProbability": {
            "action": -0.07399358153343201,
            "observation": 0.3809799989064535
        }
    },
    "190": {
        "BestCoverage": 0.75,
        "TestInsertProbability": {
            "action": 0.09458911418914795,
            "observation": 0.3069864173730215
        }
    },
    "195": {
        "BestCoverage": 0.75,
        "TestInsertProbability": {
            "action": 0.05673933029174805,
            "observation": 0.40157553156216946
        }
    },
    "200": {
        "BestCoverage": 0.75,
        "TestInsertProbability": {
            "action": -0.07782047390937806,
            "observation": 0.4583148618539175
        }
    },
    "205": {
        "BestCoverage": 0.75,
        "TestInsertProbability": {
            "action": 0.006929874420166016,
            "observation": 0.38049438794453944
        }
    },
    "210": {
        "BestCoverage": 0.75,
        "TestInsertProbability": {
            "action": 0.028066694736480713,
            "observation": 0.38742426236470545
        }
    },
    "215": {
        "BestCoverage": 0.75,
        "TestInsertProbability": {
            "action": 0.04129951000213622,
            "observation": 0.41549095710118616
        }
    },
    "220": {
        "BestCoverage": 0.75,
        "TestInsertProbability": {
            "action": -0.06398817300796508,
            "observation": 0.4567904671033224
        }
    },
    "225": {
        "BestCoverage": 0.75,
        "TestInsertProbability": {
            "action": -0.09527142047882081,
            "observation": 0.3928022940953573
        }
    },
    "230": {
        "BestCoverage": 0.75,
        "TestInsertProbability": {
            "action": 0.03946543931961061,
            "observation": 0.29753087361653646
        }
    },
    "235": {
        "BestCoverage": 0.75,