{
    "15": {
        "BestCoverage": 0.8,
        "CrossoverRate": {
            "action": -0.03601437211036683,
            "observation": 0.75
        }
    },
    "20": {
        "BestCoverage": 0.8,
        "CrossoverRate": {
            "action": -0.0368223249912262,
            "observation": 0.7139856278896332
        }
    },
    "25": {
        "BestCoverage": 0.8,
        "CrossoverRate": {
            "action": -0.08055892586708069,
            "observation": 0.677163302898407
        }
    },
    "30": {
        "BestCoverage": 0.8,
        "CrossoverRate": {
            "action": -0.0013138711452484186,
            "observation": 0.5966043770313263
        }
    },
    "35": {
        "BestCoverage": 0.8,
        "CrossoverRate": {
            "action": 0.08737359046936036,
            "observation": 0.5952905058860779
        }
    },
    "40": {
        "BestCoverage": 0.8,
        "CrossoverRate": {
            "action": -0.0073160529136657715,
            "observation": 0.6826640963554382
        }
    },
    "45": {
        "BestCoverage": 0.8,
        "CrossoverRate": {
            "action": 0.06298218965530397,
            "observation": 0.6753480434417725
        }
    },
    "50": {
        "BestCoverage": 0.8,
        "CrossoverRate": {
            "action": -0.006756186485290527,
            "observation": 0.7383302330970765
        }
    },
    "55": {
        "BestCoverage": 0.8,
        "CrossoverRate": {
            "action": 0.0466775417327881,
            "observation": 0.7315740466117859
        }
    },
    "60": {
        "BestCoverage": 0.8,
        "CrossoverRate": {
            "action": -0.0941567361354828,
            "observation": 0.778251588344574
        }
    },
    "65": {
        "BestCoverage": 0.8,
        "CrossoverRate": {
            "action": -0.09004057049751282,
            "observation": 0.6840948522090912
        }
    },
    "70": {
        "BestCoverage": 0.8,
        "CrossoverRate": {
            "action": -0.013050454854965213,
            "observation": 0.5940542817115784
        }
    },
    "75": {
        "BestCoverage": 0.8,
        "CrossoverRate": {
            "action": -0.07869523763656616,
            "observation": 0.5810038268566131
        }
    },
    "80": {
        "BestCoverage": 0.8,
        "CrossoverRate": {
            "action": -0.07517284750938416,
            "observation": 0.502308589220047
        }
    },
    "85": {
        "BestCoverage": 0.8,
        "CrossoverRate": {
            "action": 0.052001070976257335,
            "observation": 0.4271357417106628
        }
    },
    "90": {
        "BestCoverage": 0.8,
        "CrossoverRate": {
            "action": 0.07766997814178467,
            "observation": 0.47913681268692015
        }
    },
    "95": {
        "BestCoverage": 0.8,
        "CrossoverRate": {
            "action": 0.05511412620544434,
            "observation": 0.5568067908287049
        }
    },
    "100": {
        "BestCoverage": 0.8,
        "CrossoverRate": {
            "action": -0.0635797381401062,
            "observation": 0.6119209170341492
        }
    },
    "105": {
        "BestCoverage": 0.8,
        "CrossoverRate": {
            "action": -0.04287695288658142,
            "observation": 0.548341178894043
        }
    },
    "110": {
        "BestCoverage": 0.8,
        "CrossoverRate": {
            "action": 0.054315721988677984,
            "observation": 0.5054642260074615
        }
    },
    "115": {
        "BestCoverage": 0.8,
        "CrossoverRate": {
            "action": 0.09834922552108766,
            "observation": 0.5597799479961395
        }
    },
    "120": {
        "BestCoverage": 0.8,
        "CrossoverRate": {
            "action": -0.08277724385261537,
            "observation": 0.6581291735172272
        }
    },
    "125": {
        "BestCoverage": 0.8,
        "CrossoverRate": {
            "action": 0.09665789604187011,
            "observation": 0.5753519296646119
        }
    },
    "130": {
        "BestCoverage": 0.8,
        "CrossoverRate": {
            "action": -0.09383902549743653,
            "observation": 0.672009825706482
        }
    },
    "135": {
        "BestCoverage": 0.8,
        "CrossoverRate": {
            "action": 0.04816505908966065,
            "observation": 0.5781708002090455
        }
    },
    "140": {
        "BestCoverage": 0.8,
        "CrossoverRate": {
            "action": -0.03363558650016785,
            "observation": 0.6263358592987062
        }
    },
    "145": {
        "BestCoverage": 0.8,
        "CrossoverRate": {
            "action": 0.05603798627853393,
            "observation": 0.5927002727985383
        }
    },
    "150": {
        "BestCoverage": 0.8,
        "CrossoverRate": {
            "action": 0.046430349349975586,
            "observation": 0.6487382590770723
        }
    },
    "155": {
        "BestCoverage": 0.8,
        "CrossoverRate": {
            "action": -0.08159393668174744,
            "observation": 0.6951686084270479
        }
    },
    "160": {
        "BestCoverage": 0.8,
        "CrossoverRate": {
            "action": 0.04813148975372314,
            "observation": 0.6135746717453004
        }
    },
    "165": {
        "BestCoverage": 0.8,
        "CrossoverRate": {
            "action": -0.05004473924636841,
            "observation": 0.6617061614990236
        }
    },
    "170": {
        "BestCoverage": 0.8,
        "CrossoverRate": {
            "action": 0.08920629024505616,
            "observation": 0.6116614222526552
        }
    },
    "175": {
        "BestCoverage": 0.8,
        "CrossoverRate": {
            "action": 0.08498728275299072,
            "observation": 0.7008677124977114
        }
    },
    "180": {
        "BestCoverage": 0.8,
        "CrossoverRate": {
            "action": -0.09695634245872498,
            "observation": 0.7858549952507021
        }
    },
    "185": {
        "BestCoverage": 0.8,
        "CrossoverRate": {
            "action": 0.015132224559783941,
            "observation": 0.6888986527919772
        }
    },
    "190": {
        "BestCoverage": 0.8,
        "CrossoverRate": {
            "action": -0.003374940156936651,
            "observation": 0.7040308773517611
        }
    },
    "195": {
        "BestCoverage": 0.8,
        "CrossoverRate": {
            "action": 0.019017612934112554,
            "observation": 0.7006559371948244
        }
    },
    "200": {
        "BestCoverage": 0.8,
        "CrossoverRate": {
            "action": 0.027287518978118902,
            "observation": 0.719673550128937
        }
    },
    "205": {
        "BestCoverage": 0.8,
        "CrossoverRate": {
            "action": -0.04248719215393067,
            "observation": 0.7469610691070558
        }
    },
    "210": {
        "BestCoverage": 0.8,
        "CrossoverRate": {
            "action": 0.06907520294189454,
            "observation": 0.7044738769531251
        }
    },
    "215": {
        "BestCoverage": 0.8,
        "CrossoverRate": {
            "action": -0.0457004189491272,
            "observation": 0.7735490798950196
        }
    },
    "220": {
        "BestCoverage": 0.8,
        "CrossoverRate": {
            "action": -0.07488067150115968,
            "observation": 0.7278486609458924
        }
    },
    "225": {
        "BestCoverage": 0.8,
        "CrossoverRate": {
            "action": 0.052785801887512224,
            "observation": 0.6529679894447327
        }
    },
    "230": {
        "BestCoverage": 0.8,
        "CrossoverRate": {
            "action": -0.012546157836914068,
            "observation": 0.7057537913322449
        }
    },
    "235": {
        "BestCoverage": 0.8,
        "CrossoverRate": {
            "action": -0.04206814765930176,
            "observation": 0.6932076334953309
        }
    },
    "240": {
        "BestCoverage": 0.8,
        "CrossoverRate": {
            "action": 0.056114220619201655,