{
    "15": {
        "BestCoverage": 0.8,
        "Elite": {
            "action": 0.6056914329528809,
            "observation": 1
        }
    },
    "20": {
        "BestCoverage": 0.8,
        "Elite": {
            "action": -0.3202618956565857,
            "observation": 2
        }
    },
    "25": {
        "BestCoverage": 0.8,
        "Elite": {
            "action": -0.5491821765899658,
            "observation": 2
        }
    },
    "30": {
        "BestCoverage": 0.8,
        "Elite": {
            "action": 0.9820857048034668,
            "observation": 1
        }
    },
    "35": {
        "BestCoverage": 0.8,
        "Elite": {
            "action": -0.08186811208724976,
            "observation": 2
        }
    },
    "40": {
        "BestCoverage": 0.8,
        "Elite": {
            "action": 0.7270958423614502,
            "observation": 2
        }
    },
    "45": {
        "BestCoverage": 0.8,
        "Elite": {
            "action": -0.43382835388183594,
            "observation": 3
        }
    },
    "50": {
        "BestCoverage": 0.8,
        "Elite": {
            "action": -0.5088807344436646,
            "observation": 3
        }
    },
    "55": {
        "BestCoverage": 0.8,
        "Elite": {
            "action": 0.6392450332641602,
            "observation": 2
        }
    },
    "60": {
        "BestCoverage": 0.8,
        "Elite": {
            "action": -0.7707670331001282,
            "observation": 3
        }
    },
    "65": {
        "BestCoverage": 0.8,
        "Elite": {
            "action": 0.12316572666168213,
            "observation": 2
        }
    },
    "70": {
        "BestCoverage": 0.8,
        "Elite": {
            "action": 0.17421579360961914,
            "observation": 2
        }
    },
    "75": {
        "BestCoverage": 0.8,
        "Elite": {
            "action": -0.5550326108932495,
            "observation": 2
        }
    },
    "80": {
        "BestCoverage": 0.8,
        "Elite": {
            "action": -0.21500223875045776,
            "observation": 1
        }
    },
    "85": {
        "BestCoverage": 0.8,
        "Elite": {
            "action": -0.20843356847763062,
            "observation": 1
        }
    },
    "90": {
        "BestCoverage": 0.8,
        "Elite": {
            "action": -0.8688833713531494,
            "observation": 1
        }
    },
    "95": {
        "BestCoverage": 0.8,
        "Elite": {
            "action": 0.6043410301208496,
            "observation": 0
        }
    },
    "100": {
        "BestCoverage": 0.8,
        "Elite": {
            "action": 0.5643512010574341,
            "observation": 1
        }
    },
    "105": {
        "BestCoverage": 0.8,
        "Elite": {
            "action": -0.695101797580719,
            "observation": 2
        }
    },
    "110": {
        "BestCoverage": 0.8,
        "Elite": {
            "action": 0.030860185623168945,
            "observation": 1
        }
    },
    "115": {
        "BestCoverage": 0.8,
        "Elite": {
            "action": 0.9243001937866211,
            "observation": 1
        }
    },
    "120": {
        "BestCoverage": 0.8,
        "Elite": {
            "action": -0.5761190056800842,
            "observation": 2
        }
    },
    "125": {
        "BestCoverage": 0.8,
        "Elite": {
            "action": 0.8155030012130737,
            "observation": 1
        }
    },
    "130": {
        "BestCoverage": 0.8,
        "Elite": {
            "action": -0.20164036750793457,
            "observation": 2
        }
    },
    "135": {
        "BestCoverage": 0.8,
        "Elite": {
            "action": 0.7927970886230469,
            "observation": 2
        }
    },
    "140": {
        "BestCoverage": 0.8,
        "Elite": {
            "action": 0.42220306396484375,
            "observation": 3
        }
    },
    "145": {
        "BestCoverage": 0.8,
        "Elite": {
            "action": -0.8242959976196289,
            "observation": 3
        }
    },
    "150": {
        "BestCoverage": 0.8,
        "Elite": {
            "action": 0.21198058128356934,
            "observation": 2
        }
    },
    "155": {
        "BestCoverage": 0.8,
        "Elite": {
            "action": 0.33760595321655273,
            "observation": 2
        }
    },
    "160": {
        "BestCoverage": 0.8,
        "Elite": {
            "action": -0.22614222764968872,
            "observation": 2
        }
    },
    "165": {
        "BestCoverage": 0.8,
        "Elite": {
            "action": 0.12830042839050293,
            "observation": 2
        }
    },
    "170": {
        "BestCoverage": 0.8,
        "Elite": {
            "action": -0.054081618785858154,
            "observation": 2
        }
    },
    "175": {
        "BestCoverage": 0.8,
        "Elite": {
            "action": 0.6814570426940918,
            "observation": 2
        }
    },
    "180": {
        "BestCoverage": 0.8,
        "Elite": {
            "action": 0.2599031925201416,
            "observation": 3
        }
    },
    "185": {
        "BestCoverage": 0.8,
        "Elite": {
            "action": -0.771574079990387,
            "observation": 3
        }
    },
    "190": {
        "BestCoverage": 0.8,
        "Elite": {
            "action": -0.776437520980835,
            "observation": 2
        }
    },
    "195": {
        "BestCoverage": 0.8,
        "Elite": {
            "action": 0.6578571796417236,
            "observation": 1
        }
    },
    "200": {
        "BestCoverage": 0.8,
        "Elite": {
            "action": 0.43783092498779297,
            "observation": 2
        }
    },
    "205": {
        "BestCoverage": 0.8,
        "Elite": {
            "action": 0.2831465005874634,
            "observation": 2
        }
    },
    "210": {
        "BestCoverage": 0.8,
        "Elite": {
            "action": -0.605859100818634,
            "observation": 2
        }
    },
    "215": {
        "BestCoverage": 0.8,
        "Elite": {
            "action": -0.1614893674850464,
            "observation": 1
        }
    },
    "220": {
        "BestCoverage": 0.8,
        "Elite": {
            "action": -0.9785991907119751,
            "observation": 1
        }
    },
    "225": {
        "BestCoverage": 0.8,
        "Elite": {
            "action": -0.32585644721984863,
            "observation": 0
        }
    },
    "230": {
        "BestCoverage": 0.8,
        "Elite": {
            "action": 0.9837262630462646,
            "observation": 0
        }
    },
    "235": {
        "BestCoverage": 0.8,
        "Elite": {
            "action": -0.8333823680877686,
            "observation": 1
        }
    },
    "240": {
        "BestCoverage": 0.8,
        "Elite": {
            "action": -0.05202513933181763,
            "observation": 0
        }
    },
    "245": {
        "BestCoverage": 0.8,
        "Elite": {
            "action": 0.02848219871520996,
            "observation": 0
        }
    },
    "250": {
        "BestCoverage": 0.8,
        "Elite": {
            "action": 0.0027312040328979492,
            "observation": 0
        }
    },
    "255": {
        "BestCoverage": 0.8,
        "Elite": {
            "action": 0.8795323371887207,
            "observation": 0
        }
    },
    "260": {
        "BestCoverage": 0.8,
        "Elite": {
            "action": -0.2164062261581421,
            "observation": 1
        }
    },
    "265": {
        "BestCoverage": 0.8,
        "Elite": {
            "action": 0.7690658569335938,
            "observation": 1
        }
    },
    "270": {
        "BestCoverage": 0.8,
        "Elite": {
            "action": -0.3653451204299927,
            "observation": 2
        }
    },
    "275": {
        "BestCoverage": 0.8,
        "Elite": {
            "action": -0.9935200214385986,
            "observation": 2
        }
    },
    "280": {
        "BestCoverage": 0.8,