{
    "15": {
        "BestCoverage": 0.8,
        "Population": {
            "action": -4.427034378051758,
            "observation": 50
        }
    },
    "20": {
        "BestCoverage": 0.8,
        "Population": {
            "action": -2.2711071968078613,
            "observation": 46
        }
    },
    "25": {
        "BestCoverage": 0.8,
        "Population": {
            "action": -5.389007091522217,
            "observation": 44
        }
    },
    "30": {
        "BestCoverage": 0.8,
        "Population": {
            "action": 6.318586349487305,
            "observation": 39
        }
    },
    "35": {
        "BestCoverage": 0.8,
        "Population": {
            "action": 7.764339447021484,
            "observation": 45
        }
    },
    "40": {
        "BestCoverage": 0.8,
        "Population": {
            "action": -3.7045669555664062,
            "observation": 53
        }
    },
    "45": {
        "BestCoverage": 0.8,
        "Population": {
            "action": 3.3090572357177734,
            "observation": 49
        }
    },
    "50": {
        "BestCoverage": 0.8,
        "Population": {
            "action": -3.281099796295166,
            "observation": 52
        }
    },
    "55": {
        "BestCoverage": 0.8,
        "Population": {
            "action": 5.064582824707031,
            "observation": 49
        }
    },
    "60": {
        "BestCoverage": 0.8,
        "Population": {
            "action": 2.8542280197143555,
            "observation": 54
        }
    },
    "65": {
        "BestCoverage": 0.8,
        "Population": {
            "action": -2.475949764251709,
            "observation": 57
        }
    },
    "70": {
        "BestCoverage": 0.8,
        "Population": {
            "action": -1.2036943435668945,
            "observation": 55
        }
    },
    "75": {
        "BestCoverage": 0.8,
        "Population": {
            "action": 4.574520111083984,
            "observation": 54
        }
    },
    "80": {
        "BestCoverage": 0.8,
        "Population": {
            "action": -3.0974645614624023,
            "observation": 59
        }
    },
    "85": {
        "BestCoverage": 0.8,
        "Population": {
            "action": -0.7742342948913574,
            "observation": 56
        }
    },
    "90": {
        "BestCoverage": 0.8,
        "Population": {
            "action": 3.4939327239990234,
            "observation": 55
        }
    },
    "95": {
        "BestCoverage": 0.8,
        "Population": {
            "action": 4.929515838623047,
            "observation": 58
        }
    },
    "100": {
        "BestCoverage": 0.8,
        "Population": {
            "action": -7.446338653564453,
            "observation": 63
        }
    },
    "105": {
        "BestCoverage": 0.8,
        "Population": {
            "action": 0.7731199264526367,
            "observation": 56
        }
    },
    "110": {
        "BestCoverage": 0.8,
        "Population": {
            "action": -5.643148422241211,
            "observation": 57
        }
    },
    "115": {
        "BestCoverage": 0.8,
        "Population": {
            "action": 2.7706680297851562,
            "observation": 51
        }
    },
    "120": {
        "BestCoverage": 0.8,
        "Population": {
            "action": -5.465503215789795,
            "observation": 54
        }
    },
    "125": {
        "BestCoverage": 0.8,
        "Population": {
            "action": -3.0045480728149414,
            "observation": 49
        }
    },
    "130": {
        "BestCoverage": 0.8,
        "Population": {
            "action": -3.507047176361084,
            "observation": 46
        }
    },
    "135": {
        "BestCoverage": 0.8,
        "Population": {
            "action": 7.588590621948242,
            "observation": 42
        }
    },
    "140": {
        "BestCoverage": 0.8,
        "Population": {
            "action": -0.6979994773864746,
            "observation": 50
        }
    },
    "145": {
        "BestCoverage": 0.8,
        "Population": {
            "action": -6.819518089294434,
            "observation": 49
        }
    },
    "150": {
        "BestCoverage": 0.8,
        "Population": {
            "action": -0.15097904205322266,
            "observation": 42
        }
    },
    "155": {
        "BestCoverage": 0.8,
        "Population": {
            "action": 6.64556884765625,
            "observation": 42
        }
    },
    "160": {
        "BestCoverage": 0.8,
        "Population": {
            "action": 4.47998046875,
            "observation": 49
        }
    },
    "165": {
        "BestCoverage": 0.8,
        "Population": {
            "action": -3.037184238433838,
            "observation": 53
        }
    },
    "170": {
        "BestCoverage": 0.8,
        "Population": {
            "action": 6.061672210693359,
            "observation": 50
        }
    },
    "175": {
        "BestCoverage": 0.8,
        "Population": {
            "action": -1.7581229209899902,
            "observation": 56
        }
    },
    "180": {
        "BestCoverage": 0.8,
        "Population": {
            "action": -7.94297981262207,
            "observation": 54
        }
    },
    "185": {
        "BestCoverage": 0.8,
        "Population": {
            "action": -5.830866813659668,
            "observation": 46
        }
    },
    "190": {
        "BestCoverage": 0.8,
        "Population": {
            "action": -7.8414506912231445,
            "observation": 40
        }
    },
    "195": {
        "BestCoverage": 0.8,
        "Population": {
            "action": -0.5400147438049316,
            "observation": 32
        }
    },
    "200": {
        "BestCoverage": 0.8,
        "Population": {
            "action": -4.998579978942871,
            "observation": 31
        }
    },
    "205": {
        "BestCoverage": 0.8,
        "Population": {
            "action": 3.6130523681640625,
            "observation": 26
        }
    },
    "210": {
        "BestCoverage": 0.8,
        "Population": {
            "action": 6.423162460327148,
            "observation": 30
        }
    },
    "215": {
        "BestCoverage": 0.8,
        "Population": {
            "action": 3.0708608627319336,
            "observation": 36
        }
    },
    "220": {
        "BestCoverage": 0.8,
        "Population": {
            "action": -0.6945557594299316,
            "observation": 39
        }
    },
    "225": {
        "BestCoverage": 0.8,
        "Population": {
            "action": 7.823396682739258,
            "observation": 38
        }
    },
    "230": {
        "BestCoverage": 0.8,
        "Population": {
            "action": 3.9799118041992188,
            "observation": 46
        }
    },
    "235": {
        "BestCoverage": 0.8,
        "Population": {
            "action": 4.331117630004883,
            "observation": 50
        }
    },
    "240": {
        "BestCoverage": 0.8,
        "Population": {
            "action": 7.623178482055664,
            "observation": 54
        }
    },
    "245": {
        "BestCoverage": 0.8,
        "Population": {
            "action": 2.457317352294922,
            "observation": 62
        }
    },
    "250": {
        "BestCoverage": 0.8,
        "Population": {
            "action": -0.7642879486083984,
            "observation": 64
        }
    },
    "255": {
        "BestCoverage": 0.8,
        "Population": {
            "action": -5.283622741699219,
            "observation": 63
        }
    },
    "260": {
        "BestCoverage": 0.8,
        "Population": {
            "action": 0.24040699005126953,
            "observation": 58
        }
    },
    "265": {
        "BestCoverage": 0.8,
        "Population": {
            "action": -5.445069789886475,
            "observation": 58
        }
    },
    "270": {
        "BestCoverage": 0.8,
        "Population": {
            "action": 4.741959571838379,