{
    "15": {
        "BestCoverage": 0.8,
        "Elite": {
            "action": -0.6173526048660278,
            "observation": 1
        }
    },
    "20": {
        "BestCoverage": 0.8,
        "Elite": {
            "action": -0.6130312085151672,
            "observation": 0
        }
    },
    "25": {
        "BestCoverage": 0.8,
        "Elite": {
            "action": 0.732410192489624,
            "observation": 0
        }
    },
    "30": {
        "BestCoverage": 0.8,
        "Elite": {
            "action": 0.8307344913482666,
            "observation": 1
        }
    },
    "35": {
        "BestCoverage": 0.8,
        "Elite": {
            "action": 0.5662703514099121,
            "observation": 2
        }
    },
    "40": {
        "BestCoverage": 0.8,
        "Elite": {
            "action": 0.786957859992981,
            "observation": 3
        }
    },
    "45": {
        "BestCoverage": 0.8,
        "Elite": {
            "action": 0.30774664878845215,
            "observation": 4
        }
    },
    "50": {
        "BestCoverage": 0.8,
        "Elite": {
            "action": -0.9668033123016357,
            "observation": 4
        }
    },
    "55": {
        "BestCoverage": 0.8,
        "Elite": {
            "action": 0.10485434532165527,
            "observation": 3
        }
    },
    "60": {
        "BestCoverage": 0.8,
        "Elite": {
            "action": 0.12744295597076416,
            "observation": 3
        }
    },
    "65": {
        "BestCoverage": 0.8,
        "Elite": {
            "action": 0.2894381284713745,
            "observation": 3
        }
    },
    "70": {
        "BestCoverage": 0.8,
        "Elite": {
            "action": 0.7824914455413818,
            "observation": 3
        }
    },
    "75": {
        "BestCoverage": 0.8,
        "Elite": {
            "action": -0.23781555891036987,
            "observation": 4
        }
    },
    "80": {
        "BestCoverage": 0.8,
        "Elite": {
            "action": -0.4682338833808899,
            "observation": 4
        }
    },
    "85": {
        "BestCoverage": 0.8,
        "Elite": {
            "action": -0.08215582370758057,
            "observation": 4
        }
    },
    "90": {
        "BestCoverage": 0.8,
        "Elite": {
            "action": -0.4104522466659546,
            "observation": 4
        }
    },
    "95": {
        "BestCoverage": 0.8,
        "Elite": {
            "action": -0.32145965099334717,
            "observation": 4
        }
    },
    "100": {
        "BestCoverage": 0.8,
        "Elite": {
            "action": 0.9321858882904053,
            "observation": 4
        }
    },
    "105": {
        "BestCoverage": 0.8,
        "Elite": {
            "action": 0.3473684787750244,
            "observation": 5
        }
    },
    "110": {
        "BestCoverage": 0.8,
        "Elite": {
            "action": -0.9617665410041809,
            "observation": 5
        }
    },
    "115": {
        "BestCoverage": 0.8,
        "Elite": {
            "action": -0.06271237134933472,
            "observation": 4
        }
    },
    "120": {
        "BestCoverage": 0.8,
        "Elite": {
            "action": 0.28480255603790283,
            "observation": 4
        }
    },
    "125": {
        "BestCoverage": 0.8,
        "Elite": {
            "action": -0.7960224151611328,
            "observation": 4
        }
    },
    "130": {
        "BestCoverage": 0.8,
        "Elite": {
            "action": 0.22388219833374023,
            "observation": 3
        }
    },
    "135": {
        "BestCoverage": 0.8,
        "Elite": {
            "action": 0.2594726085662842,
            "observation": 3
        }
    },
    "140": {
        "BestCoverage": 0.8,
        "Elite": {
            "action": 0.19067907333374023,
            "observation": 3
        }
    },
    "145": {
        "BestCoverage": 0.8,
        "Elite": {
            "action": -0.012273430824279785,
            "observation": 3
        }
    },
    "150": {
        "BestCoverage": 0.8,
        "Elite": {
            "action": -0.6136114001274109,
            "observation": 3
        }
    },
    "155": {
        "BestCoverage": 0.8,
        "Elite": {
            "action": -0.03736692667007446,
            "observation": 2
        }
    },
    "160": {
        "BestCoverage": 0.8,
        "Elite": {
            "action": 0.7939927577972412,
            "observation": 2
        }
    },
    "165": {
        "BestCoverage": 0.8,
        "Elite": {
            "action": 0.569242000579834,
            "observation": 3
        }
    },
    "170": {
        "BestCoverage": 0.8,
        "Elite": {
            "action": 0.9182910919189453,
            "observation": 4
        }
    },
    "175": {
        "BestCoverage": 0.8,
        "Elite": {
            "action": 0.5023810863494873,
            "observation": 5
        }
    },
    "180": {
        "BestCoverage": 0.8,
        "Elite": {
            "action": -0.05434072017669678,
            "observation": 6
        }
    },
    "185": {
        "BestCoverage": 0.8,
        "Elite": {
            "action": -0.07404673099517822,
            "observation": 6
        }
    },
    "190": {
        "BestCoverage": 0.8,
        "Elite": {
            "action": -0.732865035533905,
            "observation": 6
        }
    },
    "195": {
        "BestCoverage": 0.8,
        "Elite": {
            "action": -0.5064528584480286,
            "observation": 5
        }
    },
    "200": {
        "BestCoverage": 0.8,
        "Elite": {
            "action": 0.11422228813171387,
            "observation": 4
        }
    },
    "205": {
        "BestCoverage": 0.8,
        "Elite": {
            "action": 0.389080286026001,
            "observation": 4
        }
    },
    "210": {
        "BestCoverage": 0.8,
        "Elite": {
            "action": -0.2012401819229126,
            "observation": 4
        }
    },
    "215": {
        "BestCoverage": 0.8,
        "Elite": {
            "action": 0.06086075305938721,
            "observation": 4
        }
    },
    "220": {
        "BestCoverage": 0.8,
        "Elite": {
            "action": -0.15015649795532227,
            "observation": 4
        }
    },
    "225": {
        "BestCoverage": 0.8,
        "Elite": {
            "action": 0.5140314102172852,
            "observation": 4
        }
    },
    "230": {
        "BestCoverage": 0.8,
        "Elite": {
            "action": -0.8775498270988464,
            "observation": 5
        }
    },
    "235": {
        "BestCoverage": 0.8,
        "Elite": {
            "action": 0.5611023902893066,
            "observation": 4
        }
    },
    "240": {
        "BestCoverage": 0.8,
        "Elite": {
            "action": 0.04386472702026367,
            "observation": 5
        }
    },
    "245": {
        "BestCoverage": 0.8,
        "Elite": {
            "action": -0.45679885149002075,
            "observation": 5
        }
    },
    "250": {
        "BestCoverage": 0.8,
        "Elite": {
            "action": 0.5069097280502319,
            "observation": 5
        }
    },
    "255": {
        "BestCoverage": 0.8,
        "Elite": {
            "action": -0.18495440483093262,
            "observation": 6
        }
    },
    "260": {
        "BestCoverage": 0.8,
        "Elite": {
            "action": -0.8309954404830933,
            "observation": 6
        }
    },
    "265": {
        "BestCoverage": 0.8,
        "Elite": {
            "action": 0.9598619937896729,
            "observation": 5
        }
    },
    "270": {
        "BestCoverage": 0.8,
        "Elite": {
            "action": 0.2177060842514038,
            "observation": 6
        }
    },
    "275": {
        "BestCoverage": 0.8,
        "Elite": {
            "action": -0.4375845789909363,
            "observation": 6
        }
    },
    "280": {
        "BestCoverage": 0.8,