{
    "15": {
        "BestCoverage": 0.05714285714285714,
        "Population": {
            "action": 4.998636245727539,
            "observation": 50
        }
    },
    "20": {
        "BestCoverage": 0.05714285714285714,
        "Population": {
            "action": 6.103650093078613,
            "observation": 55
        }
    },
    "25": {
        "BestCoverage": 0.05714285714285714,
        "Population": {
            "action": -6.307576656341553,
            "observation": 61
        }
    },
    "30": {
        "BestCoverage": 0.05714285714285714,
        "Population": {
            "action": 6.572332382202148,
            "observation": 55
        }
    },
    "35": {
        "BestCoverage": 0.05714285714285714,
        "Population": {
            "action": -7.732097148895264,
            "observation": 62
        }
    },
    "40": {
        "BestCoverage": 0.05714285714285714,
        "Population": {
            "action": 6.670598030090332,
            "observation": 54
        }
    },
    "45": {
        "BestCoverage": 0.05714285714285714,
        "Population": {
            "action": 1.4518318176269531,
            "observation": 61
        }
    },
    "50": {
        "BestCoverage": 0.05714285714285714,
        "Population": {
            "action": 4.412471771240234,
            "observation": 62
        }
    },
    "55": {
        "BestCoverage": 0.05714285714285714,
        "Population": {
            "action": 0.90447998046875,
            "observation": 66
        }
    },
    "60": {
        "BestCoverage": 0.05714285714285714,
        "Population": {
            "action": 1.3479194641113281,
            "observation": 67
        }
    },
    "65": {
        "BestCoverage": 0.05714285714285714,
        "Population": {
            "action": -0.8782167434692383,
            "observation": 68
        }
    },
    "70": {
        "BestCoverage": 0.05714285714285714,
        "Population": {
            "action": 6.092630386352539,
            "observation": 67
        }
    },
    "75": {
        "BestCoverage": 0.05714285714285714,
        "Population": {
            "action": -4.36201286315918,
            "observation": 73
        }
    },
    "80": {
        "BestCoverage": 0.05714285714285714,
        "Population": {
            "action": 2.8868093490600586,
            "observation": 69
        }
    },
    "85": {
        "BestCoverage": 0.05714285714285714,
        "Population": {
            "action": -2.4612350463867188,
            "observation": 72
        }
    },
    "90": {
        "BestCoverage": 0.05714285714285714,
        "Population": {
            "action": 7.949579238891602,
            "observation": 70
        }
    },
    "95": {
        "BestCoverage": 0.05714285714285714,
        "Population": {
            "action": 1.2867927551269531,
            "observation": 78
        }
    },
    "100": {
        "BestCoverage": 0.05714285714285714,
        "Population": {
            "action": 7.932798385620117,
            "observation": 79
        }
    },
    "105": {
        "BestCoverage": 0.05714285714285714,
        "Population": {
            "action": 2.222139358520508,
            "observation": 87
        }
    },
    "110": {
        "BestCoverage": 0.05714285714285714,
        "Population": {
            "action": 3.6622114181518555,
            "observation": 89
        }
    },
    "115": {
        "BestCoverage": 0.05714285714285714,
        "Population": {
            "action": -6.394647121429443,
            "observation": 93
        }
    },
    "120": {
        "BestCoverage": 0.05714285714285714,
        "Population": {
            "action": 3.5408506393432617,
            "observation": 87
        }
    },
    "125": {
        "BestCoverage": 0.05714285714285714,
        "Population": {
            "action": 4.25013542175293,
            "observation": 91
        }
    },
    "130": {
        "BestCoverage": 0.05714285714285714,
        "Population": {
            "action": -4.260668754577637,
            "observation": 95
        }
    },
    "135": {
        "BestCoverage": 0.05714285714285714,
        "Population": {
            "action": 3.2583560943603516,
            "observation": 91
        }
    },
    "140": {
        "BestCoverage": 0.05714285714285714,
        "Population": {
            "action": 0.7954492568969727,
            "observation": 94
        }
    },
    "145": {
        "BestCoverage": 0.05714285714285714,
        "Population": {
            "action": -1.5428276062011719,
            "observation": 95
        }
    },
    "150": {
        "BestCoverage": 0.05714285714285714,
        "Population": {
            "action": 7.812986373901367,
            "observation": 93
        }
    },
    "155": {
        "BestCoverage": 0.05714285714285714,
        "Population": {
            "action": -6.537339687347412,
            "observation": 100
        }
    },
    "160": {
        "BestCoverage": 0.05714285714285714,
        "Population": {
            "action": -6.900300979614258,
            "observation": 93
        }
    },
    "165": {
        "BestCoverage": 0.05714285714285714,
        "Population": {
            "action": -3.6491785049438477,
            "observation": 86
        }
    },
    "170": {
        "BestCoverage": 0.05714285714285714,
        "Population": {
            "action": 0.6609725952148438,
            "observation": 82
        }
    },
    "175": {
        "BestCoverage": 0.05714285714285714,
        "Population": {
            "action": -6.274733543395996,
            "observation": 83
        }
    },
    "180": {
        "BestCoverage": 0.05714285714285714,
        "Population": {
            "action": -4.292804718017578,
            "observation": 77
        }
    },
    "185": {
        "BestCoverage": 0.05714285714285714,
        "Population": {
            "action": 4.269265174865723,
            "observation": 73
        }
    },
    "190": {
        "BestCoverage": 0.05714285714285714,
        "Population": {
            "action": -7.6002349853515625,
            "observation": 77
        }
    },
    "195": {
        "BestCoverage": 0.05714285714285714,
        "Population": {
            "action": 2.399049758911133,
            "observation": 69
        }
    },
    "200": {
        "BestCoverage": 0.05714285714285714,
        "Population": {
            "action": -4.713176250457764,
            "observation": 71
        }
    },
    "205": {
        "BestCoverage": 0.05714285714285714,
        "Population": {
            "action": 5.532018661499023,
            "observation": 66
        }
    },
    "210": {
        "BestCoverage": 0.05714285714285714,
        "Population": {
            "action": -0.2800254821777344,
            "observation": 72
        }
    },
    "215": {
        "BestCoverage": 0.05714285714285714,
        "Population": {
            "action": -5.911620140075684,
            "observation": 72
        }
    },
    "220": {
        "BestCoverage": 0.05714285714285714,
        "Population": {
            "action": -1.0111894607543945,
            "observation": 66
        }
    },
    "225": {
        "BestCoverage": 0.05714285714285714,
        "Population": {
            "action": 5.305610656738281,
            "observation": 65
        }
    },
    "230": {
        "BestCoverage": 0.05714285714285714,
        "Population": {
            "action": 4.708704948425293,
            "observation": 70
        }
    },
    "235": {
        "BestCoverage": 0.05714285714285714,
        "Population": {
            "action": -0.5458626747131348,
            "observation": 75
        }
    },
    "240": {
        "BestCoverage": 0.05714285714285714,
        "Population": {
            "action": 1.828603744506836,
            "observation": 74
        }
    },
    "245": {
        "BestCoverage": 0.05714285714285714,
        "Population": {
            "action": -1.277723789215088,