{
    "15": {
        "BestCoverage": 0.8,
        "TestInsertionProbability": {
            "action": 0.07255339622497559,
            "observation": 0.1
        }
    },
    "20": {
        "BestCoverage": 0.8,
        "TestInsertionProbability": {
            "action": -0.07856919765472413,
            "observation": 0.1725533962249756
        }
    },
    "25": {
        "BestCoverage": 0.8,
        "TestInsertionProbability": {
            "action": 0.09103822708129883,
            "observation": 0.09398419857025146
        }
    },
    "30": {
        "BestCoverage": 0.8,
        "TestInsertionProbability": {
            "action": -0.08274587392807008,
            "observation": 0.1850224256515503
        }
    },
    "35": {
        "BestCoverage": 0.8,
        "TestInsertionProbability": {
            "action": -0.018341279029846197,
            "observation": 0.10227655172348023
        }
    },
    "40": {
        "BestCoverage": 0.8,
        "TestInsertionProbability": {
            "action": 0.04246256351470948,
            "observation": 0.08393527269363403
        }
    },
    "45": {
        "BestCoverage": 0.8,
        "TestInsertionProbability": {
            "action": 0.06360900402069092,
            "observation": 0.1263978362083435
        }
    },
    "50": {
        "BestCoverage": 0.8,
        "TestInsertionProbability": {
            "action": 0.024320173263549807,
            "observation": 0.1900068402290344
        }
    },
    "55": {
        "BestCoverage": 0.8,
        "TestInsertionProbability": {
            "action": -0.08434343934059144,
            "observation": 0.2143270134925842
        }
    },
    "60": {
        "BestCoverage": 0.8,
        "TestInsertionProbability": {
            "action": -0.07229307889938355,
            "observation": 0.12998357415199277
        }
    },
    "65": {
        "BestCoverage": 0.8,
        "TestInsertionProbability": {
            "action": -0.07493268847465516,
            "observation": 0.05769049525260922
        }
    },
    "70": {
        "BestCoverage": 0.8,
        "TestInsertionProbability": {
            "action": -0.07833496928215028,
            "observation": 0.0
        }
    },
    "75": {
        "BestCoverage": 0.8,
        "TestInsertionProbability": {
            "action": 0.056747245788574235,
            "observation": 0.0
        }
    },
    "80": {
        "BestCoverage": 0.8,
        "TestInsertionProbability": {
            "action": 0.0712655782699585,
            "observation": 0.056747245788574235
        }
    },
    "85": {
        "BestCoverage": 0.8,
        "TestInsertionProbability": {
            "action": 0.09440493583679199,
            "observation": 0.12801282405853273
        }
    },
    "90": {
        "BestCoverage": 0.8,
        "TestInsertionProbability": {
            "action": -0.08811417818069459,
            "observation": 0.22241775989532472
        }
    },
    "95": {
        "BestCoverage": 0.8,
        "TestInsertionProbability": {
            "action": -0.05450769066810608,
            "observation": 0.13430358171463014
        }
    },
    "100": {
        "BestCoverage": 0.8,
        "TestInsertionProbability": {
            "action": 0.05339221954345705,
            "observation": 0.07979589104652406
        }
    },
    "105": {
        "BestCoverage": 0.8,
        "TestInsertionProbability": {
            "action": 0.08009417057037355,
            "observation": 0.1331881105899811
        }
    },
    "110": {
        "BestCoverage": 0.8,
        "TestInsertionProbability": {
            "action": -0.019304203987121585,
            "observation": 0.21328228116035464
        }
    },
    "115": {
        "BestCoverage": 0.8,
        "TestInsertionProbability": {
            "action": 0.06020052433013917,
            "observation": 0.19397807717323307
        }
    },
    "120": {
        "BestCoverage": 0.8,
        "TestInsertionProbability": {
            "action": 0.08760675191879272,
            "observation": 0.25417860150337224
        }
    },
    "125": {
        "BestCoverage": 0.8,
        "TestInsertionProbability": {
            "action": -0.013297045230865473,
            "observation": 0.341785353422165
        }
    },
    "130": {
        "BestCoverage": 0.8,
        "TestInsertionProbability": {
            "action": -0.09955594539642335,
            "observation": 0.3284883081912995
        }
    },
    "135": {
        "BestCoverage": 0.8,
        "TestInsertionProbability": {
            "action": -0.054966640472412114,
            "observation": 0.22893236279487614
        }
    },
    "140": {
        "BestCoverage": 0.8,
        "TestInsertionProbability": {
            "action": -0.05965124368667603,
            "observation": 0.17396572232246402
        }
    },
    "145": {
        "BestCoverage": 0.8,
        "TestInsertionProbability": {
            "action": 0.06340663433074953,
            "observation": 0.11431447863578799
        }
    },
    "150": {
        "BestCoverage": 0.8,
        "TestInsertionProbability": {
            "action": -0.07840614318847657,
            "observation": 0.17772111296653753
        }
    },
    "155": {
        "BestCoverage": 0.8,
        "TestInsertionProbability": {
            "action": -0.058511126041412356,
            "observation": 0.09931496977806097
        }
    },
    "160": {
        "BestCoverage": 0.8,
        "TestInsertionProbability": {
            "action": 0.08339383602142333,
            "observation": 0.04080384373664861
        }
    },
    "165": {
        "BestCoverage": 0.8,
        "TestInsertionProbability": {
            "action": -0.060828793048858645,
            "observation": 0.12419767975807194
        }
    },
    "170": {
        "BestCoverage": 0.8,
        "TestInsertionProbability": {
            "action": 0.04634954929351806,
            "observation": 0.0633688867092133
        }
    },
    "175": {
        "BestCoverage": 0.8,
        "TestInsertionProbability": {
            "action": -0.08096613883972169,
            "observation": 0.10971843600273136
        }
    },
    "180": {
        "BestCoverage": 0.8,
        "TestInsertionProbability": {
            "action": -0.044878602027893066,
            "observation": 0.02875229716300967
        }
    },
    "185": {
        "BestCoverage": 0.8,
        "TestInsertionProbability": {
            "action": 0.07852742671966553,
            "observation": 0.0
        }
    },
    "190": {
        "BestCoverage": 0.8,
        "TestInsertionProbability": {
            "action": -0.07850818037986756,
            "observation": 0.07852742671966553
        }
    },
    "195": {
        "BestCoverage": 0.8,
        "TestInsertionProbability": {
            "action": -0.06572675704956055,
            "observation": 1.9246339797968082e-05
        }
    },
    "200": {
        "BestCoverage": 0.8,
        "TestInsertionProbability": {
            "action": -0.09215705990791322,
            "observation": 0.0
        }
    },
    "205": {
        "BestCoverage": 0.8,
        "TestInsertionProbability": {
            "action": -0.02319278120994568,
            "observation": 0.0
        }
    },
    "210": {
        "BestCoverage": 0.8,
        "TestInsertionProbability": {
            "action": 0.026404571533203136,
            "observation": 0.0
        }
    },
    "215": {
        "BestCoverage": 0.8,
        "TestInsertionProbability": {
            "action": 0.08281252384185792,
            "observation": 0.026404571533203136
        }
    },
    "220": {
        "BestCoverage": 0.8,
        "TestInsertionProbability": {
            "action": -0.0508810818195343,
            "observation": 0.10921709537506105
        }
    },
    "225": {
        "BestCoverage": 0.8,
        "TestInsertionProbability": {
            "action": -0.0350549042224884,
            "observation": 0.05833601355552675
        }
    },
    "230": {
        "BestCoverage": 0.8,