{
    "20": {
        "BestCoverage": 0.34782608695652173,
        "Population": {
            "action": 1.4617557525634766,
            "observation": 50
        }
    },
    "25": {
        "BestCoverage": 0.34782608695652173,
        "Population": {
            "action": 6.1363525390625,
            "observation": 51
        }
    },
    "30": {
        "BestCoverage": 0.34782608695652173,
        "Population": {
            "action": -7.01949405670166,
            "observation": 57
        }
    },
    "35": {
        "BestCoverage": 0.34782608695652173,
        "Population": {
            "action": 7.4384660720825195,
            "observation": 50
        }
    },
    "40": {
        "BestCoverage": 0.34782608695652173,
        "Population": {
            "action": 6.721175193786621,
            "observation": 57
        }
    },
    "45": {
        "BestCoverage": 0.34782608695652173,
        "Population": {
            "action": 2.6908798217773438,
            "observation": 64
        }
    },
    "50": {
        "BestCoverage": 0.34782608695652173,
        "Population": {
            "action": 0.7386035919189453,
            "observation": 67
        }
    },
    "55": {
        "BestCoverage": 0.34782608695652173,
        "Population": {
            "action": -3.5241003036499023,
            "observation": 68
        }
    },
    "60": {
        "BestCoverage": 0.34782608695652173,
        "Population": {
            "action": 6.52165412902832,
            "observation": 64
        }
    },
    "65": {
        "BestCoverage": 0.34782608695652173,
        "Population": {
            "action": 2.445249557495117,
            "observation": 71
        }
    },
    "70": {
        "BestCoverage": 0.34782608695652173,
        "Population": {
            "action": -2.669198513031006,
            "observation": 73
        }
    },
    "75": {
        "BestCoverage": 0.34782608695652173,
        "Population": {
            "action": 2.5565881729125977,
            "observation": 70
        }
    },
    "80": {
        "BestCoverage": 0.34782608695652173,
        "Population": {
            "action": 4.611116409301758,
            "observation": 73
        }
    },
    "85": {
        "BestCoverage": 0.34782608695652173,
        "Population": {
            "action": -2.772852897644043,
            "observation": 78
        }
    },
    "90": {
        "BestCoverage": 0.34782608695652173,
        "Population": {
            "action": -2.1987876892089844,
            "observation": 75
        }
    },
    "95": {
        "BestCoverage": 0.34782608695652173,
        "Population": {
            "action": -5.8702898025512695,
            "observation": 73
        }
    },
    "100": {
        "BestCoverage": 0.34782608695652173,
        "Population": {
            "action": 0.3636360168457031,
            "observation": 67
        }
    },
    "105": {
        "BestCoverage": 0.34782608695652173,
        "Population": {
            "action": 4.92684268951416,
            "observation": 67
        }
    },
    "110": {
        "BestCoverage": 0.34782608695652173,
        "Population": {
            "action": -3.163078784942627,
            "observation": 72
        }
    },
    "115": {
        "BestCoverage": 0.34782608695652173,
        "Population": {
            "action": 0.8136320114135742,
            "observation": 69
        }
    },
    "120": {
        "BestCoverage": 0.34782608695652173,
        "Population": {
            "action": -3.592102527618408,
            "observation": 70
        }
    },
    "125": {
        "BestCoverage": 0.34782608695652173,
        "Population": {
            "action": 5.972434997558594,
            "observation": 66
        }
    },
    "130": {
        "BestCoverage": 0.34782608695652173,
        "Population": {
            "action": -5.456234931945801,
            "observation": 72
        }
    },
    "135": {
        "BestCoverage": 0.34782608695652173,
        "Population": {
            "action": -5.6296491622924805,
            "observation": 67
        }
    },
    "140": {
        "BestCoverage": 0.34782608695652173,
        "Population": {
            "action": 0.3844594955444336,
            "observation": 61
        }
    },
    "145": {
        "BestCoverage": 0.34782608695652173,
        "Population": {
            "action": 5.370804786682129,
            "observation": 61
        }
    },
    "150": {
        "BestCoverage": 0.34782608695652173,
        "Population": {
            "action": -2.200225830078125,
            "observation": 66
        }
    },
    "155": {
        "BestCoverage": 0.34782608695652173,
        "Population": {
            "action": 0.6544485092163086,
            "observation": 64
        }
    },
    "160": {
        "BestCoverage": 0.34782608695652173,
        "Population": {
            "action": -4.587388038635254,
            "observation": 65
        }
    },
    "165": {
        "BestCoverage": 0.34782608695652173,
        "Population": {
            "action": -2.9952850341796875,
            "observation": 60
        }
    },
    "170": {
        "BestCoverage": 0.34782608695652173,
        "Population": {
            "action": -4.183889865875244,
            "observation": 57
        }
    },
    "175": {
        "BestCoverage": 0.34782608695652173,
        "Population": {
            "action": -5.171844482421875,
            "observation": 53
        }
    },
    "180": {
        "BestCoverage": 0.34782608695652173,
        "Population": {
            "action": 6.823450088500977,
            "observation": 48
        }
    },
    "185": {
        "BestCoverage": 0.34782608695652173,
        "Population": {
            "action": 4.570501327514648,
            "observation": 55
        }
    },
    "190": {
        "BestCoverage": 0.34782608695652173,
        "Population": {
            "action": 3.705258369445801,
            "observation": 60
        }
    },
    "195": {
        "BestCoverage": 0.34782608695652173,
        "Population": {
            "action": -2.951033592224121,
            "observation": 64
        }
    },
    "200": {
        "BestCoverage": 0.34782608695652173,
        "Population": {
            "action": 5.227474212646484,
            "observation": 61
        }
    },
    "205": {
        "BestCoverage": 0.34782608695652173,
        "Population": {
            "action": 1.6168489456176758,
            "observation": 66
        }
    },
    "210": {
        "BestCoverage": 0.34782608695652173,
        "Population": {
            "action": 5.333865165710449,
            "observation": 68
        }
    },
    "215": {
        "BestCoverage": 0.34782608695652173,
        "Population": {
            "action": -0.2722611427307129,
            "observation": 73
        }
    },
    "220": {
        "BestCoverage": 0.34782608695652173,
        "Population": {
            "action": 5.000764846801758,
            "observation": 73
        }
    },
    "225": {
        "BestCoverage": 0.34782608695652173,
        "Population": {
            "action": 4.664104461669922,
            "observation": 78
        }
    },
    "230": {
        "BestCoverage": 0.34782608695652173,
        "Population": {
            "action": 4.376622200012207,
            "observation": 83
        }
    },
    "235": {
        "BestCoverage": 0.34782608695652173,
        "Population": {
            "action": 6.961185455322266,
            "observation": 87
        }
    },
    "240": {
        "BestCoverage": 0.34782608695652173,
        "Population": {
            "action": -4.369138240814209,
            "observation": 94
        }
    },
    "245": {
        "BestCoverage": 0.34782608695652173,
        "Population": {
            "action": -3.2906689643859863,
            "observation": 90
        }
    },
    "250": {
        "BestCoverage": 0.34782608695652173,
        "Population": {
            "action": 2.381267547607422,