{
    "15": {
        "BestCoverage": 0.8,
        "Elite": {
            "action": 0.05714893341064453,
            "observation": 1
        }
    },
    "20": {
        "BestCoverage": 0.8,
        "Elite": {
            "action": -0.04112064838409424,
            "observation": 1
        }
    },
    "25": {
        "BestCoverage": 0.8,
        "Elite": {
            "action": 0.3521162271499634,
            "observation": 1
        }
    },
    "30": {
        "BestCoverage": 0.8,
        "Elite": {
            "action": 0.6064236164093018,
            "observation": 1
        }
    },
    "35": {
        "BestCoverage": 0.8,
        "Elite": {
            "action": -0.33384573459625244,
            "observation": 2
        }
    },
    "40": {
        "BestCoverage": 0.8,
        "Elite": {
            "action": 0.48729074001312256,
            "observation": 2
        }
    },
    "45": {
        "BestCoverage": 0.8,
        "Elite": {
            "action": -0.5681988000869751,
            "observation": 2
        }
    },
    "50": {
        "BestCoverage": 0.8,
        "Elite": {
            "action": -0.17168831825256348,
            "observation": 1
        }
    },
    "55": {
        "BestCoverage": 0.8,
        "Elite": {
            "action": -0.6675654649734497,
            "observation": 1
        }
    },
    "60": {
        "BestCoverage": 0.8,
        "Elite": {
            "action": 0.32656586170196533,
            "observation": 0
        }
    },
    "65": {
        "BestCoverage": 0.8,
        "Elite": {
            "action": 0.5572508573532104,
            "observation": 0
        }
    },
    "70": {
        "BestCoverage": 0.8,
        "Elite": {
            "action": -0.7167999148368835,
            "observation": 1
        }
    },
    "75": {
        "BestCoverage": 0.8,
        "Elite": {
            "action": 0.04228329658508301,
            "observation": 0
        }
    },
    "80": {
        "BestCoverage": 0.8,
        "Elite": {
            "action": -0.7181615233421326,
            "observation": 0
        }
    },
    "85": {
        "BestCoverage": 0.8,
        "Elite": {
            "action": -0.09205514192581177,
            "observation": 0
        }
    },
    "90": {
        "BestCoverage": 0.8,
        "Elite": {
            "action": 0.5339884757995605,
            "observation": 0
        }
    },
    "95": {
        "BestCoverage": 0.8,
        "Elite": {
            "action": -0.7371764779090881,
            "observation": 1
        }
    },
    "100": {
        "BestCoverage": 0.8,
        "Elite": {
            "action": 0.4252736568450928,
            "observation": 0
        }
    },
    "105": {
        "BestCoverage": 0.8,
        "Elite": {
            "action": 0.84557044506073,
            "observation": 0
        }
    },
    "110": {
        "BestCoverage": 0.8,
        "Elite": {
            "action": -0.20391201972961426,
            "observation": 1
        }
    },
    "115": {
        "BestCoverage": 0.8,
        "Elite": {
            "action": 0.3593785762786865,
            "observation": 1
        }
    },
    "120": {
        "BestCoverage": 0.8,
        "Elite": {
            "action": -0.7704434394836426,
            "observation": 1
        }
    },
    "125": {
        "BestCoverage": 0.8,
        "Elite": {
            "action": 0.557775616645813,
            "observation": 0
        }
    },
    "130": {
        "BestCoverage": 0.8,
        "Elite": {
            "action": -0.2960294485092163,
            "observation": 1
        }
    },
    "135": {
        "BestCoverage": 0.8,
        "Elite": {
            "action": 0.2360783815383911,
            "observation": 1
        }
    },
    "140": {
        "BestCoverage": 0.8,
        "Elite": {
            "action": -0.8569689393043518,
            "observation": 1
        }
    },
    "145": {
        "BestCoverage": 0.8,
        "Elite": {
            "action": 0.2605999708175659,
            "observation": 0
        }
    },
    "150": {
        "BestCoverage": 0.8,
        "Elite": {
            "action": 0.503373384475708,
            "observation": 0
        }
    },
    "155": {
        "BestCoverage": 0.8,
        "Elite": {
            "action": -0.8492920994758606,
            "observation": 1
        }
    },
    "160": {
        "BestCoverage": 0.8,
        "Elite": {
            "action": 0.0622943639755249,
            "observation": 0
        }
    },
    "165": {
        "BestCoverage": 0.8,
        "Elite": {
            "action": 0.3950986862182617,
            "observation": 0
        }
    },
    "170": {
        "BestCoverage": 0.8,
        "Elite": {
            "action": 0.3835926055908203,
            "observation": 0
        }
    },
    "175": {
        "BestCoverage": 0.8,
        "Elite": {
            "action": 0.011102557182312012,
            "observation": 0
        }
    },
    "180": {
        "BestCoverage": 0.8,
        "Elite": {
            "action": 0.8092167377471924,
            "observation": 0
        }
    },
    "185": {
        "BestCoverage": 0.8,
        "Elite": {
            "action": -0.5222348570823669,
            "observation": 1
        }
    },
    "190": {
        "BestCoverage": 0.8,
        "Elite": {
            "action": 0.3044741153717041,
            "observation": 0
        }
    },
    "195": {
        "BestCoverage": 0.8,
        "Elite": {
            "action": 0.8597586154937744,
            "observation": 0
        }
    },
    "200": {
        "BestCoverage": 0.8,
        "Elite": {
            "action": -0.8914487361907959,
            "observation": 1
        }
    },
    "205": {
        "BestCoverage": 0.8,
        "Elite": {
            "action": -0.82075434923172,
            "observation": 0
        }
    },
    "210": {
        "BestCoverage": 0.8,
        "Elite": {
            "action": 0.41829490661621094,
            "observation": 0
        }
    },
    "215": {
        "BestCoverage": 0.8,
        "Elite": {
            "action": -0.8480939865112305,
            "observation": 0
        }
    },
    "220": {
        "BestCoverage": 0.8,
        "Elite": {
            "action": 0.8191733360290527,
            "observation": 0
        }
    },
    "225": {
        "BestCoverage": 0.8,
        "Elite": {
            "action": 0.08650171756744385,
            "observation": 1
        }
    },
    "230": {
        "BestCoverage": 0.8,
        "Elite": {
            "action": -0.4017903804779053,
            "observation": 1
        }
    },
    "235": {
        "BestCoverage": 0.8,
        "Elite": {
            "action": 0.5900791883468628,
            "observation": 1
        }
    },
    "240": {
        "BestCoverage": 0.8,
        "Elite": {
            "action": -0.6668732166290283,
            "observation": 2
        }
    },
    "245": {
        "BestCoverage": 0.8,
        "Elite": {
            "action": 0.2906109094619751,
            "observation": 1
        }
    },
    "250": {
        "BestCoverage": 0.8,
        "Elite": {
            "action": 0.775652289390564,
            "observation": 1
        }
    },
    "255": {
        "BestCoverage": 0.8,
        "Elite": {
            "action": 0.7384015321731567,
            "observation": 2
        }
    },
    "260": {
        "BestCoverage": 0.8,
        "Elite": {
            "action": -0.463720440864563,
            "observation": 3
        }
    },
    "265": {
        "BestCoverage": 0.8,
        "Elite": {
            "action": -0.24239706993103027,
            "observation": 3
        }
    },
    "270": {
        "BestCoverage": 0.8,
        "Elite": {
            "action": -0.4924015998840332,
            "observation": 3
        }
    },
    "275": {
        "BestCoverage": 0.8,
        "Elite": {
            "action": 0.8333296775817871,
            "observation": 3
        }
    },
    "280": {
        "BestCoverage": 0.8,