{
    "15": {
        "BestCoverage": 0.12,
        "Population": {
            "action": -7.992312908172607,
            "observation": 50
        }
    },
    "20": {
        "BestCoverage": 0.12,
        "Population": {
            "action": 3.881196975708008,
            "observation": 42
        }
    },
    "25": {
        "BestCoverage": 0.12,
        "Population": {
            "action": 5.448911666870117,
            "observation": 46
        }
    },
    "30": {
        "BestCoverage": 0.12,
        "Population": {
            "action": 7.134849548339844,
            "observation": 51
        }
    },
    "35": {
        "BestCoverage": 0.12,
        "Population": {
            "action": -1.584488868713379,
            "observation": 58
        }
    },
    "40": {
        "BestCoverage": 0.12,
        "Population": {
            "action": 2.7450408935546875,
            "observation": 56
        }
    },
    "45": {
        "BestCoverage": 0.12,
        "Population": {
            "action": -4.177290916442871,
            "observation": 59
        }
    },
    "50": {
        "BestCoverage": 0.12,
        "Population": {
            "action": 3.9505233764648438,
            "observation": 55
        }
    },
    "55": {
        "BestCoverage": 0.12,
        "Population": {
            "action": -7.68243408203125,
            "observation": 59
        }
    },
    "60": {
        "BestCoverage": 0.12,
        "Population": {
            "action": -7.232168197631836,
            "observation": 51
        }
    },
    "65": {
        "BestCoverage": 0.12,
        "Population": {
            "action": -3.2168102264404297,
            "observation": 44
        }
    },
    "70": {
        "BestCoverage": 0.12,
        "Population": {
            "action": -2.863300323486328,
            "observation": 41
        }
    },
    "75": {
        "BestCoverage": 0.12,
        "Population": {
            "action": -2.726017951965332,
            "observation": 38
        }
    },
    "80": {
        "BestCoverage": 0.12,
        "Population": {
            "action": 7.781192779541016,
            "observation": 35
        }
    },
    "85": {
        "BestCoverage": 0.12,
        "Population": {
            "action": -6.489468574523926,
            "observation": 43
        }
    },
    "90": {
        "BestCoverage": 0.12,
        "Population": {
            "action": -3.8516645431518555,
            "observation": 37
        }
    },
    "95": {
        "BestCoverage": 0.12,
        "Population": {
            "action": 2.4902400970458984,
            "observation": 33
        }
    },
    "100": {
        "BestCoverage": 0.12,
        "Population": {
            "action": 1.6564998626708984,
            "observation": 35
        }
    },
    "105": {
        "BestCoverage": 0.12,
        "Population": {
            "action": 3.9966888427734375,
            "observation": 37
        }
    },
    "110": {
        "BestCoverage": 0.12,
        "Population": {
            "action": 5.648414611816406,
            "observation": 41
        }
    },
    "115": {
        "BestCoverage": 0.12,
        "Population": {
            "action": -4.4928388595581055,
            "observation": 47
        }
    },
    "120": {
        "BestCoverage": 0.12,
        "Population": {
            "action": 5.576128005981445,
            "observation": 43
        }
    },
    "125": {
        "BestCoverage": 0.12,
        "Population": {
            "action": -4.00194787979126,
            "observation": 49
        }
    },
    "130": {
        "BestCoverage": 0.12,
        "Population": {
            "action": 7.605567932128906,
            "observation": 45
        }
    },
    "135": {
        "BestCoverage": 0.12,
        "Population": {
            "action": 4.750335693359375,
            "observation": 53
        }
    },
    "140": {
        "BestCoverage": 0.12,
        "Population": {
            "action": 1.3903617858886719,
            "observation": 58
        }
    },
    "145": {
        "BestCoverage": 0.12,
        "Population": {
            "action": -6.229373931884766,
            "observation": 59
        }
    },
    "150": {
        "BestCoverage": 0.12,
        "Population": {
            "action": 2.323293685913086,
            "observation": 53
        }
    },
    "155": {
        "BestCoverage": 0.12,
        "Population": {
            "action": 3.4415454864501953,
            "observation": 55
        }
    },
    "160": {
        "BestCoverage": 0.12,
        "Population": {
            "action": -2.742002487182617,
            "observation": 58
        }
    },
    "165": {
        "BestCoverage": 0.12,
        "Population": {
            "action": 5.862392425537109,
            "observation": 55
        }
    },
    "170": {
        "BestCoverage": 0.12,
        "Population": {
            "action": -5.110827445983887,
            "observation": 61
        }
    },
    "175": {
        "BestCoverage": 0.12,
        "Population": {
            "action": 5.806158065795898,
            "observation": 56
        }
    },
    "180": {
        "BestCoverage": 0.12,
        "Population": {
            "action": 0.10458183288574219,
            "observation": 62
        }
    },
    "185": {
        "BestCoverage": 0.12,
        "Population": {
            "action": 2.529062271118164,
            "observation": 62
        }
    },
    "190": {
        "BestCoverage": 0.12,
        "Population": {
            "action": 4.015417098999023,
            "observation": 65
        }
    },
    "195": {
        "BestCoverage": 0.12,
        "Population": {
            "action": 6.033748626708984,
            "observation": 69
        }
    },
    "200": {
        "BestCoverage": 0.12,
        "Population": {
            "action": 3.961409568786621,
            "observation": 75
        }
    },
    "205": {
        "BestCoverage": 0.12,
        "Population": {
            "action": 1.6734199523925781,
            "observation": 79
        }
    },
    "210": {
        "BestCoverage": 0.12,
        "Population": {
            "action": 5.610527038574219,
            "observation": 81
        }
    },
    "215": {
        "BestCoverage": 0.12,
        "Population": {
            "action": -1.8220558166503906,
            "observation": 87
        }
    },
    "220": {
        "BestCoverage": 0.12,
        "Population": {
            "action": -3.6487135887145996,
            "observation": 85
        }
    },
    "225": {
        "BestCoverage": 0.12,
        "Population": {
            "action": -2.3849964141845703,
            "observation": 81
        }
    },
    "230": {
        "BestCoverage": 0.12,
        "Population": {
            "action": 6.853923797607422,
            "observation": 79
        }
    },
    "235": {
        "BestCoverage": 0.12,
        "Population": {
            "action": -2.734890937805176,
            "observation": 86
        }
    },
    "240": {
        "BestCoverage": 0.12,
        "Population": {
            "action": -7.084632873535156,
            "observation": 83
        }
    },
    "245": {
        "BestCoverage": 0.12,
        "Population": {
            "action": -4.919614315032959,
            "observation": 76
        }
    },
    "250": {
        "BestCoverage": 0.12,
        "Population": {
            "action": -2.4322519302368164,
            "observation": 71
        }
    },
    "255": {
        "BestCoverage": 0.12,
        "Population": {
            "action": 4.885890960693359,
            "observation": 69
        }
    },
    "260": {
        "BestCoverage": 0.12,
        "Population": {
            "action": 6.535364151000977,
            "observation": 74
        }
    },
    "265": {
        "BestCoverage": 0.12,
        "Population": {
            "action": -4.94550895690918,
            "observation": 81
        }
    },
    "270": {
        "BestCoverage": 0.12,