{
    "15": {
        "BestCoverage": 0.8,
        "Population": {
            "action": -0.21351957321166992,
            "observation": 50
        }
    },
    "20": {
        "BestCoverage": 0.8,
        "Population": {
            "action": -2.676058769226074,
            "observation": 50
        }
    },
    "25": {
        "BestCoverage": 0.8,
        "Population": {
            "action": 6.103742599487305,
            "observation": 47
        }
    },
    "30": {
        "BestCoverage": 0.8,
        "Population": {
            "action": -7.659781455993652,
            "observation": 53
        }
    },
    "35": {
        "BestCoverage": 0.8,
        "Population": {
            "action": 6.905570030212402,
            "observation": 45
        }
    },
    "40": {
        "BestCoverage": 0.8,
        "Population": {
            "action": 5.573270797729492,
            "observation": 52
        }
    },
    "45": {
        "BestCoverage": 0.8,
        "Population": {
            "action": 5.142477035522461,
            "observation": 58
        }
    },
    "50": {
        "BestCoverage": 0.8,
        "Population": {
            "action": -3.316525459289551,
            "observation": 63
        }
    },
    "55": {
        "BestCoverage": 0.8,
        "Population": {
            "action": -0.8705916404724121,
            "observation": 60
        }
    },
    "60": {
        "BestCoverage": 0.8,
        "Population": {
            "action": 7.143880844116211,
            "observation": 59
        }
    },
    "65": {
        "BestCoverage": 0.8,
        "Population": {
            "action": 6.900014877319336,
            "observation": 66
        }
    },
    "70": {
        "BestCoverage": 0.8,
        "Population": {
            "action": -6.837036609649658,
            "observation": 73
        }
    },
    "75": {
        "BestCoverage": 0.8,
        "Population": {
            "action": 5.646234512329102,
            "observation": 66
        }
    },
    "80": {
        "BestCoverage": 0.8,
        "Population": {
            "action": 6.831134796142578,
            "observation": 72
        }
    },
    "85": {
        "BestCoverage": 0.8,
        "Population": {
            "action": 1.9133119583129883,
            "observation": 79
        }
    },
    "90": {
        "BestCoverage": 0.8,
        "Population": {
            "action": -1.0616049766540527,
            "observation": 81
        }
    },
    "95": {
        "BestCoverage": 0.8,
        "Population": {
            "action": -7.219168186187744,
            "observation": 80
        }
    },
    "100": {
        "BestCoverage": 0.8,
        "Population": {
            "action": -6.372717380523682,
            "observation": 73
        }
    },
    "105": {
        "BestCoverage": 0.8,
        "Population": {
            "action": -3.4219765663146973,
            "observation": 67
        }
    },
    "110": {
        "BestCoverage": 0.8,
        "Population": {
            "action": -7.129415988922119,
            "observation": 64
        }
    },
    "115": {
        "BestCoverage": 0.8,
        "Population": {
            "action": 7.411759376525879,
            "observation": 57
        }
    },
    "120": {
        "BestCoverage": 0.8,
        "Population": {
            "action": 6.954838752746582,
            "observation": 64
        }
    },
    "125": {
        "BestCoverage": 0.8,
        "Population": {
            "action": -2.267449378967285,
            "observation": 71
        }
    },
    "130": {
        "BestCoverage": 0.8,
        "Population": {
            "action": -2.8477745056152344,
            "observation": 69
        }
    },
    "135": {
        "BestCoverage": 0.8,
        "Population": {
            "action": 1.4097461700439453,
            "observation": 66
        }
    },
    "140": {
        "BestCoverage": 0.8,
        "Population": {
            "action": 4.145476341247559,
            "observation": 67
        }
    },
    "145": {
        "BestCoverage": 0.8,
        "Population": {
            "action": -3.34982967376709,
            "observation": 71
        }
    },
    "150": {
        "BestCoverage": 0.8,
        "Population": {
            "action": -2.6405725479125977,
            "observation": 68
        }
    },
    "155": {
        "BestCoverage": 0.8,
        "Population": {
            "action": -3.5309576988220215,
            "observation": 65
        }
    },
    "160": {
        "BestCoverage": 0.8,
        "Population": {
            "action": 2.2994155883789062,
            "observation": 61
        }
    },
    "165": {
        "BestCoverage": 0.8,
        "Population": {
            "action": -4.946181297302246,
            "observation": 63
        }
    },
    "170": {
        "BestCoverage": 0.8,
        "Population": {
            "action": 7.091215133666992,
            "observation": 58
        }
    },
    "175": {
        "BestCoverage": 0.8,
        "Population": {
            "action": 1.5753650665283203,
            "observation": 65
        }
    },
    "180": {
        "BestCoverage": 0.8,
        "Population": {
            "action": 5.090122222900391,
            "observation": 67
        }
    },
    "185": {
        "BestCoverage": 0.8,
        "Population": {
            "action": 4.052321434020996,
            "observation": 72
        }
    },
    "190": {
        "BestCoverage": 0.8,
        "Population": {
            "action": -3.474750518798828,
            "observation": 76
        }
    },
    "195": {
        "BestCoverage": 0.8,
        "Population": {
            "action": -1.9707622528076172,
            "observation": 73
        }
    },
    "200": {
        "BestCoverage": 0.8,
        "Population": {
            "action": -4.740181922912598,
            "observation": 71
        }
    },
    "205": {
        "BestCoverage": 0.8,
        "Population": {
            "action": 6.49041748046875,
            "observation": 66
        }
    },
    "210": {
        "BestCoverage": 0.8,
        "Population": {
            "action": -2.125577449798584,
            "observation": 72
        }
    },
    "215": {
        "BestCoverage": 0.8,
        "Population": {
            "action": -0.8646764755249023,
            "observation": 70
        }
    },
    "220": {
        "BestCoverage": 0.8,
        "Population": {
            "action": -7.355083465576172,
            "observation": 69
        }
    },
    "225": {
        "BestCoverage": 0.8,
        "Population": {
            "action": 3.8295183181762695,
            "observation": 62
        }
    },
    "230": {
        "BestCoverage": 0.8,
        "Population": {
            "action": -1.0765295028686523,
            "observation": 66
        }
    },
    "235": {
        "BestCoverage": 0.8,
        "Population": {
            "action": 3.0845375061035156,
            "observation": 65
        }
    },
    "240": {
        "BestCoverage": 0.8,
        "Population": {
            "action": 5.296083450317383,
            "observation": 68
        }
    },
    "245": {
        "BestCoverage": 0.8,
        "Population": {
            "action": 7.252439498901367,
            "observation": 73
        }
    },
    "250": {
        "BestCoverage": 0.8,
        "Population": {
            "action": -7.022923469543457,
            "observation": 80
        }
    },
    "255": {
        "BestCoverage": 0.8,
        "Population": {
            "action": -7.770208358764648,
            "observation": 73
        }
    },
    "260": {
        "BestCoverage": 0.8,
        "Population": {
            "action": -3.4357004165649414,
            "observation": 65
        }
    },
    "265": {
        "BestCoverage": 0.8,
        "Population": {
            "action": -4.560547351837158,
            "observation": 62
        }
    },
    "270": {
        "BestCoverage": 0.8,
        "Population": {
            "action": -0.36183595657348633,