{
    "20": {
        "BestCoverage": 0.7375,
        "TestChangeProbability": {
            "action": 0.09222716093063354,
            "observation": 0.3333333333333333
        }
    },
    "25": {
        "BestCoverage": 0.7375,
        "TestChangeProbability": {
            "action": 0.04135825634002685,
            "observation": 0.42556049426396686
        }
    },
    "30": {
        "BestCoverage": 0.7375,
        "TestChangeProbability": {
            "action": 0.0756544351577759,
            "observation": 0.4669187506039937
        }
    },
    "35": {
        "BestCoverage": 0.7375,
        "TestChangeProbability": {
            "action": -0.07512720227241516,
            "observation": 0.5425731857617696
        }
    },
    "40": {
        "BestCoverage": 0.7375,
        "TestChangeProbability": {
            "action": -0.037088948488235476,
            "observation": 0.46744598348935446
        }
    },
    "45": {
        "BestCoverage": 0.7375,
        "TestChangeProbability": {
            "action": 0.09913055896759035,
            "observation": 0.430357035001119
        }
    },
    "50": {
        "BestCoverage": 0.7625,
        "TestChangeProbability": {
            "action": -0.0018403470516204778,
            "observation": 0.5294875939687094
        }
    },
    "55": {
        "BestCoverage": 0.7625,
        "TestChangeProbability": {
            "action": 0.07627952098846436,
            "observation": 0.5276472469170889
        }
    },
    "60": {
        "BestCoverage": 0.7625,
        "TestChangeProbability": {
            "action": 0.09907591342926025,
            "observation": 0.6039267679055532
        }
    },
    "65": {
        "BestCoverage": 0.7625,
        "TestChangeProbability": {
            "action": 0.012114381790161138,
            "observation": 0.7030026813348135
        }
    },
    "70": {
        "BestCoverage": 0.7625,
        "TestChangeProbability": {
            "action": -0.05899024605751038,
            "observation": 0.7151170631249746
        }
    },
    "75": {
        "BestCoverage": 0.7625,
        "TestChangeProbability": {
            "action": 0.008233594894409182,
            "observation": 0.6561268170674642
        }
    },
    "80": {
        "BestCoverage": 0.7625,
        "TestChangeProbability": {
            "action": 0.057694184780120866,
            "observation": 0.6643604119618735
        }
    },
    "85": {
        "BestCoverage": 0.7625,
        "TestChangeProbability": {
            "action": 0.07182235717773439,
            "observation": 0.7220545967419943
        }
    },
    "90": {
        "BestCoverage": 0.7625,
        "TestChangeProbability": {
            "action": 0.001975619792938227,
            "observation": 0.7938769539197288
        }
    },
    "95": {
        "BestCoverage": 0.7625,
        "TestChangeProbability": {
            "action": 0.04405468702316284,
            "observation": 0.795852573712667
        }
    },
    "100": {
        "BestCoverage": 0.7625,
        "TestChangeProbability": {
            "action": -0.0685075581073761,
            "observation": 0.8399072607358299
        }
    },
    "105": {
        "BestCoverage": 0.7625,
        "TestChangeProbability": {
            "action": -0.0017403006553649847,
            "observation": 0.7713997026284538
        }
    },
    "110": {
        "BestCoverage": 0.7625,
        "TestChangeProbability": {
            "action": -0.045751267671585084,
            "observation": 0.7696594019730888
        }
    },
    "115": {
        "BestCoverage": 0.7625,
        "TestChangeProbability": {
            "action": 0.0688560724258423,
            "observation": 0.7239081343015037
        }
    },
    "120": {
        "BestCoverage": 0.7625,
        "TestChangeProbability": {
            "action": -0.008012282848358157,
            "observation": 0.7927642067273459
        }
    },
    "125": {
        "BestCoverage": 0.7625,
        "TestChangeProbability": {
            "action": 0.03730107545852662,
            "observation": 0.7847519238789877
        }
    },
    "130": {
        "BestCoverage": 0.7625,
        "TestChangeProbability": {
            "action": -0.03897340297698975,
            "observation": 0.8220529993375143
        }
    },
    "135": {
        "BestCoverage": 0.7625,
        "TestChangeProbability": {
            "action": -0.02157111763954163,
            "observation": 0.7830795963605246
        }
    },
    "140": {
        "BestCoverage": 0.7625,
        "TestChangeProbability": {
            "action": 0.09908547401428222,
            "observation": 0.7615084787209829
        }
    },
    "145": {
        "BestCoverage": 0.7625,
        "TestChangeProbability": {
            "action": 0.050259208679199224,
            "observation": 0.8605939527352652
        }
    },
    "150": {
        "BestCoverage": 0.7625,
        "TestChangeProbability": {
            "action": -0.053398030996322635,
            "observation": 0.9108531614144644
        }
    },
    "155": {
        "BestCoverage": 0.7625,
        "TestChangeProbability": {
            "action": 0.09160224199295045,
            "observation": 0.8574551304181417
        }
    },
    "160": {
        "BestCoverage": 0.7625,
        "TestChangeProbability": {
            "action": -0.04982501864433289,
            "observation": 0.9490573724110921
        }
    },
    "165": {
        "BestCoverage": 0.7625,
        "TestChangeProbability": {
            "action": -0.08182889819145203,
            "observation": 0.8992323537667593
        }
    },
    "170": {
        "BestCoverage": 0.7625,
        "TestChangeProbability": {
            "action": -0.03264524340629578,
            "observation": 0.8174034555753072
        }
    },
    "175": {
        "BestCoverage": 0.7625,
        "TestChangeProbability": {
            "action": -0.023421168327331543,
            "observation": 0.7847582121690114
        }
    },
    "180": {
        "BestCoverage": 0.7625,
        "TestChangeProbability": {
            "action": 0.009923815727233887,
            "observation": 0.7613370438416799
        }
    },
    "185": {
        "BestCoverage": 0.7625,
        "TestChangeProbability": {
            "action": -0.03537273406982422,
            "observation": 0.7712608595689138
        }
    },
    "190": {
        "BestCoverage": 0.7625,
        "TestChangeProbability": {
            "action": 0.01853563785552978,
            "observation": 0.7358881254990896
        }
    },
    "195": {
        "BestCoverage": 0.7625,
        "TestChangeProbability": {
            "action": 0.0668794870376587,
            "observation": 0.7544237633546194
        }
    },
    "200": {
        "BestCoverage": 0.7625,
        "TestChangeProbability": {
            "action": 0.025109755992889393,
            "observation": 0.821303250392278
        }
    },
    "205": {
        "BestCoverage": 0.7625,
        "TestChangeProbability": {
            "action": -0.08206080794334412,
            "observation": 0.8464130063851674
        }
    },
    "210": {
        "BestCoverage": 0.7625,
        "TestChangeProbability": {
            "action": 0.03144885301589967,
            "observation": 0.7643521984418232
        }
    },
    "215": {
        "BestCoverage": 0.7625,
        "TestChangeProbability": {
            "action": 0.04530003070831298,
            "observation": 0.795801051457723
        }
    },
    "220": {
        "BestCoverage": 0.7625,
        "TestChangeProbability": {
            "action": 0.03856229782104492,
            "observation": 0.841101082166036
        }
    },
    "225": {
        "BestCoverage": 0.7625,
        "TestChangeProbability": {
            "action": -0.0002079010009765625,
            "observation": 0.8796633799870809
        }
    },
    "230": {
        "BestCoverage": 0.7625,
        "TestChangeProbability": {
            "action": 0.08075451850891113,