{
    "20": {
        "BestCoverage": 0.75,
        "TestChangeProbability": {
            "action": -0.07721230387687683,
            "observation": 0.3333333333333333
        }
    },
    "25": {
        "BestCoverage": 0.75,
        "TestChangeProbability": {
            "action": 0.04506294727325438,
            "observation": 0.2561210294564565
        }
    },
    "30": {
        "BestCoverage": 0.75,
        "TestChangeProbability": {
            "action": -0.06335477232933046,
            "observation": 0.30118397672971087
        }
    },
    "35": {
        "BestCoverage": 0.75,
        "TestChangeProbability": {
            "action": 0.027056097984313965,
            "observation": 0.2378292044003804
        }
    },
    "40": {
        "BestCoverage": 0.75,
        "TestChangeProbability": {
            "action": -0.029533874988555905,
            "observation": 0.2648853023846944
        }
    },
    "45": {
        "BestCoverage": 0.75,
        "TestChangeProbability": {
            "action": -0.09893003106117249,
            "observation": 0.23535142739613846
        }
    },
    "50": {
        "BestCoverage": 0.75,
        "TestChangeProbability": {
            "action": 0.01209712028503418,
            "observation": 0.13642139633496597
        }
    },
    "55": {
        "BestCoverage": 0.75,
        "TestChangeProbability": {
            "action": -0.02199543714523315,
            "observation": 0.14851851662000015
        }
    },
    "60": {
        "BestCoverage": 0.75,
        "TestChangeProbability": {
            "action": -0.006537002325057981,
            "observation": 0.126523079474767
        }
    },
    "65": {
        "BestCoverage": 0.75,
        "TestChangeProbability": {
            "action": -0.022867953777313238,
            "observation": 0.119986077149709
        }
    },
    "70": {
        "BestCoverage": 0.75,
        "TestChangeProbability": {
            "action": -0.09298787117004395,
            "observation": 0.09711812337239577
        }
    },
    "75": {
        "BestCoverage": 0.75,
        "TestChangeProbability": {
            "action": 0.032725024223327626,
            "observation": 0.004130252202351817
        }
    },
    "80": {
        "BestCoverage": 0.75,
        "TestChangeProbability": {
            "action": 0.0448954701423645,
            "observation": 0.03685527642567944
        }
    },
    "85": {
        "BestCoverage": 0.75,
        "TestChangeProbability": {
            "action": 0.011630058288574219,
            "observation": 0.08175074656804394
        }
    },
    "90": {
        "BestCoverage": 0.75,
        "TestChangeProbability": {
            "action": -0.08400515913963319,
            "observation": 0.09338080485661816
        }
    },
    "95": {
        "BestCoverage": 0.75,
        "TestChangeProbability": {
            "action": 0.03601107597351075,
            "observation": 0.009375645716984973
        }
    },
    "100": {
        "BestCoverage": 0.75,
        "TestChangeProbability": {
            "action": -0.012635046243667597,
            "observation": 0.04538672169049572
        }
    },
    "105": {
        "BestCoverage": 0.75,
        "TestChangeProbability": {
            "action": -0.03835153579711914,
            "observation": 0.032751675446828124
        }
    },
    "110": {
        "BestCoverage": 0.75,
        "TestChangeProbability": {
            "action": -0.05878702402114869,
            "observation": 0.0
        }
    },
    "115": {
        "BestCoverage": 0.75,
        "TestChangeProbability": {
            "action": -0.07722173333168031,
            "observation": 0.0
        }
    },
    "120": {
        "BestCoverage": 0.75,
        "TestChangeProbability": {
            "action": 0.04726014137268067,
            "observation": 0.0
        }
    },
    "125": {
        "BestCoverage": 0.75,
        "TestChangeProbability": {
            "action": 0.016981887817382815,
            "observation": 0.04726014137268067
        }
    },
    "130": {
        "BestCoverage": 0.75,
        "TestChangeProbability": {
            "action": 0.02431344985961914,
            "observation": 0.06424202919006348
        }
    },
    "135": {
        "BestCoverage": 0.75,
        "TestChangeProbability": {
            "action": 0.04856786727905274,
            "observation": 0.08855547904968263
        }
    },
    "140": {
        "BestCoverage": 0.75,
        "TestChangeProbability": {
            "action": 0.041840112209320074,
            "observation": 0.13712334632873535
        }
    },
    "145": {
        "BestCoverage": 0.75,
        "TestChangeProbability": {
            "action": 0.068789541721344,
            "observation": 0.17896345853805543
        }
    },
    "150": {
        "BestCoverage": 0.75,
        "TestChangeProbability": {
            "action": 0.06748409271240235,
            "observation": 0.24775300025939942
        }
    },
    "155": {
        "BestCoverage": 0.75,
        "TestChangeProbability": {
            "action": 0.03924694061279296,
            "observation": 0.3152370929718018
        }
    },
    "160": {
        "BestCoverage": 0.75,
        "TestChangeProbability": {
            "action": -0.06787182688713074,
            "observation": 0.3544840335845948
        }
    },
    "165": {
        "BestCoverage": 0.75,
        "TestChangeProbability": {
            "action": 0.0645971179008484,
            "observation": 0.28661220669746407
        }
    },
    "170": {
        "BestCoverage": 0.75,
        "TestChangeProbability": {
            "action": 0.02740013599395752,
            "observation": 0.35120932459831244
        }
    },
    "175": {
        "BestCoverage": 0.75,
        "TestChangeProbability": {
            "action": 0.06005680561065674,
            "observation": 0.37860946059226996
        }
    },
    "180": {
        "BestCoverage": 0.75,
        "TestChangeProbability": {
            "action": 0.055718135833740245,
            "observation": 0.4386662662029267
        }
    },
    "185": {
        "BestCoverage": 0.75,
        "TestChangeProbability": {
            "action": 0.04742082357406616,
            "observation": 0.49438440203666695
        }
    },
    "190": {
        "BestCoverage": 0.75,
        "TestChangeProbability": {
            "action": 0.06619434356689455,
            "observation": 0.5418052256107331
        }
    },
    "195": {
        "BestCoverage": 0.75,
        "TestChangeProbability": {
            "action": -0.01312674283981323,
            "observation": 0.6079995691776277
        }
    },
    "200": {
        "BestCoverage": 0.75,
        "TestChangeProbability": {
            "action": -0.07068290114402771,
            "observation": 0.5948728263378145
        }
    },
    "205": {
        "BestCoverage": 0.75,
        "TestChangeProbability": {
            "action": 0.0015270233154296847,
            "observation": 0.5241899251937867
        }
    },
    "210": {
        "BestCoverage": 0.75,
        "TestChangeProbability": {
            "action": -0.017875880002975464,
            "observation": 0.5257169485092164
        }
    },
    "215": {
        "BestCoverage": 0.75,
        "TestChangeProbability": {
            "action": -0.07787708640098573,
            "observation": 0.5078410685062409
        }
    },
    "220": {
        "BestCoverage": 0.75,
        "TestChangeProbability": {
            "action": 0.03405451774597168,
            "observation": 0.42996398210525516
        }
    },
    "225": {
        "BestCoverage": 0.75,
        "TestChangeProbability": {
            "action": -0.04079571962356568,
            "observation": 0.46401849985122684
        }
    },
    "230": {
        "BestCoverage": 0.75,
        "TestChangeProbability": {
            "action": 0.08858127593994142,
            "observation": 0.42322278022766113
        }
    },
    "235": {
        "BestCoverage": 0.75,