{
    "20": {
        "BestCoverage": 0.75,
        "CrossoverRate": {
            "action": -0.05408337712287903,
            "observation": 0.75
        }
    },
    "25": {
        "BestCoverage": 0.7625,
        "CrossoverRate": {
            "action": -0.023032975196838376,
            "observation": 0.695916622877121
        }
    },
    "30": {
        "BestCoverage": 0.7625,
        "CrossoverRate": {
            "action": 0.04021538496017457,
            "observation": 0.6728836476802826
        }
    },
    "35": {
        "BestCoverage": 0.7625,
        "CrossoverRate": {
            "action": 0.09485819339752197,
            "observation": 0.7130990326404572
        }
    },
    "40": {
        "BestCoverage": 0.7625,
        "CrossoverRate": {
            "action": -0.04816049337387085,
            "observation": 0.8079572260379791
        }
    },
    "45": {
        "BestCoverage": 0.7625,
        "CrossoverRate": {
            "action": 0.03064355850219727,
            "observation": 0.7597967326641083
        }
    },
    "50": {
        "BestCoverage": 0.7625,
        "CrossoverRate": {
            "action": 0.006290304660797122,
            "observation": 0.7904402911663055
        }
    },
    "55": {
        "BestCoverage": 0.7625,
        "CrossoverRate": {
            "action": 0.0907064437866211,
            "observation": 0.7967305958271027
        }
    },
    "60": {
        "BestCoverage": 0.7625,
        "CrossoverRate": {
            "action": -0.043780130147933964,
            "observation": 0.8874370396137238
        }
    },
    "65": {
        "BestCoverage": 0.7625,
        "CrossoverRate": {
            "action": -0.04315757155418396,
            "observation": 0.8436569094657899
        }
    },
    "70": {
        "BestCoverage": 0.7625,
        "CrossoverRate": {
            "action": -0.0315706491470337,
            "observation": 0.8004993379116059
        }
    },
    "75": {
        "BestCoverage": 0.7625,
        "CrossoverRate": {
            "action": 0.044251894950866705,
            "observation": 0.7689286887645722
        }
    },
    "80": {
        "BestCoverage": 0.7625,
        "CrossoverRate": {
            "action": 0.06637923717498781,
            "observation": 0.8131805837154389
        }
    },
    "85": {
        "BestCoverage": 0.7625,
        "CrossoverRate": {
            "action": -0.03886768817901612,
            "observation": 0.8795598208904267
        }
    },
    "90": {
        "BestCoverage": 0.7625,
        "CrossoverRate": {
            "action": 0.0809769868850708,
            "observation": 0.8406921327114106
        }
    },
    "95": {
        "BestCoverage": 0.7625,
        "CrossoverRate": {
            "action": 0.07742438316345215,
            "observation": 0.9216691195964815
        }
    },
    "100": {
        "BestCoverage": 0.7625,
        "CrossoverRate": {
            "action": -0.04265340566635132,
            "observation": 0.9990935027599336
        }
    },
    "105": {
        "BestCoverage": 0.7625,
        "CrossoverRate": {
            "action": -0.04662366509437561,
            "observation": 0.9564400970935822
        }
    },
    "110": {
        "BestCoverage": 0.7625,
        "CrossoverRate": {
            "action": 0.08885984420776369,
            "observation": 0.9098164319992066
        }
    },
    "115": {
        "BestCoverage": 0.7625,
        "CrossoverRate": {
            "action": 0.014237368106842035,
            "observation": 0.9986762762069703
        }
    },
    "120": {
        "BestCoverage": 0.7625,
        "CrossoverRate": {
            "action": -0.08661884069442749,
            "observation": 1.0
        }
    },
    "125": {
        "BestCoverage": 0.7625,
        "CrossoverRate": {
            "action": 0.02691813707351684,
            "observation": 0.9133811593055725
        }
    },
    "130": {
        "BestCoverage": 0.7625,
        "CrossoverRate": {
            "action": 0.01849255561828614,
            "observation": 0.9402992963790894
        }
    },
    "135": {
        "BestCoverage": 0.7625,
        "CrossoverRate": {
            "action": 0.03837022781372071,
            "observation": 0.9587918519973755
        }
    },
    "140": {
        "BestCoverage": 0.7625,
        "CrossoverRate": {
            "action": 0.02156507968902588,
            "observation": 0.9971620798110962
        }
    },
    "145": {
        "BestCoverage": 0.7625,
        "CrossoverRate": {
            "action": 0.08780120611190798,
            "observation": 1.0
        }
    },
    "150": {
        "BestCoverage": 0.7625,
        "CrossoverRate": {
            "action": -0.07710091471672059,
            "observation": 1.0
        }
    },
    "155": {
        "BestCoverage": 0.7625,
        "CrossoverRate": {
            "action": -0.09459799528121948,
            "observation": 0.9228990852832795
        }
    },
    "160": {
        "BestCoverage": 0.7625,
        "CrossoverRate": {
            "action": 0.007421267032623288,
            "observation": 0.82830109000206
        }
    },
    "165": {
        "BestCoverage": 0.7625,
        "CrossoverRate": {
            "action": 0.00044597387313842496,
            "observation": 0.8357223570346832
        }
    },
    "170": {
        "BestCoverage": 0.7625,
        "CrossoverRate": {
            "action": -0.052104651927948,
            "observation": 0.8361683309078216
        }
    },
    "175": {
        "BestCoverage": 0.7625,
        "CrossoverRate": {
            "action": 0.0684821605682373,
            "observation": 0.7840636789798736
        }
    },
    "180": {
        "BestCoverage": 0.7625,
        "CrossoverRate": {
            "action": 0.04594359397888184,
            "observation": 0.8525458395481109
        }
    },
    "185": {
        "BestCoverage": 0.7625,
        "CrossoverRate": {
            "action": 0.08487113714218139,
            "observation": 0.8984894335269927
        }
    },
    "190": {
        "BestCoverage": 0.7625,
        "CrossoverRate": {
            "action": -0.020279002189636228,
            "observation": 0.9833605706691741
        }
    },
    "195": {
        "BestCoverage": 0.7625,
        "CrossoverRate": {
            "action": -0.08074710369110108,
            "observation": 0.963081568479538
        }
    },
    "200": {
        "BestCoverage": 0.7625,
        "CrossoverRate": {
            "action": 0.06015594005584718,
            "observation": 0.8823344647884369
        }
    },
    "205": {
        "BestCoverage": 0.7625,
        "CrossoverRate": {
            "action": -0.0024103879928588923,
            "observation": 0.9424904048442841
        }
    },
    "210": {
        "BestCoverage": 0.7625,
        "CrossoverRate": {
            "action": 0.014769721031188968,
            "observation": 0.9400800168514253
        }
    },
    "215": {
        "BestCoverage": 0.7625,
        "CrossoverRate": {
            "action": 0.025572001934051514,
            "observation": 0.9548497378826143
        }
    },
    "220": {
        "BestCoverage": 0.7625,
        "CrossoverRate": {
            "action": -0.02341244220733643,
            "observation": 0.9804217398166658
        }
    },
    "225": {
        "BestCoverage": 0.7625,
        "CrossoverRate": {
            "action": -0.06871322393417359,
            "observation": 0.9570092976093294
        }
    },
    "230": {
        "BestCoverage": 0.7625,
        "CrossoverRate": {
            "action": -0.03713300824165344,
            "observation": 0.8882960736751558
        }
    },
    "235": {
        "BestCoverage": 0.7625,
        "CrossoverRate": {
            "action": -0.004896855354309088,
            "observation": 0.8511630654335024
        }
    },
    "240": {
        "BestCoverage": 0.7625,
        "CrossoverRate": {
            "action": 0.07763265371322634,
            "observation": 0.8462662100791933
        }
    },