{
    "15": {
        "BestCoverage": 0.8,
        "TournamentSize": {
            "action": 0.9753497838973999,
            "observation": 5
        }
    },
    "20": {
        "BestCoverage": 0.8,
        "TournamentSize": {
            "action": 0.47758686542510986,
            "observation": 6
        }
    },
    "25": {
        "BestCoverage": 0.8,
        "TournamentSize": {
            "action": 0.8029509782791138,
            "observation": 6
        }
    },
    "30": {
        "BestCoverage": 0.8,
        "TournamentSize": {
            "action": 0.06452333927154541,
            "observation": 7
        }
    },
    "35": {
        "BestCoverage": 0.8,
        "TournamentSize": {
            "action": 0.8731541633605957,
            "observation": 7
        }
    },
    "40": {
        "BestCoverage": 0.8,
        "TournamentSize": {
            "action": 0.5948777198791504,
            "observation": 8
        }
    },
    "45": {
        "BestCoverage": 0.8,
        "TournamentSize": {
            "action": 0.0010765790939331055,
            "observation": 9
        }
    },
    "50": {
        "BestCoverage": 0.8,
        "TournamentSize": {
            "action": 0.2429581880569458,
            "observation": 9
        }
    },
    "55": {
        "BestCoverage": 0.8,
        "TournamentSize": {
            "action": 0.8608671426773071,
            "observation": 9
        }
    },
    "60": {
        "BestCoverage": 0.8,
        "TournamentSize": {
            "action": -0.3973900079727173,
            "observation": 10
        }
    },
    "65": {
        "BestCoverage": 0.8,
        "TournamentSize": {
            "action": -0.6902630925178528,
            "observation": 10
        }
    },
    "70": {
        "BestCoverage": 0.8,
        "TournamentSize": {
            "action": -0.6623709797859192,
            "observation": 9
        }
    },
    "75": {
        "BestCoverage": 0.8,
        "TournamentSize": {
            "action": 0.8165128231048584,
            "observation": 8
        }
    },
    "80": {
        "BestCoverage": 0.8,
        "TournamentSize": {
            "action": 0.32575464248657227,
            "observation": 9
        }
    },
    "85": {
        "BestCoverage": 0.8,
        "TournamentSize": {
            "action": 0.8354506492614746,
            "observation": 9
        }
    },
    "90": {
        "BestCoverage": 0.8,
        "TournamentSize": {
            "action": -0.8957445025444031,
            "observation": 10
        }
    },
    "95": {
        "BestCoverage": 0.8,
        "TournamentSize": {
            "action": -0.5155394077301025,
            "observation": 9
        }
    },
    "100": {
        "BestCoverage": 0.8,
        "TournamentSize": {
            "action": -0.38815057277679443,
            "observation": 8
        }
    },
    "105": {
        "BestCoverage": 0.8,
        "TournamentSize": {
            "action": 0.8597955703735352,
            "observation": 8
        }
    },
    "110": {
        "BestCoverage": 0.8,
        "TournamentSize": {
            "action": 0.721163272857666,
            "observation": 9
        }
    },
    "115": {
        "BestCoverage": 0.8,
        "TournamentSize": {
            "action": -0.29721754789352417,
            "observation": 10
        }
    },
    "120": {
        "BestCoverage": 0.8,
        "TournamentSize": {
            "action": 0.19767975807189941,
            "observation": 10
        }
    },
    "125": {
        "BestCoverage": 0.8,
        "TournamentSize": {
            "action": 0.48805367946624756,
            "observation": 10
        }
    },
    "130": {
        "BestCoverage": 0.8,
        "TournamentSize": {
            "action": -0.7691024541854858,
            "observation": 10
        }
    },
    "135": {
        "BestCoverage": 0.8,
        "TournamentSize": {
            "action": 0.7346285581588745,
            "observation": 9
        }
    },
    "140": {
        "BestCoverage": 0.8,
        "TournamentSize": {
            "action": -0.3447345495223999,
            "observation": 10
        }
    },
    "145": {
        "BestCoverage": 0.8,
        "TournamentSize": {
            "action": -0.44687139987945557,
            "observation": 10
        }
    },
    "150": {
        "BestCoverage": 0.8,
        "TournamentSize": {
            "action": -0.9122060537338257,
            "observation": 10
        }
    },
    "155": {
        "BestCoverage": 0.8,
        "TournamentSize": {
            "action": 0.6074402332305908,
            "observation": 9
        }
    },
    "160": {
        "BestCoverage": 0.8,
        "TournamentSize": {
            "action": -0.5518539547920227,
            "observation": 10
        }
    },
    "165": {
        "BestCoverage": 0.8,
        "TournamentSize": {
            "action": -0.09077054262161255,
            "observation": 9
        }
    },
    "170": {
        "BestCoverage": 0.8,
        "TournamentSize": {
            "action": 0.4469209909439087,
            "observation": 9
        }
    },
    "175": {
        "BestCoverage": 0.8,
        "TournamentSize": {
            "action": -0.512331485748291,
            "observation": 9
        }
    },
    "180": {
        "BestCoverage": 0.8,
        "TournamentSize": {
            "action": 0.21115171909332275,
            "observation": 8
        }
    },
    "185": {
        "BestCoverage": 0.8,
        "TournamentSize": {
            "action": 0.6225755214691162,
            "observation": 8
        }
    },
    "190": {
        "BestCoverage": 0.8,
        "TournamentSize": {
            "action": 0.5616455078125,
            "observation": 9
        }
    },
    "195": {
        "BestCoverage": 0.8,
        "TournamentSize": {
            "action": 0.14218080043792725,
            "observation": 10
        }
    },
    "200": {
        "BestCoverage": 0.8,
        "TournamentSize": {
            "action": -0.2114735245704651,
            "observation": 10
        }
    },
    "205": {
        "BestCoverage": 0.8,
        "TournamentSize": {
            "action": 0.13372588157653809,
            "observation": 10
        }
    },
    "210": {
        "BestCoverage": 0.8,
        "TournamentSize": {
            "action": 0.10888528823852539,
            "observation": 10
        }
    },
    "215": {
        "BestCoverage": 0.8,
        "TournamentSize": {
            "action": 0.5378317832946777,
            "observation": 10
        }
    },
    "220": {
        "BestCoverage": 0.8,
        "TournamentSize": {
            "action": -0.4384024143218994,
            "observation": 10
        }
    },
    "225": {
        "BestCoverage": 0.8,
        "TournamentSize": {
            "action": -0.6905273795127869,
            "observation": 10
        }
    },
    "230": {
        "BestCoverage": 0.8,
        "TournamentSize": {
            "action": -0.16984546184539795,
            "observation": 9
        }
    },
    "235": {
        "BestCoverage": 0.8,
        "TournamentSize": {
            "action": -0.6716283559799194,
            "observation": 9
        }
    },
    "240": {
        "BestCoverage": 0.8,
        "TournamentSize": {
            "action": -0.16301077604293823,
            "observation": 8
        }
    },
    "245": {
        "BestCoverage": 0.8,
        "TournamentSize": {
            "action": -0.1364384889602661,
            "observation": 8
        }
    },
    "250": {
        "BestCoverage": 0.8,
        "TournamentSize": {
            "action": -0.8197271823883057,
            "observation": 8
        }
    },
    "255": {
        "BestCoverage": 0.8,
        "TournamentSize": {
            "action": -0.6659935712814331,
            "observation": 7
        }
    },
    "260": {
        "BestCoverage": 0.8,
        "TournamentSize": {
            "action": 0.8786821365356445,
            "observation": 6
        }
    },
    "265": {
        "BestCoverage": 0.8,