{
    "30": {
        "BestCoverage": 0.75,
        "ChromosomeLength": {
            "action": -1.6067790985107422,
            "observation": 40
        }
    },
    "35": {
        "BestCoverage": 0.75,
        "ChromosomeLength": {
            "action": 0.009287595748901367,
            "observation": 38
        }
    },
    "40": {
        "BestCoverage": 0.75,
        "ChromosomeLength": {
            "action": -3.5090428590774536,
            "observation": 38
        }
    },
    "45": {
        "BestCoverage": 0.75,
        "ChromosomeLength": {
            "action": -2.426685333251953,
            "observation": 34
        }
    },
    "50": {
        "BestCoverage": 0.75,
        "ChromosomeLength": {
            "action": 5.490150690078735,
            "observation": 32
        }
    },
    "55": {
        "BestCoverage": 0.75,
        "ChromosomeLength": {
            "action": -2.4954442977905273,
            "observation": 37
        }
    },
    "60": {
        "BestCoverage": 0.75,
        "ChromosomeLength": {
            "action": -2.980694532394409,
            "observation": 35
        }
    },
    "65": {
        "BestCoverage": 0.75,
        "ChromosomeLength": {
            "action": 4.503403186798096,
            "observation": 32
        }
    },
    "70": {
        "BestCoverage": 0.75,
        "ChromosomeLength": {
            "action": 0.46488475799560547,
            "observation": 37
        }
    },
    "75": {
        "BestCoverage": 0.75,
        "ChromosomeLength": {
            "action": 5.965272903442383,
            "observation": 37
        }
    },
    "80": {
        "BestCoverage": 0.75,
        "ChromosomeLength": {
            "action": -1.0816043615341187,
            "observation": 43
        }
    },
    "85": {
        "BestCoverage": 0.75,
        "ChromosomeLength": {
            "action": 3.439962387084961,
            "observation": 42
        }
    },
    "90": {
        "BestCoverage": 0.75,
        "ChromosomeLength": {
            "action": -4.968639135360718,
            "observation": 45
        }
    },
    "95": {
        "BestCoverage": 0.75,
        "ChromosomeLength": {
            "action": -3.7241127490997314,
            "observation": 40
        }
    },
    "100": {
        "BestCoverage": 0.75,
        "ChromosomeLength": {
            "action": 2.4936275482177734,
            "observation": 36
        }
    },
    "105": {
        "BestCoverage": 0.75,
        "ChromosomeLength": {
            "action": -3.451567053794861,
            "observation": 38
        }
    },
    "110": {
        "BestCoverage": 0.75,
        "ChromosomeLength": {
            "action": 3.5759925842285156,
            "observation": 35
        }
    },
    "115": {
        "BestCoverage": 0.75,
        "ChromosomeLength": {
            "action": 4.979234218597412,
            "observation": 39
        }
    },
    "120": {
        "BestCoverage": 0.75,
        "ChromosomeLength": {
            "action": -2.5168018341064453,
            "observation": 44
        }
    },
    "125": {
        "BestCoverage": 0.75,
        "ChromosomeLength": {
            "action": -4.673312187194824,
            "observation": 41
        }
    },
    "130": {
        "BestCoverage": 0.75,
        "ChromosomeLength": {
            "action": -1.9373635053634644,
            "observation": 36
        }
    },
    "135": {
        "BestCoverage": 0.75,
        "ChromosomeLength": {
            "action": -2.808229923248291,
            "observation": 34
        }
    },
    "140": {
        "BestCoverage": 0.75,
        "ChromosomeLength": {
            "action": -2.9095237255096436,
            "observation": 31
        }
    },
    "145": {
        "BestCoverage": 0.75,
        "ChromosomeLength": {
            "action": -3.7363704442977905,
            "observation": 28
        }
    },
    "150": {
        "BestCoverage": 0.75,
        "ChromosomeLength": {
            "action": -5.220779657363892,
            "observation": 24
        }
    },
    "155": {
        "BestCoverage": 0.75,
        "ChromosomeLength": {
            "action": 2.014822483062744,
            "observation": 20
        }
    },
    "160": {
        "BestCoverage": 0.75,
        "ChromosomeLength": {
            "action": -3.4309362173080444,
            "observation": 22
        }
    },
    "165": {
        "BestCoverage": 0.75,
        "ChromosomeLength": {
            "action": -5.641930103302002,
            "observation": 20
        }
    },
    "170": {
        "BestCoverage": 0.75,
        "ChromosomeLength": {
            "action": 4.620052814483643,
            "observation": 20
        }
    },
    "175": {
        "BestCoverage": 0.75,
        "ChromosomeLength": {
            "action": 2.668973922729492,
            "observation": 25
        }
    },
    "180": {
        "BestCoverage": 0.75,
        "ChromosomeLength": {
            "action": -5.762584447860718,
            "observation": 28
        }
    },
    "185": {
        "BestCoverage": 0.75,
        "ChromosomeLength": {
            "action": -4.69148325920105,
            "observation": 22
        }
    },
    "190": {
        "BestCoverage": 0.75,
        "ChromosomeLength": {
            "action": -4.296770095825195,
            "observation": 20
        }
    },
    "195": {
        "BestCoverage": 0.75,
        "ChromosomeLength": {
            "action": 3.916490077972412,
            "observation": 20
        }
    },
    "200": {
        "BestCoverage": 0.75,
        "ChromosomeLength": {
            "action": 0.40502500534057617,
            "observation": 24
        }
    },
    "205": {
        "BestCoverage": 0.75,
        "ChromosomeLength": {
            "action": 0.40561652183532715,
            "observation": 24
        }
    },
    "210": {
        "BestCoverage": 0.75,
        "ChromosomeLength": {
            "action": 2.6979117393493652,
            "observation": 24
        }
    },
    "215": {
        "BestCoverage": 0.75,
        "ChromosomeLength": {
            "action": 5.180828332901001,
            "observation": 27
        }
    },
    "220": {
        "BestCoverage": 0.75,
        "ChromosomeLength": {
            "action": 4.839603424072266,
            "observation": 32
        }
    },
    "225": {
        "BestCoverage": 0.75,
        "ChromosomeLength": {
            "action": -3.1277453899383545,
            "observation": 37
        }
    },
    "230": {
        "BestCoverage": 0.75,
        "ChromosomeLength": {
            "action": -3.9022557735443115,
            "observation": 34
        }
    },
    "235": {
        "BestCoverage": 0.75,
        "ChromosomeLength": {
            "action": -1.2635282278060913,
            "observation": 30
        }
    },
    "240": {
        "BestCoverage": 0.75,
        "ChromosomeLength": {
            "action": -3.7607524394989014,
            "observation": 29
        }
    },
    "245": {
        "BestCoverage": 0.75,
        "ChromosomeLength": {
            "action": 0.4544341564178467,
            "observation": 25
        }
    },
    "250": {
        "BestCoverage": 0.75,
        "ChromosomeLength": {
            "action": 3.6011667251586914,
            "observation": 25
        }
    },
    "255": {
        "BestCoverage": 0.75,
        "ChromosomeLength": {
            "action": -1.7576515674591064,
            "observation": 29
        }
    },
    "260": {
        "BestCoverage": 0.75,
        "ChromosomeLength": {
            "action": 2.7748618125915527,
            "observation": 27
        }
    },
    "265": {
        "BestCoverage": 0.75,
        "ChromosomeLength": {
            "action": 1.552851676940918,
            "observation": 30
        }
    },
    "270": {
        "BestCoverage": 0.75,
        "ChromosomeLength": {
            "action": 1.1630487442016602,
            "observation": 32
        }
    },
    "275": {
        "BestCoverage": 0.75,