{
    "15": {
        "BestCoverage": 0.06666666666666667,
        "Population": {
            "action": 2.911428451538086,
            "observation": 50
        }
    },
    "20": {
        "BestCoverage": 0.06666666666666667,
        "Population": {
            "action": 6.191001892089844,
            "observation": 53
        }
    },
    "25": {
        "BestCoverage": 0.06666666666666667,
        "Population": {
            "action": -5.463628768920898,
            "observation": 59
        }
    },
    "30": {
        "BestCoverage": 0.06666666666666667,
        "Population": {
            "action": 3.109095573425293,
            "observation": 54
        }
    },
    "35": {
        "BestCoverage": 0.06666666666666667,
        "Population": {
            "action": 6.279508590698242,
            "observation": 57
        }
    },
    "40": {
        "BestCoverage": 0.06666666666666667,
        "Population": {
            "action": -3.3666467666625977,
            "observation": 63
        }
    },
    "45": {
        "BestCoverage": 0.06666666666666667,
        "Population": {
            "action": 5.767906188964844,
            "observation": 60
        }
    },
    "50": {
        "BestCoverage": 0.06666666666666667,
        "Population": {
            "action": -5.7971296310424805,
            "observation": 66
        }
    },
    "55": {
        "BestCoverage": 0.06666666666666667,
        "Population": {
            "action": 6.133139610290527,
            "observation": 60
        }
    },
    "60": {
        "BestCoverage": 0.06666666666666667,
        "Population": {
            "action": 4.972224235534668,
            "observation": 66
        }
    },
    "65": {
        "BestCoverage": 0.06666666666666667,
        "Population": {
            "action": 5.5678253173828125,
            "observation": 71
        }
    },
    "70": {
        "BestCoverage": 0.06666666666666667,
        "Population": {
            "action": 0.028957366943359375,
            "observation": 77
        }
    },
    "75": {
        "BestCoverage": 0.06666666666666667,
        "Population": {
            "action": 2.456057548522949,
            "observation": 77
        }
    },
    "80": {
        "BestCoverage": 0.06666666666666667,
        "Population": {
            "action": -6.006663799285889,
            "observation": 79
        }
    },
    "85": {
        "BestCoverage": 0.06666666666666667,
        "Population": {
            "action": -0.2872352600097656,
            "observation": 73
        }
    },
    "90": {
        "BestCoverage": 0.06666666666666667,
        "Population": {
            "action": 5.389215469360352,
            "observation": 73
        }
    },
    "95": {
        "BestCoverage": 0.06666666666666667,
        "Population": {
            "action": 0.4273843765258789,
            "observation": 78
        }
    },
    "100": {
        "BestCoverage": 0.06666666666666667,
        "Population": {
            "action": 6.957176208496094,
            "observation": 78
        }
    },
    "105": {
        "BestCoverage": 0.06666666666666667,
        "Population": {
            "action": 3.2830963134765625,
            "observation": 85
        }
    },
    "110": {
        "BestCoverage": 0.06666666666666667,
        "Population": {
            "action": 2.2450637817382812,
            "observation": 88
        }
    },
    "115": {
        "BestCoverage": 0.06666666666666667,
        "Population": {
            "action": -7.356332302093506,
            "observation": 90
        }
    },
    "120": {
        "BestCoverage": 0.06666666666666667,
        "Population": {
            "action": -3.341825008392334,
            "observation": 83
        }
    },
    "125": {
        "BestCoverage": 0.06666666666666667,
        "Population": {
            "action": 3.5532455444335938,
            "observation": 80
        }
    },
    "130": {
        "BestCoverage": 0.06666666666666667,
        "Population": {
            "action": -1.2773523330688477,
            "observation": 84
        }
    },
    "135": {
        "BestCoverage": 0.06666666666666667,
        "Population": {
            "action": -3.990725517272949,
            "observation": 83
        }
    },
    "140": {
        "BestCoverage": 0.06666666666666667,
        "Population": {
            "action": -3.7309160232543945,
            "observation": 79
        }
    },
    "145": {
        "BestCoverage": 0.06666666666666667,
        "Population": {
            "action": -0.6320858001708984,
            "observation": 75
        }
    },
    "150": {
        "BestCoverage": 0.06666666666666667,
        "Population": {
            "action": 2.799243927001953,
            "observation": 74
        }
    },
    "155": {
        "BestCoverage": 0.06666666666666667,
        "Population": {
            "action": -6.257469654083252,
            "observation": 77
        }
    },
    "160": {
        "BestCoverage": 0.06666666666666667,
        "Population": {
            "action": -3.0981407165527344,
            "observation": 71
        }
    },
    "165": {
        "BestCoverage": 0.06666666666666667,
        "Population": {
            "action": 1.178816795349121,
            "observation": 68
        }
    },
    "170": {
        "BestCoverage": 0.06666666666666667,
        "Population": {
            "action": 7.039163589477539,
            "observation": 69
        }
    },
    "175": {
        "BestCoverage": 0.06666666666666667,
        "Population": {
            "action": 7.102373123168945,
            "observation": 76
        }
    },
    "180": {
        "BestCoverage": 0.06666666666666667,
        "Population": {
            "action": 6.102781295776367,
            "observation": 83
        }
    },
    "185": {
        "BestCoverage": 0.06666666666666667,
        "Population": {
            "action": 2.5638198852539062,
            "observation": 89
        }
    },
    "190": {
        "BestCoverage": 0.06666666666666667,
        "Population": {
            "action": 0.058127403259277344,
            "observation": 92
        }
    },
    "195": {
        "BestCoverage": 0.06666666666666667,
        "Population": {
            "action": 2.6017799377441406,
            "observation": 92
        }
    },
    "200": {
        "BestCoverage": 0.06666666666666667,
        "Population": {
            "action": -5.288720607757568,
            "observation": 95
        }
    },
    "205": {
        "BestCoverage": 0.06666666666666667,
        "Population": {
            "action": -7.217916965484619,
            "observation": 90
        }
    },
    "210": {
        "BestCoverage": 0.06666666666666667,
        "Population": {
            "action": 6.562291145324707,
            "observation": 83
        }
    },
    "215": {
        "BestCoverage": 0.06666666666666667,
        "Population": {
            "action": -6.976357936859131,
            "observation": 90
        }
    },
    "220": {
        "BestCoverage": 0.06666666666666667,
        "Population": {
            "action": -3.228788375854492,
            "observation": 83
        }
    },
    "225": {
        "BestCoverage": 0.06666666666666667,
        "Population": {
            "action": 6.568584442138672,
            "observation": 80
        }
    },
    "230": {
        "BestCoverage": 0.06666666666666667,
        "Population": {
            "action": 0.16653823852539062,
            "observation": 87
        }
    },
    "235": {
        "BestCoverage": 0.06666666666666667,
        "Population": {
            "action": 4.185068130493164,
            "observation": 87
        }
    },
    "240": {
        "BestCoverage": 0.06666666666666667,
        "Population": {
            "action": 2.018996238708496,
            "observation": 91
        }
    },
    "245": {
        "BestCoverage": 0.06666666666666667,
        "Population": {
            "action": -5.757330417633057,