{
    "15": {
        "BestCoverage": 0.8,
        "ChangeParameterProbability": {
            "action": -0.037441396713256844,
            "observation": 0.1
        }
    },
    "20": {
        "BestCoverage": 0.8,
        "ChangeParameterProbability": {
            "action": 0.025405538082122814,
            "observation": 0.06255860328674316
        }
    },
    "25": {
        "BestCoverage": 0.8,
        "ChangeParameterProbability": {
            "action": -0.055706208944320684,
            "observation": 0.08796414136886598
        }
    },
    "30": {
        "BestCoverage": 0.8,
        "ChangeParameterProbability": {
            "action": 0.04913951158523561,
            "observation": 0.03225793242454529
        }
    },
    "35": {
        "BestCoverage": 0.8,
        "ChangeParameterProbability": {
            "action": 0.07772247791290285,
            "observation": 0.0813974440097809
        }
    },
    "40": {
        "BestCoverage": 0.8,
        "ChangeParameterProbability": {
            "action": 0.0414840817451477,
            "observation": 0.15911992192268376
        }
    },
    "45": {
        "BestCoverage": 0.8,
        "ChangeParameterProbability": {
            "action": 0.06503543853759766,
            "observation": 0.20060400366783146
        }
    },
    "50": {
        "BestCoverage": 0.8,
        "ChangeParameterProbability": {
            "action": -0.05407550930976868,
            "observation": 0.2656394422054291
        }
    },
    "55": {
        "BestCoverage": 0.8,
        "ChangeParameterProbability": {
            "action": 0.0026956796646118164,
            "observation": 0.21156393289566044
        }
    },
    "60": {
        "BestCoverage": 0.8,
        "ChangeParameterProbability": {
            "action": 0.07399253845214845,
            "observation": 0.21425961256027226
        }
    },
    "65": {
        "BestCoverage": 0.8,
        "ChangeParameterProbability": {
            "action": 0.08196849822998048,
            "observation": 0.28825215101242074
        }
    },
    "70": {
        "BestCoverage": 0.8,
        "ChangeParameterProbability": {
            "action": 0.08778269290924073,
            "observation": 0.3702206492424012
        }
    },
    "75": {
        "BestCoverage": 0.8,
        "ChangeParameterProbability": {
            "action": 0.09176089763641357,
            "observation": 0.45800334215164196
        }
    },
    "80": {
        "BestCoverage": 0.8,
        "ChangeParameterProbability": {
            "action": 0.0749400496482849,
            "observation": 0.5497642397880556
        }
    },
    "85": {
        "BestCoverage": 0.8,
        "ChangeParameterProbability": {
            "action": -0.03852097392082215,
            "observation": 0.6247042894363405
        }
    },
    "90": {
        "BestCoverage": 0.8,
        "ChangeParameterProbability": {
            "action": -0.07402648925781251,
            "observation": 0.5861833155155184
        }
    },
    "95": {
        "BestCoverage": 0.8,
        "ChangeParameterProbability": {
            "action": 0.04364886283874511,
            "observation": 0.5121568262577059
        }
    },
    "100": {
        "BestCoverage": 0.8,
        "ChangeParameterProbability": {
            "action": 0.03756606578826904,
            "observation": 0.555805689096451
        }
    },
    "105": {
        "BestCoverage": 0.8,
        "ChangeParameterProbability": {
            "action": -0.08766478896141053,
            "observation": 0.59337175488472
        }
    },
    "110": {
        "BestCoverage": 0.8,
        "ChangeParameterProbability": {
            "action": -0.07314901351928711,
            "observation": 0.5057069659233095
        }
    },
    "115": {
        "BestCoverage": 0.8,
        "ChangeParameterProbability": {
            "action": 0.08521996736526491,
            "observation": 0.43255795240402245
        }
    },
    "120": {
        "BestCoverage": 0.8,
        "ChangeParameterProbability": {
            "action": 0.07586277723312379,
            "observation": 0.5177779197692873
        }
    },
    "125": {
        "BestCoverage": 0.8,
        "ChangeParameterProbability": {
            "action": -0.08355430364608765,
            "observation": 0.5936406970024111
        }
    },
    "130": {
        "BestCoverage": 0.8,
        "ChangeParameterProbability": {
            "action": 0.06605012416839601,
            "observation": 0.5100863933563234
        }
    },
    "135": {
        "BestCoverage": 0.8,
        "ChangeParameterProbability": {
            "action": 0.07122635841369629,
            "observation": 0.5761365175247195
        }
    },
    "140": {
        "BestCoverage": 0.8,
        "ChangeParameterProbability": {
            "action": 0.05951927900314333,
            "observation": 0.6473628759384158
        }
    },
    "145": {
        "BestCoverage": 0.8,
        "ChangeParameterProbability": {
            "action": 0.02041813135147094,
            "observation": 0.7068821549415591
        }
    },
    "150": {
        "BestCoverage": 0.8,
        "ChangeParameterProbability": {
            "action": -0.02775914669036865,
            "observation": 0.7273002862930301
        }
    },
    "155": {
        "BestCoverage": 0.8,
        "ChangeParameterProbability": {
            "action": -0.07501091957092286,
            "observation": 0.6995411396026615
        }
    },
    "160": {
        "BestCoverage": 0.8,
        "ChangeParameterProbability": {
            "action": -0.0228651762008667,
            "observation": 0.6245302200317386
        }
    },
    "165": {
        "BestCoverage": 0.8,
        "ChangeParameterProbability": {
            "action": -0.05641046762466431,
            "observation": 0.6016650438308719
        }
    },
    "170": {
        "BestCoverage": 0.8,
        "ChangeParameterProbability": {
            "action": -0.043170392513275146,
            "observation": 0.5452545762062077
        }
    },
    "175": {
        "BestCoverage": 0.8,
        "ChangeParameterProbability": {
            "action": -0.079532128572464,
            "observation": 0.5020841836929325
        }
    },
    "180": {
        "BestCoverage": 0.8,
        "ChangeParameterProbability": {
            "action": -0.0810660719871521,
            "observation": 0.4225520551204685
        }
    },
    "185": {
        "BestCoverage": 0.8,
        "ChangeParameterProbability": {
            "action": 0.09549435377120971,
            "observation": 0.3414859831333164
        }
    },
    "190": {
        "BestCoverage": 0.8,
        "ChangeParameterProbability": {
            "action": -0.06140839457511902,
            "observation": 0.4369803369045261
        }
    },
    "195": {
        "BestCoverage": 0.8,
        "ChangeParameterProbability": {
            "action": -0.022617250680923462,
            "observation": 0.37557194232940705
        }
    },
    "200": {
        "BestCoverage": 0.8,
        "ChangeParameterProbability": {
            "action": -0.014994585514068598,
            "observation": 0.3529546916484836
        }
    },
    "205": {
        "BestCoverage": 0.8,
        "ChangeParameterProbability": {
            "action": -0.09246232509613038,
            "observation": 0.33796010613441496
        }
    },
    "210": {
        "BestCoverage": 0.8,
        "ChangeParameterProbability": {
            "action": 0.09687906503677368,
            "observation": 0.24549778103828457
        }
    },
    "215": {
        "BestCoverage": 0.8,
        "ChangeParameterProbability": {
            "action": 0.06149103641510009,
            "observation": 0.34237684607505825
        }
    },
    "220": {
        "BestCoverage": 0.8,
        "ChangeParameterProbability": {
            "action": -0.09642693996429444,
            "observation": 0.40386788249015837
        }
    },
    "225": {
        "BestCoverage": 0.8,