{
    "15": {
        "BestCoverage": 0.8,
        "Elite": {
            "action": -0.710268497467041,
            "observation": 1
        }
    },
    "20": {
        "BestCoverage": 0.8,
        "Elite": {
            "action": -0.41274797916412354,
            "observation": 0
        }
    },
    "25": {
        "BestCoverage": 0.8,
        "Elite": {
            "action": 0.9842753410339355,
            "observation": 0
        }
    },
    "30": {
        "BestCoverage": 0.8,
        "Elite": {
            "action": -0.8132964968681335,
            "observation": 1
        }
    },
    "35": {
        "BestCoverage": 0.8,
        "Elite": {
            "action": -0.17258358001708984,
            "observation": 0
        }
    },
    "40": {
        "BestCoverage": 0.8,
        "Elite": {
            "action": 0.9334121942520142,
            "observation": 0
        }
    },
    "45": {
        "BestCoverage": 0.8,
        "Elite": {
            "action": -0.7943788170814514,
            "observation": 1
        }
    },
    "50": {
        "BestCoverage": 0.8,
        "Elite": {
            "action": 0.76389479637146,
            "observation": 0
        }
    },
    "55": {
        "BestCoverage": 0.8,
        "Elite": {
            "action": -0.2975010871887207,
            "observation": 1
        }
    },
    "60": {
        "BestCoverage": 0.8,
        "Elite": {
            "action": 0.7987544536590576,
            "observation": 1
        }
    },
    "65": {
        "BestCoverage": 0.8,
        "Elite": {
            "action": -0.6121836304664612,
            "observation": 2
        }
    },
    "70": {
        "BestCoverage": 0.8,
        "Elite": {
            "action": -0.9664716720581055,
            "observation": 1
        }
    },
    "75": {
        "BestCoverage": 0.8,
        "Elite": {
            "action": 0.7194037437438965,
            "observation": 0
        }
    },
    "80": {
        "BestCoverage": 0.8,
        "Elite": {
            "action": 0.7203038930892944,
            "observation": 1
        }
    },
    "85": {
        "BestCoverage": 0.8,
        "Elite": {
            "action": 0.674058198928833,
            "observation": 2
        }
    },
    "90": {
        "BestCoverage": 0.8,
        "Elite": {
            "action": -0.9741941094398499,
            "observation": 3
        }
    },
    "95": {
        "BestCoverage": 0.8,
        "Elite": {
            "action": 0.47488856315612793,
            "observation": 2
        }
    },
    "100": {
        "BestCoverage": 0.8,
        "Elite": {
            "action": 0.7782003879547119,
            "observation": 2
        }
    },
    "105": {
        "BestCoverage": 0.8,
        "Elite": {
            "action": -0.3796027898788452,
            "observation": 3
        }
    },
    "110": {
        "BestCoverage": 0.8,
        "Elite": {
            "action": -0.5608571171760559,
            "observation": 3
        }
    },
    "115": {
        "BestCoverage": 0.8,
        "Elite": {
            "action": -0.47956132888793945,
            "observation": 2
        }
    },
    "120": {
        "BestCoverage": 0.8,
        "Elite": {
            "action": -0.30575042963027954,
            "observation": 2
        }
    },
    "125": {
        "BestCoverage": 0.8,
        "Elite": {
            "action": -0.7680835127830505,
            "observation": 2
        }
    },
    "130": {
        "BestCoverage": 0.8,
        "Elite": {
            "action": 0.4513719081878662,
            "observation": 1
        }
    },
    "135": {
        "BestCoverage": 0.8,
        "Elite": {
            "action": 0.8253774642944336,
            "observation": 1
        }
    },
    "140": {
        "BestCoverage": 0.8,
        "Elite": {
            "action": 0.701341986656189,
            "observation": 2
        }
    },
    "145": {
        "BestCoverage": 0.8,
        "Elite": {
            "action": -0.7296446561813354,
            "observation": 3
        }
    },
    "150": {
        "BestCoverage": 0.8,
        "Elite": {
            "action": -0.8391827344894409,
            "observation": 2
        }
    },
    "155": {
        "BestCoverage": 0.8,
        "Elite": {
            "action": 0.6982786655426025,
            "observation": 1
        }
    },
    "160": {
        "BestCoverage": 0.8,
        "Elite": {
            "action": -0.6728212237358093,
            "observation": 2
        }
    },
    "165": {
        "BestCoverage": 0.8,
        "Elite": {
            "action": 0.1354997158050537,
            "observation": 1
        }
    },
    "170": {
        "BestCoverage": 0.8,
        "Elite": {
            "action": -0.11839258670806885,
            "observation": 1
        }
    },
    "175": {
        "BestCoverage": 0.8,
        "Elite": {
            "action": 0.6857895851135254,
            "observation": 1
        }
    },
    "180": {
        "BestCoverage": 0.8,
        "Elite": {
            "action": -0.4625706672668457,
            "observation": 2
        }
    },
    "185": {
        "BestCoverage": 0.8,
        "Elite": {
            "action": -0.6925752758979797,
            "observation": 2
        }
    },
    "190": {
        "BestCoverage": 0.8,
        "Elite": {
            "action": -0.28216874599456787,
            "observation": 1
        }
    },
    "195": {
        "BestCoverage": 0.8,
        "Elite": {
            "action": -0.5562252402305603,
            "observation": 1
        }
    },
    "200": {
        "BestCoverage": 0.8,
        "Elite": {
            "action": 0.5124872922897339,
            "observation": 0
        }
    },
    "205": {
        "BestCoverage": 0.8,
        "Elite": {
            "action": 0.1079413890838623,
            "observation": 1
        }
    },
    "210": {
        "BestCoverage": 0.8,
        "Elite": {
            "action": -0.1857096552848816,
            "observation": 1
        }
    },
    "215": {
        "BestCoverage": 0.8,
        "Elite": {
            "action": 0.3719160556793213,
            "observation": 1
        }
    },
    "220": {
        "BestCoverage": 0.8,
        "Elite": {
            "action": 0.9682207107543945,
            "observation": 1
        }
    },
    "225": {
        "BestCoverage": 0.8,
        "Elite": {
            "action": -0.6474254727363586,
            "observation": 2
        }
    },
    "230": {
        "BestCoverage": 0.8,
        "Elite": {
            "action": 0.11140179634094238,
            "observation": 1
        }
    },
    "235": {
        "BestCoverage": 0.8,
        "Elite": {
            "action": -0.4924582242965698,
            "observation": 1
        }
    },
    "240": {
        "BestCoverage": 0.8,
        "Elite": {
            "action": 0.5533545017242432,
            "observation": 1
        }
    },
    "245": {
        "BestCoverage": 0.8,
        "Elite": {
            "action": 0.424426794052124,
            "observation": 2
        }
    },
    "250": {
        "BestCoverage": 0.8,
        "Elite": {
            "action": -0.18633711338043213,
            "observation": 2
        }
    },
    "255": {
        "BestCoverage": 0.8,
        "Elite": {
            "action": 0.11925625801086426,
            "observation": 2
        }
    },
    "260": {
        "BestCoverage": 0.8,
        "Elite": {
            "action": -0.6774057149887085,
            "observation": 2
        }
    },
    "265": {
        "BestCoverage": 0.8,
        "Elite": {
            "action": -0.7482603192329407,
            "observation": 1
        }
    },
    "270": {
        "BestCoverage": 0.8,
        "Elite": {
            "action": 0.6306931972503662,
            "observation": 0
        }
    },
    "275": {
        "BestCoverage": 0.8,
        "Elite": {
            "action": -0.37332087755203247,
            "observation": 1
        }
    },
    "280": {
        "BestCoverage": 0.8,