{
    "15": {
        "BestCoverage": 0.8,
        "Population": {
            "action": 2.0072574615478516,
            "observation": 50
        }
    },
    "20": {
        "BestCoverage": 0.8,
        "Population": {
            "action": -7.148063659667969,
            "observation": 52
        }
    },
    "25": {
        "BestCoverage": 0.8,
        "Population": {
            "action": 0.06849956512451172,
            "observation": 45
        }
    },
    "30": {
        "BestCoverage": 0.8,
        "Population": {
            "action": 0.8214006423950195,
            "observation": 45
        }
    },
    "35": {
        "BestCoverage": 0.8,
        "Population": {
            "action": 6.2762603759765625,
            "observation": 46
        }
    },
    "40": {
        "BestCoverage": 0.8,
        "Population": {
            "action": 6.027250289916992,
            "observation": 52
        }
    },
    "45": {
        "BestCoverage": 0.8,
        "Population": {
            "action": 5.324496269226074,
            "observation": 58
        }
    },
    "50": {
        "BestCoverage": 0.8,
        "Population": {
            "action": -1.5143799781799316,
            "observation": 63
        }
    },
    "55": {
        "BestCoverage": 0.8,
        "Population": {
            "action": 6.143308639526367,
            "observation": 61
        }
    },
    "60": {
        "BestCoverage": 0.8,
        "Population": {
            "action": -6.8638200759887695,
            "observation": 67
        }
    },
    "65": {
        "BestCoverage": 0.8,
        "Population": {
            "action": 1.25555419921875,
            "observation": 60
        }
    },
    "70": {
        "BestCoverage": 0.8,
        "Population": {
            "action": -3.880394458770752,
            "observation": 61
        }
    },
    "75": {
        "BestCoverage": 0.8,
        "Population": {
            "action": -3.203701972961426,
            "observation": 57
        }
    },
    "80": {
        "BestCoverage": 0.8,
        "Population": {
            "action": 2.6661062240600586,
            "observation": 54
        }
    },
    "85": {
        "BestCoverage": 0.8,
        "Population": {
            "action": -4.026815891265869,
            "observation": 57
        }
    },
    "90": {
        "BestCoverage": 0.8,
        "Population": {
            "action": -7.3502397537231445,
            "observation": 53
        }
    },
    "95": {
        "BestCoverage": 0.8,
        "Population": {
            "action": 7.315099716186523,
            "observation": 46
        }
    },
    "100": {
        "BestCoverage": 0.8,
        "Population": {
            "action": -2.292024612426758,
            "observation": 53
        }
    },
    "105": {
        "BestCoverage": 0.8,
        "Population": {
            "action": -5.837388038635254,
            "observation": 51
        }
    },
    "110": {
        "BestCoverage": 0.8,
        "Population": {
            "action": 2.622138023376465,
            "observation": 45
        }
    },
    "115": {
        "BestCoverage": 0.8,
        "Population": {
            "action": 6.03746223449707,
            "observation": 48
        }
    },
    "120": {
        "BestCoverage": 0.8,
        "Population": {
            "action": -5.45106840133667,
            "observation": 54
        }
    },
    "125": {
        "BestCoverage": 0.8,
        "Population": {
            "action": 5.638646125793457,
            "observation": 49
        }
    },
    "130": {
        "BestCoverage": 0.8,
        "Population": {
            "action": 4.358136177062988,
            "observation": 55
        }
    },
    "135": {
        "BestCoverage": 0.8,
        "Population": {
            "action": 2.077543258666992,
            "observation": 59
        }
    },
    "140": {
        "BestCoverage": 0.8,
        "Population": {
            "action": 6.723457336425781,
            "observation": 61
        }
    },
    "145": {
        "BestCoverage": 0.8,
        "Population": {
            "action": -0.8206110000610352,
            "observation": 68
        }
    },
    "150": {
        "BestCoverage": 0.8,
        "Population": {
            "action": 4.749088287353516,
            "observation": 67
        }
    },
    "155": {
        "BestCoverage": 0.8,
        "Population": {
            "action": 0.5489234924316406,
            "observation": 72
        }
    },
    "160": {
        "BestCoverage": 0.8,
        "Population": {
            "action": -1.0864548683166504,
            "observation": 73
        }
    },
    "165": {
        "BestCoverage": 0.8,
        "Population": {
            "action": -3.0289154052734375,
            "observation": 72
        }
    },
    "170": {
        "BestCoverage": 0.8,
        "Population": {
            "action": 0.16270160675048828,
            "observation": 69
        }
    },
    "175": {
        "BestCoverage": 0.8,
        "Population": {
            "action": -1.2430992126464844,
            "observation": 69
        }
    },
    "180": {
        "BestCoverage": 0.8,
        "Population": {
            "action": 4.252973556518555,
            "observation": 68
        }
    },
    "185": {
        "BestCoverage": 0.8,
        "Population": {
            "action": 0.31231021881103516,
            "observation": 72
        }
    },
    "190": {
        "BestCoverage": 0.8,
        "Population": {
            "action": -5.752796173095703,
            "observation": 72
        }
    },
    "195": {
        "BestCoverage": 0.8,
        "Population": {
            "action": 6.3651227951049805,
            "observation": 66
        }
    },
    "200": {
        "BestCoverage": 0.8,
        "Population": {
            "action": -1.2318530082702637,
            "observation": 72
        }
    },
    "205": {
        "BestCoverage": 0.8,
        "Population": {
            "action": 5.274187088012695,
            "observation": 71
        }
    },
    "210": {
        "BestCoverage": 0.8,
        "Population": {
            "action": -6.727344989776611,
            "observation": 76
        }
    },
    "215": {
        "BestCoverage": 0.8,
        "Population": {
            "action": 2.355788230895996,
            "observation": 69
        }
    },
    "220": {
        "BestCoverage": 0.8,
        "Population": {
            "action": 7.4128265380859375,
            "observation": 71
        }
    },
    "225": {
        "BestCoverage": 0.8,
        "Population": {
            "action": -1.7994890213012695,
            "observation": 78
        }
    },
    "230": {
        "BestCoverage": 0.8,
        "Population": {
            "action": -6.263172149658203,
            "observation": 76
        }
    },
    "235": {
        "BestCoverage": 0.8,
        "Population": {
            "action": -1.1145310401916504,
            "observation": 70
        }
    },
    "240": {
        "BestCoverage": 0.8,
        "Population": {
            "action": -2.9486351013183594,
            "observation": 69
        }
    },
    "245": {
        "BestCoverage": 0.8,
        "Population": {
            "action": 6.812654495239258,
            "observation": 66
        }
    },
    "250": {
        "BestCoverage": 0.8,
        "Population": {
            "action": 5.379086494445801,
            "observation": 73
        }
    },
    "255": {
        "BestCoverage": 0.8,
        "Population": {
            "action": 1.2108478546142578,
            "observation": 78
        }
    },
    "260": {
        "BestCoverage": 0.8,
        "Population": {
            "action": -7.156365871429443,
            "observation": 79
        }
    },
    "265": {
        "BestCoverage": 0.8,
        "Population": {
            "action": 3.63637638092041,
            "observation": 72
        }
    },
    "270": {
        "BestCoverage": 0.8,
        "Population": {
            "action": 1.0836925506591797,