{
    "15": {
        "BestCoverage": 0.8,
        "StatementInsertionProbability": {
            "action": -0.052467072010040285,
            "observation": 0.5
        }
    },
    "20": {
        "BestCoverage": 0.8,
        "StatementInsertionProbability": {
            "action": 0.028561043739318837,
            "observation": 0.4475329279899597
        }
    },
    "25": {
        "BestCoverage": 0.8,
        "StatementInsertionProbability": {
            "action": -0.09030422568321228,
            "observation": 0.47609397172927853
        }
    },
    "30": {
        "BestCoverage": 0.8,
        "StatementInsertionProbability": {
            "action": 0.0858445405960083,
            "observation": 0.38578974604606625
        }
    },
    "35": {
        "BestCoverage": 0.8,
        "StatementInsertionProbability": {
            "action": -0.09196752309799194,
            "observation": 0.4716342866420745
        }
    },
    "40": {
        "BestCoverage": 0.8,
        "StatementInsertionProbability": {
            "action": -0.02034546732902527,
            "observation": 0.3796667635440826
        }
    },
    "45": {
        "BestCoverage": 0.8,
        "StatementInsertionProbability": {
            "action": 0.014111959934234614,
            "observation": 0.3593212962150573
        }
    },
    "50": {
        "BestCoverage": 0.8,
        "StatementInsertionProbability": {
            "action": -0.08689851760864259,
            "observation": 0.3734332561492919
        }
    },
    "55": {
        "BestCoverage": 0.8,
        "StatementInsertionProbability": {
            "action": -0.034626305103302,
            "observation": 0.2865347385406493
        }
    },
    "60": {
        "BestCoverage": 0.8,
        "StatementInsertionProbability": {
            "action": 0.007835483551025396,
            "observation": 0.2519084334373473
        }
    },
    "65": {
        "BestCoverage": 0.8,
        "StatementInsertionProbability": {
            "action": 0.03518680334091187,
            "observation": 0.25974391698837274
        }
    },
    "70": {
        "BestCoverage": 0.8,
        "StatementInsertionProbability": {
            "action": -0.07647920846939088,
            "observation": 0.2949307203292846
        }
    },
    "75": {
        "BestCoverage": 0.8,
        "StatementInsertionProbability": {
            "action": 0.09368774890899659,
            "observation": 0.2184515118598937
        }
    },
    "80": {
        "BestCoverage": 0.8,
        "StatementInsertionProbability": {
            "action": 0.043379735946655285,
            "observation": 0.3121392607688903
        }
    },
    "85": {
        "BestCoverage": 0.8,
        "StatementInsertionProbability": {
            "action": 0.046980977058410645,
            "observation": 0.3555189967155456
        }
    },
    "90": {
        "BestCoverage": 0.8,
        "StatementInsertionProbability": {
            "action": -0.09479331374168397,
            "observation": 0.40249997377395624
        }
    },
    "95": {
        "BestCoverage": 0.8,
        "StatementInsertionProbability": {
            "action": 0.049716007709503185,
            "observation": 0.30770666003227226
        }
    },
    "100": {
        "BestCoverage": 0.8,
        "StatementInsertionProbability": {
            "action": 0.011171460151672363,
            "observation": 0.35742266774177545
        }
    },
    "105": {
        "BestCoverage": 0.8,
        "StatementInsertionProbability": {
            "action": 0.032619106769561756,
            "observation": 0.3685941278934478
        }
    },
    "110": {
        "BestCoverage": 0.8,
        "StatementInsertionProbability": {
            "action": -0.025722008943557736,
            "observation": 0.40121323466300957
        }
    },
    "115": {
        "BestCoverage": 0.8,
        "StatementInsertionProbability": {
            "action": 0.08604551553726197,
            "observation": 0.3754912257194518
        }
    },
    "120": {
        "BestCoverage": 0.8,
        "StatementInsertionProbability": {
            "action": -0.06102700233459473,
            "observation": 0.4615367412567138
        }
    },
    "125": {
        "BestCoverage": 0.8,
        "StatementInsertionProbability": {
            "action": -0.06144999861717224,
            "observation": 0.40050973892211905
        }
    },
    "130": {
        "BestCoverage": 0.8,
        "StatementInsertionProbability": {
            "action": -0.06840670704841614,
            "observation": 0.3390597403049468
        }
    },
    "135": {
        "BestCoverage": 0.8,
        "StatementInsertionProbability": {
            "action": -0.016901332139968875,
            "observation": 0.2706530332565307
        }
    },
    "140": {
        "BestCoverage": 0.8,
        "StatementInsertionProbability": {
            "action": 0.03480615615844726,
            "observation": 0.2537517011165618
        }
    },
    "145": {
        "BestCoverage": 0.8,
        "StatementInsertionProbability": {
            "action": 0.0812938690185547,
            "observation": 0.28855785727500904
        }
    },
    "150": {
        "BestCoverage": 0.8,
        "StatementInsertionProbability": {
            "action": 0.050919508934021,
            "observation": 0.3698517262935638
        }
    },
    "155": {
        "BestCoverage": 0.8,
        "StatementInsertionProbability": {
            "action": 0.09341162443161011,
            "observation": 0.42077123522758475
        }
    },
    "160": {
        "BestCoverage": 0.8,
        "StatementInsertionProbability": {
            "action": -0.0010822355747222845,
            "observation": 0.5141828596591949
        }
    },
    "165": {
        "BestCoverage": 0.8,
        "StatementInsertionProbability": {
            "action": 0.0018148779869079645,
            "observation": 0.5131006240844725
        }
    },
    "170": {
        "BestCoverage": 0.8,
        "StatementInsertionProbability": {
            "action": -0.0075111985206604,
            "observation": 0.5149155020713805
        }
    },
    "175": {
        "BestCoverage": 0.8,
        "StatementInsertionProbability": {
            "action": 0.07839971780776978,
            "observation": 0.5074043035507201
        }
    },
    "180": {
        "BestCoverage": 0.8,
        "StatementInsertionProbability": {
            "action": -0.016648828983306885,
            "observation": 0.5858040213584899
        }
    },
    "185": {
        "BestCoverage": 0.8,
        "StatementInsertionProbability": {
            "action": 0.03746527433395386,
            "observation": 0.569155192375183
        }
    },
    "190": {
        "BestCoverage": 0.8,
        "StatementInsertionProbability": {
            "action": 0.005834031105041507,
            "observation": 0.6066204667091368
        }
    },
    "195": {
        "BestCoverage": 0.8,
        "StatementInsertionProbability": {
            "action": 0.0333331823348999,
            "observation": 0.6124544978141784
        }
    },
    "200": {
        "BestCoverage": 0.8,
        "StatementInsertionProbability": {
            "action": 0.03837227821350098,
            "observation": 0.6457876801490783
        }
    },
    "205": {
        "BestCoverage": 0.8,
        "StatementInsertionProbability": {
            "action": -0.07957305312156678,
            "observation": 0.6841599583625793
        }
    },
    "210": {
        "BestCoverage": 0.8,
        "StatementInsertionProbability": {
            "action": -0.03773851394653321,
            "observation": 0.6045869052410124
        }
    },
    "215": {
        "BestCoverage": 0.8,
        "StatementInsertionProbability": {
            "action": 0.0172154426574707,
            "observation": 0.5668483912944793
        }
    },
    "220": {
        "BestCoverage": 0.8,
        "StatementInsertionProbability": {
            "action": 0.007731163501739496,