{
    "15": {
        "BestCoverage": 0.8,
        "TestInsertProbability": {
            "action": -0.05284558534622193,
            "observation": 0.3333333333333333
        }
    },
    "20": {
        "BestCoverage": 0.8,
        "TestInsertProbability": {
            "action": -0.01035239696502685,
            "observation": 0.2804877479871114
        }
    },
    "25": {
        "BestCoverage": 0.8,
        "TestInsertProbability": {
            "action": -0.0695355772972107,
            "observation": 0.2701353510220845
        }
    },
    "30": {
        "BestCoverage": 0.8,
        "TestInsertProbability": {
            "action": -0.0948052704334259,
            "observation": 0.2005997737248738
        }
    },
    "35": {
        "BestCoverage": 0.8,
        "TestInsertProbability": {
            "action": 0.03730063438415526,
            "observation": 0.1057945032914479
        }
    },
    "40": {
        "BestCoverage": 0.8,
        "TestInsertProbability": {
            "action": 0.0828016757965088,
            "observation": 0.14309513767560317
        }
    },
    "45": {
        "BestCoverage": 0.8,
        "TestInsertProbability": {
            "action": -0.023654985427856448,
            "observation": 0.22589681347211196
        }
    },
    "50": {
        "BestCoverage": 0.8,
        "TestInsertProbability": {
            "action": 0.09260194301605226,
            "observation": 0.2022418280442555
        }
    },
    "55": {
        "BestCoverage": 0.8,
        "TestInsertProbability": {
            "action": 0.08058757781982423,
            "observation": 0.2948437710603078
        }
    },
    "60": {
        "BestCoverage": 0.8,
        "TestInsertProbability": {
            "action": 0.09802823066711427,
            "observation": 0.375431348880132
        }
    },
    "65": {
        "BestCoverage": 0.8,
        "TestInsertProbability": {
            "action": 0.003958499431610113,
            "observation": 0.47345957954724627
        }
    },
    "70": {
        "BestCoverage": 0.8,
        "TestInsertProbability": {
            "action": -0.06416272521018981,
            "observation": 0.47741807897885635
        }
    },
    "75": {
        "BestCoverage": 0.8,
        "TestInsertProbability": {
            "action": -0.08043164610862732,
            "observation": 0.4132553537686665
        }
    },
    "80": {
        "BestCoverage": 0.8,
        "TestInsertProbability": {
            "action": -0.054927450418472294,
            "observation": 0.3328237076600392
        }
    },
    "85": {
        "BestCoverage": 0.8,
        "TestInsertProbability": {
            "action": 0.04436750411987306,
            "observation": 0.2778962572415669
        }
    },
    "90": {
        "BestCoverage": 0.8,
        "TestInsertProbability": {
            "action": 0.07009942531585694,
            "observation": 0.32226376136143997
        }
    },
    "95": {
        "BestCoverage": 0.8,
        "TestInsertProbability": {
            "action": 0.06666359901428223,
            "observation": 0.3923631866772969
        }
    },
    "100": {
        "BestCoverage": 0.8,
        "TestInsertProbability": {
            "action": 0.018489611148834226,
            "observation": 0.4590267856915792
        }
    },
    "105": {
        "BestCoverage": 0.8,
        "TestInsertProbability": {
            "action": 0.09785151481628418,
            "observation": 0.4775163968404134
        }
    },
    "110": {
        "BestCoverage": 0.8,
        "TestInsertProbability": {
            "action": -0.011654317378997803,
            "observation": 0.5753679116566977
        }
    },
    "115": {
        "BestCoverage": 0.8,
        "TestInsertProbability": {
            "action": 0.054722523689270025,
            "observation": 0.5637135942776998
        }
    },
    "120": {
        "BestCoverage": 0.8,
        "TestInsertProbability": {
            "action": 0.07285406589508056,
            "observation": 0.6184361179669698
        }
    },
    "125": {
        "BestCoverage": 0.8,
        "TestInsertProbability": {
            "action": -0.015841239690780634,
            "observation": 0.6912901838620504
        }
    },
    "130": {
        "BestCoverage": 0.8,
        "TestInsertProbability": {
            "action": -0.09824435114860536,
            "observation": 0.6754489441712698
        }
    },
    "135": {
        "BestCoverage": 0.8,
        "TestInsertProbability": {
            "action": 0.021283662319183355,
            "observation": 0.5772045930226644
        }
    },
    "140": {
        "BestCoverage": 0.8,
        "TestInsertProbability": {
            "action": -0.012326455116271978,
            "observation": 0.5984882553418477
        }
    },
    "145": {
        "BestCoverage": 0.8,
        "TestInsertProbability": {
            "action": -0.06899142265319824,
            "observation": 0.5861618002255757
        }
    },
    "150": {
        "BestCoverage": 0.8,
        "TestInsertProbability": {
            "action": -0.012796866893768313,
            "observation": 0.5171703775723775
        }
    },
    "155": {
        "BestCoverage": 0.8,
        "TestInsertProbability": {
            "action": 0.02753967046737671,
            "observation": 0.5043735106786091
        }
    },
    "160": {
        "BestCoverage": 0.8,
        "TestInsertProbability": {
            "action": 0.08109346628189087,
            "observation": 0.5319131811459858
        }
    },
    "165": {
        "BestCoverage": 0.8,
        "TestInsertProbability": {
            "action": -0.028313624858856204,
            "observation": 0.6130066474278767
        }
    },
    "170": {
        "BestCoverage": 0.8,
        "TestInsertProbability": {
            "action": 0.09558064937591554,
            "observation": 0.5846930225690204
        }
    },
    "175": {
        "BestCoverage": 0.8,
        "TestInsertProbability": {
            "action": -0.038998770713806155,
            "observation": 0.680273671944936
        }
    },
    "180": {
        "BestCoverage": 0.8,
        "TestInsertProbability": {
            "action": -0.03134568929672242,
            "observation": 0.6412749012311298
        }
    },
    "185": {
        "BestCoverage": 0.8,
        "TestInsertProbability": {
            "action": -0.08040401339530945,
            "observation": 0.6099292119344074
        }
    },
    "190": {
        "BestCoverage": 0.8,
        "TestInsertProbability": {
            "action": 0.056970262527465815,
            "observation": 0.529525198539098
        }
    },
    "195": {
        "BestCoverage": 0.8,
        "TestInsertProbability": {
            "action": 0.03187239170074463,
            "observation": 0.5864954610665638
        }
    },
    "200": {
        "BestCoverage": 0.8,
        "TestInsertProbability": {
            "action": 0.07294262647628785,
            "observation": 0.6183678527673084
        }
    },
    "205": {
        "BestCoverage": 0.8,
        "TestInsertProbability": {
            "action": 0.0023822784423828125,
            "observation": 0.6913104792435962
        }
    },
    "210": {
        "BestCoverage": 0.8,
        "TestInsertProbability": {
            "action": -0.0924743950366974,
            "observation": 0.693692757685979
        }
    },
    "215": {
        "BestCoverage": 0.8,
        "TestInsertProbability": {
            "action": -0.06852954626083374,
            "observation": 0.6012183626492816
        }
    },
    "220": {
        "BestCoverage": 0.8,
        "TestInsertProbability": {
            "action": 0.0701765775680542,
            "observation": 0.5326888163884479
        }
    },
    "225": {
        "BestCoverage": 0.8,
        "TestInsertProbability": {
            "action": 0.008429431915283198,
            "observation": 0.6028653939565021
        }
    },
    "230": {
        "BestCoverage": 0.8,