{
    "15": {
        "BestCoverage": 0.8,
        "RandomPerturbation": {
            "action": 0.0757852077484131,
            "observation": 0.2
        }
    },
    "20": {
        "BestCoverage": 0.8,
        "RandomPerturbation": {
            "action": 0.031780529022216786,
            "observation": 0.2757852077484131
        }
    },
    "25": {
        "BestCoverage": 0.8,
        "RandomPerturbation": {
            "action": -0.02759880423545838,
            "observation": 0.30756573677062987
        }
    },
    "30": {
        "BestCoverage": 0.8,
        "RandomPerturbation": {
            "action": -0.05429158806800843,
            "observation": 0.27996693253517146
        }
    },
    "35": {
        "BestCoverage": 0.8,
        "RandomPerturbation": {
            "action": 0.044812309741973866,
            "observation": 0.22567534446716303
        }
    },
    "40": {
        "BestCoverage": 0.8,
        "RandomPerturbation": {
            "action": 0.044570410251617426,
            "observation": 0.2704876542091369
        }
    },
    "45": {
        "BestCoverage": 0.8,
        "RandomPerturbation": {
            "action": -0.045843446254730226,
            "observation": 0.31505806446075435
        }
    },
    "50": {
        "BestCoverage": 0.8,
        "RandomPerturbation": {
            "action": 0.04038406610488893,
            "observation": 0.2692146182060241
        }
    },
    "55": {
        "BestCoverage": 0.8,
        "RandomPerturbation": {
            "action": -0.01004554629325867,
            "observation": 0.30959868431091303
        }
    },
    "60": {
        "BestCoverage": 0.8,
        "RandomPerturbation": {
            "action": 0.08040257692337036,
            "observation": 0.2995531380176544
        }
    },
    "65": {
        "BestCoverage": 0.8,
        "RandomPerturbation": {
            "action": 0.05748320817947389,
            "observation": 0.37995571494102476
        }
    },
    "70": {
        "BestCoverage": 0.8,
        "RandomPerturbation": {
            "action": 0.09163579940795899,
            "observation": 0.43743892312049865
        }
    },
    "75": {
        "BestCoverage": 0.8,
        "RandomPerturbation": {
            "action": -0.04965184330940247,
            "observation": 0.5290747225284577
        }
    },
    "80": {
        "BestCoverage": 0.8,
        "RandomPerturbation": {
            "action": -0.06999359726905824,
            "observation": 0.4794228792190552
        }
    },
    "85": {
        "BestCoverage": 0.8,
        "RandomPerturbation": {
            "action": 0.020590400695800787,
            "observation": 0.40942928194999695
        }
    },
    "90": {
        "BestCoverage": 0.8,
        "RandomPerturbation": {
            "action": 0.057293558120727534,
            "observation": 0.4300196826457977
        }
    },
    "95": {
        "BestCoverage": 0.8,
        "RandomPerturbation": {
            "action": 0.05217884778976442,
            "observation": 0.48731324076652527
        }
    },
    "100": {
        "BestCoverage": 0.8,
        "RandomPerturbation": {
            "action": 0.08303779363632202,
            "observation": 0.5394920885562897
        }
    },
    "105": {
        "BestCoverage": 0.8,
        "RandomPerturbation": {
            "action": -0.085846745967865,
            "observation": 0.6225298821926117
        }
    },
    "110": {
        "BestCoverage": 0.8,
        "RandomPerturbation": {
            "action": 0.002645170688629156,
            "observation": 0.5366831362247467
        }
    },
    "115": {
        "BestCoverage": 0.8,
        "RandomPerturbation": {
            "action": 0.02543823719024657,
            "observation": 0.5393283069133759
        }
    },
    "120": {
        "BestCoverage": 0.8,
        "RandomPerturbation": {
            "action": 0.03653154373168946,
            "observation": 0.5647665441036225
        }
    },
    "125": {
        "BestCoverage": 0.8,
        "RandomPerturbation": {
            "action": 0.07349414825439454,
            "observation": 0.6012980878353119
        }
    },
    "130": {
        "BestCoverage": 0.8,
        "RandomPerturbation": {
            "action": 0.010478377342224121,
            "observation": 0.6747922360897065
        }
    },
    "135": {
        "BestCoverage": 0.8,
        "RandomPerturbation": {
            "action": 0.08857425451278686,
            "observation": 0.6852706134319306
        }
    },
    "140": {
        "BestCoverage": 0.8,
        "RandomPerturbation": {
            "action": -0.04995584487915039,
            "observation": 0.7738448679447175
        }
    },
    "145": {
        "BestCoverage": 0.8,
        "RandomPerturbation": {
            "action": -0.07037758827209473,
            "observation": 0.7238890230655671
        }
    },
    "150": {
        "BestCoverage": 0.8,
        "RandomPerturbation": {
            "action": 0.03172636032104492,
            "observation": 0.6535114347934724
        }
    },
    "155": {
        "BestCoverage": 0.8,
        "RandomPerturbation": {
            "action": 0.031195068359374994,
            "observation": 0.6852377951145173
        }
    },
    "160": {
        "BestCoverage": 0.8,
        "RandomPerturbation": {
            "action": -0.0039163887500762995,
            "observation": 0.7164328634738923
        }
    },
    "165": {
        "BestCoverage": 0.8,
        "RandomPerturbation": {
            "action": 0.08966931104660034,
            "observation": 0.7125164747238161
        }
    },
    "170": {
        "BestCoverage": 0.8,
        "RandomPerturbation": {
            "action": 0.021359586715698237,
            "observation": 0.8021857857704164
        }
    },
    "175": {
        "BestCoverage": 0.8,
        "RandomPerturbation": {
            "action": -0.09949564933776855,
            "observation": 0.8235453724861147
        }
    },
    "180": {
        "BestCoverage": 0.8,
        "RandomPerturbation": {
            "action": -0.05592097640037537,
            "observation": 0.7240497231483461
        }
    },
    "185": {
        "BestCoverage": 0.8,
        "RandomPerturbation": {
            "action": 0.06712346076965334,
            "observation": 0.6681287467479707
        }
    },
    "190": {
        "BestCoverage": 0.8,
        "RandomPerturbation": {
            "action": -0.0012014746665954534,
            "observation": 0.7352522075176241
        }
    },
    "195": {
        "BestCoverage": 0.8,
        "RandomPerturbation": {
            "action": 0.07398210763931276,
            "observation": 0.7340507328510286
        }
    },
    "200": {
        "BestCoverage": 0.8,
        "RandomPerturbation": {
            "action": 0.07825696468353271,
            "observation": 0.8080328404903414
        }
    },
    "205": {
        "BestCoverage": 0.8,
        "RandomPerturbation": {
            "action": -0.012714838981628424,
            "observation": 0.8862898051738741
        }
    },
    "210": {
        "BestCoverage": 0.8,
        "RandomPerturbation": {
            "action": -0.0165391743183136,
            "observation": 0.8735749661922457
        }
    },
    "215": {
        "BestCoverage": 0.8,
        "RandomPerturbation": {
            "action": -0.02407492399215698,
            "observation": 0.8570357918739321
        }
    },
    "220": {
        "BestCoverage": 0.8,
        "RandomPerturbation": {
            "action": -0.09387840628623963,
            "observation": 0.8329608678817751
        }
    },
    "225": {
        "BestCoverage": 0.8,
        "RandomPerturbation": {
            "action": -0.053796213865280156,
            "observation": 0.7390824615955355
        }
    },
    "230": {
        "BestCoverage": 0.8,
        "RandomPerturbation": {
            "action": -0.041261065006256106,
            "observation": 0.6852862477302554
        }
    },
    "235": {
        "BestCoverage": 0.8,