{
    "15": {
        "BestCoverage": 0.1282051282051282,
        "Population": {
            "action": -7.7501935958862305,
            "observation": 50
        }
    },
    "20": {
        "BestCoverage": 0.1282051282051282,
        "Population": {
            "action": -4.005967140197754,
            "observation": 42
        }
    },
    "25": {
        "BestCoverage": 0.1282051282051282,
        "Population": {
            "action": -1.3026957511901855,
            "observation": 38
        }
    },
    "30": {
        "BestCoverage": 0.1282051282051282,
        "Population": {
            "action": -3.8293914794921875,
            "observation": 37
        }
    },
    "35": {
        "BestCoverage": 0.1282051282051282,
        "Population": {
            "action": 3.2245988845825195,
            "observation": 33
        }
    },
    "40": {
        "BestCoverage": 0.1282051282051282,
        "Population": {
            "action": 2.759371757507324,
            "observation": 36
        }
    },
    "45": {
        "BestCoverage": 0.1282051282051282,
        "Population": {
            "action": 2.876922607421875,
            "observation": 39
        }
    },
    "50": {
        "BestCoverage": 0.1282051282051282,
        "Population": {
            "action": -1.4977726936340332,
            "observation": 42
        }
    },
    "55": {
        "BestCoverage": 0.1282051282051282,
        "Population": {
            "action": 7.581155776977539,
            "observation": 41
        }
    },
    "60": {
        "BestCoverage": 0.1282051282051282,
        "Population": {
            "action": 0.43551158905029297,
            "observation": 49
        }
    },
    "65": {
        "BestCoverage": 0.1282051282051282,
        "Population": {
            "action": -3.948678970336914,
            "observation": 49
        }
    },
    "70": {
        "BestCoverage": 0.1282051282051282,
        "Population": {
            "action": 7.667579650878906,
            "observation": 45
        }
    },
    "75": {
        "BestCoverage": 0.1282051282051282,
        "Population": {
            "action": 7.603950500488281,
            "observation": 53
        }
    },
    "80": {
        "BestCoverage": 0.1282051282051282,
        "Population": {
            "action": -2.5570645332336426,
            "observation": 61
        }
    },
    "85": {
        "BestCoverage": 0.1282051282051282,
        "Population": {
            "action": -4.944290637969971,
            "observation": 58
        }
    },
    "90": {
        "BestCoverage": 0.1282051282051282,
        "Population": {
            "action": -2.2095518112182617,
            "observation": 53
        }
    },
    "95": {
        "BestCoverage": 0.1282051282051282,
        "Population": {
            "action": 6.951726913452148,
            "observation": 51
        }
    },
    "100": {
        "BestCoverage": 0.1282051282051282,
        "Population": {
            "action": -2.2964305877685547,
            "observation": 58
        }
    },
    "105": {
        "BestCoverage": 0.1282051282051282,
        "Population": {
            "action": -3.5548524856567383,
            "observation": 56
        }
    },
    "110": {
        "BestCoverage": 0.1282051282051282,
        "Population": {
            "action": 3.7853660583496094,
            "observation": 52
        }
    },
    "115": {
        "BestCoverage": 0.1282051282051282,
        "Population": {
            "action": -6.750458240509033,
            "observation": 56
        }
    },
    "120": {
        "BestCoverage": 0.1282051282051282,
        "Population": {
            "action": -2.753108501434326,
            "observation": 49
        }
    },
    "125": {
        "BestCoverage": 0.1282051282051282,
        "Population": {
            "action": 4.934907913208008,
            "observation": 46
        }
    },
    "130": {
        "BestCoverage": 0.1282051282051282,
        "Population": {
            "action": -1.9891695976257324,
            "observation": 51
        }
    },
    "135": {
        "BestCoverage": 0.1282051282051282,
        "Population": {
            "action": 6.028547286987305,
            "observation": 49
        }
    },
    "140": {
        "BestCoverage": 0.1282051282051282,
        "Population": {
            "action": 6.4187211990356445,
            "observation": 55
        }
    },
    "145": {
        "BestCoverage": 0.1282051282051282,
        "Population": {
            "action": 3.933413505554199,
            "observation": 61
        }
    },
    "150": {
        "BestCoverage": 0.1282051282051282,
        "Population": {
            "action": 6.44938850402832,
            "observation": 65
        }
    },
    "155": {
        "BestCoverage": 0.1282051282051282,
        "Population": {
            "action": 3.6594676971435547,
            "observation": 71
        }
    },
    "160": {
        "BestCoverage": 0.1282051282051282,
        "Population": {
            "action": -1.8198094367980957,
            "observation": 75
        }
    },
    "165": {
        "BestCoverage": 0.1282051282051282,
        "Population": {
            "action": -7.8592729568481445,
            "observation": 73
        }
    },
    "170": {
        "BestCoverage": 0.1282051282051282,
        "Population": {
            "action": -7.918957710266113,
            "observation": 65
        }
    },
    "175": {
        "BestCoverage": 0.1282051282051282,
        "Population": {
            "action": 7.432155609130859,
            "observation": 57
        }
    },
    "180": {
        "BestCoverage": 0.1282051282051282,
        "Population": {
            "action": 7.848445892333984,
            "observation": 64
        }
    },
    "185": {
        "BestCoverage": 0.1282051282051282,
        "Population": {
            "action": -0.6894321441650391,
            "observation": 72
        }
    },
    "190": {
        "BestCoverage": 0.1282051282051282,
        "Population": {
            "action": 3.208332061767578,
            "observation": 71
        }
    },
    "195": {
        "BestCoverage": 0.1282051282051282,
        "Population": {
            "action": 5.765233993530273,
            "observation": 74
        }
    },
    "200": {
        "BestCoverage": 0.1282051282051282,
        "Population": {
            "action": 7.315217971801758,
            "observation": 80
        }
    },
    "205": {
        "BestCoverage": 0.1282051282051282,
        "Population": {
            "action": 4.709156036376953,
            "observation": 87
        }
    },
    "210": {
        "BestCoverage": 0.1282051282051282,
        "Population": {
            "action": 4.047386169433594,
            "observation": 92
        }
    },
    "215": {
        "BestCoverage": 0.1282051282051282,
        "Population": {
            "action": -7.504992961883545,
            "observation": 96
        }
    },
    "220": {
        "BestCoverage": 0.1282051282051282,
        "Population": {
            "action": 1.1086483001708984,
            "observation": 88
        }
    },
    "225": {
        "BestCoverage": 0.1282051282051282,
        "Population": {
            "action": 3.4541921615600586,
            "observation": 89
        }
    },
    "230": {
        "BestCoverage": 0.1282051282051282,
        "Population": {
            "action": 4.85333251953125,
            "observation": 92
        }
    },
    "235": {
        "BestCoverage": 0.1282051282051282,
        "Population": {
            "action": 0.5146503448486328,
            "observation": 97
        }
    },
    "240": {
        "BestCoverage": 0.1282051282051282,
        "Population": {
            "action": 6.896242141723633,
            "observation": 98
        }
    },
    "245": {
        "BestCoverage": 0.1282051282051282,
        "Population": {
            "action": -1.4599571228027344,
            "observation": 100
        }
    },