{
    "20": {
        "BestCoverage": 0.7375,
        "TestInsertionProbability": {
            "action": 0.0006373167037963812,
            "observation": 0.1
        }
    },
    "25": {
        "BestCoverage": 0.7375,
        "TestInsertionProbability": {
            "action": 0.03378843069076537,
            "observation": 0.10063731670379639
        }
    },
    "30": {
        "BestCoverage": 0.7375,
        "TestInsertionProbability": {
            "action": -0.08701704144477845,
            "observation": 0.13442574739456176
        }
    },
    "35": {
        "BestCoverage": 0.7375,
        "TestInsertionProbability": {
            "action": 0.05652344226837158,
            "observation": 0.0474087059497833
        }
    },
    "40": {
        "BestCoverage": 0.7375,
        "TestInsertionProbability": {
            "action": -0.013608777523040766,
            "observation": 0.10393214821815489
        }
    },
    "45": {
        "BestCoverage": 0.7375,
        "TestInsertionProbability": {
            "action": -0.06155244708061219,
            "observation": 0.09032337069511412
        }
    },
    "50": {
        "BestCoverage": 0.75,
        "TestInsertionProbability": {
            "action": -0.020737606287002566,
            "observation": 0.028770923614501932
        }
    },
    "55": {
        "BestCoverage": 0.75,
        "TestInsertionProbability": {
            "action": -0.06576400995254517,
            "observation": 0.008033317327499366
        }
    },
    "60": {
        "BestCoverage": 0.75,
        "TestInsertionProbability": {
            "action": -0.024386775493621823,
            "observation": 0.0
        }
    },
    "65": {
        "BestCoverage": 0.75,
        "TestInsertionProbability": {
            "action": 0.02037966251373291,
            "observation": 0.0
        }
    },
    "70": {
        "BestCoverage": 0.75,
        "TestInsertionProbability": {
            "action": -0.029786694049835208,
            "observation": 0.02037966251373291
        }
    },
    "75": {
        "BestCoverage": 0.75,
        "TestInsertionProbability": {
            "action": -0.0422417163848877,
            "observation": 0.0
        }
    },
    "80": {
        "BestCoverage": 0.75,
        "TestInsertionProbability": {
            "action": 0.07177534103393554,
            "observation": 0.0
        }
    },
    "85": {
        "BestCoverage": 0.75,
        "TestInsertionProbability": {
            "action": -0.0662365734577179,
            "observation": 0.07177534103393554
        }
    },
    "90": {
        "BestCoverage": 0.75,
        "TestInsertionProbability": {
            "action": 0.0547045946121216,
            "observation": 0.005538767576217643
        }
    },
    "95": {
        "BestCoverage": 0.75,
        "TestInsertionProbability": {
            "action": -0.07482263445854187,
            "observation": 0.06024336218833924
        }
    },
    "100": {
        "BestCoverage": 0.75,
        "TestInsertionProbability": {
            "action": -0.06802350282669067,
            "observation": 0.0
        }
    },
    "105": {
        "BestCoverage": 0.75,
        "TestInsertionProbability": {
            "action": -0.017176884412765506,
            "observation": 0.0
        }
    },
    "110": {
        "BestCoverage": 0.75,
        "TestInsertionProbability": {
            "action": -0.007650053501129156,
            "observation": 0.0
        }
    },
    "115": {
        "BestCoverage": 0.75,
        "TestInsertionProbability": {
            "action": 0.0007242798805236761,
            "observation": 0.0
        }
    },
    "120": {
        "BestCoverage": 0.75,
        "TestInsertionProbability": {
            "action": -0.048314046859741215,
            "observation": 0.0007242798805236761
        }
    },
    "125": {
        "BestCoverage": 0.75,
        "TestInsertionProbability": {
            "action": -0.05347883701324463,
            "observation": 0.0
        }
    },
    "130": {
        "BestCoverage": 0.75,
        "TestInsertionProbability": {
            "action": 0.08460006713867188,
            "observation": 0.0
        }
    },
    "135": {
        "BestCoverage": 0.75,
        "TestInsertionProbability": {
            "action": -0.04682559967041016,
            "observation": 0.08460006713867188
        }
    },
    "140": {
        "BestCoverage": 0.75,
        "TestInsertionProbability": {
            "action": -0.060994356870651245,
            "observation": 0.03777446746826172
        }
    },
    "145": {
        "BestCoverage": 0.75,
        "TestInsertionProbability": {
            "action": -0.08229441642761232,
            "observation": 0.0
        }
    },
    "150": {
        "BestCoverage": 0.75,
        "TestInsertionProbability": {
            "action": -0.030751895904541013,
            "observation": 0.0
        }
    },
    "155": {
        "BestCoverage": 0.75,
        "TestInsertionProbability": {
            "action": -0.04211035370826721,
            "observation": 0.0
        }
    },
    "160": {
        "BestCoverage": 0.75,
        "TestInsertionProbability": {
            "action": 0.0019572734832763727,
            "observation": 0.0
        }
    },
    "165": {
        "BestCoverage": 0.75,
        "TestInsertionProbability": {
            "action": 0.002659738063812256,
            "observation": 0.0019572734832763727
        }
    },
    "170": {
        "BestCoverage": 0.75,
        "TestInsertionProbability": {
            "action": -0.05608800649642945,
            "observation": 0.004617011547088629
        }
    },
    "175": {
        "BestCoverage": 0.75,
        "TestInsertionProbability": {
            "action": 0.009123480319976812,
            "observation": 0.0
        }
    },
    "180": {
        "BestCoverage": 0.75,
        "TestInsertionProbability": {
            "action": 0.02195639610290527,
            "observation": 0.009123480319976812
        }
    },
    "185": {
        "BestCoverage": 0.75,
        "TestInsertionProbability": {
            "action": -0.017460644245147705,
            "observation": 0.031079876422882083
        }
    },
    "190": {
        "BestCoverage": 0.75,
        "TestInsertionProbability": {
            "action": -0.09446157217025758,
            "observation": 0.013619232177734378
        }
    },
    "195": {
        "BestCoverage": 0.75,
        "TestInsertionProbability": {
            "action": 0.03620139360427857,
            "observation": 0.0
        }
    },
    "200": {
        "BestCoverage": 0.75,
        "TestInsertionProbability": {
            "action": 0.07356827259063722,
            "observation": 0.03620139360427857
        }
    },
    "205": {
        "BestCoverage": 0.75,
        "TestInsertionProbability": {
            "action": 0.03625526428222656,
            "observation": 0.1097696661949158
        }
    },
    "210": {
        "BestCoverage": 0.75,
        "TestInsertionProbability": {
            "action": -0.09300767779350282,
            "observation": 0.14602493047714235
        }
    },
    "215": {
        "BestCoverage": 0.75,
        "TestInsertionProbability": {
            "action": -0.00020673871040344238,
            "observation": 0.053017252683639535
        }
    },
    "220": {
        "BestCoverage": 0.75,
        "TestInsertionProbability": {
            "action": 0.07970163822174073,
            "observation": 0.05281051397323609
        }
    },
    "225": {
        "BestCoverage": 0.75,
        "TestInsertionProbability": {
            "action": 0.04270652532577515,
            "observation": 0.1325121521949768
        }
    },
    "230": {
        "BestCoverage": 0.75,
        "TestInsertionProbability": {
            "action": -0.09950034022331239,
            "observation": 0.17521867752075196
        }
    },
    "235": {
        "BestCoverage": 0.75,
        "TestInsertionProbability": {
            "action": 0.028560566902160633,