{
    "20": {
        "BestCoverage": 0.7,
        "Population": {
            "action": 2.0138473510742188,
            "observation": 50
        }
    },
    "25": {
        "BestCoverage": 0.75,
        "Population": {
            "action": -5.818429470062256,
            "observation": 52
        }
    },
    "30": {
        "BestCoverage": 0.75,
        "Population": {
            "action": 6.58793830871582,
            "observation": 46
        }
    },
    "35": {
        "BestCoverage": 0.75,
        "Population": {
            "action": -7.615018367767334,
            "observation": 53
        }
    },
    "40": {
        "BestCoverage": 0.75,
        "Population": {
            "action": -4.411182403564453,
            "observation": 45
        }
    },
    "45": {
        "BestCoverage": 0.75,
        "Population": {
            "action": -3.91908597946167,
            "observation": 41
        }
    },
    "50": {
        "BestCoverage": 0.75,
        "Population": {
            "action": 6.677339553833008,
            "observation": 37
        }
    },
    "55": {
        "BestCoverage": 0.75,
        "Population": {
            "action": -0.6549639701843262,
            "observation": 44
        }
    },
    "60": {
        "BestCoverage": 0.75,
        "Population": {
            "action": -7.354545593261719,
            "observation": 43
        }
    },
    "65": {
        "BestCoverage": 0.75,
        "Population": {
            "action": 1.5029563903808594,
            "observation": 36
        }
    },
    "70": {
        "BestCoverage": 0.75,
        "Population": {
            "action": -6.243668556213379,
            "observation": 38
        }
    },
    "75": {
        "BestCoverage": 0.75,
        "Population": {
            "action": -4.43732213973999,
            "observation": 32
        }
    },
    "80": {
        "BestCoverage": 0.75,
        "Population": {
            "action": -3.643063545227051,
            "observation": 28
        }
    },
    "85": {
        "BestCoverage": 0.75,
        "Population": {
            "action": 5.877920150756836,
            "observation": 25
        }
    },
    "90": {
        "BestCoverage": 0.75,
        "Population": {
            "action": -1.204585075378418,
            "observation": 31
        }
    },
    "95": {
        "BestCoverage": 0.75,
        "Population": {
            "action": -7.764233589172363,
            "observation": 30
        }
    },
    "100": {
        "BestCoverage": 0.75,
        "Population": {
            "action": 6.60914421081543,
            "observation": 25
        }
    },
    "105": {
        "BestCoverage": 0.75,
        "Population": {
            "action": -7.5799970626831055,
            "observation": 32
        }
    },
    "110": {
        "BestCoverage": 0.75,
        "Population": {
            "action": -4.266375541687012,
            "observation": 25
        }
    },
    "115": {
        "BestCoverage": 0.75,
        "Population": {
            "action": 0.8035993576049805,
            "observation": 25
        }
    },
    "120": {
        "BestCoverage": 0.75,
        "Population": {
            "action": 5.884145736694336,
            "observation": 26
        }
    },
    "125": {
        "BestCoverage": 0.75,
        "Population": {
            "action": 6.602404594421387,
            "observation": 32
        }
    },
    "130": {
        "BestCoverage": 0.75,
        "Population": {
            "action": 0.8988218307495117,
            "observation": 39
        }
    },
    "135": {
        "BestCoverage": 0.75,
        "Population": {
            "action": 0.43051719665527344,
            "observation": 40
        }
    },
    "140": {
        "BestCoverage": 0.75,
        "Population": {
            "action": 0.07036495208740234,
            "observation": 40
        }
    },
    "145": {
        "BestCoverage": 0.7625,
        "Population": {
            "action": 6.795309066772461,
            "observation": 40
        }
    },
    "150": {
        "BestCoverage": 0.7625,
        "Population": {
            "action": -4.168982028961182,
            "observation": 47
        }
    },
    "155": {
        "BestCoverage": 0.7625,
        "Population": {
            "action": -1.2901802062988281,
            "observation": 43
        }
    },
    "160": {
        "BestCoverage": 0.7625,
        "Population": {
            "action": 2.355168342590332,
            "observation": 42
        }
    },
    "165": {
        "BestCoverage": 0.7625,
        "Population": {
            "action": 1.264531135559082,
            "observation": 44
        }
    },
    "170": {
        "BestCoverage": 0.7625,
        "Population": {
            "action": -3.7909741401672363,
            "observation": 45
        }
    },
    "175": {
        "BestCoverage": 0.7625,
        "Population": {
            "action": 0.5356073379516602,
            "observation": 41
        }
    },
    "180": {
        "BestCoverage": 0.7625,
        "Population": {
            "action": 4.724760055541992,
            "observation": 42
        }
    },
    "185": {
        "BestCoverage": 0.7625,
        "Population": {
            "action": 1.7096548080444336,
            "observation": 47
        }
    },
    "190": {
        "BestCoverage": 0.7625,
        "Population": {
            "action": 4.863157272338867,
            "observation": 49
        }
    },
    "195": {
        "BestCoverage": 0.7625,
        "Population": {
            "action": 5.570974349975586,
            "observation": 54
        }
    },
    "200": {
        "BestCoverage": 0.7625,
        "Population": {
            "action": 0.9766511917114258,
            "observation": 60
        }
    },
    "205": {
        "BestCoverage": 0.7625,
        "Population": {
            "action": 4.204059600830078,
            "observation": 61
        }
    },
    "210": {
        "BestCoverage": 0.7625,
        "Population": {
            "action": -0.5750250816345215,
            "observation": 65
        }
    },
    "215": {
        "BestCoverage": 0.7625,
        "Population": {
            "action": 7.665785789489746,
            "observation": 64
        }
    },
    "220": {
        "BestCoverage": 0.7625,
        "Population": {
            "action": -7.879973888397217,
            "observation": 72
        }
    },
    "225": {
        "BestCoverage": 0.7625,
        "Population": {
            "action": 5.754199981689453,
            "observation": 64
        }
    },
    "230": {
        "BestCoverage": 0.7625,
        "Population": {
            "action": 3.205906867980957,
            "observation": 70
        }
    },
    "235": {
        "BestCoverage": 0.7625,
        "Population": {
            "action": 5.738425254821777,
            "observation": 73
        }
    },
    "240": {
        "BestCoverage": 0.7625,
        "Population": {
            "action": 3.039370536804199,
            "observation": 79
        }
    },
    "245": {
        "BestCoverage": 0.7625,
        "Population": {
            "action": -4.121758937835693,
            "observation": 82
        }
    },
    "250": {
        "BestCoverage": 0.7625,
        "Population": {
            "action": 0.6763677597045898,
            "observation": 78
        }
    },
    "255": {
        "BestCoverage": 0.7625,
        "Population": {
            "action": -5.043383598327637,
            "observation": 79
        }
    },
    "260": {
        "BestCoverage": 0.7625,
        "Population": {
            "action": 7.743396759033203,
            "observation": 74
        }
    },
    "265": {
        "BestCoverage": 0.7625,
        "Population": {
            "action": 1.1781272888183594,
            "observation": 82
        }
    },
    "270": {
        "BestCoverage": 0.7625,
        "Population": {
            "action": -2.92909574508667,
            "observation": 83
        }
    },