{
    "25": {
        "BestCoverage": 0.75,
        "TestDeleteProbability": {
            "action": 0.09989558458328249,
            "observation": 0.3333333333333333
        }
    },
    "30": {
        "BestCoverage": 0.75,
        "TestDeleteProbability": {
            "action": 0.08167200088500978,
            "observation": 0.4332289179166158
        }
    },
    "35": {
        "BestCoverage": 0.75,
        "TestDeleteProbability": {
            "action": 0.008294403553009033,
            "observation": 0.5149009188016256
        }
    },
    "40": {
        "BestCoverage": 0.75,
        "TestDeleteProbability": {
            "action": -0.007738989591598508,
            "observation": 0.5231953223546346
        }
    },
    "45": {
        "BestCoverage": 0.75,
        "TestDeleteProbability": {
            "action": -0.05783620476722717,
            "observation": 0.5154563327630362
        }
    },
    "50": {
        "BestCoverage": 0.75,
        "TestDeleteProbability": {
            "action": -0.06660670042037964,
            "observation": 0.457620127995809
        }
    },
    "55": {
        "BestCoverage": 0.75,
        "TestDeleteProbability": {
            "action": 0.058684706687927246,
            "observation": 0.39101342757542934
        }
    },
    "60": {
        "BestCoverage": 0.75,
        "TestDeleteProbability": {
            "action": -0.040983670949935914,
            "observation": 0.4496981342633566
        }
    },
    "65": {
        "BestCoverage": 0.75,
        "TestDeleteProbability": {
            "action": 0.09182066917419435,
            "observation": 0.40871446331342065
        }
    },
    "70": {
        "BestCoverage": 0.75,
        "TestDeleteProbability": {
            "action": 0.035430932044982905,
            "observation": 0.500535132487615
        }
    },
    "75": {
        "BestCoverage": 0.75,
        "TestDeleteProbability": {
            "action": -0.07697140574455262,
            "observation": 0.535966064532598
        }
    },
    "80": {
        "BestCoverage": 0.75,
        "TestDeleteProbability": {
            "action": 0.014951968193054194,
            "observation": 0.45899465878804535
        }
    },
    "85": {
        "BestCoverage": 0.75,
        "TestDeleteProbability": {
            "action": -0.08225234150886536,
            "observation": 0.4739466269810996
        }
    },
    "90": {
        "BestCoverage": 0.75,
        "TestDeleteProbability": {
            "action": 0.0371079921722412,
            "observation": 0.3916942854722342
        }
    },
    "95": {
        "BestCoverage": 0.75,
        "TestDeleteProbability": {
            "action": -0.05627313852310181,
            "observation": 0.4288022776444754
        }
    },
    "100": {
        "BestCoverage": 0.8,
        "TestDeleteProbability": {
            "action": 0.015596365928649908,
            "observation": 0.37252913912137364
        }
    },
    "105": {
        "BestCoverage": 0.8,
        "TestDeleteProbability": {
            "action": 0.09202406406402588,
            "observation": 0.3881255050500235
        }
    },
    "110": {
        "BestCoverage": 0.8,
        "TestDeleteProbability": {
            "action": -0.05987380743026734,
            "observation": 0.4801495691140494
        }
    },
    "115": {
        "BestCoverage": 0.8,
        "TestDeleteProbability": {
            "action": -0.04660542011260987,
            "observation": 0.42027576168378206
        }
    },
    "120": {
        "BestCoverage": 0.8,
        "TestDeleteProbability": {
            "action": -0.02194353342056274,
            "observation": 0.3736703415711722
        }
    },
    "125": {
        "BestCoverage": 0.8,
        "TestDeleteProbability": {
            "action": -0.08464766740798951,
            "observation": 0.3517268081506094
        }
    },
    "130": {
        "BestCoverage": 0.8,
        "TestDeleteProbability": {
            "action": -0.011585456132888791,
            "observation": 0.2670791407426199
        }
    },
    "135": {
        "BestCoverage": 0.8,
        "TestDeleteProbability": {
            "action": 0.02857331037521363,
            "observation": 0.2554936846097311
        }
    },
    "140": {
        "BestCoverage": 0.8,
        "TestDeleteProbability": {
            "action": -0.03868336081504822,
            "observation": 0.2840669949849447
        }
    },
    "145": {
        "BestCoverage": 0.8,
        "TestDeleteProbability": {
            "action": -0.06007941961288452,
            "observation": 0.24538363416989648
        }
    },
    "150": {
        "BestCoverage": 0.8,
        "TestDeleteProbability": {
            "action": -0.073849618434906,
            "observation": 0.18530421455701196
        }
    },
    "155": {
        "BestCoverage": 0.8,
        "TestDeleteProbability": {
            "action": -0.007969355583190924,
            "observation": 0.11145459612210595
        }
    },
    "160": {
        "BestCoverage": 0.8,
        "TestDeleteProbability": {
            "action": 0.08570302724838258,
            "observation": 0.10348524053891503
        }
    },
    "165": {
        "BestCoverage": 0.8,
        "TestDeleteProbability": {
            "action": -0.0784816324710846,
            "observation": 0.1891882677872976
        }
    },
    "170": {
        "BestCoverage": 0.8,
        "TestDeleteProbability": {
            "action": 0.015034019947052002,
            "observation": 0.11070663531621301
        }
    },
    "175": {
        "BestCoverage": 0.8,
        "TestDeleteProbability": {
            "action": -0.08775039911270142,
            "observation": 0.125740655263265
        }
    },
    "180": {
        "BestCoverage": 0.8,
        "TestDeleteProbability": {
            "action": -0.02446774840354919,
            "observation": 0.037990256150563576
        }
    },
    "185": {
        "BestCoverage": 0.8,
        "TestDeleteProbability": {
            "action": 0.09391529560089112,
            "observation": 0.013522507747014384
        }
    },
    "190": {
        "BestCoverage": 0.8,
        "TestDeleteProbability": {
            "action": -0.05562320947647095,
            "observation": 0.10743780334790551
        }
    },
    "195": {
        "BestCoverage": 0.8,
        "TestDeleteProbability": {
            "action": 0.0694953441619873,
            "observation": 0.051814593871434556
        }
    },
    "200": {
        "BestCoverage": 0.8,
        "TestDeleteProbability": {
            "action": 0.03440976142883301,
            "observation": 0.12130993803342185
        }
    },
    "205": {
        "BestCoverage": 0.8,
        "TestDeleteProbability": {
            "action": 0.07042367458343507,
            "observation": 0.15571969946225486
        }
    },
    "210": {
        "BestCoverage": 0.8,
        "TestDeleteProbability": {
            "action": -0.09732725620269776,
            "observation": 0.22614337404568993
        }
    },
    "215": {
        "BestCoverage": 0.8,
        "TestDeleteProbability": {
            "action": -0.0008364319801330566,
            "observation": 0.12881611784299218
        }
    },
    "220": {
        "BestCoverage": 0.8,
        "TestDeleteProbability": {
            "action": -0.01637519598007202,
            "observation": 0.12797968586285913
        }
    },
    "225": {
        "BestCoverage": 0.8,
        "TestDeleteProbability": {
            "action": -0.08338229656219483,
            "observation": 0.11160448988278711
        }
    },
    "230": {
        "BestCoverage": 0.8,
        "TestDeleteProbability": {
            "action": -0.013654148578643804,
            "observation": 0.02822219332059228
        }
    },
    "235": {
        "BestCoverage": 0.8,
        "TestDeleteProbability": {
            "action": 0.08671138286590577,
            "observation": 0.014568044741948477
        }
    },
    "240": {
        "BestCoverage": 0.8,