{
    "15": {
        "BestCoverage": 0.8,
        "TestChangeProbability": {
            "action": 0.08656306266784669,
            "observation": 0.3333333333333333
        }
    },
    "20": {
        "BestCoverage": 0.8,
        "TestChangeProbability": {
            "action": 0.07219424247741699,
            "observation": 0.41989639600118
        }
    },
    "25": {
        "BestCoverage": 0.8,
        "TestChangeProbability": {
            "action": 0.046595668792724615,
            "observation": 0.492090638478597
        }
    },
    "30": {
        "BestCoverage": 0.8,
        "TestChangeProbability": {
            "action": -0.031702291965484616,
            "observation": 0.5386863072713216
        }
    },
    "35": {
        "BestCoverage": 0.8,
        "TestChangeProbability": {
            "action": 0.007551884651184088,
            "observation": 0.506984015305837
        }
    },
    "40": {
        "BestCoverage": 0.8,
        "TestChangeProbability": {
            "action": 0.03511145114898681,
            "observation": 0.5145358999570211
        }
    },
    "45": {
        "BestCoverage": 0.8,
        "TestChangeProbability": {
            "action": -0.06529477834701539,
            "observation": 0.5496473511060079
        }
    },
    "50": {
        "BestCoverage": 0.8,
        "TestChangeProbability": {
            "action": -0.007974755764007566,
            "observation": 0.48435257275899257
        }
    },
    "55": {
        "BestCoverage": 0.8,
        "TestChangeProbability": {
            "action": 0.0020667314529418945,
            "observation": 0.476377816994985
        }
    },
    "60": {
        "BestCoverage": 0.8,
        "TestChangeProbability": {
            "action": -0.09006725549697876,
            "observation": 0.4784445484479269
        }
    },
    "65": {
        "BestCoverage": 0.8,
        "TestChangeProbability": {
            "action": -0.05242012143135071,
            "observation": 0.38837729295094814
        }
    },
    "70": {
        "BestCoverage": 0.8,
        "TestChangeProbability": {
            "action": -0.006996202468872073,
            "observation": 0.3359571715195974
        }
    },
    "75": {
        "BestCoverage": 0.8,
        "TestChangeProbability": {
            "action": -0.09260831475257875,
            "observation": 0.32896096905072536
        }
    },
    "80": {
        "BestCoverage": 0.8,
        "TestChangeProbability": {
            "action": -0.04442191123962402,
            "observation": 0.2363526542981466
        }
    },
    "85": {
        "BestCoverage": 0.8,
        "TestChangeProbability": {
            "action": 0.020112276077270508,
            "observation": 0.1919307430585226
        }
    },
    "90": {
        "BestCoverage": 0.8,
        "TestChangeProbability": {
            "action": -0.005986195802688596,
            "observation": 0.2120430191357931
        }
    },
    "95": {
        "BestCoverage": 0.8,
        "TestChangeProbability": {
            "action": 0.050629448890686046,
            "observation": 0.2060568233331045
        }
    },
    "100": {
        "BestCoverage": 0.8,
        "TestChangeProbability": {
            "action": 0.020531463623046878,
            "observation": 0.25668627222379053
        }
    },
    "105": {
        "BestCoverage": 0.8,
        "TestChangeProbability": {
            "action": 0.03347030878067017,
            "observation": 0.2772177358468374
        }
    },
    "110": {
        "BestCoverage": 0.8,
        "TestChangeProbability": {
            "action": 0.024330556392669678,
            "observation": 0.31068804462750754
        }
    },
    "115": {
        "BestCoverage": 0.8,
        "TestChangeProbability": {
            "action": 0.062141275405883795,
            "observation": 0.3350186010201772
        }
    },
    "120": {
        "BestCoverage": 0.8,
        "TestChangeProbability": {
            "action": -0.03135918378829956,
            "observation": 0.397159876426061
        }
    },
    "125": {
        "BestCoverage": 0.8,
        "TestChangeProbability": {
            "action": -0.04071393609046936,
            "observation": 0.36580069263776144
        }
    },
    "130": {
        "BestCoverage": 0.8,
        "TestChangeProbability": {
            "action": 0.08957648277282715,
            "observation": 0.3250867565472921
        }
    },
    "135": {
        "BestCoverage": 0.8,
        "TestChangeProbability": {
            "action": 0.021290397644042974,
            "observation": 0.4146632393201192
        }
    },
    "140": {
        "BestCoverage": 0.8,
        "TestChangeProbability": {
            "action": -0.06608306169509888,
            "observation": 0.43595363696416223
        }
    },
    "145": {
        "BestCoverage": 0.8,
        "TestChangeProbability": {
            "action": -0.085926353931427,
            "observation": 0.36987057526906336
        }
    },
    "150": {
        "BestCoverage": 0.8,
        "TestChangeProbability": {
            "action": -0.09003251194953919,
            "observation": 0.28394422133763636
        }
    },
    "155": {
        "BestCoverage": 0.8,
        "TestChangeProbability": {
            "action": -0.029879891872406014,
            "observation": 0.19391170938809715
        }
    },
    "160": {
        "BestCoverage": 0.8,
        "TestChangeProbability": {
            "action": 0.019812750816345218,
            "observation": 0.16403181751569113
        }
    },
    "165": {
        "BestCoverage": 0.8,
        "TestChangeProbability": {
            "action": 0.019101083278656006,
            "observation": 0.18384456833203633
        }
    },
    "170": {
        "BestCoverage": 0.8,
        "TestChangeProbability": {
            "action": 0.04465661048889161,
            "observation": 0.20294565161069233
        }
    },
    "175": {
        "BestCoverage": 0.8,
        "TestChangeProbability": {
            "action": 0.004788136482238775,
            "observation": 0.24760226209958394
        }
    },
    "180": {
        "BestCoverage": 0.8,
        "TestChangeProbability": {
            "action": -0.05215191245079041,
            "observation": 0.2523903985818227
        }
    },
    "185": {
        "BestCoverage": 0.8,
        "TestChangeProbability": {
            "action": -0.025540202856063843,
            "observation": 0.20023848613103232
        }
    },
    "190": {
        "BestCoverage": 0.8,
        "TestChangeProbability": {
            "action": -0.00765758752822876,
            "observation": 0.17469828327496847
        }
    },
    "195": {
        "BestCoverage": 0.8,
        "TestChangeProbability": {
            "action": 0.07818884849548341,
            "observation": 0.16704069574673971
        }
    },
    "200": {
        "BestCoverage": 0.8,
        "TestChangeProbability": {
            "action": 0.06282212734222412,
            "observation": 0.24522954424222312
        }
    },
    "205": {
        "BestCoverage": 0.8,
        "TestChangeProbability": {
            "action": -0.04665850400924683,
            "observation": 0.30805167158444724
        }
    },
    "210": {
        "BestCoverage": 0.8,
        "TestChangeProbability": {
            "action": 0.06438651084899902,
            "observation": 0.2613931675752004
        }
    },
    "215": {
        "BestCoverage": 0.8,
        "TestChangeProbability": {
            "action": 0.08404181003570557,
            "observation": 0.3257796784241994
        }
    },
    "220": {
        "BestCoverage": 0.8,
        "TestChangeProbability": {
            "action": 0.07412619590759278,
            "observation": 0.40982148845990496
        }
    },
    "225": {
        "BestCoverage": 0.8,
        "TestChangeProbability": {
            "action": 0.04535977840423583,
            "observation": 0.48394768436749774
        }
    },
    "230": {
        "BestCoverage": 0.8,