{
    "15": {
        "BestCoverage": 0.8,
        "Population": {
            "action": -0.6905560493469238,
            "observation": 50
        }
    },
    "20": {
        "BestCoverage": 0.8,
        "Population": {
            "action": 5.560640335083008,
            "observation": 49
        }
    },
    "25": {
        "BestCoverage": 0.8,
        "Population": {
            "action": -6.054298400878906,
            "observation": 55
        }
    },
    "30": {
        "BestCoverage": 0.8,
        "Population": {
            "action": -2.456066131591797,
            "observation": 49
        }
    },
    "35": {
        "BestCoverage": 0.8,
        "Population": {
            "action": -0.19104528427124023,
            "observation": 47
        }
    },
    "40": {
        "BestCoverage": 0.8,
        "Population": {
            "action": 3.8466711044311523,
            "observation": 47
        }
    },
    "45": {
        "BestCoverage": 0.8,
        "Population": {
            "action": -1.8600845336914062,
            "observation": 51
        }
    },
    "50": {
        "BestCoverage": 0.8,
        "Population": {
            "action": 0.5529985427856445,
            "observation": 49
        }
    },
    "55": {
        "BestCoverage": 0.8,
        "Population": {
            "action": 2.2668066024780273,
            "observation": 50
        }
    },
    "60": {
        "BestCoverage": 0.8,
        "Population": {
            "action": 7.006704330444336,
            "observation": 52
        }
    },
    "65": {
        "BestCoverage": 0.8,
        "Population": {
            "action": 6.238736152648926,
            "observation": 59
        }
    },
    "70": {
        "BestCoverage": 0.8,
        "Population": {
            "action": -3.8112382888793945,
            "observation": 65
        }
    },
    "75": {
        "BestCoverage": 0.8,
        "Population": {
            "action": -4.4592766761779785,
            "observation": 61
        }
    },
    "80": {
        "BestCoverage": 0.8,
        "Population": {
            "action": -5.884578227996826,
            "observation": 57
        }
    },
    "85": {
        "BestCoverage": 0.8,
        "Population": {
            "action": -1.4330711364746094,
            "observation": 51
        }
    },
    "90": {
        "BestCoverage": 0.8,
        "Population": {
            "action": -6.675640106201172,
            "observation": 50
        }
    },
    "95": {
        "BestCoverage": 0.8,
        "Population": {
            "action": 1.0901031494140625,
            "observation": 43
        }
    },
    "100": {
        "BestCoverage": 0.8,
        "Population": {
            "action": -6.054121971130371,
            "observation": 44
        }
    },
    "105": {
        "BestCoverage": 0.8,
        "Population": {
            "action": -6.144339084625244,
            "observation": 38
        }
    },
    "110": {
        "BestCoverage": 0.8,
        "Population": {
            "action": -0.7938799858093262,
            "observation": 32
        }
    },
    "115": {
        "BestCoverage": 0.8,
        "Population": {
            "action": 1.1176395416259766,
            "observation": 31
        }
    },
    "120": {
        "BestCoverage": 0.8,
        "Population": {
            "action": 7.96783447265625,
            "observation": 32
        }
    },
    "125": {
        "BestCoverage": 0.8,
        "Population": {
            "action": 7.8485870361328125,
            "observation": 40
        }
    },
    "130": {
        "BestCoverage": 0.8,
        "Population": {
            "action": 3.028270721435547,
            "observation": 48
        }
    },
    "135": {
        "BestCoverage": 0.8,
        "Population": {
            "action": 3.9836835861206055,
            "observation": 51
        }
    },
    "140": {
        "BestCoverage": 0.8,
        "Population": {
            "action": 3.525848388671875,
            "observation": 55
        }
    },
    "145": {
        "BestCoverage": 0.8,
        "Population": {
            "action": 0.31011390686035156,
            "observation": 59
        }
    },
    "150": {
        "BestCoverage": 0.8,
        "Population": {
            "action": -4.514547348022461,
            "observation": 59
        }
    },
    "155": {
        "BestCoverage": 0.8,
        "Population": {
            "action": -4.887535572052002,
            "observation": 54
        }
    },
    "160": {
        "BestCoverage": 0.8,
        "Population": {
            "action": -3.382599353790283,
            "observation": 49
        }
    },
    "165": {
        "BestCoverage": 0.8,
        "Population": {
            "action": -5.6788458824157715,
            "observation": 46
        }
    },
    "170": {
        "BestCoverage": 0.8,
        "Population": {
            "action": -6.365591526031494,
            "observation": 40
        }
    },
    "175": {
        "BestCoverage": 0.8,
        "Population": {
            "action": -6.005563259124756,
            "observation": 34
        }
    },
    "180": {
        "BestCoverage": 0.8,
        "Population": {
            "action": -7.549549102783203,
            "observation": 28
        }
    },
    "185": {
        "BestCoverage": 0.8,
        "Population": {
            "action": -3.6518020629882812,
            "observation": 25
        }
    },
    "190": {
        "BestCoverage": 0.8,
        "Population": {
            "action": -2.9193639755249023,
            "observation": 25
        }
    },
    "195": {
        "BestCoverage": 0.8,
        "Population": {
            "action": 5.462322235107422,
            "observation": 25
        }
    },
    "200": {
        "BestCoverage": 0.8,
        "Population": {
            "action": -0.8506565093994141,
            "observation": 30
        }
    },
    "205": {
        "BestCoverage": 0.8,
        "Population": {
            "action": 3.0510902404785156,
            "observation": 29
        }
    },
    "210": {
        "BestCoverage": 0.8,
        "Population": {
            "action": 7.536199569702148,
            "observation": 32
        }
    },
    "215": {
        "BestCoverage": 0.8,
        "Population": {
            "action": 0.9866924285888672,
            "observation": 40
        }
    },
    "220": {
        "BestCoverage": 0.8,
        "Population": {
            "action": 1.8921728134155273,
            "observation": 41
        }
    },
    "225": {
        "BestCoverage": 0.8,
        "Population": {
            "action": 3.9296512603759766,
            "observation": 43
        }
    },
    "230": {
        "BestCoverage": 0.8,
        "Population": {
            "action": 1.9039058685302734,
            "observation": 47
        }
    },
    "235": {
        "BestCoverage": 0.8,
        "Population": {
            "action": -0.7459220886230469,
            "observation": 49
        }
    },
    "240": {
        "BestCoverage": 0.8,
        "Population": {
            "action": -3.9636945724487305,
            "observation": 48
        }
    },
    "245": {
        "BestCoverage": 0.8,
        "Population": {
            "action": 5.511865615844727,
            "observation": 44
        }
    },
    "250": {
        "BestCoverage": 0.8,
        "Population": {
            "action": 7.710439682006836,
            "observation": 50
        }
    },
    "255": {
        "BestCoverage": 0.8,
        "Population": {
            "action": -6.370176315307617,
            "observation": 58
        }
    },
    "260": {
        "BestCoverage": 0.8,
        "Population": {
            "action": 7.669795036315918,
            "observation": 52
        }
    },
    "265": {
        "BestCoverage": 0.8,
        "Population": {
            "action": -3.4311532974243164,
            "observation": 60
        }
    },
    "270": {
        "BestCoverage": 0.8,
        "Population": {
            "action": 2.304539680480957,