{
    "15": {
        "BestCoverage": 0.8,
        "Elite": {
            "action": -0.04195106029510498,
            "observation": 1
        }
    },
    "20": {
        "BestCoverage": 0.8,
        "Elite": {
            "action": 0.159165620803833,
            "observation": 1
        }
    },
    "25": {
        "BestCoverage": 0.8,
        "Elite": {
            "action": 0.0891122817993164,
            "observation": 1
        }
    },
    "30": {
        "BestCoverage": 0.8,
        "Elite": {
            "action": 0.5619537830352783,
            "observation": 1
        }
    },
    "35": {
        "BestCoverage": 0.8,
        "Elite": {
            "action": -0.720317006111145,
            "observation": 2
        }
    },
    "40": {
        "BestCoverage": 0.8,
        "Elite": {
            "action": -0.5986234545707703,
            "observation": 1
        }
    },
    "45": {
        "BestCoverage": 0.8,
        "Elite": {
            "action": -0.5558096170425415,
            "observation": 0
        }
    },
    "50": {
        "BestCoverage": 0.8,
        "Elite": {
            "action": 0.22841691970825195,
            "observation": 0
        }
    },
    "55": {
        "BestCoverage": 0.8,
        "Elite": {
            "action": 0.6788897514343262,
            "observation": 0
        }
    },
    "60": {
        "BestCoverage": 0.8,
        "Elite": {
            "action": -0.7498143911361694,
            "observation": 1
        }
    },
    "65": {
        "BestCoverage": 0.8,
        "Elite": {
            "action": -0.8356865048408508,
            "observation": 0
        }
    },
    "70": {
        "BestCoverage": 0.8,
        "Elite": {
            "action": -0.16369158029556274,
            "observation": 0
        }
    },
    "75": {
        "BestCoverage": 0.8,
        "Elite": {
            "action": -0.7944837212562561,
            "observation": 0
        }
    },
    "80": {
        "BestCoverage": 0.8,
        "Elite": {
            "action": 0.22111976146697998,
            "observation": 0
        }
    },
    "85": {
        "BestCoverage": 0.8,
        "Elite": {
            "action": -0.6253858208656311,
            "observation": 0
        }
    },
    "90": {
        "BestCoverage": 0.8,
        "Elite": {
            "action": 0.6198717355728149,
            "observation": 0
        }
    },
    "95": {
        "BestCoverage": 0.8,
        "Elite": {
            "action": -0.05014389753341675,
            "observation": 1
        }
    },
    "100": {
        "BestCoverage": 0.8,
        "Elite": {
            "action": -0.05068105459213257,
            "observation": 1
        }
    },
    "105": {
        "BestCoverage": 0.8,
        "Elite": {
            "action": 0.43221545219421387,
            "observation": 1
        }
    },
    "110": {
        "BestCoverage": 0.8,
        "Elite": {
            "action": 0.19637668132781982,
            "observation": 1
        }
    },
    "115": {
        "BestCoverage": 0.8,
        "Elite": {
            "action": 0.032643675804138184,
            "observation": 1
        }
    },
    "120": {
        "BestCoverage": 0.8,
        "Elite": {
            "action": 0.06613099575042725,
            "observation": 1
        }
    },
    "125": {
        "BestCoverage": 0.8,
        "Elite": {
            "action": -0.6561890840530396,
            "observation": 1
        }
    },
    "130": {
        "BestCoverage": 0.8,
        "Elite": {
            "action": -0.4893219470977783,
            "observation": 0
        }
    },
    "135": {
        "BestCoverage": 0.8,
        "Elite": {
            "action": 0.8612653017044067,
            "observation": 0
        }
    },
    "140": {
        "BestCoverage": 0.8,
        "Elite": {
            "action": -0.5841611623764038,
            "observation": 1
        }
    },
    "145": {
        "BestCoverage": 0.8,
        "Elite": {
            "action": -0.5991885662078857,
            "observation": 0
        }
    },
    "150": {
        "BestCoverage": 0.8,
        "Elite": {
            "action": -0.7578703761100769,
            "observation": 0
        }
    },
    "155": {
        "BestCoverage": 0.8,
        "Elite": {
            "action": -0.8565458059310913,
            "observation": 0
        }
    },
    "160": {
        "BestCoverage": 0.8,
        "Elite": {
            "action": -0.11144143342971802,
            "observation": 0
        }
    },
    "165": {
        "BestCoverage": 0.8,
        "Elite": {
            "action": 0.6258172988891602,
            "observation": 0
        }
    },
    "170": {
        "BestCoverage": 0.8,
        "Elite": {
            "action": -0.9320752620697021,
            "observation": 1
        }
    },
    "175": {
        "BestCoverage": 0.8,
        "Elite": {
            "action": -0.3804560899734497,
            "observation": 0
        }
    },
    "180": {
        "BestCoverage": 0.8,
        "Elite": {
            "action": 0.9898107051849365,
            "observation": 0
        }
    },
    "185": {
        "BestCoverage": 0.8,
        "Elite": {
            "action": -0.535478949546814,
            "observation": 1
        }
    },
    "190": {
        "BestCoverage": 0.8,
        "Elite": {
            "action": 0.5613552331924438,
            "observation": 0
        }
    },
    "195": {
        "BestCoverage": 0.8,
        "Elite": {
            "action": -0.269348680973053,
            "observation": 1
        }
    },
    "200": {
        "BestCoverage": 0.8,
        "Elite": {
            "action": 0.06606292724609375,
            "observation": 1
        }
    },
    "205": {
        "BestCoverage": 0.8,
        "Elite": {
            "action": -0.8447886109352112,
            "observation": 1
        }
    },
    "210": {
        "BestCoverage": 0.8,
        "Elite": {
            "action": -0.15124404430389404,
            "observation": 0
        }
    },
    "215": {
        "BestCoverage": 0.8,
        "Elite": {
            "action": -0.7219225764274597,
            "observation": 0
        }
    },
    "220": {
        "BestCoverage": 0.8,
        "Elite": {
            "action": 0.669323205947876,
            "observation": 0
        }
    },
    "225": {
        "BestCoverage": 0.8,
        "Elite": {
            "action": 0.47180938720703125,
            "observation": 1
        }
    },
    "230": {
        "BestCoverage": 0.8,
        "Elite": {
            "action": 0.06630551815032959,
            "observation": 1
        }
    },
    "235": {
        "BestCoverage": 0.8,
        "Elite": {
            "action": -0.85813969373703,
            "observation": 1
        }
    },
    "240": {
        "BestCoverage": 0.8,
        "Elite": {
            "action": -0.23921698331832886,
            "observation": 0
        }
    },
    "245": {
        "BestCoverage": 0.8,
        "Elite": {
            "action": -0.8071498870849609,
            "observation": 0
        }
    },
    "250": {
        "BestCoverage": 0.8,
        "Elite": {
            "action": 0.6984245777130127,
            "observation": 0
        }
    },
    "255": {
        "BestCoverage": 0.8,
        "Elite": {
            "action": -0.35446107387542725,
            "observation": 1
        }
    },
    "260": {
        "BestCoverage": 0.8,
        "Elite": {
            "action": 0.4026203155517578,
            "observation": 1
        }
    },
    "265": {
        "BestCoverage": 0.8,
        "Elite": {
            "action": -0.42740583419799805,
            "observation": 1
        }
    },
    "270": {
        "BestCoverage": 0.8,
        "Elite": {
            "action": 0.003798365592956543,
            "observation": 1
        }
    },
    "275": {
        "BestCoverage": 0.8,
        "Elite": {
            "action": 0.3093224763870239,
            "observation": 1
        }
    },
    "280": {
        "BestCoverage": 0.8,