{
    "15": {
        "BestCoverage": 0.8,
        "ChangeParameterProbability": {
            "action": -0.004929316043853757,
            "observation": 0.1
        }
    },
    "20": {
        "BestCoverage": 0.8,
        "ChangeParameterProbability": {
            "action": -0.09203416109085083,
            "observation": 0.09507068395614625
        }
    },
    "25": {
        "BestCoverage": 0.8,
        "ChangeParameterProbability": {
            "action": -0.0989662528038025,
            "observation": 0.0030365228652954185
        }
    },
    "30": {
        "BestCoverage": 0.8,
        "ChangeParameterProbability": {
            "action": -0.07997519373893738,
            "observation": 0.0
        }
    },
    "35": {
        "BestCoverage": 0.8,
        "ChangeParameterProbability": {
            "action": -0.06426721215248107,
            "observation": 0.0
        }
    },
    "40": {
        "BestCoverage": 0.8,
        "ChangeParameterProbability": {
            "action": 0.07819280624389649,
            "observation": 0.0
        }
    },
    "45": {
        "BestCoverage": 0.8,
        "ChangeParameterProbability": {
            "action": 0.012194466590881345,
            "observation": 0.07819280624389649
        }
    },
    "50": {
        "BestCoverage": 0.8,
        "ChangeParameterProbability": {
            "action": -0.00908428430557251,
            "observation": 0.09038727283477783
        }
    },
    "55": {
        "BestCoverage": 0.8,
        "ChangeParameterProbability": {
            "action": -0.07285383939743043,
            "observation": 0.08130298852920533
        }
    },
    "60": {
        "BestCoverage": 0.8,
        "ChangeParameterProbability": {
            "action": 0.06649355888366701,
            "observation": 0.0084491491317749
        }
    },
    "65": {
        "BestCoverage": 0.8,
        "ChangeParameterProbability": {
            "action": -0.07137460112571717,
            "observation": 0.07494270801544191
        }
    },
    "70": {
        "BestCoverage": 0.8,
        "ChangeParameterProbability": {
            "action": 0.060069417953491216,
            "observation": 0.0035681068897247398
        }
    },
    "75": {
        "BestCoverage": 0.8,
        "ChangeParameterProbability": {
            "action": 0.0988498568534851,
            "observation": 0.06363752484321596
        }
    },
    "80": {
        "BestCoverage": 0.8,
        "ChangeParameterProbability": {
            "action": 0.053287458419799816,
            "observation": 0.16248738169670107
        }
    },
    "85": {
        "BestCoverage": 0.8,
        "ChangeParameterProbability": {
            "action": -0.09422793984413147,
            "observation": 0.2157748401165009
        }
    },
    "90": {
        "BestCoverage": 0.8,
        "ChangeParameterProbability": {
            "action": -0.05555725693702698,
            "observation": 0.12154690027236942
        }
    },
    "95": {
        "BestCoverage": 0.8,
        "ChangeParameterProbability": {
            "action": 0.029442834854125965,
            "observation": 0.06598964333534243
        }
    },
    "100": {
        "BestCoverage": 0.8,
        "ChangeParameterProbability": {
            "action": -0.028546738624572757,
            "observation": 0.0954324781894684
        }
    },
    "105": {
        "BestCoverage": 0.8,
        "ChangeParameterProbability": {
            "action": -0.08653091788291932,
            "observation": 0.06688573956489564
        }
    },
    "110": {
        "BestCoverage": 0.8,
        "ChangeParameterProbability": {
            "action": 0.009906613826751703,
            "observation": 0.0
        }
    },
    "115": {
        "BestCoverage": 0.8,
        "ChangeParameterProbability": {
            "action": -0.06451366543769838,
            "observation": 0.009906613826751703
        }
    },
    "120": {
        "BestCoverage": 0.8,
        "ChangeParameterProbability": {
            "action": 0.04235594272613524,
            "observation": 0.0
        }
    },
    "125": {
        "BestCoverage": 0.8,
        "ChangeParameterProbability": {
            "action": 0.031199824810028087,
            "observation": 0.04235594272613524
        }
    },
    "130": {
        "BestCoverage": 0.8,
        "ChangeParameterProbability": {
            "action": -0.055074518918991094,
            "observation": 0.07355576753616333
        }
    },
    "135": {
        "BestCoverage": 0.8,
        "ChangeParameterProbability": {
            "action": -0.042085415124893194,
            "observation": 0.018481248617172236
        }
    },
    "140": {
        "BestCoverage": 0.8,
        "ChangeParameterProbability": {
            "action": 0.09468791484832764,
            "observation": 0.0
        }
    },
    "145": {
        "BestCoverage": 0.8,
        "ChangeParameterProbability": {
            "action": -0.08632813096046449,
            "observation": 0.09468791484832764
        }
    },
    "150": {
        "BestCoverage": 0.8,
        "ChangeParameterProbability": {
            "action": -0.07212416529655458,
            "observation": 0.008359783887863154
        }
    },
    "155": {
        "BestCoverage": 0.8,
        "ChangeParameterProbability": {
            "action": -0.06483708620071411,
            "observation": 0.0
        }
    },
    "160": {
        "BestCoverage": 0.8,
        "ChangeParameterProbability": {
            "action": 0.03370438814163207,
            "observation": 0.0
        }
    },
    "165": {
        "BestCoverage": 0.8,
        "ChangeParameterProbability": {
            "action": 0.05548880100250245,
            "observation": 0.03370438814163207
        }
    },
    "170": {
        "BestCoverage": 0.8,
        "ChangeParameterProbability": {
            "action": -0.07404764890670777,
            "observation": 0.08919318914413452
        }
    },
    "175": {
        "BestCoverage": 0.8,
        "ChangeParameterProbability": {
            "action": 0.054630398750305176,
            "observation": 0.015145540237426744
        }
    },
    "180": {
        "BestCoverage": 0.8,
        "ChangeParameterProbability": {
            "action": -0.029875218868255615,
            "observation": 0.06977593898773192
        }
    },
    "185": {
        "BestCoverage": 0.8,
        "ChangeParameterProbability": {
            "action": 0.00722262859344483,
            "observation": 0.039900720119476304
        }
    },
    "190": {
        "BestCoverage": 0.8,
        "ChangeParameterProbability": {
            "action": 0.02697713375091554,
            "observation": 0.047123348712921134
        }
    },
    "195": {
        "BestCoverage": 0.8,
        "ChangeParameterProbability": {
            "action": 0.030127680301666265,
            "observation": 0.07410048246383667
        }
    },
    "200": {
        "BestCoverage": 0.8,
        "ChangeParameterProbability": {
            "action": 0.07894713878631593,
            "observation": 0.10422816276550294
        }
    },
    "205": {
        "BestCoverage": 0.8,
        "ChangeParameterProbability": {
            "action": -0.05357614755630494,
            "observation": 0.18317530155181888
        }
    },
    "210": {
        "BestCoverage": 0.8,
        "ChangeParameterProbability": {
            "action": -0.007518804073333746,
            "observation": 0.12959915399551394
        }
    },
    "215": {
        "BestCoverage": 0.8,
        "ChangeParameterProbability": {
            "action": -0.04340331554412842,
            "observation": 0.1220803499221802
        }
    },
    "220": {
        "BestCoverage": 0.8,
        "ChangeParameterProbability": {
            "action": 0.0522663712501526,
            "observation": 0.07867703437805178
        }
    },
    "225": {
        "BestCoverage": 0.8,
        "ChangeParameterProbability": {
            "action": -0.03266673088073731,