{
    "15": {
        "BestCoverage": 0.7625,
        "Elite": {
            "observation": 1,
            "action": -0.8924474120140076
        },
        "TestInsertionProbability": {
            "observation": 0.1,
            "action": 0.0806540608406067
        }
    },
    "20": {
        "BestCoverage": 0.7625,
        "Elite": {
            "observation": 0,
            "action": -0.3913695812225342
        },
        "TestInsertionProbability": {
            "observation": 0.1806540608406067,
            "action": 0.01537951231002807
        }
    },
    "25": {
        "BestCoverage": 0.7625,
        "Elite": {
            "observation": 0,
            "action": -0.6526654958724976
        },
        "TestInsertionProbability": {
            "observation": 0.19603357315063477,
            "action": 0.02704155445098877
        }
    },
    "30": {
        "BestCoverage": 0.7625,
        "Elite": {
            "observation": 0,
            "action": -0.620221734046936
        },
        "TestInsertionProbability": {
            "observation": 0.22307512760162354,
            "action": 0.022557044029235834
        }
    },
    "35": {
        "BestCoverage": 0.7625,
        "Elite": {
            "observation": 0,
            "action": 0.5019921064376831
        },
        "TestInsertionProbability": {
            "observation": 0.24563217163085938,
            "action": -0.029762554168701175
        }
    },
    "40": {
        "BestCoverage": 0.7625,
        "Elite": {
            "observation": 1,
            "action": -0.5304511189460754
        },
        "TestInsertionProbability": {
            "observation": 0.21586961746215821,
            "action": -0.06594969034194947
        }
    },
    "45": {
        "BestCoverage": 0.7625,
        "Elite": {
            "observation": 0,
            "action": -0.14591622352600098
        },
        "TestInsertionProbability": {
            "observation": 0.14991992712020874,
            "action": -0.0840570330619812
        }
    },
    "50": {
        "BestCoverage": 0.7625,
        "Elite": {
            "observation": 0,
            "action": -0.5908873677253723
        },
        "TestInsertionProbability": {
            "observation": 0.06586289405822754,
            "action": -0.06737682819366456
        }
    },
    "55": {
        "BestCoverage": 0.7625,
        "Elite": {
            "observation": 0,
            "action": 0.457302451133728
        },
        "TestInsertionProbability": {
            "observation": 0.0,
            "action": -0.06025716066360474
        }
    },
    "60": {
        "BestCoverage": 0.7625,
        "Elite": {
            "observation": 0,
            "action": -0.8696250319480896
        },
        "TestInsertionProbability": {
            "observation": 0.0,
            "action": 0.08342764377593995
        }
    },
    "65": {
        "BestCoverage": 0.7625,
        "Elite": {
            "observation": 0,
            "action": 0.5390591621398926
        },
        "TestInsertionProbability": {
            "observation": 0.08342764377593995,
            "action": 0.03941307067871094
        }
    },
    "70": {
        "BestCoverage": 0.8125,
        "Elite": {
            "observation": 1,
            "action": -0.647337019443512
        },
        "TestInsertionProbability": {
            "observation": 0.12284071445465089,
            "action": -0.042802298069000246
        }
    },
    "75": {
        "BestCoverage": 0.8125,
        "Elite": {
            "observation": 0,
            "action": -0.6415249109268188
        },
        "TestInsertionProbability": {
            "observation": 0.08003841638565065,
            "action": 0.040966725349426275
        }
    },
    "80": {
        "BestCoverage": 0.8125,
        "Elite": {
            "observation": 0,
            "action": 0.6102831363677979
        },
        "TestInsertionProbability": {
            "observation": 0.12100514173507693,
            "action": -0.05026022791862488
        }
    },
    "85": {
        "BestCoverage": 0.8125,
        "Elite": {
            "observation": 1,
            "action": -0.9154750108718872
        },
        "TestInsertionProbability": {
            "observation": 0.07074491381645204,
            "action": -0.007328581809997556
        }
    },
    "90": {
        "BestCoverage": 0.8125,
        "Elite": {
            "observation": 0,
            "action": -0.2447570562362671
        },
        "TestInsertionProbability": {
            "observation": 0.06341633200645448,
            "action": -0.03636559247970582
        }
    },
    "95": {
        "BestCoverage": 0.8125,
        "Elite": {
            "observation": 0,
            "action": -0.9487958550453186
        },
        "TestInsertionProbability": {
            "observation": 0.027050739526748663,
            "action": -0.06862618923187255
        }
    },
    "100": {
        "BestCoverage": 0.8125,
        "Elite": {
            "observation": 0,
            "action": -0.7495476603507996
        },
        "TestInsertionProbability": {
            "observation": 0.0,
            "action": 0.06255842447280885
        }
    },
    "105": {
        "BestCoverage": 0.8125,
        "Elite": {
            "observation": 0,
            "action": 0.5838699340820312
        },
        "TestInsertionProbability": {
            "observation": 0.06255842447280885,
            "action": -0.07276650071144104
        }
    },
    "110": {
        "BestCoverage": 0.85,
        "Elite": {
            "observation": 1,
            "action": 0.1883716583251953
        },
        "TestInsertionProbability": {
            "observation": 0.0,
            "action": 0.03276036977767943
        }
    },
    "115": {
        "BestCoverage": 0.85,
        "Elite": {
            "observation": 1,
            "action": -0.3300585150718689
        },
        "TestInsertionProbability": {
            "observation": 0.03276036977767943,
            "action": -0.04890866279602051
        }
    },
    "120": {
        "BestCoverage": 0.85,
        "Elite": {
            "observation": 1,
            "action": -0.7363334894180298
        },
        "TestInsertionProbability": {
            "observation": 0.0,
            "action": -0.08585225343704224
        }
    },
    "125": {
        "BestCoverage": 0.85,
        "Elite": {
            "observation": 0,
            "action": 0.42384374141693115
        },
        "TestInsertionProbability": {
            "observation": 0.0,
            "action": -0.08619097471237183
        }
    },
    "130": {
        "BestCoverage": 0.85,
        "Elite": {
            "observation": 0,
            "action": -0.16170436143875122
        },
        "TestInsertionProbability": {
            "observation": 0.0,
            "action": 0.07726824283599854
        }
    },
    "135": {
        "BestCoverage": 0.85,
        "Elite": {
            "observation": 0,
            "action": 0.9313168525695801
        },
        "TestInsertionProbability": {
            "observation": 0.07726824283599854,
            "action": -0.007352930307388303
        }
    },
    "140": {
        "BestCoverage": 0.85,
        "Elite": {
            "observation": 1,
            "action": 0.533951997756958
        },
        "TestInsertionProbability": {
            "observation": 0.06991531252861023,
            "action": 0.07622722387313843
        }
    },
    "145": {
        "BestCoverage": 0.85,
        "Elite": {
            "observation": 2,
            "action": 0.42579758167266846
        },
        "TestInsertionProbability": {
            "observation": 0.14614253640174868,
            "action": 0.036614787578582775
        }
    },
    "150": {
        "BestCoverage": 0.85,
        "Elite": {
            "observation": 2,
            "action": 0.16375207901000977
        },
        "TestInsertionProbability": {
            "observation": 0.18275732398033145,