{
    "15": {
        "BestCoverage": 0.12,
        "Population": {
            "action": 2.1719226837158203,
            "observation": 50
        }
    },
    "20": {
        "BestCoverage": 0.12,
        "Population": {
            "action": -5.781567096710205,
            "observation": 52
        }
    },
    "25": {
        "BestCoverage": 0.12,
        "Population": {
            "action": 7.981252670288086,
            "observation": 46
        }
    },
    "30": {
        "BestCoverage": 0.12,
        "Population": {
            "action": 0.6676435470581055,
            "observation": 54
        }
    },
    "35": {
        "BestCoverage": 0.12,
        "Population": {
            "action": 1.8230199813842773,
            "observation": 55
        }
    },
    "40": {
        "BestCoverage": 0.12,
        "Population": {
            "action": -0.18466615676879883,
            "observation": 57
        }
    },
    "45": {
        "BestCoverage": 0.12,
        "Population": {
            "action": 4.6351423263549805,
            "observation": 57
        }
    },
    "50": {
        "BestCoverage": 0.12,
        "Population": {
            "action": -4.037530422210693,
            "observation": 62
        }
    },
    "55": {
        "BestCoverage": 0.12,
        "Population": {
            "action": -2.266256332397461,
            "observation": 58
        }
    },
    "60": {
        "BestCoverage": 0.12,
        "Population": {
            "action": 3.866121292114258,
            "observation": 56
        }
    },
    "65": {
        "BestCoverage": 0.12,
        "Population": {
            "action": 3.3131942749023438,
            "observation": 60
        }
    },
    "70": {
        "BestCoverage": 0.12,
        "Population": {
            "action": -6.427146911621094,
            "observation": 63
        }
    },
    "75": {
        "BestCoverage": 0.12,
        "Population": {
            "action": 4.758386611938477,
            "observation": 57
        }
    },
    "80": {
        "BestCoverage": 0.12,
        "Population": {
            "action": 3.1345930099487305,
            "observation": 62
        }
    },
    "85": {
        "BestCoverage": 0.12,
        "Population": {
            "action": -0.7043089866638184,
            "observation": 65
        }
    },
    "90": {
        "BestCoverage": 0.12,
        "Population": {
            "action": 2.1307315826416016,
            "observation": 64
        }
    },
    "95": {
        "BestCoverage": 0.12,
        "Population": {
            "action": 3.815408706665039,
            "observation": 66
        }
    },
    "100": {
        "BestCoverage": 0.12,
        "Population": {
            "action": -5.939252853393555,
            "observation": 70
        }
    },
    "105": {
        "BestCoverage": 0.12,
        "Population": {
            "action": -6.752921104431152,
            "observation": 64
        }
    },
    "110": {
        "BestCoverage": 0.12,
        "Population": {
            "action": -1.7184867858886719,
            "observation": 57
        }
    },
    "115": {
        "BestCoverage": 0.12,
        "Population": {
            "action": 3.8709239959716797,
            "observation": 55
        }
    },
    "120": {
        "BestCoverage": 0.12,
        "Population": {
            "action": -0.23787689208984375,
            "observation": 59
        }
    },
    "125": {
        "BestCoverage": 0.12,
        "Population": {
            "action": 2.042159080505371,
            "observation": 59
        }
    },
    "130": {
        "BestCoverage": 0.12,
        "Population": {
            "action": -6.92300271987915,
            "observation": 61
        }
    },
    "135": {
        "BestCoverage": 0.12,
        "Population": {
            "action": 1.9111709594726562,
            "observation": 54
        }
    },
    "140": {
        "BestCoverage": 0.12,
        "Population": {
            "action": 0.2959470748901367,
            "observation": 56
        }
    },
    "145": {
        "BestCoverage": 0.12,
        "Population": {
            "action": -5.561836242675781,
            "observation": 56
        }
    },
    "150": {
        "BestCoverage": 0.12,
        "Population": {
            "action": 4.584624290466309,
            "observation": 50
        }
    },
    "155": {
        "BestCoverage": 0.12,
        "Population": {
            "action": -0.38834714889526367,
            "observation": 55
        }
    },
    "160": {
        "BestCoverage": 0.12,
        "Population": {
            "action": 2.1871299743652344,
            "observation": 55
        }
    },
    "165": {
        "BestCoverage": 0.12,
        "Population": {
            "action": -0.19234514236450195,
            "observation": 57
        }
    },
    "170": {
        "BestCoverage": 0.12,
        "Population": {
            "action": 0.4609537124633789,
            "observation": 57
        }
    },
    "175": {
        "BestCoverage": 0.12,
        "Population": {
            "action": -0.30438709259033203,
            "observation": 57
        }
    },
    "180": {
        "BestCoverage": 0.12,
        "Population": {
            "action": -4.5586981773376465,
            "observation": 57
        }
    },
    "185": {
        "BestCoverage": 0.12,
        "Population": {
            "action": 2.829771041870117,
            "observation": 52
        }
    },
    "190": {
        "BestCoverage": 0.12,
        "Population": {
            "action": -0.1390371322631836,
            "observation": 55
        }
    },
    "195": {
        "BestCoverage": 0.12,
        "Population": {
            "action": -7.804046154022217,
            "observation": 55
        }
    },
    "200": {
        "BestCoverage": 0.12,
        "Population": {
            "action": 3.9398441314697266,
            "observation": 47
        }
    },
    "205": {
        "BestCoverage": 0.12,
        "Population": {
            "action": 4.250919342041016,
            "observation": 51
        }
    },
    "210": {
        "BestCoverage": 0.12,
        "Population": {
            "action": -4.095198631286621,
            "observation": 55
        }
    },
    "215": {
        "BestCoverage": 0.12,
        "Population": {
            "action": 2.2630043029785156,
            "observation": 51
        }
    },
    "220": {
        "BestCoverage": 0.12,
        "Population": {
            "action": 6.322792053222656,
            "observation": 53
        }
    },
    "225": {
        "BestCoverage": 0.12,
        "Population": {
            "action": 5.537604331970215,
            "observation": 59
        }
    },
    "230": {
        "BestCoverage": 0.12,
        "Population": {
            "action": 2.802043914794922,
            "observation": 65
        }
    },
    "235": {
        "BestCoverage": 0.12,
        "Population": {
            "action": -6.5609917640686035,
            "observation": 68
        }
    },
    "240": {
        "BestCoverage": 0.12,
        "Population": {
            "action": 0.6083126068115234,
            "observation": 61
        }
    },
    "245": {
        "BestCoverage": 0.12,
        "Population": {
            "action": 2.035503387451172,
            "observation": 62
        }
    },
    "250": {
        "BestCoverage": 0.12,
        "Population": {
            "action": -3.762375831604004,
            "observation": 64
        }
    },
    "255": {
        "BestCoverage": 0.12,
        "Population": {
            "action": -0.18468093872070312,
            "observation": 60
        }
    },
    "260": {
        "BestCoverage": 0.12,
        "Population": {
            "action": -7.2306809425354,
            "observation": 60
        }
    },
    "265": {
        "BestCoverage": 0.12,
        "Population": {
            "action": -2.9250993728637695,
            "observation": 53
        }
    },
    "270": {
        "BestCoverage": 0.12,