{
    "15": {
        "BestCoverage": 0.05714285714285714,
        "Population": {
            "action": -3.0843238830566406,
            "observation": 50
        }
    },
    "20": {
        "BestCoverage": 0.05714285714285714,
        "Population": {
            "action": -2.5172786712646484,
            "observation": 47
        }
    },
    "25": {
        "BestCoverage": 0.05714285714285714,
        "Population": {
            "action": -7.22149658203125,
            "observation": 44
        }
    },
    "30": {
        "BestCoverage": 0.05714285714285714,
        "Population": {
            "action": 1.8002634048461914,
            "observation": 37
        }
    },
    "35": {
        "BestCoverage": 0.05714285714285714,
        "Population": {
            "action": 1.261458396911621,
            "observation": 39
        }
    },
    "40": {
        "BestCoverage": 0.05714285714285714,
        "Population": {
            "action": -3.678187847137451,
            "observation": 40
        }
    },
    "45": {
        "BestCoverage": 0.05714285714285714,
        "Population": {
            "action": 5.498096466064453,
            "observation": 36
        }
    },
    "50": {
        "BestCoverage": 0.05714285714285714,
        "Population": {
            "action": 3.4668970108032227,
            "observation": 41
        }
    },
    "55": {
        "BestCoverage": 0.05714285714285714,
        "Population": {
            "action": 3.2336578369140625,
            "observation": 44
        }
    },
    "60": {
        "BestCoverage": 0.05714285714285714,
        "Population": {
            "action": 3.5490341186523438,
            "observation": 47
        }
    },
    "65": {
        "BestCoverage": 0.05714285714285714,
        "Population": {
            "action": -0.8484101295471191,
            "observation": 51
        }
    },
    "70": {
        "BestCoverage": 0.05714285714285714,
        "Population": {
            "action": 7.97061824798584,
            "observation": 50
        }
    },
    "75": {
        "BestCoverage": 0.05714285714285714,
        "Population": {
            "action": -6.533402442932129,
            "observation": 58
        }
    },
    "80": {
        "BestCoverage": 0.05714285714285714,
        "Population": {
            "action": 3.958846092224121,
            "observation": 51
        }
    },
    "85": {
        "BestCoverage": 0.05714285714285714,
        "Population": {
            "action": -2.514835834503174,
            "observation": 55
        }
    },
    "90": {
        "BestCoverage": 0.05714285714285714,
        "Population": {
            "action": 3.2578697204589844,
            "observation": 52
        }
    },
    "95": {
        "BestCoverage": 0.05714285714285714,
        "Population": {
            "action": -0.9028902053833008,
            "observation": 55
        }
    },
    "100": {
        "BestCoverage": 0.05714285714285714,
        "Population": {
            "action": -2.8736438751220703,
            "observation": 54
        }
    },
    "105": {
        "BestCoverage": 0.05714285714285714,
        "Population": {
            "action": -6.584217071533203,
            "observation": 51
        }
    },
    "110": {
        "BestCoverage": 0.05714285714285714,
        "Population": {
            "action": -0.8050341606140137,
            "observation": 44
        }
    },
    "115": {
        "BestCoverage": 0.05714285714285714,
        "Population": {
            "action": 5.0595855712890625,
            "observation": 43
        }
    },
    "120": {
        "BestCoverage": 0.05714285714285714,
        "Population": {
            "action": -0.9990839958190918,
            "observation": 48
        }
    },
    "125": {
        "BestCoverage": 0.05714285714285714,
        "Population": {
            "action": 4.567812919616699,
            "observation": 47
        }
    },
    "130": {
        "BestCoverage": 0.05714285714285714,
        "Population": {
            "action": 2.7309322357177734,
            "observation": 52
        }
    },
    "135": {
        "BestCoverage": 0.05714285714285714,
        "Population": {
            "action": -5.818996429443359,
            "observation": 55
        }
    },
    "140": {
        "BestCoverage": 0.05714285714285714,
        "Population": {
            "action": 2.158773422241211,
            "observation": 49
        }
    },
    "145": {
        "BestCoverage": 0.05714285714285714,
        "Population": {
            "action": -6.041945934295654,
            "observation": 51
        }
    },
    "150": {
        "BestCoverage": 0.05714285714285714,
        "Population": {
            "action": 7.235584259033203,
            "observation": 45
        }
    },
    "155": {
        "BestCoverage": 0.05714285714285714,
        "Population": {
            "action": -0.35200977325439453,
            "observation": 52
        }
    },
    "160": {
        "BestCoverage": 0.05714285714285714,
        "Population": {
            "action": 2.6093177795410156,
            "observation": 52
        }
    },
    "165": {
        "BestCoverage": 0.05714285714285714,
        "Population": {
            "action": -7.107877731323242,
            "observation": 55
        }
    },
    "170": {
        "BestCoverage": 0.05714285714285714,
        "Population": {
            "action": -5.700562477111816,
            "observation": 48
        }
    },
    "175": {
        "BestCoverage": 0.05714285714285714,
        "Population": {
            "action": -7.376659393310547,
            "observation": 42
        }
    },
    "180": {
        "BestCoverage": 0.05714285714285714,
        "Population": {
            "action": 3.7184505462646484,
            "observation": 35
        }
    },
    "185": {
        "BestCoverage": 0.05714285714285714,
        "Population": {
            "action": -3.241689682006836,
            "observation": 39
        }
    },
    "190": {
        "BestCoverage": 0.05714285714285714,
        "Population": {
            "action": 3.4944496154785156,
            "observation": 36
        }
    },
    "195": {
        "BestCoverage": 0.05714285714285714,
        "Population": {
            "action": -3.6193618774414062,
            "observation": 39
        }
    },
    "200": {
        "BestCoverage": 0.05714285714285714,
        "Population": {
            "action": -1.0814452171325684,
            "observation": 35
        }
    },
    "205": {
        "BestCoverage": 0.05714285714285714,
        "Population": {
            "action": 5.397705078125,
            "observation": 34
        }
    },
    "210": {
        "BestCoverage": 0.05714285714285714,
        "Population": {
            "action": 4.711950302124023,
            "observation": 39
        }
    },
    "215": {
        "BestCoverage": 0.05714285714285714,
        "Population": {
            "action": 6.0765180587768555,
            "observation": 44
        }
    },
    "220": {
        "BestCoverage": 0.05714285714285714,
        "Population": {
            "action": 2.9927167892456055,
            "observation": 50
        }
    },
    "225": {
        "BestCoverage": 0.05714285714285714,
        "Population": {
            "action": -5.367561340332031,
            "observation": 53
        }
    },
    "230": {
        "BestCoverage": 0.05714285714285714,
        "Population": {
            "action": -1.9651880264282227,
            "observation": 48
        }
    },
    "235": {
        "BestCoverage": 0.05714285714285714,
        "Population": {
            "action": 4.951131820678711,
            "observation": 46
        }
    },
    "240": {
        "BestCoverage": 0.05714285714285714,
        "Population": {
            "action": 4.7476043701171875,
            "observation": 51
        }
    },
    "245": {
        "BestCoverage": 0.05714285714285714,
        "Population": {
            "action": 5.389917373657227,