{
    "25": {
        "BestCoverage": 0.775,
        "TestChangeProbability": {
            "action": 0.09539245367050173,
            "observation": 0.3333333333333333
        }
    },
    "30": {
        "BestCoverage": 0.775,
        "TestChangeProbability": {
            "action": 0.07417657375335693,
            "observation": 0.428725787003835
        }
    },
    "35": {
        "BestCoverage": 0.775,
        "TestChangeProbability": {
            "action": 0.07317492961883545,
            "observation": 0.502902360757192
        }
    },
    "40": {
        "BestCoverage": 0.775,
        "TestChangeProbability": {
            "action": -0.04800198674201966,
            "observation": 0.5760772903760274
        }
    },
    "45": {
        "BestCoverage": 0.775,
        "TestChangeProbability": {
            "action": -0.0010494112968444796,
            "observation": 0.5280753036340078
        }
    },
    "50": {
        "BestCoverage": 0.775,
        "TestChangeProbability": {
            "action": 0.054934883117675776,
            "observation": 0.5270258923371633
        }
    },
    "55": {
        "BestCoverage": 0.775,
        "TestChangeProbability": {
            "action": 0.015691673755645758,
            "observation": 0.5819607754548392
        }
    },
    "60": {
        "BestCoverage": 0.775,
        "TestChangeProbability": {
            "action": 0.07485718727111818,
            "observation": 0.5976524492104849
        }
    },
    "65": {
        "BestCoverage": 0.775,
        "TestChangeProbability": {
            "action": -0.09765939712524414,
            "observation": 0.672509636481603
        }
    },
    "70": {
        "BestCoverage": 0.775,
        "TestChangeProbability": {
            "action": 0.004412627220153814,
            "observation": 0.5748502393563588
        }
    },
    "75": {
        "BestCoverage": 0.775,
        "TestChangeProbability": {
            "action": 0.005383646488189703,
            "observation": 0.5792628665765126
        }
    },
    "80": {
        "BestCoverage": 0.775,
        "TestChangeProbability": {
            "action": 0.008364939689636225,
            "observation": 0.5846465130647023
        }
    },
    "85": {
        "BestCoverage": 0.775,
        "TestChangeProbability": {
            "action": -0.06742815375328065,
            "observation": 0.5930114527543385
        }
    },
    "90": {
        "BestCoverage": 0.775,
        "TestChangeProbability": {
            "action": 0.05631177425384523,
            "observation": 0.5255832990010578
        }
    },
    "95": {
        "BestCoverage": 0.775,
        "TestChangeProbability": {
            "action": 0.09230265617370606,
            "observation": 0.5818950732549031
        }
    },
    "100": {
        "BestCoverage": 0.775,
        "TestChangeProbability": {
            "action": 0.07638993263244628,
            "observation": 0.6741977294286091
        }
    },
    "105": {
        "BestCoverage": 0.775,
        "TestChangeProbability": {
            "action": 0.04259657859802246,
            "observation": 0.7505876620610554
        }
    },
    "110": {
        "BestCoverage": 0.775,
        "TestChangeProbability": {
            "action": 0.07639615535736086,
            "observation": 0.7931842406590779
        }
    },
    "115": {
        "BestCoverage": 0.825,
        "TestChangeProbability": {
            "action": -0.0894135594367981,
            "observation": 0.8695803960164388
        }
    },
    "120": {
        "BestCoverage": 0.825,
        "TestChangeProbability": {
            "action": 0.07861628532409667,
            "observation": 0.7801668365796407
        }
    },
    "125": {
        "BestCoverage": 0.825,
        "TestChangeProbability": {
            "action": 0.005914211273193359,
            "observation": 0.8587831219037374
        }
    },
    "130": {
        "BestCoverage": 0.8625,
        "TestChangeProbability": {
            "action": 0.09743289947509767,
            "observation": 0.8646973331769308
        }
    },
    "135": {
        "BestCoverage": 0.8625,
        "TestChangeProbability": {
            "action": -0.004334533214569086,
            "observation": 0.9621302326520285
        }
    },
    "140": {
        "BestCoverage": 0.8625,
        "TestChangeProbability": {
            "action": 0.002211713790893549,
            "observation": 0.9577956994374593
        }
    },
    "145": {
        "BestCoverage": 0.8625,
        "TestChangeProbability": {
            "action": 0.09214819669723512,
            "observation": 0.9600074132283529
        }
    },
    "150": {
        "BestCoverage": 0.8625,
        "TestChangeProbability": {
            "action": 0.05058103799819946,
            "observation": 1.0
        }
    },
    "155": {
        "BestCoverage": 0.8625,
        "TestChangeProbability": {
            "action": 0.09283037185668946,
            "observation": 1.0
        }
    },
    "160": {
        "BestCoverage": 0.8625,
        "TestChangeProbability": {
            "action": 0.0915313482284546,
            "observation": 1.0
        }
    },
    "165": {
        "BestCoverage": 0.8625,
        "TestChangeProbability": {
            "action": -0.03253717422485351,
            "observation": 1.0
        }
    },
    "170": {
        "BestCoverage": 0.8625,
        "TestChangeProbability": {
            "action": -0.07124342918395997,
            "observation": 0.9674628257751465
        }
    },
    "175": {
        "BestCoverage": 0.8625,
        "TestChangeProbability": {
            "action": 0.0459972620010376,
            "observation": 0.8962193965911865
        }
    },
    "180": {
        "BestCoverage": 0.8625,
        "TestChangeProbability": {
            "action": 0.02612924575805664,
            "observation": 0.9422166585922241
        }
    },
    "185": {
        "BestCoverage": 0.8625,
        "TestChangeProbability": {
            "action": -0.01661918163299561,
            "observation": 0.9683459043502808
        }
    },
    "190": {
        "BestCoverage": 0.8625,
        "TestChangeProbability": {
            "action": 0.08192050457000732,
            "observation": 0.9517267227172852
        }
    },
    "195": {
        "BestCoverage": 0.8625,
        "TestChangeProbability": {
            "action": 0.04920873641967774,
            "observation": 1.0
        }
    },
    "200": {
        "BestCoverage": 0.8625,
        "TestChangeProbability": {
            "action": 0.05620613098144531,
            "observation": 1.0
        }
    },
    "205": {
        "BestCoverage": 0.8625,
        "TestChangeProbability": {
            "action": -0.049661004543304445,
            "observation": 1.0
        }
    },
    "210": {
        "BestCoverage": 0.8625,
        "TestChangeProbability": {
            "action": -0.00032325983047484796,
            "observation": 0.9503389954566955
        }
    },
    "215": {
        "BestCoverage": 0.8625,
        "TestChangeProbability": {
            "action": -0.010234475135803223,
            "observation": 0.9500157356262207
        }
    },
    "220": {
        "BestCoverage": 0.8625,
        "TestChangeProbability": {
            "action": -0.09798828959465028,
            "observation": 0.9397812604904174
        }
    },
    "225": {
        "BestCoverage": 0.8625,
        "TestChangeProbability": {
            "action": -0.09007437229156495,
            "observation": 0.8417929708957672
        }
    },
    "230": {
        "BestCoverage": 0.8625,
        "TestChangeProbability": {
            "action": -0.016216850280761724,
            "observation": 0.7517185986042023
        }
    },
    "235": {
        "BestCoverage": 0.8625,
        "TestChangeProbability": {
            "action": -0.018366765975952146,
            "observation": 0.7355017483234406
        }
    },
    "240": {
        "BestCoverage": 0.8625,