{
    "20": {
        "BestCoverage": 0.75,
        "RandomPerturbation": {
            "action": 0.0814072608947754,
            "observation": 0.2
        }
    },
    "25": {
        "BestCoverage": 0.75,
        "RandomPerturbation": {
            "action": -0.07566092014312745,
            "observation": 0.2814072608947754
        }
    },
    "30": {
        "BestCoverage": 0.75,
        "RandomPerturbation": {
            "action": 0.014423561096191403,
            "observation": 0.20574634075164797
        }
    },
    "35": {
        "BestCoverage": 0.75,
        "RandomPerturbation": {
            "action": 0.03872350454330445,
            "observation": 0.22016990184783936
        }
    },
    "40": {
        "BestCoverage": 0.75,
        "RandomPerturbation": {
            "action": -0.054167985916137695,
            "observation": 0.2588934063911438
        }
    },
    "45": {
        "BestCoverage": 0.75,
        "RandomPerturbation": {
            "action": 0.006624031066894534,
            "observation": 0.20472542047500608
        }
    },
    "50": {
        "BestCoverage": 0.75,
        "RandomPerturbation": {
            "action": -0.04300808906555176,
            "observation": 0.2113494515419006
        }
    },
    "55": {
        "BestCoverage": 0.75,
        "RandomPerturbation": {
            "action": 0.03165594339370728,
            "observation": 0.16834136247634884
        }
    },
    "60": {
        "BestCoverage": 0.75,
        "RandomPerturbation": {
            "action": 0.04559068679809569,
            "observation": 0.19999730587005612
        }
    },
    "65": {
        "BestCoverage": 0.75,
        "RandomPerturbation": {
            "action": 0.014590191841125491,
            "observation": 0.24558799266815182
        }
    },
    "70": {
        "BestCoverage": 0.7625,
        "RandomPerturbation": {
            "action": 0.006869459152221674,
            "observation": 0.2601781845092773
        }
    },
    "75": {
        "BestCoverage": 0.7625,
        "RandomPerturbation": {
            "action": -0.03251519203186036,
            "observation": 0.267047643661499
        }
    },
    "80": {
        "BestCoverage": 0.7625,
        "RandomPerturbation": {
            "action": 0.019739234447479242,
            "observation": 0.23453245162963865
        }
    },
    "85": {
        "BestCoverage": 0.7625,
        "RandomPerturbation": {
            "action": -0.07261136770248414,
            "observation": 0.2542716860771179
        }
    },
    "90": {
        "BestCoverage": 0.7625,
        "RandomPerturbation": {
            "action": 0.023327779769897458,
            "observation": 0.18166031837463378
        }
    },
    "95": {
        "BestCoverage": 0.7625,
        "RandomPerturbation": {
            "action": 0.03481265306472778,
            "observation": 0.20498809814453123
        }
    },
    "100": {
        "BestCoverage": 0.7625,
        "RandomPerturbation": {
            "action": -0.029746937751770022,
            "observation": 0.239800751209259
        }
    },
    "105": {
        "BestCoverage": 0.7625,
        "RandomPerturbation": {
            "action": 0.001972889900207525,
            "observation": 0.21005381345748897
        }
    },
    "110": {
        "BestCoverage": 0.7625,
        "RandomPerturbation": {
            "action": 0.035703670978546154,
            "observation": 0.2120267033576965
        }
    },
    "115": {
        "BestCoverage": 0.7625,
        "RandomPerturbation": {
            "action": -0.0710797667503357,
            "observation": 0.24773037433624265
        }
    },
    "120": {
        "BestCoverage": 0.7625,
        "RandomPerturbation": {
            "action": -0.006372278928756719,
            "observation": 0.17665060758590695
        }
    },
    "125": {
        "BestCoverage": 0.7625,
        "RandomPerturbation": {
            "action": 0.05202026367187501,
            "observation": 0.17027832865715023
        }
    },
    "130": {
        "BestCoverage": 0.7625,
        "RandomPerturbation": {
            "action": -0.06225778460502625,
            "observation": 0.22229859232902524
        }
    },
    "135": {
        "BestCoverage": 0.7625,
        "RandomPerturbation": {
            "action": 0.019005191326141355,
            "observation": 0.16004080772399898
        }
    },
    "140": {
        "BestCoverage": 0.7625,
        "RandomPerturbation": {
            "action": 0.07988033294677735,
            "observation": 0.17904599905014035
        }
    },
    "145": {
        "BestCoverage": 0.7625,
        "RandomPerturbation": {
            "action": -0.06411990523338318,
            "observation": 0.2589263319969177
        }
    },
    "150": {
        "BestCoverage": 0.7625,
        "RandomPerturbation": {
            "action": 0.017002832889556882,
            "observation": 0.19480642676353455
        }
    },
    "155": {
        "BestCoverage": 0.7625,
        "RandomPerturbation": {
            "action": 0.02518842220306397,
            "observation": 0.21180925965309144
        }
    },
    "160": {
        "BestCoverage": 0.7625,
        "RandomPerturbation": {
            "action": -0.047785532474517826,
            "observation": 0.2369976818561554
        }
    },
    "165": {
        "BestCoverage": 0.7625,
        "RandomPerturbation": {
            "action": 0.04413728713989257,
            "observation": 0.18921214938163758
        }
    },
    "170": {
        "BestCoverage": 0.7625,
        "RandomPerturbation": {
            "action": -0.09304594397544862,
            "observation": 0.23334943652153015
        }
    },
    "175": {
        "BestCoverage": 0.7625,
        "RandomPerturbation": {
            "action": -0.032548213005065926,
            "observation": 0.14030349254608154
        }
    },
    "180": {
        "BestCoverage": 0.7625,
        "RandomPerturbation": {
            "action": 0.09338903427124023,
            "observation": 0.10775527954101562
        }
    },
    "185": {
        "BestCoverage": 0.7625,
        "RandomPerturbation": {
            "action": -0.09983663558959961,
            "observation": 0.20114431381225584
        }
    },
    "190": {
        "BestCoverage": 0.7625,
        "RandomPerturbation": {
            "action": 0.03244739770889282,
            "observation": 0.10130767822265623
        }
    },
    "195": {
        "BestCoverage": 0.7625,
        "RandomPerturbation": {
            "action": 0.00021854639053345282,
            "observation": 0.13375507593154906
        }
    },
    "200": {
        "BestCoverage": 0.7625,
        "RandomPerturbation": {
            "action": -0.052314162254333496,
            "observation": 0.13397362232208251
        }
    },
    "205": {
        "BestCoverage": 0.7625,
        "RandomPerturbation": {
            "action": -0.084716534614563,
            "observation": 0.08165946006774902
        }
    },
    "210": {
        "BestCoverage": 0.7625,
        "RandomPerturbation": {
            "action": -0.024502229690551755,
            "observation": 0.0
        }
    },
    "215": {
        "BestCoverage": 0.7625,
        "RandomPerturbation": {
            "action": 0.030421757698059076,
            "observation": 0.0
        }
    },
    "220": {
        "BestCoverage": 0.7625,
        "RandomPerturbation": {
            "action": -0.08469064235687257,
            "observation": 0.030421757698059076
        }
    },
    "225": {
        "BestCoverage": 0.7625,
        "RandomPerturbation": {
            "action": 0.007387220859527588,
            "observation": 0.0
        }
    },
    "230": {
        "BestCoverage": 0.7625,
        "RandomPerturbation": {
            "action": 0.004896283149719238,
            "observation": 0.007387220859527588
        }
    },
    "235": {
        "BestCoverage": 0.7625,
        "RandomPerturbation": {
            "action": -0.011817377805709836,