{
    "15": {
        "BestCoverage": 0.8,
        "Elite": {
            "action": -0.019470930099487305,
            "observation": 1
        }
    },
    "20": {
        "BestCoverage": 0.8,
        "Elite": {
            "action": -0.4754597544670105,
            "observation": 1
        }
    },
    "25": {
        "BestCoverage": 0.8,
        "Elite": {
            "action": -0.4104362726211548,
            "observation": 1
        }
    },
    "30": {
        "BestCoverage": 0.8,
        "Elite": {
            "action": 0.2070537805557251,
            "observation": 1
        }
    },
    "35": {
        "BestCoverage": 0.8,
        "Elite": {
            "action": 0.1585395336151123,
            "observation": 1
        }
    },
    "40": {
        "BestCoverage": 0.8,
        "Elite": {
            "action": 0.9080363512039185,
            "observation": 1
        }
    },
    "45": {
        "BestCoverage": 0.8,
        "Elite": {
            "action": 0.09463369846343994,
            "observation": 2
        }
    },
    "50": {
        "BestCoverage": 0.8,
        "Elite": {
            "action": 0.9975838661193848,
            "observation": 2
        }
    },
    "55": {
        "BestCoverage": 0.8,
        "Elite": {
            "action": 0.6522164344787598,
            "observation": 3
        }
    },
    "60": {
        "BestCoverage": 0.8,
        "Elite": {
            "action": -0.6370566487312317,
            "observation": 4
        }
    },
    "65": {
        "BestCoverage": 0.8,
        "Elite": {
            "action": -0.4537486433982849,
            "observation": 3
        }
    },
    "70": {
        "BestCoverage": 0.8,
        "Elite": {
            "action": -0.8552493453025818,
            "observation": 3
        }
    },
    "75": {
        "BestCoverage": 0.8,
        "Elite": {
            "action": 0.46048760414123535,
            "observation": 2
        }
    },
    "80": {
        "BestCoverage": 0.8,
        "Elite": {
            "action": -0.7173440456390381,
            "observation": 2
        }
    },
    "85": {
        "BestCoverage": 0.8,
        "Elite": {
            "action": -0.34001636505126953,
            "observation": 1
        }
    },
    "90": {
        "BestCoverage": 0.8,
        "Elite": {
            "action": -0.9263041019439697,
            "observation": 1
        }
    },
    "95": {
        "BestCoverage": 0.8,
        "Elite": {
            "action": -0.4853438138961792,
            "observation": 0
        }
    },
    "100": {
        "BestCoverage": 0.8,
        "Elite": {
            "action": 0.40475988388061523,
            "observation": 0
        }
    },
    "105": {
        "BestCoverage": 0.8,
        "Elite": {
            "action": -0.005524277687072754,
            "observation": 0
        }
    },
    "110": {
        "BestCoverage": 0.8,
        "Elite": {
            "action": 0.8562541007995605,
            "observation": 0
        }
    },
    "115": {
        "BestCoverage": 0.8,
        "Elite": {
            "action": -0.4602397084236145,
            "observation": 1
        }
    },
    "120": {
        "BestCoverage": 0.8,
        "Elite": {
            "action": 0.8924700021743774,
            "observation": 1
        }
    },
    "125": {
        "BestCoverage": 0.8,
        "Elite": {
            "action": 0.3465923070907593,
            "observation": 2
        }
    },
    "130": {
        "BestCoverage": 0.8,
        "Elite": {
            "action": -0.844088077545166,
            "observation": 2
        }
    },
    "135": {
        "BestCoverage": 0.8,
        "Elite": {
            "action": -0.6481637358665466,
            "observation": 1
        }
    },
    "140": {
        "BestCoverage": 0.8,
        "Elite": {
            "action": 0.0056334733963012695,
            "observation": 0
        }
    },
    "145": {
        "BestCoverage": 0.8,
        "Elite": {
            "action": 0.06500685214996338,
            "observation": 0
        }
    },
    "150": {
        "BestCoverage": 0.8,
        "Elite": {
            "action": 0.9363956451416016,
            "observation": 0
        }
    },
    "155": {
        "BestCoverage": 0.8,
        "Elite": {
            "action": -0.025622427463531494,
            "observation": 1
        }
    },
    "160": {
        "BestCoverage": 0.8,
        "Elite": {
            "action": -0.19201064109802246,
            "observation": 1
        }
    },
    "165": {
        "BestCoverage": 0.8,
        "Elite": {
            "action": 0.43645381927490234,
            "observation": 1
        }
    },
    "170": {
        "BestCoverage": 0.8,
        "Elite": {
            "action": 0.36919498443603516,
            "observation": 1
        }
    },
    "175": {
        "BestCoverage": 0.8,
        "Elite": {
            "action": -0.9518035650253296,
            "observation": 1
        }
    },
    "180": {
        "BestCoverage": 0.8,
        "Elite": {
            "action": 0.06522989273071289,
            "observation": 0
        }
    },
    "185": {
        "BestCoverage": 0.8,
        "Elite": {
            "action": -0.5180103182792664,
            "observation": 0
        }
    },
    "190": {
        "BestCoverage": 0.8,
        "Elite": {
            "action": -0.9164861440658569,
            "observation": 0
        }
    },
    "195": {
        "BestCoverage": 0.8,
        "Elite": {
            "action": -0.5200741291046143,
            "observation": 0
        }
    },
    "200": {
        "BestCoverage": 0.8,
        "Elite": {
            "action": -0.20468604564666748,
            "observation": 0
        }
    },
    "205": {
        "BestCoverage": 0.8,
        "Elite": {
            "action": -0.6023505330085754,
            "observation": 0
        }
    },
    "210": {
        "BestCoverage": 0.8,
        "Elite": {
            "action": -0.05262821912765503,
            "observation": 0
        }
    },
    "215": {
        "BestCoverage": 0.8,
        "Elite": {
            "action": -0.2674129009246826,
            "observation": 0
        }
    },
    "220": {
        "BestCoverage": 0.8,
        "Elite": {
            "action": 0.4479825496673584,
            "observation": 0
        }
    },
    "225": {
        "BestCoverage": 0.8,
        "Elite": {
            "action": -0.4983048439025879,
            "observation": 0
        }
    },
    "230": {
        "BestCoverage": 0.8,
        "Elite": {
            "action": -0.6423541307449341,
            "observation": 0
        }
    },
    "235": {
        "BestCoverage": 0.8,
        "Elite": {
            "action": 0.6321691274642944,
            "observation": 0
        }
    },
    "240": {
        "BestCoverage": 0.8,
        "Elite": {
            "action": 0.740494966506958,
            "observation": 1
        }
    },
    "245": {
        "BestCoverage": 0.8,
        "Elite": {
            "action": -0.1967865228652954,
            "observation": 2
        }
    },
    "250": {
        "BestCoverage": 0.8,
        "Elite": {
            "action": 0.4523804187774658,
            "observation": 2
        }
    },
    "255": {
        "BestCoverage": 0.8,
        "Elite": {
            "action": 0.99993896484375,
            "observation": 2
        }
    },
    "260": {
        "BestCoverage": 0.8,
        "Elite": {
            "action": 0.6572203636169434,
            "observation": 3
        }
    },
    "265": {
        "BestCoverage": 0.8,
        "Elite": {
            "action": 0.8264379501342773,
            "observation": 4
        }
    },
    "270": {
        "BestCoverage": 0.8,
        "Elite": {
            "action": 0.40419626235961914,
            "observation": 5
        }
    },
    "275": {
        "BestCoverage": 0.8,
        "Elite": {
            "action": 0.18699157238006592,
            "observation": 5
        }
    },
    "280": {
        "BestCoverage": 0.8,