{
    "15": {
        "BestCoverage": 0.8,
        "Population": {
            "action": 0.26726722717285156,
            "observation": 50
        }
    },
    "20": {
        "BestCoverage": 0.8,
        "Population": {
            "action": -0.6227536201477051,
            "observation": 50
        }
    },
    "25": {
        "BestCoverage": 0.8,
        "Population": {
            "action": 1.1289482116699219,
            "observation": 49
        }
    },
    "30": {
        "BestCoverage": 0.8,
        "Population": {
            "action": -4.1118550300598145,
            "observation": 50
        }
    },
    "35": {
        "BestCoverage": 0.8,
        "Population": {
            "action": -3.8753437995910645,
            "observation": 46
        }
    },
    "40": {
        "BestCoverage": 0.8,
        "Population": {
            "action": -2.9263916015625,
            "observation": 42
        }
    },
    "45": {
        "BestCoverage": 0.8,
        "Population": {
            "action": 6.770374298095703,
            "observation": 39
        }
    },
    "50": {
        "BestCoverage": 0.8,
        "Population": {
            "action": 7.7402191162109375,
            "observation": 46
        }
    },
    "55": {
        "BestCoverage": 0.8,
        "Population": {
            "action": 1.9727497100830078,
            "observation": 54
        }
    },
    "60": {
        "BestCoverage": 0.8,
        "Population": {
            "action": -5.605404853820801,
            "observation": 56
        }
    },
    "65": {
        "BestCoverage": 0.8,
        "Population": {
            "action": -5.2731404304504395,
            "observation": 50
        }
    },
    "70": {
        "BestCoverage": 0.8,
        "Population": {
            "action": -0.47234296798706055,
            "observation": 45
        }
    },
    "75": {
        "BestCoverage": 0.8,
        "Population": {
            "action": 3.9599714279174805,
            "observation": 45
        }
    },
    "80": {
        "BestCoverage": 0.8,
        "Population": {
            "action": 5.574792861938477,
            "observation": 49
        }
    },
    "85": {
        "BestCoverage": 0.8,
        "Population": {
            "action": 6.852207183837891,
            "observation": 55
        }
    },
    "90": {
        "BestCoverage": 0.8,
        "Population": {
            "action": -6.700310707092285,
            "observation": 62
        }
    },
    "95": {
        "BestCoverage": 0.8,
        "Population": {
            "action": 3.394765853881836,
            "observation": 55
        }
    },
    "100": {
        "BestCoverage": 0.8,
        "Population": {
            "action": 2.202603340148926,
            "observation": 58
        }
    },
    "105": {
        "BestCoverage": 0.8,
        "Population": {
            "action": -4.319879055023193,
            "observation": 60
        }
    },
    "110": {
        "BestCoverage": 0.8,
        "Population": {
            "action": -4.630917549133301,
            "observation": 56
        }
    },
    "115": {
        "BestCoverage": 0.8,
        "Population": {
            "action": 2.129291534423828,
            "observation": 51
        }
    },
    "120": {
        "BestCoverage": 0.8,
        "Population": {
            "action": 5.0045318603515625,
            "observation": 53
        }
    },
    "125": {
        "BestCoverage": 0.8,
        "Population": {
            "action": 3.1976375579833984,
            "observation": 58
        }
    },
    "130": {
        "BestCoverage": 0.8,
        "Population": {
            "action": -5.0974040031433105,
            "observation": 61
        }
    },
    "135": {
        "BestCoverage": 0.8,
        "Population": {
            "action": 7.621033668518066,
            "observation": 56
        }
    },
    "140": {
        "BestCoverage": 0.8,
        "Population": {
            "action": -7.3494391441345215,
            "observation": 64
        }
    },
    "145": {
        "BestCoverage": 0.8,
        "Population": {
            "action": 2.5268287658691406,
            "observation": 57
        }
    },
    "150": {
        "BestCoverage": 0.8,
        "Population": {
            "action": 3.8662376403808594,
            "observation": 60
        }
    },
    "155": {
        "BestCoverage": 0.8,
        "Population": {
            "action": 6.452376365661621,
            "observation": 64
        }
    },
    "160": {
        "BestCoverage": 0.8,
        "Population": {
            "action": -4.542331695556641,
            "observation": 70
        }
    },
    "165": {
        "BestCoverage": 0.8,
        "Population": {
            "action": -1.2269439697265625,
            "observation": 65
        }
    },
    "170": {
        "BestCoverage": 0.8,
        "Population": {
            "action": -1.8165006637573242,
            "observation": 64
        }
    },
    "175": {
        "BestCoverage": 0.8,
        "Population": {
            "action": -3.143216133117676,
            "observation": 62
        }
    },
    "180": {
        "BestCoverage": 0.8,
        "Population": {
            "action": -7.866979598999023,
            "observation": 59
        }
    },
    "185": {
        "BestCoverage": 0.8,
        "Population": {
            "action": -2.1950416564941406,
            "observation": 51
        }
    },
    "190": {
        "BestCoverage": 0.8,
        "Population": {
            "action": 6.693058967590332,
            "observation": 49
        }
    },
    "195": {
        "BestCoverage": 0.8,
        "Population": {
            "action": 1.104170799255371,
            "observation": 56
        }
    },
    "200": {
        "BestCoverage": 0.8,
        "Population": {
            "action": 6.345966339111328,
            "observation": 57
        }
    },
    "205": {
        "BestCoverage": 0.8,
        "Population": {
            "action": -1.6406946182250977,
            "observation": 63
        }
    },
    "210": {
        "BestCoverage": 0.8,
        "Population": {
            "action": -0.1174464225769043,
            "observation": 61
        }
    },
    "215": {
        "BestCoverage": 0.8,
        "Population": {
            "action": -7.39396333694458,
            "observation": 61
        }
    },
    "220": {
        "BestCoverage": 0.8,
        "Population": {
            "action": -5.808988571166992,
            "observation": 54
        }
    },
    "225": {
        "BestCoverage": 0.8,
        "Population": {
            "action": -0.9418506622314453,
            "observation": 48
        }
    },
    "230": {
        "BestCoverage": 0.8,
        "Population": {
            "action": 6.009176254272461,
            "observation": 47
        }
    },
    "235": {
        "BestCoverage": 0.8,
        "Population": {
            "action": -4.774471759796143,
            "observation": 53
        }
    },
    "240": {
        "BestCoverage": 0.8,
        "Population": {
            "action": 2.9589996337890625,
            "observation": 48
        }
    },
    "245": {
        "BestCoverage": 0.8,
        "Population": {
            "action": -2.3073110580444336,
            "observation": 51
        }
    },
    "250": {
        "BestCoverage": 0.8,
        "Population": {
            "action": -1.8867816925048828,
            "observation": 49
        }
    },
    "255": {
        "BestCoverage": 0.8,
        "Population": {
            "action": 4.002923965454102,
            "observation": 47
        }
    },
    "260": {
        "BestCoverage": 0.8,
        "Population": {
            "action": 6.757627487182617,
            "observation": 51
        }
    },
    "265": {
        "BestCoverage": 0.8,
        "Population": {
            "action": 2.7922515869140625,
            "observation": 58
        }
    },
    "270": {
        "BestCoverage": 0.8,
        "Population": {
            "action": -5.651288032531738,