{
    "15": {
        "BestCoverage": 0.8,
        "TestInsertionProbability": {
            "action": -0.09080653786659242,
            "observation": 0.1
        }
    },
    "20": {
        "BestCoverage": 0.8,
        "TestInsertionProbability": {
            "action": -0.08786662817001344,
            "observation": 0.00919346213340759
        }
    },
    "25": {
        "BestCoverage": 0.8,
        "TestInsertionProbability": {
            "action": 0.0757319211959839,
            "observation": 0.0
        }
    },
    "30": {
        "BestCoverage": 0.8,
        "TestInsertionProbability": {
            "action": 0.06435687541961671,
            "observation": 0.0757319211959839
        }
    },
    "35": {
        "BestCoverage": 0.8,
        "TestInsertionProbability": {
            "action": -0.07727083563804626,
            "observation": 0.1400887966156006
        }
    },
    "40": {
        "BestCoverage": 0.8,
        "TestInsertionProbability": {
            "action": -0.08308050036430359,
            "observation": 0.06281796097755435
        }
    },
    "45": {
        "BestCoverage": 0.8,
        "TestInsertionProbability": {
            "action": -0.0037581503391265897,
            "observation": 0.0
        }
    },
    "50": {
        "BestCoverage": 0.8,
        "TestInsertionProbability": {
            "action": 0.07037172317504883,
            "observation": 0.0
        }
    },
    "55": {
        "BestCoverage": 0.8,
        "TestInsertionProbability": {
            "action": -0.08758355975151062,
            "observation": 0.07037172317504883
        }
    },
    "60": {
        "BestCoverage": 0.8,
        "TestInsertionProbability": {
            "action": 0.00641964673995972,
            "observation": 0.0
        }
    },
    "65": {
        "BestCoverage": 0.8,
        "TestInsertionProbability": {
            "action": 0.06954500675201417,
            "observation": 0.00641964673995972
        }
    },
    "70": {
        "BestCoverage": 0.8,
        "TestInsertionProbability": {
            "action": -0.07232206463813783,
            "observation": 0.07596465349197389
        }
    },
    "75": {
        "BestCoverage": 0.8,
        "TestInsertionProbability": {
            "action": -0.028740096092224124,
            "observation": 0.0036425888538360596
        }
    },
    "80": {
        "BestCoverage": 0.8,
        "TestInsertionProbability": {
            "action": -0.06608001589775087,
            "observation": 0.0
        }
    },
    "85": {
        "BestCoverage": 0.8,
        "TestInsertionProbability": {
            "action": 0.028694677352905262,
            "observation": 0.0
        }
    },
    "90": {
        "BestCoverage": 0.8,
        "TestInsertionProbability": {
            "action": -0.05777789354324341,
            "observation": 0.028694677352905262
        }
    },
    "95": {
        "BestCoverage": 0.8,
        "TestInsertionProbability": {
            "action": -0.0910947859287262,
            "observation": 0.0
        }
    },
    "100": {
        "BestCoverage": 0.8,
        "TestInsertionProbability": {
            "action": 0.051366400718688976,
            "observation": 0.0
        }
    },
    "105": {
        "BestCoverage": 0.8,
        "TestInsertionProbability": {
            "action": -0.06360909938812256,
            "observation": 0.051366400718688976
        }
    },
    "110": {
        "BestCoverage": 0.8,
        "TestInsertionProbability": {
            "action": 0.01935975551605225,
            "observation": 0.0
        }
    },
    "115": {
        "BestCoverage": 0.8,
        "TestInsertionProbability": {
            "action": 0.097536039352417,
            "observation": 0.01935975551605225
        }
    },
    "120": {
        "BestCoverage": 0.8,
        "TestInsertionProbability": {
            "action": 0.061475801467895524,
            "observation": 0.11689579486846925
        }
    },
    "125": {
        "BestCoverage": 0.8,
        "TestInsertionProbability": {
            "action": 0.07901477813720703,
            "observation": 0.1783715963363648
        }
    },
    "130": {
        "BestCoverage": 0.8,
        "TestInsertionProbability": {
            "action": 0.07114540338516237,
            "observation": 0.2573863744735718
        }
    },
    "135": {
        "BestCoverage": 0.8,
        "TestInsertionProbability": {
            "action": -0.014461171627044675,
            "observation": 0.3285317778587342
        }
    },
    "140": {
        "BestCoverage": 0.8,
        "TestInsertionProbability": {
            "action": -0.0824163019657135,
            "observation": 0.31407060623168953
        }
    },
    "145": {
        "BestCoverage": 0.8,
        "TestInsertionProbability": {
            "action": 0.007834017276763916,
            "observation": 0.23165430426597602
        }
    },
    "150": {
        "BestCoverage": 0.8,
        "TestInsertionProbability": {
            "action": -0.05506336092948914,
            "observation": 0.23948832154273994
        }
    },
    "155": {
        "BestCoverage": 0.8,
        "TestInsertionProbability": {
            "action": 0.08808887004852295,
            "observation": 0.1844249606132508
        }
    },
    "160": {
        "BestCoverage": 0.8,
        "TestInsertionProbability": {
            "action": 0.007308220863342291,
            "observation": 0.27251383066177376
        }
    },
    "165": {
        "BestCoverage": 0.8,
        "TestInsertionProbability": {
            "action": 0.09178295135498046,
            "observation": 0.2798220515251161
        }
    },
    "170": {
        "BestCoverage": 0.8,
        "TestInsertionProbability": {
            "action": 0.08921287059783936,
            "observation": 0.37160500288009657
        }
    },
    "175": {
        "BestCoverage": 0.8,
        "TestInsertionProbability": {
            "action": -0.07464522123336792,
            "observation": 0.4608178734779359
        }
    },
    "180": {
        "BestCoverage": 0.8,
        "TestInsertionProbability": {
            "action": 0.043467247486114496,
            "observation": 0.386172652244568
        }
    },
    "185": {
        "BestCoverage": 0.8,
        "TestInsertionProbability": {
            "action": 0.05337076187133791,
            "observation": 0.4296398997306825
        }
    },
    "190": {
        "BestCoverage": 0.8,
        "TestInsertionProbability": {
            "action": -0.02897319197654724,
            "observation": 0.48301066160202044
        }
    },
    "195": {
        "BestCoverage": 0.8,
        "TestInsertionProbability": {
            "action": -0.030219632387161258,
            "observation": 0.4540374696254732
        }
    },
    "200": {
        "BestCoverage": 0.8,
        "TestInsertionProbability": {
            "action": -0.033898615837097176,
            "observation": 0.42381783723831196
        }
    },
    "205": {
        "BestCoverage": 0.8,
        "TestInsertionProbability": {
            "action": 0.011136651039123535,
            "observation": 0.38991922140121477
        }
    },
    "210": {
        "BestCoverage": 0.8,
        "TestInsertionProbability": {
            "action": 0.0605787754058838,
            "observation": 0.4010558724403383
        }
    },
    "215": {
        "BestCoverage": 0.8,
        "TestInsertionProbability": {
            "action": 0.09938557147979737,
            "observation": 0.4616346478462221
        }
    },
    "220": {
        "BestCoverage": 0.8,
        "TestInsertionProbability": {
            "action": 0.051653909683227556,
            "observation": 0.5610202193260194
        }
    },
    "225": {
        "BestCoverage": 0.8,
        "TestInsertionProbability": {
            "action": 0.008295941352844241,
            "observation": 0.612674129009247
        }
    },
    "230": {
        "BestCoverage": 0.8,