{
    "15": {
        "BestCoverage": 0.8,
        "TestDeleteProbability": {
            "action": -0.07288871407508851,
            "observation": 0.3333333333333333
        }
    },
    "20": {
        "BestCoverage": 0.8,
        "TestDeleteProbability": {
            "action": 0.05420668125152589,
            "observation": 0.2604446192582448
        }
    },
    "25": {
        "BestCoverage": 0.8,
        "TestDeleteProbability": {
            "action": -0.0043791651725769015,
            "observation": 0.3146513005097707
        }
    },
    "30": {
        "BestCoverage": 0.8,
        "TestDeleteProbability": {
            "action": 0.0021237492561340388,
            "observation": 0.3102721353371938
        }
    },
    "35": {
        "BestCoverage": 0.8,
        "TestDeleteProbability": {
            "action": 0.02447607517242431,
            "observation": 0.3123958845933278
        }
    },
    "40": {
        "BestCoverage": 0.8,
        "TestDeleteProbability": {
            "action": 0.04275565147399901,
            "observation": 0.3368719597657521
        }
    },
    "45": {
        "BestCoverage": 0.8,
        "TestDeleteProbability": {
            "action": 0.04701999425888062,
            "observation": 0.37962761123975114
        }
    },
    "50": {
        "BestCoverage": 0.8,
        "TestDeleteProbability": {
            "action": -0.07843197584152223,
            "observation": 0.4266476054986318
        }
    },
    "55": {
        "BestCoverage": 0.8,
        "TestDeleteProbability": {
            "action": 0.04747140407562256,
            "observation": 0.34821562965710956
        }
    },
    "60": {
        "BestCoverage": 0.8,
        "TestDeleteProbability": {
            "action": -0.039455038309097294,
            "observation": 0.3956870337327321
        }
    },
    "65": {
        "BestCoverage": 0.8,
        "TestDeleteProbability": {
            "action": -0.07434586882591249,
            "observation": 0.3562319954236348
        }
    },
    "70": {
        "BestCoverage": 0.8,
        "TestDeleteProbability": {
            "action": 0.08636845350265504,
            "observation": 0.28188612659772233
        }
    },
    "75": {
        "BestCoverage": 0.8,
        "TestDeleteProbability": {
            "action": -0.023328781127929688,
            "observation": 0.36825458010037737
        }
    },
    "80": {
        "BestCoverage": 0.8,
        "TestDeleteProbability": {
            "action": -0.07164030671119691,
            "observation": 0.3449257989724477
        }
    },
    "85": {
        "BestCoverage": 0.8,
        "TestDeleteProbability": {
            "action": -0.023634219169616694,
            "observation": 0.27328549226125076
        }
    },
    "90": {
        "BestCoverage": 0.8,
        "TestDeleteProbability": {
            "action": -0.005805754661560053,
            "observation": 0.24965127309163407
        }
    },
    "95": {
        "BestCoverage": 0.8,
        "TestDeleteProbability": {
            "action": 0.04155761003494263,
            "observation": 0.24384551843007402
        }
    },
    "100": {
        "BestCoverage": 0.8,
        "TestDeleteProbability": {
            "action": 0.056654798984527605,
            "observation": 0.28540312846501664
        }
    },
    "105": {
        "BestCoverage": 0.8,
        "TestDeleteProbability": {
            "action": -0.08357800841331482,
            "observation": 0.3420579274495442
        }
    },
    "110": {
        "BestCoverage": 0.8,
        "TestDeleteProbability": {
            "action": -0.022995430231094363,
            "observation": 0.2584799190362294
        }
    },
    "115": {
        "BestCoverage": 0.8,
        "TestDeleteProbability": {
            "action": 0.07491078376770019,
            "observation": 0.23548448880513506
        }
    },
    "120": {
        "BestCoverage": 0.8,
        "TestDeleteProbability": {
            "action": 0.010183656215667719,
            "observation": 0.3103952725728353
        }
    },
    "125": {
        "BestCoverage": 0.8,
        "TestDeleteProbability": {
            "action": 0.0842945694923401,
            "observation": 0.320578928788503
        }
    },
    "130": {
        "BestCoverage": 0.8,
        "TestDeleteProbability": {
            "action": 0.004357457160949707,
            "observation": 0.4048734982808431
        }
    },
    "135": {
        "BestCoverage": 0.8,
        "TestDeleteProbability": {
            "action": 0.016521656513214106,
            "observation": 0.40923095544179283
        }
    },
    "140": {
        "BestCoverage": 0.8,
        "TestDeleteProbability": {
            "action": -0.03809316158294678,
            "observation": 0.4257526119550069
        }
    },
    "145": {
        "BestCoverage": 0.8,
        "TestDeleteProbability": {
            "action": -0.017913907766342163,
            "observation": 0.3876594503720601
        }
    },
    "150": {
        "BestCoverage": 0.8,
        "TestDeleteProbability": {
            "action": -0.026261514425277716,
            "observation": 0.36974554260571796
        }
    },
    "155": {
        "BestCoverage": 0.8,
        "TestDeleteProbability": {
            "action": -0.09484108686447144,
            "observation": 0.3434840281804402
        }
    },
    "160": {
        "BestCoverage": 0.8,
        "TestDeleteProbability": {
            "action": -0.05117823481559754,
            "observation": 0.24864294131596876
        }
    },
    "165": {
        "BestCoverage": 0.8,
        "TestDeleteProbability": {
            "action": 0.05098614692687989,
            "observation": 0.19746470650037123
        }
    },
    "170": {
        "BestCoverage": 0.8,
        "TestDeleteProbability": {
            "action": -0.028465604782104498,
            "observation": 0.24845085342725112
        }
    },
    "175": {
        "BestCoverage": 0.8,
        "TestDeleteProbability": {
            "action": -0.03888723850250245,
            "observation": 0.21998524864514662
        }
    },
    "180": {
        "BestCoverage": 0.8,
        "TestDeleteProbability": {
            "action": 0.02243982553482056,
            "observation": 0.18109801014264418
        }
    },
    "185": {
        "BestCoverage": 0.8,
        "TestDeleteProbability": {
            "action": 0.010317587852478022,
            "observation": 0.20353783567746475
        }
    },
    "190": {
        "BestCoverage": 0.8,
        "TestDeleteProbability": {
            "action": -0.018375748395919794,
            "observation": 0.21385542352994277
        }
    },
    "195": {
        "BestCoverage": 0.8,
        "TestDeleteProbability": {
            "action": 0.006420493125915527,
            "observation": 0.19547967513402298
        }
    },
    "200": {
        "BestCoverage": 0.8,
        "TestDeleteProbability": {
            "action": -0.025842022895812986,
            "observation": 0.2019001682599385
        }
    },
    "205": {
        "BestCoverage": 0.8,
        "TestDeleteProbability": {
            "action": 0.09238178730010987,
            "observation": 0.1760581453641255
        }
    },
    "210": {
        "BestCoverage": 0.8,
        "TestDeleteProbability": {
            "action": -0.09061761498451233,
            "observation": 0.2684399326642354
        }
    },
    "215": {
        "BestCoverage": 0.8,
        "TestDeleteProbability": {
            "action": 0.005808484554290769,
            "observation": 0.17782231767972306
        }
    },
    "220": {
        "BestCoverage": 0.8,
        "TestDeleteProbability": {
            "action": 0.055634176731109625,
            "observation": 0.18363080223401385
        }
    },
    "225": {
        "BestCoverage": 0.8,
        "TestDeleteProbability": {
            "action": -0.035246455669403084,
            "observation": 0.23926497896512347
        }
    },
    "230": {
        "BestCoverage": 0.8,