{
    "15": {
        "BestCoverage": 0.8,
        "TournamentSize": {
            "action": 0.877467155456543,
            "observation": 5
        }
    },
    "20": {
        "BestCoverage": 0.8,
        "TournamentSize": {
            "action": 0.7474912405014038,
            "observation": 6
        }
    },
    "25": {
        "BestCoverage": 0.8,
        "TournamentSize": {
            "action": 0.8062465190887451,
            "observation": 7
        }
    },
    "30": {
        "BestCoverage": 0.8,
        "TournamentSize": {
            "action": 0.9145731925964355,
            "observation": 8
        }
    },
    "35": {
        "BestCoverage": 0.8,
        "TournamentSize": {
            "action": 0.9766877889633179,
            "observation": 9
        }
    },
    "40": {
        "BestCoverage": 0.8,
        "TournamentSize": {
            "action": -0.4924353361129761,
            "observation": 10
        }
    },
    "45": {
        "BestCoverage": 0.8,
        "TournamentSize": {
            "action": -0.15962153673171997,
            "observation": 10
        }
    },
    "50": {
        "BestCoverage": 0.8,
        "TournamentSize": {
            "action": 0.6123085021972656,
            "observation": 10
        }
    },
    "55": {
        "BestCoverage": 0.8,
        "TournamentSize": {
            "action": -0.44209861755371094,
            "observation": 10
        }
    },
    "60": {
        "BestCoverage": 0.8,
        "TournamentSize": {
            "action": -0.5883148312568665,
            "observation": 10
        }
    },
    "65": {
        "BestCoverage": 0.8,
        "TournamentSize": {
            "action": 0.8824586868286133,
            "observation": 9
        }
    },
    "70": {
        "BestCoverage": 0.8,
        "TournamentSize": {
            "action": 0.291949987411499,
            "observation": 10
        }
    },
    "75": {
        "BestCoverage": 0.8,
        "TournamentSize": {
            "action": -0.7412068843841553,
            "observation": 10
        }
    },
    "80": {
        "BestCoverage": 0.8,
        "TournamentSize": {
            "action": 0.912851095199585,
            "observation": 9
        }
    },
    "85": {
        "BestCoverage": 0.8,
        "TournamentSize": {
            "action": -0.7525131106376648,
            "observation": 10
        }
    },
    "90": {
        "BestCoverage": 0.8,
        "TournamentSize": {
            "action": -0.08329856395721436,
            "observation": 9
        }
    },
    "95": {
        "BestCoverage": 0.8,
        "TournamentSize": {
            "action": -0.7388362884521484,
            "observation": 9
        }
    },
    "100": {
        "BestCoverage": 0.8,
        "TournamentSize": {
            "action": 0.26304149627685547,
            "observation": 8
        }
    },
    "105": {
        "BestCoverage": 0.8,
        "TournamentSize": {
            "action": -0.7350813746452332,
            "observation": 8
        }
    },
    "110": {
        "BestCoverage": 0.8,
        "TournamentSize": {
            "action": -0.17280179262161255,
            "observation": 7
        }
    },
    "115": {
        "BestCoverage": 0.8,
        "TournamentSize": {
            "action": 0.7860958576202393,
            "observation": 7
        }
    },
    "120": {
        "BestCoverage": 0.8,
        "TournamentSize": {
            "action": -0.2418522834777832,
            "observation": 8
        }
    },
    "125": {
        "BestCoverage": 0.8,
        "TournamentSize": {
            "action": -0.2036922574043274,
            "observation": 8
        }
    },
    "130": {
        "BestCoverage": 0.8,
        "TournamentSize": {
            "action": -0.08407139778137207,
            "observation": 8
        }
    },
    "135": {
        "BestCoverage": 0.8,
        "TournamentSize": {
            "action": 0.9762499332427979,
            "observation": 8
        }
    },
    "140": {
        "BestCoverage": 0.8,
        "TournamentSize": {
            "action": -0.36658966541290283,
            "observation": 9
        }
    },
    "145": {
        "BestCoverage": 0.8,
        "TournamentSize": {
            "action": -0.43017131090164185,
            "observation": 9
        }
    },
    "150": {
        "BestCoverage": 0.8,
        "TournamentSize": {
            "action": -0.7289503216743469,
            "observation": 9
        }
    },
    "155": {
        "BestCoverage": 0.8,
        "TournamentSize": {
            "action": 0.7684328556060791,
            "observation": 8
        }
    },
    "160": {
        "BestCoverage": 0.8,
        "TournamentSize": {
            "action": 0.47572946548461914,
            "observation": 9
        }
    },
    "165": {
        "BestCoverage": 0.8,
        "TournamentSize": {
            "action": -0.8711963891983032,
            "observation": 9
        }
    },
    "170": {
        "BestCoverage": 0.8,
        "TournamentSize": {
            "action": 0.44208240509033203,
            "observation": 8
        }
    },
    "175": {
        "BestCoverage": 0.8,
        "TournamentSize": {
            "action": 0.2595409154891968,
            "observation": 8
        }
    },
    "180": {
        "BestCoverage": 0.8,
        "TournamentSize": {
            "action": 0.5426075458526611,
            "observation": 8
        }
    },
    "185": {
        "BestCoverage": 0.8,
        "TournamentSize": {
            "action": -0.5820333957672119,
            "observation": 9
        }
    },
    "190": {
        "BestCoverage": 0.8,
        "TournamentSize": {
            "action": 0.9597040414810181,
            "observation": 8
        }
    },
    "195": {
        "BestCoverage": 0.8,
        "TournamentSize": {
            "action": 0.5852677822113037,
            "observation": 9
        }
    },
    "200": {
        "BestCoverage": 0.8,
        "TournamentSize": {
            "action": -0.12096542119979858,
            "observation": 10
        }
    },
    "205": {
        "BestCoverage": 0.8,
        "TournamentSize": {
            "action": 0.9060534238815308,
            "observation": 10
        }
    },
    "210": {
        "BestCoverage": 0.8,
        "TournamentSize": {
            "action": -0.6299766898155212,
            "observation": 10
        }
    },
    "215": {
        "BestCoverage": 0.8,
        "TournamentSize": {
            "action": -0.20066356658935547,
            "observation": 9
        }
    },
    "220": {
        "BestCoverage": 0.8,
        "TournamentSize": {
            "action": -0.3539414405822754,
            "observation": 9
        }
    },
    "225": {
        "BestCoverage": 0.8,
        "TournamentSize": {
            "action": 0.08647048473358154,
            "observation": 9
        }
    },
    "230": {
        "BestCoverage": 0.8,
        "TournamentSize": {
            "action": 0.6212842464447021,
            "observation": 9
        }
    },
    "235": {
        "BestCoverage": 0.8,
        "TournamentSize": {
            "action": -0.05284309387207031,
            "observation": 10
        }
    },
    "240": {
        "BestCoverage": 0.8,
        "TournamentSize": {
            "action": 0.3299427032470703,
            "observation": 10
        }
    },
    "245": {
        "BestCoverage": 0.8,
        "TournamentSize": {
            "action": 0.3483370542526245,
            "observation": 10
        }
    },
    "250": {
        "BestCoverage": 0.8,
        "TournamentSize": {
            "action": -0.842512309551239,
            "observation": 10
        }
    },
    "255": {
        "BestCoverage": 0.8,
        "TournamentSize": {
            "action": 0.9644777774810791,
            "observation": 9
        }
    },
    "260": {
        "BestCoverage": 0.8,
        "TournamentSize": {
            "action": 0.573775053024292,
            "observation": 10
        }
    },
    "265": {
        "BestCoverage": 0.8,