{
    "15": {
        "BestCoverage": 0.8,
        "TestInsertionProbability": {
            "action": 0.011200392246246332,
            "observation": 0.1
        }
    },
    "20": {
        "BestCoverage": 0.8,
        "TestInsertionProbability": {
            "action": 0.06637957096099853,
            "observation": 0.11120039224624634
        }
    },
    "25": {
        "BestCoverage": 0.8,
        "TestInsertionProbability": {
            "action": -0.05570595860481262,
            "observation": 0.17757996320724487
        }
    },
    "30": {
        "BestCoverage": 0.8,
        "TestInsertionProbability": {
            "action": -0.08674006462097168,
            "observation": 0.12187400460243225
        }
    },
    "35": {
        "BestCoverage": 0.8,
        "TestInsertionProbability": {
            "action": -0.08532423377037049,
            "observation": 0.03513393998146057
        }
    },
    "40": {
        "BestCoverage": 0.8,
        "TestInsertionProbability": {
            "action": -0.05628141760826111,
            "observation": 0.0
        }
    },
    "45": {
        "BestCoverage": 0.8,
        "TestInsertionProbability": {
            "action": -0.059556502103805545,
            "observation": 0.0
        }
    },
    "50": {
        "BestCoverage": 0.8,
        "TestInsertionProbability": {
            "action": -0.08348687291145325,
            "observation": 0.0
        }
    },
    "55": {
        "BestCoverage": 0.8,
        "TestInsertionProbability": {
            "action": -0.06759616732597351,
            "observation": 0.0
        }
    },
    "60": {
        "BestCoverage": 0.8,
        "TestInsertionProbability": {
            "action": -0.09536387324333191,
            "observation": 0.0
        }
    },
    "65": {
        "BestCoverage": 0.8,
        "TestInsertionProbability": {
            "action": 0.07362747192382812,
            "observation": 0.0
        }
    },
    "70": {
        "BestCoverage": 0.8,
        "TestInsertionProbability": {
            "action": -0.09260446429252625,
            "observation": 0.07362747192382812
        }
    },
    "75": {
        "BestCoverage": 0.8,
        "TestInsertionProbability": {
            "action": -0.08140944838523866,
            "observation": 0.0
        }
    },
    "80": {
        "BestCoverage": 0.8,
        "TestInsertionProbability": {
            "action": -0.09273772239685059,
            "observation": 0.0
        }
    },
    "85": {
        "BestCoverage": 0.8,
        "TestInsertionProbability": {
            "action": 0.08368666172027589,
            "observation": 0.0
        }
    },
    "90": {
        "BestCoverage": 0.8,
        "TestInsertionProbability": {
            "action": 0.07143087387084962,
            "observation": 0.08368666172027589
        }
    },
    "95": {
        "BestCoverage": 0.8,
        "TestInsertionProbability": {
            "action": 0.03703863620758058,
            "observation": 0.1551175355911255
        }
    },
    "100": {
        "BestCoverage": 0.8,
        "TestInsertionProbability": {
            "action": 0.09134578704833984,
            "observation": 0.1921561717987061
        }
    },
    "105": {
        "BestCoverage": 0.8,
        "TestInsertionProbability": {
            "action": -0.036531656980514526,
            "observation": 0.28350195884704593
        }
    },
    "110": {
        "BestCoverage": 0.8,
        "TestInsertionProbability": {
            "action": 0.04425355195999145,
            "observation": 0.2469703018665314
        }
    },
    "115": {
        "BestCoverage": 0.8,
        "TestInsertionProbability": {
            "action": -0.03475542068481445,
            "observation": 0.2912238538265228
        }
    },
    "120": {
        "BestCoverage": 0.8,
        "TestInsertionProbability": {
            "action": -0.08308064341545106,
            "observation": 0.25646843314170836
        }
    },
    "125": {
        "BestCoverage": 0.8,
        "TestInsertionProbability": {
            "action": 0.07229351997375488,
            "observation": 0.1733877897262573
        }
    },
    "130": {
        "BestCoverage": 0.8,
        "TestInsertionProbability": {
            "action": -0.07345978617668153,
            "observation": 0.24568130970001217
        }
    },
    "135": {
        "BestCoverage": 0.8,
        "TestInsertionProbability": {
            "action": -0.066154146194458,
            "observation": 0.17222152352333064
        }
    },
    "140": {
        "BestCoverage": 0.8,
        "TestInsertionProbability": {
            "action": -0.09115784168243408,
            "observation": 0.10606737732887264
        }
    },
    "145": {
        "BestCoverage": 0.8,
        "TestInsertionProbability": {
            "action": 0.05614781379699707,
            "observation": 0.014909535646438557
        }
    },
    "150": {
        "BestCoverage": 0.8,
        "TestInsertionProbability": {
            "action": 0.07609887123107911,
            "observation": 0.07105734944343563
        }
    },
    "155": {
        "BestCoverage": 0.8,
        "TestInsertionProbability": {
            "action": -0.05373756885528565,
            "observation": 0.14715622067451473
        }
    },
    "160": {
        "BestCoverage": 0.8,
        "TestInsertionProbability": {
            "action": -0.08788424134254456,
            "observation": 0.09341865181922908
        }
    },
    "165": {
        "BestCoverage": 0.8,
        "TestInsertionProbability": {
            "action": -0.035736715793609625,
            "observation": 0.005534410476684515
        }
    },
    "170": {
        "BestCoverage": 0.8,
        "TestInsertionProbability": {
            "action": 0.08636155128479003,
            "observation": 0.0
        }
    },
    "175": {
        "BestCoverage": 0.8,
        "TestInsertionProbability": {
            "action": 0.04568374156951904,
            "observation": 0.08636155128479003
        }
    },
    "180": {
        "BestCoverage": 0.8,
        "TestInsertionProbability": {
            "action": 0.07445321083068848,
            "observation": 0.13204529285430908
        }
    },
    "185": {
        "BestCoverage": 0.8,
        "TestInsertionProbability": {
            "action": 0.010319805145263677,
            "observation": 0.20649850368499756
        }
    },
    "190": {
        "BestCoverage": 0.8,
        "TestInsertionProbability": {
            "action": 0.0657808542251587,
            "observation": 0.21681830883026124
        }
    },
    "195": {
        "BestCoverage": 0.8,
        "TestInsertionProbability": {
            "action": 0.03443218469619752,
            "observation": 0.28259916305541993
        }
    },
    "200": {
        "BestCoverage": 0.8,
        "TestInsertionProbability": {
            "action": 0.048812437057495106,
            "observation": 0.31703134775161745
        }
    },
    "205": {
        "BestCoverage": 0.8,
        "TestInsertionProbability": {
            "action": 0.032623434066772455,
            "observation": 0.36584378480911256
        }
    },
    "210": {
        "BestCoverage": 0.8,
        "TestInsertionProbability": {
            "action": -0.004796904325485227,
            "observation": 0.398467218875885
        }
    },
    "215": {
        "BestCoverage": 0.8,
        "TestInsertionProbability": {
            "action": 0.02847604751586913,
            "observation": 0.39367031455039975
        }
    },
    "220": {
        "BestCoverage": 0.8,
        "TestInsertionProbability": {
            "action": -0.011549490690231326,
            "observation": 0.4221463620662689
        }
    },
    "225": {
        "BestCoverage": 0.8,
        "TestInsertionProbability": {
            "action": 0.006593906879425043,
            "observation": 0.41059687137603756
        }
    },
    "230": {
        "BestCoverage": 0.8,
        "TestInsertionProbability": {
            "action": -0.05000005960464478,