{
    "15": {
        "BestCoverage": 0.8,
        "Population": {
            "action": 0.7943487167358398,
            "observation": 50
        }
    },
    "20": {
        "BestCoverage": 0.8,
        "Population": {
            "action": 1.4793767929077148,
            "observation": 51
        }
    },
    "25": {
        "BestCoverage": 0.8,
        "Population": {
            "action": -3.421794891357422,
            "observation": 52
        }
    },
    "30": {
        "BestCoverage": 0.8,
        "Population": {
            "action": 3.8011474609375,
            "observation": 49
        }
    },
    "35": {
        "BestCoverage": 0.8,
        "Population": {
            "action": -4.4945969581604,
            "observation": 53
        }
    },
    "40": {
        "BestCoverage": 0.8,
        "Population": {
            "action": 3.5186519622802734,
            "observation": 49
        }
    },
    "45": {
        "BestCoverage": 0.8,
        "Population": {
            "action": 1.979135513305664,
            "observation": 53
        }
    },
    "50": {
        "BestCoverage": 0.8,
        "Population": {
            "action": -6.625400543212891,
            "observation": 55
        }
    },
    "55": {
        "BestCoverage": 0.8,
        "Population": {
            "action": -0.4999723434448242,
            "observation": 48
        }
    },
    "60": {
        "BestCoverage": 0.8,
        "Population": {
            "action": 7.330079078674316,
            "observation": 48
        }
    },
    "65": {
        "BestCoverage": 0.8,
        "Population": {
            "action": 7.8520002365112305,
            "observation": 55
        }
    },
    "70": {
        "BestCoverage": 0.8,
        "Population": {
            "action": 5.3004350662231445,
            "observation": 63
        }
    },
    "75": {
        "BestCoverage": 0.8,
        "Population": {
            "action": -2.547013282775879,
            "observation": 68
        }
    },
    "80": {
        "BestCoverage": 0.8,
        "Population": {
            "action": -5.084817886352539,
            "observation": 65
        }
    },
    "85": {
        "BestCoverage": 0.8,
        "Population": {
            "action": 4.296642303466797,
            "observation": 60
        }
    },
    "90": {
        "BestCoverage": 0.8,
        "Population": {
            "action": -1.0320854187011719,
            "observation": 64
        }
    },
    "95": {
        "BestCoverage": 0.8,
        "Population": {
            "action": -1.0070300102233887,
            "observation": 63
        }
    },
    "100": {
        "BestCoverage": 0.8,
        "Population": {
            "action": 0.8661737442016602,
            "observation": 62
        }
    },
    "105": {
        "BestCoverage": 0.8,
        "Population": {
            "action": -3.4123358726501465,
            "observation": 63
        }
    },
    "110": {
        "BestCoverage": 0.8,
        "Population": {
            "action": -3.412952423095703,
            "observation": 60
        }
    },
    "115": {
        "BestCoverage": 0.8,
        "Population": {
            "action": -3.9154438972473145,
            "observation": 57
        }
    },
    "120": {
        "BestCoverage": 0.8,
        "Population": {
            "action": -4.429909706115723,
            "observation": 53
        }
    },
    "125": {
        "BestCoverage": 0.8,
        "Population": {
            "action": 5.880836486816406,
            "observation": 49
        }
    },
    "130": {
        "BestCoverage": 0.8,
        "Population": {
            "action": 2.275888442993164,
            "observation": 55
        }
    },
    "135": {
        "BestCoverage": 0.8,
        "Population": {
            "action": -7.70059871673584,
            "observation": 57
        }
    },
    "140": {
        "BestCoverage": 0.8,
        "Population": {
            "action": -6.159231662750244,
            "observation": 49
        }
    },
    "145": {
        "BestCoverage": 0.8,
        "Population": {
            "action": 2.3718948364257812,
            "observation": 43
        }
    },
    "150": {
        "BestCoverage": 0.8,
        "Population": {
            "action": -0.9486618041992188,
            "observation": 45
        }
    },
    "155": {
        "BestCoverage": 0.8,
        "Population": {
            "action": -1.9540390968322754,
            "observation": 44
        }
    },
    "160": {
        "BestCoverage": 0.8,
        "Population": {
            "action": -6.644660949707031,
            "observation": 42
        }
    },
    "165": {
        "BestCoverage": 0.8,
        "Population": {
            "action": -0.422607421875,
            "observation": 35
        }
    },
    "170": {
        "BestCoverage": 0.8,
        "Population": {
            "action": -3.725282669067383,
            "observation": 35
        }
    },
    "175": {
        "BestCoverage": 0.8,
        "Population": {
            "action": 1.0537586212158203,
            "observation": 31
        }
    },
    "180": {
        "BestCoverage": 0.8,
        "Population": {
            "action": 4.703360557556152,
            "observation": 32
        }
    },
    "185": {
        "BestCoverage": 0.8,
        "Population": {
            "action": -0.9221868515014648,
            "observation": 37
        }
    },
    "190": {
        "BestCoverage": 0.8,
        "Population": {
            "action": 0.6108531951904297,
            "observation": 36
        }
    },
    "195": {
        "BestCoverage": 0.8,
        "Population": {
            "action": 5.6176605224609375,
            "observation": 37
        }
    },
    "200": {
        "BestCoverage": 0.8,
        "Population": {
            "action": 7.513592720031738,
            "observation": 43
        }
    },
    "205": {
        "BestCoverage": 0.8,
        "Population": {
            "action": -2.3971939086914062,
            "observation": 51
        }
    },
    "210": {
        "BestCoverage": 0.8,
        "Population": {
            "action": -7.023332118988037,
            "observation": 49
        }
    },
    "215": {
        "BestCoverage": 0.8,
        "Population": {
            "action": -6.900789737701416,
            "observation": 42
        }
    },
    "220": {
        "BestCoverage": 0.8,
        "Population": {
            "action": -3.805447578430176,
            "observation": 35
        }
    },
    "225": {
        "BestCoverage": 0.8,
        "Population": {
            "action": 6.019412994384766,
            "observation": 31
        }
    },
    "230": {
        "BestCoverage": 0.8,
        "Population": {
            "action": 1.665369987487793,
            "observation": 37
        }
    },
    "235": {
        "BestCoverage": 0.8,
        "Population": {
            "action": 7.049610137939453,
            "observation": 39
        }
    },
    "240": {
        "BestCoverage": 0.8,
        "Population": {
            "action": 1.5404138565063477,
            "observation": 46
        }
    },
    "245": {
        "BestCoverage": 0.8,
        "Population": {
            "action": 6.408525466918945,
            "observation": 48
        }
    },
    "250": {
        "BestCoverage": 0.8,
        "Population": {
            "action": 4.445034027099609,
            "observation": 54
        }
    },
    "255": {
        "BestCoverage": 0.8,
        "Population": {
            "action": -6.69089937210083,
            "observation": 58
        }
    },
    "260": {
        "BestCoverage": 0.8,
        "Population": {
            "action": 6.7216796875,
            "observation": 51
        }
    },
    "265": {
        "BestCoverage": 0.8,
        "Population": {
            "action": -7.997421741485596,
            "observation": 58
        }
    },
    "270": {
        "BestCoverage": 0.8,
        "Population": {
            "action": 6.66986083984375,