{
    "20": {
        "BestCoverage": 0.75,
        "Elite": {
            "action": 0.08483576774597168,
            "observation": 1
        }
    },
    "25": {
        "BestCoverage": 0.75,
        "Elite": {
            "action": -0.3536539077758789,
            "observation": 1
        }
    },
    "30": {
        "BestCoverage": 0.75,
        "Elite": {
            "action": 0.6778889894485474,
            "observation": 1
        }
    },
    "35": {
        "BestCoverage": 0.75,
        "Elite": {
            "action": -0.28445887565612793,
            "observation": 2
        }
    },
    "40": {
        "BestCoverage": 0.75,
        "Elite": {
            "action": -0.47194814682006836,
            "observation": 2
        }
    },
    "45": {
        "BestCoverage": 0.75,
        "Elite": {
            "action": 0.1921936273574829,
            "observation": 2
        }
    },
    "50": {
        "BestCoverage": 0.75,
        "Elite": {
            "action": -0.9315892457962036,
            "observation": 2
        }
    },
    "55": {
        "BestCoverage": 0.75,
        "Elite": {
            "action": 0.921328067779541,
            "observation": 1
        }
    },
    "60": {
        "BestCoverage": 0.75,
        "Elite": {
            "action": -0.7309404611587524,
            "observation": 2
        }
    },
    "65": {
        "BestCoverage": 0.75,
        "Elite": {
            "action": -0.8247555494308472,
            "observation": 1
        }
    },
    "70": {
        "BestCoverage": 0.75,
        "Elite": {
            "action": -0.9268717169761658,
            "observation": 0
        }
    },
    "75": {
        "BestCoverage": 0.75,
        "Elite": {
            "action": -0.2848473787307739,
            "observation": 0
        }
    },
    "80": {
        "BestCoverage": 0.75,
        "Elite": {
            "action": -0.6604405045509338,
            "observation": 0
        }
    },
    "85": {
        "BestCoverage": 0.75,
        "Elite": {
            "action": 0.5815712213516235,
            "observation": 0
        }
    },
    "90": {
        "BestCoverage": 0.75,
        "Elite": {
            "action": 0.896521806716919,
            "observation": 1
        }
    },
    "95": {
        "BestCoverage": 0.75,
        "Elite": {
            "action": -0.032877981662750244,
            "observation": 2
        }
    },
    "100": {
        "BestCoverage": 0.75,
        "Elite": {
            "action": -0.3393175005912781,
            "observation": 2
        }
    },
    "105": {
        "BestCoverage": 0.75,
        "Elite": {
            "action": -0.3321923017501831,
            "observation": 2
        }
    },
    "110": {
        "BestCoverage": 0.75,
        "Elite": {
            "action": 0.2503926753997803,
            "observation": 2
        }
    },
    "115": {
        "BestCoverage": 0.75,
        "Elite": {
            "action": -0.047504723072052,
            "observation": 2
        }
    },
    "120": {
        "BestCoverage": 0.75,
        "Elite": {
            "action": -0.05355429649353027,
            "observation": 2
        }
    },
    "125": {
        "BestCoverage": 0.75,
        "Elite": {
            "action": -0.4095635414123535,
            "observation": 2
        }
    },
    "130": {
        "BestCoverage": 0.75,
        "Elite": {
            "action": -0.7842605113983154,
            "observation": 2
        }
    },
    "135": {
        "BestCoverage": 0.75,
        "Elite": {
            "action": -0.25838518142700195,
            "observation": 1
        }
    },
    "140": {
        "BestCoverage": 0.75,
        "Elite": {
            "action": -0.7444507479667664,
            "observation": 1
        }
    },
    "145": {
        "BestCoverage": 0.75,
        "Elite": {
            "action": 0.32265400886535645,
            "observation": 0
        }
    },
    "150": {
        "BestCoverage": 0.75,
        "Elite": {
            "action": -0.9420127272605896,
            "observation": 0
        }
    },
    "155": {
        "BestCoverage": 0.75,
        "Elite": {
            "action": 0.26096677780151367,
            "observation": 0
        }
    },
    "160": {
        "BestCoverage": 0.75,
        "Elite": {
            "action": 0.9977383613586426,
            "observation": 0
        }
    },
    "165": {
        "BestCoverage": 0.75,
        "Elite": {
            "action": 0.9813659191131592,
            "observation": 1
        }
    },
    "170": {
        "BestCoverage": 0.75,
        "Elite": {
            "action": -0.9435942769050598,
            "observation": 2
        }
    },
    "175": {
        "BestCoverage": 0.75,
        "Elite": {
            "action": 0.5316848754882812,
            "observation": 1
        }
    },
    "180": {
        "BestCoverage": 0.75,
        "Elite": {
            "action": 0.11790549755096436,
            "observation": 2
        }
    },
    "185": {
        "BestCoverage": 0.75,
        "Elite": {
            "action": 0.24442970752716064,
            "observation": 2
        }
    },
    "190": {
        "BestCoverage": 0.75,
        "Elite": {
            "action": 0.5286636352539062,
            "observation": 2
        }
    },
    "195": {
        "BestCoverage": 0.75,
        "Elite": {
            "action": 0.4003852605819702,
            "observation": 3
        }
    },
    "200": {
        "BestCoverage": 0.75,
        "Elite": {
            "action": 0.18374335765838623,
            "observation": 3
        }
    },
    "205": {
        "BestCoverage": 0.75,
        "Elite": {
            "action": -0.04282265901565552,
            "observation": 3
        }
    },
    "210": {
        "BestCoverage": 0.75,
        "Elite": {
            "action": 0.9412322044372559,
            "observation": 3
        }
    },
    "215": {
        "BestCoverage": 0.75,
        "Elite": {
            "action": -0.24486136436462402,
            "observation": 4
        }
    },
    "220": {
        "BestCoverage": 0.75,
        "Elite": {
            "action": -0.5535265803337097,
            "observation": 4
        }
    },
    "225": {
        "BestCoverage": 0.75,
        "Elite": {
            "action": -0.7606421709060669,
            "observation": 3
        }
    },
    "230": {
        "BestCoverage": 0.75,
        "Elite": {
            "action": 0.8965067863464355,
            "observation": 2
        }
    },
    "235": {
        "BestCoverage": 0.75,
        "Elite": {
            "action": -0.8515278100967407,
            "observation": 3
        }
    },
    "240": {
        "BestCoverage": 0.75,
        "Elite": {
            "action": 0.7540123462677002,
            "observation": 2
        }
    },
    "245": {
        "BestCoverage": 0.75,
        "Elite": {
            "action": 0.607507586479187,
            "observation": 3
        }
    },
    "250": {
        "BestCoverage": 0.75,
        "Elite": {
            "action": 0.233351469039917,
            "observation": 4
        }
    },
    "255": {
        "BestCoverage": 0.75,
        "Elite": {
            "action": 0.33063626289367676,
            "observation": 4
        }
    },
    "260": {
        "BestCoverage": 0.75,
        "Elite": {
            "action": 0.5792415142059326,
            "observation": 4
        }
    },
    "265": {
        "BestCoverage": 0.75,
        "Elite": {
            "action": -0.7605152130126953,
            "observation": 5
        }
    },
    "270": {
        "BestCoverage": 0.75,
        "Elite": {
            "action": 0.6001553535461426,
            "observation": 4
        }
    },
    "275": {
        "BestCoverage": 0.75,
        "Elite": {
            "action": -0.7489359974861145,
            "observation": 5
        }
    },
    "280": {
        "BestCoverage": 0.75,
        "Elite": {
            "action": 0.7821599245071411,
            "observation": 4
        }
    },