{
    "15": {
        "BestCoverage": 0.75,
        "TournamentSize": {
            "action": -0.28415119647979736,
            "observation": 5
        }
    },
    "20": {
        "BestCoverage": 0.75,
        "TournamentSize": {
            "action": -0.0006009936332702637,
            "observation": 5
        }
    },
    "25": {
        "BestCoverage": 0.75,
        "TournamentSize": {
            "action": 0.9636362791061401,
            "observation": 5
        }
    },
    "30": {
        "BestCoverage": 0.75,
        "TournamentSize": {
            "action": 0.16289198398590088,
            "observation": 6
        }
    },
    "35": {
        "BestCoverage": 0.75,
        "TournamentSize": {
            "action": 0.8546767234802246,
            "observation": 6
        }
    },
    "40": {
        "BestCoverage": 0.75,
        "TournamentSize": {
            "action": 0.17248499393463135,
            "observation": 7
        }
    },
    "45": {
        "BestCoverage": 0.75,
        "TournamentSize": {
            "action": -0.3257994055747986,
            "observation": 7
        }
    },
    "50": {
        "BestCoverage": 0.75,
        "TournamentSize": {
            "action": 0.46139800548553467,
            "observation": 7
        }
    },
    "55": {
        "BestCoverage": 0.75,
        "TournamentSize": {
            "action": 0.03207528591156006,
            "observation": 7
        }
    },
    "60": {
        "BestCoverage": 0.75,
        "TournamentSize": {
            "action": -0.008647322654724121,
            "observation": 7
        }
    },
    "65": {
        "BestCoverage": 0.75,
        "TournamentSize": {
            "action": 0.07364284992218018,
            "observation": 7
        }
    },
    "70": {
        "BestCoverage": 0.75,
        "TournamentSize": {
            "action": 0.510028600692749,
            "observation": 7
        }
    },
    "75": {
        "BestCoverage": 0.75,
        "TournamentSize": {
            "action": -0.8688746690750122,
            "observation": 8
        }
    },
    "80": {
        "BestCoverage": 0.75,
        "TournamentSize": {
            "action": 0.22961580753326416,
            "observation": 7
        }
    },
    "85": {
        "BestCoverage": 0.75,
        "TournamentSize": {
            "action": -0.8457444310188293,
            "observation": 7
        }
    },
    "90": {
        "BestCoverage": 0.75,
        "TournamentSize": {
            "action": 0.8401610851287842,
            "observation": 6
        }
    },
    "95": {
        "BestCoverage": 0.75,
        "TournamentSize": {
            "action": 0.9735649824142456,
            "observation": 7
        }
    },
    "100": {
        "BestCoverage": 0.75,
        "TournamentSize": {
            "action": -0.4210519790649414,
            "observation": 8
        }
    },
    "105": {
        "BestCoverage": 0.75,
        "TournamentSize": {
            "action": -0.2155953049659729,
            "observation": 8
        }
    },
    "110": {
        "BestCoverage": 0.75,
        "TournamentSize": {
            "action": -0.833624005317688,
            "observation": 8
        }
    },
    "115": {
        "BestCoverage": 0.75,
        "TournamentSize": {
            "action": -0.2185145616531372,
            "observation": 7
        }
    },
    "120": {
        "BestCoverage": 0.75,
        "TournamentSize": {
            "action": -0.9895153045654297,
            "observation": 7
        }
    },
    "125": {
        "BestCoverage": 0.75,
        "TournamentSize": {
            "action": 0.7415050268173218,
            "observation": 6
        }
    },
    "130": {
        "BestCoverage": 0.75,
        "TournamentSize": {
            "action": 0.9199106693267822,
            "observation": 7
        }
    },
    "135": {
        "BestCoverage": 0.75,
        "TournamentSize": {
            "action": 0.07009434700012207,
            "observation": 8
        }
    },
    "140": {
        "BestCoverage": 0.75,
        "TournamentSize": {
            "action": -0.5202884078025818,
            "observation": 8
        }
    },
    "145": {
        "BestCoverage": 0.75,
        "TournamentSize": {
            "action": 0.9366569519042969,
            "observation": 7
        }
    },
    "150": {
        "BestCoverage": 0.75,
        "TournamentSize": {
            "action": -0.7818745970726013,
            "observation": 8
        }
    },
    "155": {
        "BestCoverage": 0.75,
        "TournamentSize": {
            "action": 0.5970751047134399,
            "observation": 7
        }
    },
    "160": {
        "BestCoverage": 0.75,
        "TournamentSize": {
            "action": -0.7965031266212463,
            "observation": 8
        }
    },
    "165": {
        "BestCoverage": 0.75,
        "TournamentSize": {
            "action": -0.5603077411651611,
            "observation": 7
        }
    },
    "170": {
        "BestCoverage": 0.75,
        "TournamentSize": {
            "action": 0.980506420135498,
            "observation": 6
        }
    },
    "175": {
        "BestCoverage": 0.75,
        "TournamentSize": {
            "action": -0.980896532535553,
            "observation": 7
        }
    },
    "180": {
        "BestCoverage": 0.75,
        "TournamentSize": {
            "action": 0.09322655200958252,
            "observation": 6
        }
    },
    "185": {
        "BestCoverage": 0.75,
        "TournamentSize": {
            "action": -0.64190673828125,
            "observation": 6
        }
    },
    "190": {
        "BestCoverage": 0.75,
        "TournamentSize": {
            "action": 0.17921972274780273,
            "observation": 5
        }
    },
    "195": {
        "BestCoverage": 0.75,
        "TournamentSize": {
            "action": 0.6480683088302612,
            "observation": 5
        }
    },
    "200": {
        "BestCoverage": 0.75,
        "TournamentSize": {
            "action": -0.23882168531417847,
            "observation": 6
        }
    },
    "205": {
        "BestCoverage": 0.75,
        "TournamentSize": {
            "action": 0.5018949508666992,
            "observation": 6
        }
    },
    "210": {
        "BestCoverage": 0.75,
        "TournamentSize": {
            "action": 0.6630470752716064,
            "observation": 7
        }
    },
    "215": {
        "BestCoverage": 0.75,
        "TournamentSize": {
            "action": -0.14842790365219116,
            "observation": 8
        }
    },
    "220": {
        "BestCoverage": 0.75,
        "TournamentSize": {
            "action": -0.5432186722755432,
            "observation": 8
        }
    },
    "225": {
        "BestCoverage": 0.75,
        "TournamentSize": {
            "action": -0.31588733196258545,
            "observation": 7
        }
    },
    "230": {
        "BestCoverage": 0.75,
        "TournamentSize": {
            "action": 0.6780459880828857,
            "observation": 7
        }
    },
    "235": {
        "BestCoverage": 0.75,
        "TournamentSize": {
            "action": -0.1565467119216919,
            "observation": 8
        }
    },
    "240": {
        "BestCoverage": 0.75,
        "TournamentSize": {
            "action": -0.1461459994316101,
            "observation": 8
        }
    },
    "245": {
        "BestCoverage": 0.75,
        "TournamentSize": {
            "action": -0.08197963237762451,
            "observation": 8
        }
    },
    "250": {
        "BestCoverage": 0.75,
        "TournamentSize": {
            "action": 0.6554625034332275,
            "observation": 8
        }
    },
    "255": {
        "BestCoverage": 0.75,
        "TournamentSize": {
            "action": -0.9253954887390137,
            "observation": 9
        }
    },
    "260": {
        "BestCoverage": 0.75,
        "TournamentSize": {
            "action": 0.035508155822753906,
            "observation": 8
        }
    },