{
    "15": {
        "BestCoverage": 0.8,
        "Elite": {
            "action": -0.8767388463020325,
            "observation": 1
        }
    },
    "20": {
        "BestCoverage": 0.8,
        "Elite": {
            "action": -0.4833780527114868,
            "observation": 0
        }
    },
    "25": {
        "BestCoverage": 0.8,
        "Elite": {
            "action": 0.5617847442626953,
            "observation": 0
        }
    },
    "30": {
        "BestCoverage": 0.8,
        "Elite": {
            "action": 0.9134955406188965,
            "observation": 1
        }
    },
    "35": {
        "BestCoverage": 0.8,
        "Elite": {
            "action": 0.6221907138824463,
            "observation": 2
        }
    },
    "40": {
        "BestCoverage": 0.8,
        "Elite": {
            "action": 0.11175191402435303,
            "observation": 3
        }
    },
    "45": {
        "BestCoverage": 0.8,
        "Elite": {
            "action": -0.9470825791358948,
            "observation": 3
        }
    },
    "50": {
        "BestCoverage": 0.8,
        "Elite": {
            "action": -0.0663367509841919,
            "observation": 2
        }
    },
    "55": {
        "BestCoverage": 0.8,
        "Elite": {
            "action": 0.7518043518066406,
            "observation": 2
        }
    },
    "60": {
        "BestCoverage": 0.8,
        "Elite": {
            "action": 0.9277157783508301,
            "observation": 3
        }
    },
    "65": {
        "BestCoverage": 0.8,
        "Elite": {
            "action": -0.5184195637702942,
            "observation": 4
        }
    },
    "70": {
        "BestCoverage": 0.8,
        "Elite": {
            "action": -0.32427436113357544,
            "observation": 3
        }
    },
    "75": {
        "BestCoverage": 0.8,
        "Elite": {
            "action": 0.6603569984436035,
            "observation": 3
        }
    },
    "80": {
        "BestCoverage": 0.8,
        "Elite": {
            "action": 0.9563298225402832,
            "observation": 4
        }
    },
    "85": {
        "BestCoverage": 0.8,
        "Elite": {
            "action": 0.8366727828979492,
            "observation": 5
        }
    },
    "90": {
        "BestCoverage": 0.8,
        "Elite": {
            "action": -0.7213743329048157,
            "observation": 6
        }
    },
    "95": {
        "BestCoverage": 0.8,
        "Elite": {
            "action": 0.2213534116744995,
            "observation": 5
        }
    },
    "100": {
        "BestCoverage": 0.8,
        "Elite": {
            "action": -0.7617605924606323,
            "observation": 5
        }
    },
    "105": {
        "BestCoverage": 0.8,
        "Elite": {
            "action": -0.48684895038604736,
            "observation": 4
        }
    },
    "110": {
        "BestCoverage": 0.8,
        "Elite": {
            "action": 0.5080201625823975,
            "observation": 4
        }
    },
    "115": {
        "BestCoverage": 0.8,
        "Elite": {
            "action": -0.15298306941986084,
            "observation": 5
        }
    },
    "120": {
        "BestCoverage": 0.8,
        "Elite": {
            "action": 0.02646005153656006,
            "observation": 5
        }
    },
    "125": {
        "BestCoverage": 0.8,
        "Elite": {
            "action": -0.4999575614929199,
            "observation": 5
        }
    },
    "130": {
        "BestCoverage": 0.8,
        "Elite": {
            "action": -0.5528832674026489,
            "observation": 5
        }
    },
    "135": {
        "BestCoverage": 0.8,
        "Elite": {
            "action": 0.8833832740783691,
            "observation": 4
        }
    },
    "140": {
        "BestCoverage": 0.8,
        "Elite": {
            "action": -0.04830050468444824,
            "observation": 5
        }
    },
    "145": {
        "BestCoverage": 0.8,
        "Elite": {
            "action": 0.0743565559387207,
            "observation": 5
        }
    },
    "150": {
        "BestCoverage": 0.8,
        "Elite": {
            "action": -0.3136094808578491,
            "observation": 5
        }
    },
    "155": {
        "BestCoverage": 0.8,
        "Elite": {
            "action": -0.4230803847312927,
            "observation": 5
        }
    },
    "160": {
        "BestCoverage": 0.8,
        "Elite": {
            "action": 0.5609827041625977,
            "observation": 5
        }
    },
    "165": {
        "BestCoverage": 0.8,
        "Elite": {
            "action": -0.45610642433166504,
            "observation": 6
        }
    },
    "170": {
        "BestCoverage": 0.8,
        "Elite": {
            "action": 0.10672521591186523,
            "observation": 6
        }
    },
    "175": {
        "BestCoverage": 0.8,
        "Elite": {
            "action": 0.9249691963195801,
            "observation": 6
        }
    },
    "180": {
        "BestCoverage": 0.8,
        "Elite": {
            "action": 0.6260465383529663,
            "observation": 7
        }
    },
    "185": {
        "BestCoverage": 0.8,
        "Elite": {
            "action": -0.9699125289916992,
            "observation": 8
        }
    },
    "190": {
        "BestCoverage": 0.8,
        "Elite": {
            "action": -0.24063003063201904,
            "observation": 7
        }
    },
    "195": {
        "BestCoverage": 0.8,
        "Elite": {
            "action": 0.8724818229675293,
            "observation": 7
        }
    },
    "200": {
        "BestCoverage": 0.8,
        "Elite": {
            "action": 0.890506386756897,
            "observation": 8
        }
    },
    "205": {
        "BestCoverage": 0.8,
        "Elite": {
            "action": -0.5705865025520325,
            "observation": 9
        }
    },
    "210": {
        "BestCoverage": 0.8,
        "Elite": {
            "action": -0.493713915348053,
            "observation": 8
        }
    },
    "215": {
        "BestCoverage": 0.8,
        "Elite": {
            "action": 0.4485304355621338,
            "observation": 8
        }
    },
    "220": {
        "BestCoverage": 0.8,
        "Elite": {
            "action": 0.08708655834197998,
            "observation": 8
        }
    },
    "225": {
        "BestCoverage": 0.8,
        "Elite": {
            "action": -0.011734604835510254,
            "observation": 8
        }
    },
    "230": {
        "BestCoverage": 0.8,
        "Elite": {
            "action": 0.08644735813140869,
            "observation": 8
        }
    },
    "235": {
        "BestCoverage": 0.8,
        "Elite": {
            "action": 0.7353818416595459,
            "observation": 8
        }
    },
    "240": {
        "BestCoverage": 0.8,
        "Elite": {
            "action": 0.3431764841079712,
            "observation": 9
        }
    },
    "245": {
        "BestCoverage": 0.8,
        "Elite": {
            "action": -0.747177004814148,
            "observation": 9
        }
    },
    "250": {
        "BestCoverage": 0.8,
        "Elite": {
            "action": 0.8364028930664062,
            "observation": 8
        }
    },
    "255": {
        "BestCoverage": 0.8,
        "Elite": {
            "action": -0.11388301849365234,
            "observation": 9
        }
    },
    "260": {
        "BestCoverage": 0.8,
        "Elite": {
            "action": 0.3660886287689209,
            "observation": 9
        }
    },
    "265": {
        "BestCoverage": 0.8,
        "Elite": {
            "action": 0.42589616775512695,
            "observation": 9
        }
    },
    "270": {
        "BestCoverage": 0.8,
        "Elite": {
            "action": 0.032811522483825684,
            "observation": 9
        }
    },
    "275": {
        "BestCoverage": 0.8,
        "Elite": {
            "action": -0.39368361234664917,
            "observation": 9
        }
    },
    "280": {
        "BestCoverage": 0.8,