{
    "15": {
        "BestCoverage": 0.8,
        "ChangeParameterProbability": {
            "action": 0.00021091699600220282,
            "observation": 0.1
        }
    },
    "20": {
        "BestCoverage": 0.8,
        "ChangeParameterProbability": {
            "action": 0.021807003021240237,
            "observation": 0.10021091699600221
        }
    },
    "25": {
        "BestCoverage": 0.8,
        "ChangeParameterProbability": {
            "action": -0.0782558798789978,
            "observation": 0.12201792001724245
        }
    },
    "30": {
        "BestCoverage": 0.8,
        "ChangeParameterProbability": {
            "action": -0.04294761419296265,
            "observation": 0.04376204013824464
        }
    },
    "35": {
        "BestCoverage": 0.8,
        "ChangeParameterProbability": {
            "action": 0.08582643270492554,
            "observation": 0.0008144259452819921
        }
    },
    "40": {
        "BestCoverage": 0.8,
        "ChangeParameterProbability": {
            "action": -0.0943162500858307,
            "observation": 0.08664085865020754
        }
    },
    "45": {
        "BestCoverage": 0.8,
        "ChangeParameterProbability": {
            "action": 0.0794160842895508,
            "observation": 0.0
        }
    },
    "50": {
        "BestCoverage": 0.8,
        "ChangeParameterProbability": {
            "action": 0.09611353874206544,
            "observation": 0.0794160842895508
        }
    },
    "55": {
        "BestCoverage": 0.8,
        "ChangeParameterProbability": {
            "action": 0.06411293745040894,
            "observation": 0.17552962303161623
        }
    },
    "60": {
        "BestCoverage": 0.8,
        "ChangeParameterProbability": {
            "action": -0.032962948083877563,
            "observation": 0.23964256048202517
        }
    },
    "65": {
        "BestCoverage": 0.8,
        "ChangeParameterProbability": {
            "action": 0.028957200050354015,
            "observation": 0.2066796123981476
        }
    },
    "70": {
        "BestCoverage": 0.8,
        "ChangeParameterProbability": {
            "action": 0.08084214925765992,
            "observation": 0.23563681244850163
        }
    },
    "75": {
        "BestCoverage": 0.8,
        "ChangeParameterProbability": {
            "action": 0.058463740348815935,
            "observation": 0.3164789617061615
        }
    },
    "80": {
        "BestCoverage": 0.8,
        "ChangeParameterProbability": {
            "action": 0.09583511352539062,
            "observation": 0.3749427020549775
        }
    },
    "85": {
        "BestCoverage": 0.8,
        "ChangeParameterProbability": {
            "action": 0.06795592308044435,
            "observation": 0.47077781558036813
        }
    },
    "90": {
        "BestCoverage": 0.8,
        "ChangeParameterProbability": {
            "action": -0.08868436813354492,
            "observation": 0.5387337386608124
        }
    },
    "95": {
        "BestCoverage": 0.8,
        "ChangeParameterProbability": {
            "action": 0.0026131868362426758,
            "observation": 0.4500493705272675
        }
    },
    "100": {
        "BestCoverage": 0.8,
        "ChangeParameterProbability": {
            "action": 0.055922865867614746,
            "observation": 0.4526625573635102
        }
    },
    "105": {
        "BestCoverage": 0.8,
        "ChangeParameterProbability": {
            "action": -0.019367563724517825,
            "observation": 0.5085854232311249
        }
    },
    "110": {
        "BestCoverage": 0.8,
        "ChangeParameterProbability": {
            "action": -0.04467157125473023,
            "observation": 0.48921785950660707
        }
    },
    "115": {
        "BestCoverage": 0.8,
        "ChangeParameterProbability": {
            "action": -0.07931252717971803,
            "observation": 0.4445462882518768
        }
    },
    "120": {
        "BestCoverage": 0.8,
        "ChangeParameterProbability": {
            "action": 0.0811387538909912,
            "observation": 0.36523376107215877
        }
    },
    "125": {
        "BestCoverage": 0.8,
        "ChangeParameterProbability": {
            "action": 0.06731579303741456,
            "observation": 0.44637251496315
        }
    },
    "130": {
        "BestCoverage": 0.8,
        "ChangeParameterProbability": {
            "action": -0.004927611351013189,
            "observation": 0.5136883080005645
        }
    },
    "135": {
        "BestCoverage": 0.8,
        "ChangeParameterProbability": {
            "action": -0.002606588602066043,
            "observation": 0.5087606966495514
        }
    },
    "140": {
        "BestCoverage": 0.8,
        "ChangeParameterProbability": {
            "action": -0.0026503860950470026,
            "observation": 0.5061541080474853
        }
    },
    "145": {
        "BestCoverage": 0.8,
        "ChangeParameterProbability": {
            "action": -0.08088778257369995,
            "observation": 0.5035037219524383
        }
    },
    "150": {
        "BestCoverage": 0.8,
        "ChangeParameterProbability": {
            "action": -0.054362273216247564,
            "observation": 0.42261593937873837
        }
    },
    "155": {
        "BestCoverage": 0.8,
        "ChangeParameterProbability": {
            "action": 0.06868903636932375,
            "observation": 0.3682536661624908
        }
    },
    "160": {
        "BestCoverage": 0.8,
        "ChangeParameterProbability": {
            "action": 0.09456002712249756,
            "observation": 0.43694270253181455
        }
    },
    "165": {
        "BestCoverage": 0.8,
        "ChangeParameterProbability": {
            "action": -0.027458560466766355,
            "observation": 0.5315027296543121
        }
    },
    "170": {
        "BestCoverage": 0.8,
        "ChangeParameterProbability": {
            "action": -0.03709766864776612,
            "observation": 0.5040441691875458
        }
    },
    "175": {
        "BestCoverage": 0.8,
        "ChangeParameterProbability": {
            "action": 0.0630033254623413,
            "observation": 0.4669465005397797
        }
    },
    "180": {
        "BestCoverage": 0.8,
        "ChangeParameterProbability": {
            "action": 0.020987272262573242,
            "observation": 0.529949826002121
        }
    },
    "185": {
        "BestCoverage": 0.8,
        "ChangeParameterProbability": {
            "action": 0.0661391258239746,
            "observation": 0.5509370982646943
        }
    },
    "190": {
        "BestCoverage": 0.8,
        "ChangeParameterProbability": {
            "action": 0.02915493249893189,
            "observation": 0.6170762240886689
        }
    },
    "195": {
        "BestCoverage": 0.8,
        "ChangeParameterProbability": {
            "action": -0.04274711012840271,
            "observation": 0.6462311565876008
        }
    },
    "200": {
        "BestCoverage": 0.8,
        "ChangeParameterProbability": {
            "action": -0.0020019769668579157,
            "observation": 0.6034840464591981
        }
    },
    "205": {
        "BestCoverage": 0.8,
        "ChangeParameterProbability": {
            "action": 0.05109106302261354,
            "observation": 0.6014820694923402
        }
    },
    "210": {
        "BestCoverage": 0.8,
        "ChangeParameterProbability": {
            "action": 0.0874264717102051,
            "observation": 0.6525731325149537
        }
    },
    "215": {
        "BestCoverage": 0.8,
        "ChangeParameterProbability": {
            "action": -0.059628760814666754,
            "observation": 0.7399996042251589
        }
    },
    "220": {
        "BestCoverage": 0.8,
        "ChangeParameterProbability": {
            "action": -0.08886362314224244,
            "observation": 0.6803708434104921
        }
    },
    "225": {
        "BestCoverage": 0.8,