{
    "15": {
        "BestCoverage": 0.7375,
        "TestInsertionProbability": {
            "action": -0.018960857391357416,
            "observation": 0.1
        }
    },
    "20": {
        "BestCoverage": 0.7375,
        "TestInsertionProbability": {
            "action": 0.004234790802001953,
            "observation": 0.08103914260864259
        }
    },
    "25": {
        "BestCoverage": 0.75,
        "TestInsertionProbability": {
            "action": 0.031111252307891857,
            "observation": 0.08527393341064454
        }
    },
    "30": {
        "BestCoverage": 0.75,
        "TestInsertionProbability": {
            "action": -0.08724038004875184,
            "observation": 0.1163851857185364
        }
    },
    "35": {
        "BestCoverage": 0.75,
        "TestInsertionProbability": {
            "action": -0.08623096346855164,
            "observation": 0.029144805669784557
        }
    },
    "40": {
        "BestCoverage": 0.75,
        "TestInsertionProbability": {
            "action": -0.07911306619644165,
            "observation": 0.0
        }
    },
    "45": {
        "BestCoverage": 0.75,
        "TestInsertionProbability": {
            "action": -0.08648092150688172,
            "observation": 0.0
        }
    },
    "50": {
        "BestCoverage": 0.75,
        "TestInsertionProbability": {
            "action": 0.06833629608154299,
            "observation": 0.0
        }
    },
    "55": {
        "BestCoverage": 0.75,
        "TestInsertionProbability": {
            "action": 0.02478082180023193,
            "observation": 0.06833629608154299
        }
    },
    "60": {
        "BestCoverage": 0.75,
        "TestInsertionProbability": {
            "action": -0.06804908514022828,
            "observation": 0.09311711788177492
        }
    },
    "65": {
        "BestCoverage": 0.75,
        "TestInsertionProbability": {
            "action": -0.04081331491470337,
            "observation": 0.025068032741546634
        }
    },
    "70": {
        "BestCoverage": 0.75,
        "TestInsertionProbability": {
            "action": -0.09647746682167054,
            "observation": 0.0
        }
    },
    "75": {
        "BestCoverage": 0.75,
        "TestInsertionProbability": {
            "action": -0.0021046698093414307,
            "observation": 0.0
        }
    },
    "80": {
        "BestCoverage": 0.75,
        "TestInsertionProbability": {
            "action": -0.012489652633666998,
            "observation": 0.0
        }
    },
    "85": {
        "BestCoverage": 0.75,
        "TestInsertionProbability": {
            "action": 0.04562324285507202,
            "observation": 0.0
        }
    },
    "90": {
        "BestCoverage": 0.75,
        "TestInsertionProbability": {
            "action": -0.002608650922775263,
            "observation": 0.04562324285507202
        }
    },
    "95": {
        "BestCoverage": 0.75,
        "TestInsertionProbability": {
            "action": 0.05230321884155273,
            "observation": 0.04301459193229676
        }
    },
    "100": {
        "BestCoverage": 0.75,
        "TestInsertionProbability": {
            "action": -0.08460080027580262,
            "observation": 0.09531781077384949
        }
    },
    "105": {
        "BestCoverage": 0.75,
        "TestInsertionProbability": {
            "action": 0.022284829616546625,
            "observation": 0.010717010498046867
        }
    },
    "110": {
        "BestCoverage": 0.75,
        "TestInsertionProbability": {
            "action": -0.06006932258605957,
            "observation": 0.03300184011459349
        }
    },
    "115": {
        "BestCoverage": 0.75,
        "TestInsertionProbability": {
            "action": -0.03871411085128784,
            "observation": 0.0
        }
    },
    "120": {
        "BestCoverage": 0.7625,
        "TestInsertionProbability": {
            "action": 0.07017238140106202,
            "observation": 0.0
        }
    },
    "125": {
        "BestCoverage": 0.7625,
        "TestInsertionProbability": {
            "action": 0.07188951969146729,
            "observation": 0.07017238140106202
        }
    },
    "130": {
        "BestCoverage": 0.7625,
        "TestInsertionProbability": {
            "action": -0.06910818815231323,
            "observation": 0.1420619010925293
        }
    },
    "135": {
        "BestCoverage": 0.7625,
        "TestInsertionProbability": {
            "action": 0.07417154312133789,
            "observation": 0.07295371294021608
        }
    },
    "140": {
        "BestCoverage": 0.7625,
        "TestInsertionProbability": {
            "action": -0.07602207660675049,
            "observation": 0.14712525606155397
        }
    },
    "145": {
        "BestCoverage": 0.7625,
        "TestInsertionProbability": {
            "action": -0.09067096710205079,
            "observation": 0.07110317945480348
        }
    },
    "150": {
        "BestCoverage": 0.7625,
        "TestInsertionProbability": {
            "action": 0.07082138061523438,
            "observation": 0.0
        }
    },
    "155": {
        "BestCoverage": 0.7625,
        "TestInsertionProbability": {
            "action": 0.003943574428558347,
            "observation": 0.07082138061523438
        }
    },
    "160": {
        "BestCoverage": 0.7625,
        "TestInsertionProbability": {
            "action": -0.028605651855468747,
            "observation": 0.07476495504379273
        }
    },
    "165": {
        "BestCoverage": 0.7625,
        "TestInsertionProbability": {
            "action": -0.033145248889923096,
            "observation": 0.04615930318832398
        }
    },
    "170": {
        "BestCoverage": 0.7625,
        "TestInsertionProbability": {
            "action": 0.0166862964630127,
            "observation": 0.013014054298400884
        }
    },
    "175": {
        "BestCoverage": 0.7625,
        "TestInsertionProbability": {
            "action": -0.03940956592559815,
            "observation": 0.029700350761413585
        }
    },
    "180": {
        "BestCoverage": 0.7625,
        "TestInsertionProbability": {
            "action": -0.0882684350013733,
            "observation": 0.0
        }
    },
    "185": {
        "BestCoverage": 0.7625,
        "TestInsertionProbability": {
            "action": -0.04849822521209717,
            "observation": 0.0
        }
    },
    "190": {
        "BestCoverage": 0.7625,
        "TestInsertionProbability": {
            "action": 0.027890586853027338,
            "observation": 0.0
        }
    },
    "195": {
        "BestCoverage": 0.7625,
        "TestInsertionProbability": {
            "action": 0.038058495521545416,
            "observation": 0.027890586853027338
        }
    },
    "200": {
        "BestCoverage": 0.7625,
        "TestInsertionProbability": {
            "action": 0.0868767261505127,
            "observation": 0.06594908237457275
        }
    },
    "205": {
        "BestCoverage": 0.7625,
        "TestInsertionProbability": {
            "action": 0.07151172161102295,
            "observation": 0.15282580852508545
        }
    },
    "210": {
        "BestCoverage": 0.7625,
        "TestInsertionProbability": {
            "action": 0.010907161235809329,
            "observation": 0.2243375301361084
        }
    },
    "215": {
        "BestCoverage": 0.7625,
        "TestInsertionProbability": {
            "action": 0.01093636751174927,
            "observation": 0.23524469137191772
        }
    },
    "220": {
        "BestCoverage": 0.7625,
        "TestInsertionProbability": {
            "action": -0.0827258586883545,
            "observation": 0.24618105888366698
        }
    },
    "225": {
        "BestCoverage": 0.7625,
        "TestInsertionProbability": {
            "action": -0.02247070670127868,
            "observation": 0.16345520019531248
        }
    },
    "230": {
        "BestCoverage": 0.7625,