{
    "15": {
        "BestCoverage": 0.8,
        "RandomPerturbation": {
            "action": -0.04400002360343933,
            "observation": 0.2
        }
    },
    "20": {
        "BestCoverage": 0.8,
        "RandomPerturbation": {
            "action": 0.027091836929321295,
            "observation": 0.15599997639656069
        }
    },
    "25": {
        "BestCoverage": 0.8,
        "RandomPerturbation": {
            "action": 0.018014490604400635,
            "observation": 0.18309181332588198
        }
    },
    "30": {
        "BestCoverage": 0.8,
        "RandomPerturbation": {
            "action": 0.06260676383972169,
            "observation": 0.20110630393028261
        }
    },
    "35": {
        "BestCoverage": 0.8,
        "RandomPerturbation": {
            "action": -0.03965497016906738,
            "observation": 0.2637130677700043
        }
    },
    "40": {
        "BestCoverage": 0.8,
        "RandomPerturbation": {
            "action": -0.0779607355594635,
            "observation": 0.22405809760093692
        }
    },
    "45": {
        "BestCoverage": 0.8,
        "RandomPerturbation": {
            "action": -0.03974277973175049,
            "observation": 0.14609736204147342
        }
    },
    "50": {
        "BestCoverage": 0.8,
        "RandomPerturbation": {
            "action": 0.03311895132064818,
            "observation": 0.10635458230972292
        }
    },
    "55": {
        "BestCoverage": 0.8,
        "RandomPerturbation": {
            "action": 0.041858506202697765,
            "observation": 0.1394735336303711
        }
    },
    "60": {
        "BestCoverage": 0.8,
        "RandomPerturbation": {
            "action": -0.04033660888671875,
            "observation": 0.18133203983306886
        }
    },
    "65": {
        "BestCoverage": 0.8,
        "RandomPerturbation": {
            "action": -0.037698113918304445,
            "observation": 0.14099543094635011
        }
    },
    "70": {
        "BestCoverage": 0.8,
        "RandomPerturbation": {
            "action": -0.06418930888175964,
            "observation": 0.10329731702804568
        }
    },
    "75": {
        "BestCoverage": 0.8,
        "RandomPerturbation": {
            "action": -0.07977036237716675,
            "observation": 0.03910800814628604
        }
    },
    "80": {
        "BestCoverage": 0.8,
        "RandomPerturbation": {
            "action": -0.005430364608764643,
            "observation": 0.0
        }
    },
    "85": {
        "BestCoverage": 0.8,
        "RandomPerturbation": {
            "action": -0.0290755033493042,
            "observation": 0.0
        }
    },
    "90": {
        "BestCoverage": 0.8,
        "RandomPerturbation": {
            "action": -0.03201284408569337,
            "observation": 0.0
        }
    },
    "95": {
        "BestCoverage": 0.8,
        "RandomPerturbation": {
            "action": -0.008692252635955813,
            "observation": 0.0
        }
    },
    "100": {
        "BestCoverage": 0.8,
        "RandomPerturbation": {
            "action": -0.05945060849189759,
            "observation": 0.0
        }
    },
    "105": {
        "BestCoverage": 0.8,
        "RandomPerturbation": {
            "action": 0.07929928302764894,
            "observation": 0.0
        }
    },
    "110": {
        "BestCoverage": 0.8,
        "RandomPerturbation": {
            "action": 0.0918259859085083,
            "observation": 0.07929928302764894
        }
    },
    "115": {
        "BestCoverage": 0.8,
        "RandomPerturbation": {
            "action": -0.09382416009902955,
            "observation": 0.17112526893615723
        }
    },
    "120": {
        "BestCoverage": 0.8,
        "RandomPerturbation": {
            "action": -0.04296634197235108,
            "observation": 0.07730110883712768
        }
    },
    "125": {
        "BestCoverage": 0.8,
        "RandomPerturbation": {
            "action": -0.04297741055488587,
            "observation": 0.0343347668647766
        }
    },
    "130": {
        "BestCoverage": 0.8,
        "RandomPerturbation": {
            "action": 0.01894466876983643,
            "observation": 0.0
        }
    },
    "135": {
        "BestCoverage": 0.8,
        "RandomPerturbation": {
            "action": -0.008078581094741827,
            "observation": 0.01894466876983643
        }
    },
    "140": {
        "BestCoverage": 0.8,
        "RandomPerturbation": {
            "action": -0.08634073138237,
            "observation": 0.010866087675094602
        }
    },
    "145": {
        "BestCoverage": 0.8,
        "RandomPerturbation": {
            "action": 0.01899641752243042,
            "observation": 0.0
        }
    },
    "150": {
        "BestCoverage": 0.8,
        "RandomPerturbation": {
            "action": 0.09232702255249023,
            "observation": 0.01899641752243042
        }
    },
    "155": {
        "BestCoverage": 0.8,
        "RandomPerturbation": {
            "action": 0.04943305253982544,
            "observation": 0.11132344007492065
        }
    },
    "160": {
        "BestCoverage": 0.8,
        "RandomPerturbation": {
            "action": 0.0639878511428833,
            "observation": 0.1607564926147461
        }
    },
    "165": {
        "BestCoverage": 0.8,
        "RandomPerturbation": {
            "action": 0.0783013105392456,
            "observation": 0.2247443437576294
        }
    },
    "170": {
        "BestCoverage": 0.8,
        "RandomPerturbation": {
            "action": -0.029336786270141607,
            "observation": 0.303045654296875
        }
    },
    "175": {
        "BestCoverage": 0.8,
        "RandomPerturbation": {
            "action": 0.0786831855773926,
            "observation": 0.27370886802673344
        }
    },
    "180": {
        "BestCoverage": 0.8,
        "RandomPerturbation": {
            "action": -0.0726310431957245,
            "observation": 0.35239205360412607
        }
    },
    "185": {
        "BestCoverage": 0.8,
        "RandomPerturbation": {
            "action": -0.03192863464355469,
            "observation": 0.27976101040840157
        }
    },
    "190": {
        "BestCoverage": 0.8,
        "RandomPerturbation": {
            "action": 0.024867796897888178,
            "observation": 0.24783237576484687
        }
    },
    "195": {
        "BestCoverage": 0.8,
        "RandomPerturbation": {
            "action": 0.09618852138519288,
            "observation": 0.27270017266273505
        }
    },
    "200": {
        "BestCoverage": 0.8,
        "RandomPerturbation": {
            "action": -0.007373112440109256,
            "observation": 0.3688886940479279
        }
    },
    "205": {
        "BestCoverage": 0.8,
        "RandomPerturbation": {
            "action": -0.011650681495666504,
            "observation": 0.36151558160781866
        }
    },
    "210": {
        "BestCoverage": 0.8,
        "RandomPerturbation": {
            "action": -0.042190676927566534,
            "observation": 0.34986490011215216
        }
    },
    "215": {
        "BestCoverage": 0.8,
        "RandomPerturbation": {
            "action": 0.012134325504302976,
            "observation": 0.3076742231845856
        }
    },
    "220": {
        "BestCoverage": 0.8,
        "RandomPerturbation": {
            "action": 0.03654860258102416,
            "observation": 0.3198085486888886
        }
    },
    "225": {
        "BestCoverage": 0.8,
        "RandomPerturbation": {
            "action": -0.06801077723503113,
            "observation": 0.35635715126991274
        }
    },
    "230": {
        "BestCoverage": 0.8,
        "RandomPerturbation": {
            "action": 0.03724217414855957,
            "observation": 0.2883463740348816
        }
    },
    "235": {
        "BestCoverage": 0.8,
        "RandomPerturbation": {
            "action": 0.09114153385162355,