{
    "15": {
        "BestCoverage": 0.8,
        "Elite": {
            "action": 0.4897482395172119,
            "observation": 1
        }
    },
    "20": {
        "BestCoverage": 0.8,
        "Elite": {
            "action": 0.7086329460144043,
            "observation": 1
        }
    },
    "25": {
        "BestCoverage": 0.8,
        "Elite": {
            "action": 0.5064370632171631,
            "observation": 2
        }
    },
    "30": {
        "BestCoverage": 0.8,
        "Elite": {
            "action": 0.9198129177093506,
            "observation": 3
        }
    },
    "35": {
        "BestCoverage": 0.8,
        "Elite": {
            "action": 0.9280236959457397,
            "observation": 4
        }
    },
    "40": {
        "BestCoverage": 0.8,
        "Elite": {
            "action": 0.14165520668029785,
            "observation": 5
        }
    },
    "45": {
        "BestCoverage": 0.8,
        "Elite": {
            "action": 0.36490416526794434,
            "observation": 5
        }
    },
    "50": {
        "BestCoverage": 0.8,
        "Elite": {
            "action": 0.939953088760376,
            "observation": 5
        }
    },
    "55": {
        "BestCoverage": 0.8,
        "Elite": {
            "action": 0.5092015266418457,
            "observation": 6
        }
    },
    "60": {
        "BestCoverage": 0.8,
        "Elite": {
            "action": -0.4505460262298584,
            "observation": 7
        }
    },
    "65": {
        "BestCoverage": 0.8,
        "Elite": {
            "action": 0.24556350708007812,
            "observation": 7
        }
    },
    "70": {
        "BestCoverage": 0.8,
        "Elite": {
            "action": 0.20365583896636963,
            "observation": 7
        }
    },
    "75": {
        "BestCoverage": 0.8,
        "Elite": {
            "action": 0.1333702802658081,
            "observation": 7
        }
    },
    "80": {
        "BestCoverage": 0.8,
        "Elite": {
            "action": -0.6857378482818604,
            "observation": 7
        }
    },
    "85": {
        "BestCoverage": 0.8,
        "Elite": {
            "action": 0.420151948928833,
            "observation": 6
        }
    },
    "90": {
        "BestCoverage": 0.8,
        "Elite": {
            "action": 0.16836023330688477,
            "observation": 6
        }
    },
    "95": {
        "BestCoverage": 0.8,
        "Elite": {
            "action": -0.6359244585037231,
            "observation": 6
        }
    },
    "100": {
        "BestCoverage": 0.8,
        "Elite": {
            "action": 0.7360008955001831,
            "observation": 5
        }
    },
    "105": {
        "BestCoverage": 0.8,
        "Elite": {
            "action": -0.14153820276260376,
            "observation": 6
        }
    },
    "110": {
        "BestCoverage": 0.8,
        "Elite": {
            "action": -0.9097386002540588,
            "observation": 6
        }
    },
    "115": {
        "BestCoverage": 0.8,
        "Elite": {
            "action": 0.1807025671005249,
            "observation": 5
        }
    },
    "120": {
        "BestCoverage": 0.8,
        "Elite": {
            "action": -0.8132126927375793,
            "observation": 5
        }
    },
    "125": {
        "BestCoverage": 0.8,
        "Elite": {
            "action": -0.41588228940963745,
            "observation": 4
        }
    },
    "130": {
        "BestCoverage": 0.8,
        "Elite": {
            "action": 0.2540961503982544,
            "observation": 4
        }
    },
    "135": {
        "BestCoverage": 0.8,
        "Elite": {
            "action": -0.5434517860412598,
            "observation": 4
        }
    },
    "140": {
        "BestCoverage": 0.8,
        "Elite": {
            "action": -0.7220218181610107,
            "observation": 3
        }
    },
    "145": {
        "BestCoverage": 0.8,
        "Elite": {
            "action": -0.8692398071289062,
            "observation": 2
        }
    },
    "150": {
        "BestCoverage": 0.8,
        "Elite": {
            "action": -0.7418221831321716,
            "observation": 1
        }
    },
    "155": {
        "BestCoverage": 0.8,
        "Elite": {
            "action": -0.7108723521232605,
            "observation": 0
        }
    },
    "160": {
        "BestCoverage": 0.8,
        "Elite": {
            "action": 0.17053043842315674,
            "observation": 0
        }
    },
    "165": {
        "BestCoverage": 0.8,
        "Elite": {
            "action": 0.8483843803405762,
            "observation": 0
        }
    },
    "170": {
        "BestCoverage": 0.8,
        "Elite": {
            "action": -0.8596904873847961,
            "observation": 1
        }
    },
    "175": {
        "BestCoverage": 0.8,
        "Elite": {
            "action": -0.07306462526321411,
            "observation": 0
        }
    },
    "180": {
        "BestCoverage": 0.8,
        "Elite": {
            "action": 0.5600261688232422,
            "observation": 0
        }
    },
    "185": {
        "BestCoverage": 0.8,
        "Elite": {
            "action": -0.9116312265396118,
            "observation": 1
        }
    },
    "190": {
        "BestCoverage": 0.8,
        "Elite": {
            "action": -0.30225670337677,
            "observation": 0
        }
    },
    "195": {
        "BestCoverage": 0.8,
        "Elite": {
            "action": 0.4851642847061157,
            "observation": 0
        }
    },
    "200": {
        "BestCoverage": 0.8,
        "Elite": {
            "action": -0.26186609268188477,
            "observation": 0
        }
    },
    "205": {
        "BestCoverage": 0.8,
        "Elite": {
            "action": 0.7711780071258545,
            "observation": 0
        }
    },
    "210": {
        "BestCoverage": 0.8,
        "Elite": {
            "action": 0.3210453987121582,
            "observation": 1
        }
    },
    "215": {
        "BestCoverage": 0.8,
        "Elite": {
            "action": 0.07648587226867676,
            "observation": 1
        }
    },
    "220": {
        "BestCoverage": 0.8,
        "Elite": {
            "action": 0.8539319038391113,
            "observation": 1
        }
    },
    "225": {
        "BestCoverage": 0.8,
        "Elite": {
            "action": 0.030817866325378418,
            "observation": 2
        }
    },
    "230": {
        "BestCoverage": 0.8,
        "Elite": {
            "action": -0.41096144914627075,
            "observation": 2
        }
    },
    "235": {
        "BestCoverage": 0.8,
        "Elite": {
            "action": -0.6620911955833435,
            "observation": 2
        }
    },
    "240": {
        "BestCoverage": 0.8,
        "Elite": {
            "action": -0.8398755192756653,
            "observation": 1
        }
    },
    "245": {
        "BestCoverage": 0.8,
        "Elite": {
            "action": -0.7044389843940735,
            "observation": 0
        }
    },
    "250": {
        "BestCoverage": 0.8,
        "Elite": {
            "action": 0.7384734153747559,
            "observation": 0
        }
    },
    "255": {
        "BestCoverage": 0.8,
        "Elite": {
            "action": 0.252338171005249,
            "observation": 1
        }
    },
    "260": {
        "BestCoverage": 0.8,
        "Elite": {
            "action": 0.29525911808013916,
            "observation": 1
        }
    },
    "265": {
        "BestCoverage": 0.8,
        "Elite": {
            "action": -0.6248717904090881,
            "observation": 1
        }
    },
    "270": {
        "BestCoverage": 0.8,
        "Elite": {
            "action": -0.7733907699584961,
            "observation": 0
        }
    },
    "275": {
        "BestCoverage": 0.8,
        "Elite": {
            "action": -0.1431981325149536,
            "observation": 0
        }
    },
    "280": {
        "BestCoverage": 0.8,