{
    "20": {
        "BestCoverage": 0.7375,
        "TestDeleteProbability": {
            "action": -0.09082882404327393,
            "observation": 0.3333333333333333
        }
    },
    "25": {
        "BestCoverage": 0.75,
        "TestDeleteProbability": {
            "action": -0.08488764762878419,
            "observation": 0.2425045092900594
        }
    },
    "30": {
        "BestCoverage": 0.75,
        "TestDeleteProbability": {
            "action": 0.02819288969039918,
            "observation": 0.1576168616612752
        }
    },
    "35": {
        "BestCoverage": 0.775,
        "TestDeleteProbability": {
            "action": -0.02016661763191223,
            "observation": 0.18580975135167438
        }
    },
    "40": {
        "BestCoverage": 0.775,
        "TestDeleteProbability": {
            "action": 0.09473397731781005,
            "observation": 0.16564313371976214
        }
    },
    "45": {
        "BestCoverage": 0.775,
        "TestDeleteProbability": {
            "action": 0.034142458438873285,
            "observation": 0.2603771110375722
        }
    },
    "50": {
        "BestCoverage": 0.775,
        "TestDeleteProbability": {
            "action": 0.055882894992828364,
            "observation": 0.29451956947644553
        }
    },
    "55": {
        "BestCoverage": 0.775,
        "TestDeleteProbability": {
            "action": 0.0773154377937317,
            "observation": 0.3504024644692739
        }
    },
    "60": {
        "BestCoverage": 0.775,
        "TestDeleteProbability": {
            "action": 0.053483378887176525,
            "observation": 0.42771790226300566
        }
    },
    "65": {
        "BestCoverage": 0.775,
        "TestDeleteProbability": {
            "action": -0.08960824012756348,
            "observation": 0.4812012811501822
        }
    },
    "70": {
        "BestCoverage": 0.775,
        "TestDeleteProbability": {
            "action": 0.023915815353393557,
            "observation": 0.3915930410226187
        }
    },
    "75": {
        "BestCoverage": 0.775,
        "TestDeleteProbability": {
            "action": 0.07508423328399658,
            "observation": 0.41550885637601226
        }
    },
    "80": {
        "BestCoverage": 0.775,
        "TestDeleteProbability": {
            "action": 0.020788693428039545,
            "observation": 0.4905930896600088
        }
    },
    "85": {
        "BestCoverage": 0.775,
        "TestDeleteProbability": {
            "action": -0.019566744565963745,
            "observation": 0.5113817830880484
        }
    },
    "90": {
        "BestCoverage": 0.775,
        "TestDeleteProbability": {
            "action": -0.08346632719039918,
            "observation": 0.49181503852208464
        }
    },
    "95": {
        "BestCoverage": 0.775,
        "TestDeleteProbability": {
            "action": -0.003881216049194336,
            "observation": 0.4083487113316855
        }
    },
    "100": {
        "BestCoverage": 0.775,
        "TestDeleteProbability": {
            "action": -0.029111540317535406,
            "observation": 0.40446749528249115
        }
    },
    "105": {
        "BestCoverage": 0.775,
        "TestDeleteProbability": {
            "action": 0.043802738189697266,
            "observation": 0.3753559549649558
        }
    },
    "110": {
        "BestCoverage": 0.7875,
        "TestDeleteProbability": {
            "action": -0.014872694015502924,
            "observation": 0.41915869315465304
        }
    },
    "115": {
        "BestCoverage": 0.7875,
        "TestDeleteProbability": {
            "action": 0.08399919271469117,
            "observation": 0.4042859991391501
        }
    },
    "120": {
        "BestCoverage": 0.7875,
        "TestDeleteProbability": {
            "action": 0.057572782039642334,
            "observation": 0.4882851918538412
        }
    },
    "125": {
        "BestCoverage": 0.7875,
        "TestDeleteProbability": {
            "action": 0.004788982868194583,
            "observation": 0.5458579738934836
        }
    },
    "130": {
        "BestCoverage": 0.7875,
        "TestDeleteProbability": {
            "action": 0.025068581104278564,
            "observation": 0.5506469567616782
        }
    },
    "135": {
        "BestCoverage": 0.7875,
        "TestDeleteProbability": {
            "action": 0.012679040431976318,
            "observation": 0.5757155378659568
        }
    },
    "140": {
        "BestCoverage": 0.8125,
        "TestDeleteProbability": {
            "action": -0.03861882090568543,
            "observation": 0.5883945782979331
        }
    },
    "145": {
        "BestCoverage": 0.8125,
        "TestDeleteProbability": {
            "action": -0.06312416791915894,
            "observation": 0.5497757573922476
        }
    },
    "150": {
        "BestCoverage": 0.8125,
        "TestDeleteProbability": {
            "action": -0.04116383790969849,
            "observation": 0.4866515894730887
        }
    },
    "155": {
        "BestCoverage": 0.8125,
        "TestDeleteProbability": {
            "action": -0.001264423131942749,
            "observation": 0.44548775156339016
        }
    },
    "160": {
        "BestCoverage": 0.8125,
        "TestDeleteProbability": {
            "action": -0.06361919641494751,
            "observation": 0.4442233284314474
        }
    },
    "165": {
        "BestCoverage": 0.8125,
        "TestDeleteProbability": {
            "action": 0.07135906219482421,
            "observation": 0.3806041320164999
        }
    },
    "170": {
        "BestCoverage": 0.8125,
        "TestDeleteProbability": {
            "action": 0.06987228393554687,
            "observation": 0.45196319421132414
        }
    },
    "175": {
        "BestCoverage": 0.8125,
        "TestDeleteProbability": {
            "action": -0.046723550558090216,
            "observation": 0.521835478146871
        }
    },
    "180": {
        "BestCoverage": 0.8125,
        "TestDeleteProbability": {
            "action": 0.007704377174377441,
            "observation": 0.47511192758878085
        }
    },
    "185": {
        "BestCoverage": 0.8125,
        "TestDeleteProbability": {
            "action": -0.08143017292022706,
            "observation": 0.4828163047631583
        }
    },
    "190": {
        "BestCoverage": 0.8125,
        "TestDeleteProbability": {
            "action": 0.03758521080017091,
            "observation": 0.40138613184293126
        }
    },
    "195": {
        "BestCoverage": 0.8125,
        "TestDeleteProbability": {
            "action": 0.025545608997344982,
            "observation": 0.43897134264310217
        }
    },
    "200": {
        "BestCoverage": 0.8125,
        "TestDeleteProbability": {
            "action": 0.03953356742858888,
            "observation": 0.46451695164044715
        }
    },
    "205": {
        "BestCoverage": 0.8125,
        "TestDeleteProbability": {
            "action": -0.0006287157535553034,
            "observation": 0.5040505190690361
        }
    },
    "210": {
        "BestCoverage": 0.8125,
        "TestDeleteProbability": {
            "action": -0.016618883609771734,
            "observation": 0.5034218033154808
        }
    },
    "215": {
        "BestCoverage": 0.8125,
        "TestDeleteProbability": {
            "action": 0.03226994276046752,
            "observation": 0.4868029197057091
        }
    },
    "220": {
        "BestCoverage": 0.8125,
        "TestDeleteProbability": {
            "action": 0.01999490261077881,
            "observation": 0.5190728624661767
        }
    },
    "225": {
        "BestCoverage": 0.8125,
        "TestDeleteProbability": {
            "action": 0.013121330738067621,
            "observation": 0.5390677650769555
        }
    },
    "230": {
        "BestCoverage": 0.8125,
        "TestDeleteProbability": {
            "action": -0.02925276756286621,