{
    "15": {
        "BestCoverage": 0.8,
        "Population": {
            "action": 1.6953468322753906,
            "observation": 50
        }
    },
    "20": {
        "BestCoverage": 0.8,
        "Population": {
            "action": 4.742162704467773,
            "observation": 52
        }
    },
    "25": {
        "BestCoverage": 0.8,
        "Population": {
            "action": -3.888535499572754,
            "observation": 57
        }
    },
    "30": {
        "BestCoverage": 0.8,
        "Population": {
            "action": 6.172837257385254,
            "observation": 53
        }
    },
    "35": {
        "BestCoverage": 0.8,
        "Population": {
            "action": 0.38387489318847656,
            "observation": 59
        }
    },
    "40": {
        "BestCoverage": 0.8,
        "Population": {
            "action": -6.418180465698242,
            "observation": 59
        }
    },
    "45": {
        "BestCoverage": 0.8,
        "Population": {
            "action": 5.929540634155273,
            "observation": 53
        }
    },
    "50": {
        "BestCoverage": 0.8,
        "Population": {
            "action": 7.949241638183594,
            "observation": 59
        }
    },
    "55": {
        "BestCoverage": 0.8,
        "Population": {
            "action": -5.00084924697876,
            "observation": 67
        }
    },
    "60": {
        "BestCoverage": 0.8,
        "Population": {
            "action": -3.0409932136535645,
            "observation": 62
        }
    },
    "65": {
        "BestCoverage": 0.8,
        "Population": {
            "action": -6.782055854797363,
            "observation": 59
        }
    },
    "70": {
        "BestCoverage": 0.8,
        "Population": {
            "action": -1.6573185920715332,
            "observation": 52
        }
    },
    "75": {
        "BestCoverage": 0.8,
        "Population": {
            "action": 1.7587995529174805,
            "observation": 50
        }
    },
    "80": {
        "BestCoverage": 0.8,
        "Population": {
            "action": 4.1382293701171875,
            "observation": 52
        }
    },
    "85": {
        "BestCoverage": 0.8,
        "Population": {
            "action": -1.3598666191101074,
            "observation": 56
        }
    },
    "90": {
        "BestCoverage": 0.8,
        "Population": {
            "action": 5.094212532043457,
            "observation": 55
        }
    },
    "95": {
        "BestCoverage": 0.8,
        "Population": {
            "action": -7.258641719818115,
            "observation": 60
        }
    },
    "100": {
        "BestCoverage": 0.8,
        "Population": {
            "action": 0.3461475372314453,
            "observation": 53
        }
    },
    "105": {
        "BestCoverage": 0.8,
        "Population": {
            "action": 4.744846343994141,
            "observation": 53
        }
    },
    "110": {
        "BestCoverage": 0.8,
        "Population": {
            "action": -3.4246692657470703,
            "observation": 58
        }
    },
    "115": {
        "BestCoverage": 0.8,
        "Population": {
            "action": -7.5414252281188965,
            "observation": 55
        }
    },
    "120": {
        "BestCoverage": 0.8,
        "Population": {
            "action": -5.0740966796875,
            "observation": 47
        }
    },
    "125": {
        "BestCoverage": 0.8,
        "Population": {
            "action": -3.0612401962280273,
            "observation": 42
        }
    },
    "130": {
        "BestCoverage": 0.8,
        "Population": {
            "action": -1.5779085159301758,
            "observation": 39
        }
    },
    "135": {
        "BestCoverage": 0.8,
        "Population": {
            "action": 5.747697830200195,
            "observation": 37
        }
    },
    "140": {
        "BestCoverage": 0.8,
        "Population": {
            "action": -2.2825727462768555,
            "observation": 43
        }
    },
    "145": {
        "BestCoverage": 0.8,
        "Population": {
            "action": 0.4892873764038086,
            "observation": 41
        }
    },
    "150": {
        "BestCoverage": 0.8,
        "Population": {
            "action": -0.9105777740478516,
            "observation": 41
        }
    },
    "155": {
        "BestCoverage": 0.8,
        "Population": {
            "action": -7.215093612670898,
            "observation": 40
        }
    },
    "160": {
        "BestCoverage": 0.8,
        "Population": {
            "action": 7.178874969482422,
            "observation": 33
        }
    },
    "165": {
        "BestCoverage": 0.8,
        "Population": {
            "action": 4.482149124145508,
            "observation": 40
        }
    },
    "170": {
        "BestCoverage": 0.8,
        "Population": {
            "action": 5.859885215759277,
            "observation": 44
        }
    },
    "175": {
        "BestCoverage": 0.8,
        "Population": {
            "action": 2.782085418701172,
            "observation": 50
        }
    },
    "180": {
        "BestCoverage": 0.8,
        "Population": {
            "action": 1.344888687133789,
            "observation": 53
        }
    },
    "185": {
        "BestCoverage": 0.8,
        "Population": {
            "action": -1.230536937713623,
            "observation": 54
        }
    },
    "190": {
        "BestCoverage": 0.8,
        "Population": {
            "action": 1.8033390045166016,
            "observation": 53
        }
    },
    "195": {
        "BestCoverage": 0.8,
        "Population": {
            "action": -6.851210117340088,
            "observation": 55
        }
    },
    "200": {
        "BestCoverage": 0.8,
        "Population": {
            "action": 5.81992244720459,
            "observation": 48
        }
    },
    "205": {
        "BestCoverage": 0.8,
        "Population": {
            "action": 5.651359558105469,
            "observation": 54
        }
    },
    "210": {
        "BestCoverage": 0.8,
        "Population": {
            "action": -2.2643933296203613,
            "observation": 60
        }
    },
    "215": {
        "BestCoverage": 0.8,
        "Population": {
            "action": -4.88208532333374,
            "observation": 58
        }
    },
    "220": {
        "BestCoverage": 0.8,
        "Population": {
            "action": 0.8463869094848633,
            "observation": 53
        }
    },
    "225": {
        "BestCoverage": 0.8,
        "Population": {
            "action": -3.493901252746582,
            "observation": 54
        }
    },
    "230": {
        "BestCoverage": 0.8,
        "Population": {
            "action": 1.0856380462646484,
            "observation": 51
        }
    },
    "235": {
        "BestCoverage": 0.8,
        "Population": {
            "action": 5.42057991027832,
            "observation": 52
        }
    },
    "240": {
        "BestCoverage": 0.8,
        "Population": {
            "action": -7.775539398193359,
            "observation": 57
        }
    },
    "245": {
        "BestCoverage": 0.8,
        "Population": {
            "action": 3.1744518280029297,
            "observation": 49
        }
    },
    "250": {
        "BestCoverage": 0.8,
        "Population": {
            "action": -5.295291423797607,
            "observation": 52
        }
    },
    "255": {
        "BestCoverage": 0.8,
        "Population": {
            "action": 2.680222511291504,
            "observation": 47
        }
    },
    "260": {
        "BestCoverage": 0.8,
        "Population": {
            "action": 2.355219841003418,
            "observation": 50
        }
    },
    "265": {
        "BestCoverage": 0.8,
        "Population": {
            "action": 4.218482971191406,
            "observation": 52
        }
    },
    "270": {
        "BestCoverage": 0.8,
        "Population": {
            "action": -0.9205765724182129,