{
    "15": {
        "BestCoverage": 0.12,
        "Population": {
            "action": 3.625690460205078,
            "observation": 50
        }
    },
    "20": {
        "BestCoverage": 0.12,
        "Population": {
            "action": 2.9584522247314453,
            "observation": 54
        }
    },
    "25": {
        "BestCoverage": 0.12,
        "Population": {
            "action": -4.62294864654541,
            "observation": 57
        }
    },
    "30": {
        "BestCoverage": 0.12,
        "Population": {
            "action": 2.746090888977051,
            "observation": 52
        }
    },
    "35": {
        "BestCoverage": 0.12,
        "Population": {
            "action": 2.1413955688476562,
            "observation": 55
        }
    },
    "40": {
        "BestCoverage": 0.12,
        "Population": {
            "action": -6.0797553062438965,
            "observation": 57
        }
    },
    "45": {
        "BestCoverage": 0.12,
        "Population": {
            "action": -0.0796957015991211,
            "observation": 51
        }
    },
    "50": {
        "BestCoverage": 0.12,
        "Population": {
            "action": 7.046398162841797,
            "observation": 51
        }
    },
    "55": {
        "BestCoverage": 0.12,
        "Population": {
            "action": 5.158990859985352,
            "observation": 58
        }
    },
    "60": {
        "BestCoverage": 0.12,
        "Population": {
            "action": -5.381510257720947,
            "observation": 63
        }
    },
    "65": {
        "BestCoverage": 0.12,
        "Population": {
            "action": 4.078481674194336,
            "observation": 58
        }
    },
    "70": {
        "BestCoverage": 0.12,
        "Population": {
            "action": 1.3363685607910156,
            "observation": 62
        }
    },
    "75": {
        "BestCoverage": 0.12,
        "Population": {
            "action": 1.4596643447875977,
            "observation": 63
        }
    },
    "80": {
        "BestCoverage": 0.12,
        "Population": {
            "action": -6.869525909423828,
            "observation": 64
        }
    },
    "85": {
        "BestCoverage": 0.12,
        "Population": {
            "action": 1.7983636856079102,
            "observation": 57
        }
    },
    "90": {
        "BestCoverage": 0.12,
        "Population": {
            "action": 0.4162425994873047,
            "observation": 59
        }
    },
    "95": {
        "BestCoverage": 0.12,
        "Population": {
            "action": -4.6000566482543945,
            "observation": 59
        }
    },
    "100": {
        "BestCoverage": 0.12,
        "Population": {
            "action": 6.861334800720215,
            "observation": 54
        }
    },
    "105": {
        "BestCoverage": 0.12,
        "Population": {
            "action": 7.151578903198242,
            "observation": 61
        }
    },
    "110": {
        "BestCoverage": 0.12,
        "Population": {
            "action": -4.741475582122803,
            "observation": 68
        }
    },
    "115": {
        "BestCoverage": 0.12,
        "Population": {
            "action": 5.3640899658203125,
            "observation": 63
        }
    },
    "120": {
        "BestCoverage": 0.12,
        "Population": {
            "action": 6.664936065673828,
            "observation": 68
        }
    },
    "125": {
        "BestCoverage": 0.12,
        "Population": {
            "action": 3.002859115600586,
            "observation": 75
        }
    },
    "130": {
        "BestCoverage": 0.12,
        "Population": {
            "action": 5.756731986999512,
            "observation": 78
        }
    },
    "135": {
        "BestCoverage": 0.12,
        "Population": {
            "action": -1.5039920806884766,
            "observation": 84
        }
    },
    "140": {
        "BestCoverage": 0.12,
        "Population": {
            "action": -0.9818696975708008,
            "observation": 82
        }
    },
    "145": {
        "BestCoverage": 0.12,
        "Population": {
            "action": 6.562437057495117,
            "observation": 81
        }
    },
    "150": {
        "BestCoverage": 0.12,
        "Population": {
            "action": 2.5347461700439453,
            "observation": 88
        }
    },
    "155": {
        "BestCoverage": 0.12,
        "Population": {
            "action": 6.0208587646484375,
            "observation": 91
        }
    },
    "160": {
        "BestCoverage": 0.12,
        "Population": {
            "action": 7.096857070922852,
            "observation": 97
        }
    },
    "165": {
        "BestCoverage": 0.12,
        "Population": {
            "action": 4.020164489746094,
            "observation": 100
        }
    },
    "170": {
        "BestCoverage": 0.12,
        "Population": {
            "action": 5.932155609130859,
            "observation": 100
        }
    },
    "175": {
        "BestCoverage": 0.12,
        "Population": {
            "action": 0.8508462905883789,
            "observation": 100
        }
    },
    "180": {
        "BestCoverage": 0.12,
        "Population": {
            "action": 6.960452079772949,
            "observation": 100
        }
    },
    "185": {
        "BestCoverage": 0.12,
        "Population": {
            "action": 0.13433551788330078,
            "observation": 100
        }
    },
    "190": {
        "BestCoverage": 0.12,
        "Population": {
            "action": 0.6444616317749023,
            "observation": 100
        }
    },
    "195": {
        "BestCoverage": 0.12,
        "Population": {
            "action": 0.9389333724975586,
            "observation": 100
        }
    },
    "200": {
        "BestCoverage": 0.12,
        "Population": {
            "action": 7.951796531677246,
            "observation": 100
        }
    },
    "205": {
        "BestCoverage": 0.12,
        "Population": {
            "action": -5.706821918487549,
            "observation": 100
        }
    },
    "210": {
        "BestCoverage": 0.12,
        "Population": {
            "action": 4.558618545532227,
            "observation": 94
        }
    },
    "215": {
        "BestCoverage": 0.12,
        "Population": {
            "action": -1.0394392013549805,
            "observation": 99
        }
    },
    "220": {
        "BestCoverage": 0.12,
        "Population": {
            "action": 4.323620796203613,
            "observation": 98
        }
    },
    "225": {
        "BestCoverage": 0.12,
        "Population": {
            "action": 6.08687686920166,
            "observation": 100
        }
    },
    "230": {
        "BestCoverage": 0.12,
        "Population": {
            "action": -7.993475914001465,
            "observation": 100
        }
    },
    "235": {
        "BestCoverage": 0.12,
        "Population": {
            "action": 5.839076995849609,
            "observation": 92
        }
    },
    "240": {
        "BestCoverage": 0.12,
        "Population": {
            "action": -2.736387252807617,
            "observation": 98
        }
    },
    "245": {
        "BestCoverage": 0.12,
        "Population": {
            "action": 4.919704437255859,
            "observation": 95
        }
    },
    "250": {
        "BestCoverage": 0.12,
        "Population": {
            "action": -6.645809650421143,
            "observation": 100
        }
    },
    "255": {
        "BestCoverage": 0.12,
        "Population": {
            "action": -3.126565933227539,
            "observation": 93
        }
    },
    "260": {
        "BestCoverage": 0.12,
        "Population": {
            "action": 0.21118545532226562,
            "observation": 90
        }
    },
    "265": {
        "BestCoverage": 0.12,
        "Population": {
            "action": -6.915374279022217,
            "observation": 90
        }
    },
    "270": {
        "BestCoverage": 0.12,