{
    "25": {
        "BestCoverage": 0.7375,
        "Population": {
            "action": 0.5104570388793945,
            "observation": 50
        }
    },
    "30": {
        "BestCoverage": 0.7375,
        "Population": {
            "action": 0.1180419921875,
            "observation": 51
        }
    },
    "35": {
        "BestCoverage": 0.7375,
        "Population": {
            "action": 7.950340270996094,
            "observation": 51
        }
    },
    "40": {
        "BestCoverage": 0.75,
        "Population": {
            "action": 4.98602294921875,
            "observation": 59
        }
    },
    "45": {
        "BestCoverage": 0.75,
        "Population": {
            "action": -6.191051959991455,
            "observation": 64
        }
    },
    "50": {
        "BestCoverage": 0.75,
        "Population": {
            "action": 1.538177490234375,
            "observation": 58
        }
    },
    "55": {
        "BestCoverage": 0.75,
        "Population": {
            "action": 5.932491302490234,
            "observation": 60
        }
    },
    "60": {
        "BestCoverage": 0.75,
        "Population": {
            "action": -6.878020763397217,
            "observation": 66
        }
    },
    "65": {
        "BestCoverage": 0.75,
        "Population": {
            "action": 2.739469528198242,
            "observation": 59
        }
    },
    "70": {
        "BestCoverage": 0.75,
        "Population": {
            "action": 4.050432205200195,
            "observation": 62
        }
    },
    "75": {
        "BestCoverage": 0.75,
        "Population": {
            "action": 1.1463861465454102,
            "observation": 66
        }
    },
    "80": {
        "BestCoverage": 0.75,
        "Population": {
            "action": 5.214031219482422,
            "observation": 67
        }
    },
    "85": {
        "BestCoverage": 0.75,
        "Population": {
            "action": -2.5000123977661133,
            "observation": 72
        }
    },
    "90": {
        "BestCoverage": 0.75,
        "Population": {
            "action": 6.62437629699707,
            "observation": 69
        }
    },
    "95": {
        "BestCoverage": 0.75,
        "Population": {
            "action": 7.570940017700195,
            "observation": 76
        }
    },
    "100": {
        "BestCoverage": 0.75,
        "Population": {
            "action": 1.9404325485229492,
            "observation": 84
        }
    },
    "105": {
        "BestCoverage": 0.75,
        "Population": {
            "action": 6.241783142089844,
            "observation": 86
        }
    },
    "110": {
        "BestCoverage": 0.75,
        "Population": {
            "action": -4.828253269195557,
            "observation": 92
        }
    },
    "115": {
        "BestCoverage": 0.75,
        "Population": {
            "action": 6.961456298828125,
            "observation": 87
        }
    },
    "120": {
        "BestCoverage": 0.75,
        "Population": {
            "action": 4.74774169921875,
            "observation": 94
        }
    },
    "125": {
        "BestCoverage": 0.75,
        "Population": {
            "action": 7.352496147155762,
            "observation": 99
        }
    },
    "130": {
        "BestCoverage": 0.75,
        "Population": {
            "action": 1.2154483795166016,
            "observation": 100
        }
    },
    "135": {
        "BestCoverage": 0.75,
        "Population": {
            "action": -4.108391284942627,
            "observation": 100
        }
    },
    "140": {
        "BestCoverage": 0.75,
        "Population": {
            "action": 6.435966491699219,
            "observation": 96
        }
    },
    "145": {
        "BestCoverage": 0.75,
        "Population": {
            "action": 6.993711471557617,
            "observation": 100
        }
    },
    "150": {
        "BestCoverage": 0.75,
        "Population": {
            "action": 4.439031600952148,
            "observation": 100
        }
    },
    "155": {
        "BestCoverage": 0.75,
        "Population": {
            "action": -0.6960315704345703,
            "observation": 100
        }
    },
    "160": {
        "BestCoverage": 0.75,
        "Population": {
            "action": 6.833344459533691,
            "observation": 99
        }
    },
    "165": {
        "BestCoverage": 0.75,
        "Population": {
            "action": 0.8608388900756836,
            "observation": 100
        }
    },
    "170": {
        "BestCoverage": 0.75,
        "Population": {
            "action": 2.805060386657715,
            "observation": 100
        }
    },
    "175": {
        "BestCoverage": 0.75,
        "Population": {
            "action": -1.8387680053710938,
            "observation": 100
        }
    },
    "180": {
        "BestCoverage": 0.75,
        "Population": {
            "action": -4.018463611602783,
            "observation": 98
        }
    },
    "185": {
        "BestCoverage": 0.75,
        "Population": {
            "action": 7.638668060302734,
            "observation": 94
        }
    },
    "190": {
        "BestCoverage": 0.75,
        "Population": {
            "action": 5.36794376373291,
            "observation": 100
        }
    },
    "195": {
        "BestCoverage": 0.75,
        "Population": {
            "action": 7.753606796264648,
            "observation": 100
        }
    },
    "200": {
        "BestCoverage": 0.75,
        "Population": {
            "action": -0.5541229248046875,
            "observation": 100
        }
    },
    "205": {
        "BestCoverage": 0.75,
        "Population": {
            "action": -0.6545476913452148,
            "observation": 99
        }
    },
    "210": {
        "BestCoverage": 0.75,
        "Population": {
            "action": 0.843531608581543,
            "observation": 98
        }
    },
    "215": {
        "BestCoverage": 0.75,
        "Population": {
            "action": -6.9407958984375,
            "observation": 99
        }
    },
    "220": {
        "BestCoverage": 0.75,
        "Population": {
            "action": 0.5705499649047852,
            "observation": 92
        }
    },
    "225": {
        "BestCoverage": 0.75,
        "Population": {
            "action": 0.4864521026611328,
            "observation": 93
        }
    },
    "230": {
        "BestCoverage": 0.75,
        "Population": {
            "action": -2.2766990661621094,
            "observation": 93
        }
    },
    "235": {
        "BestCoverage": 0.75,
        "Population": {
            "action": -2.1912803649902344,
            "observation": 91
        }
    },
    "240": {
        "BestCoverage": 0.75,
        "Population": {
            "action": 0.3292675018310547,
            "observation": 89
        }
    },
    "245": {
        "BestCoverage": 0.75,
        "Population": {
            "action": -2.7698521614074707,
            "observation": 89
        }
    },
    "250": {
        "BestCoverage": 0.75,
        "Population": {
            "action": 6.464639663696289,
            "observation": 86
        }
    },
    "255": {
        "BestCoverage": 0.75,
        "Population": {
            "action": -4.868331432342529,
            "observation": 92
        }
    },
    "260": {
        "BestCoverage": 0.75,
        "Population": {
            "action": 2.8191356658935547,
            "observation": 87
        }
    },
    "265": {
        "BestCoverage": 0.75,
        "Population": {
            "action": 1.289316177368164,
            "observation": 90
        }
    },
    "270": {
        "BestCoverage": 0.75,
        "Population": {
            "action": -6.671319484710693,
            "observation": 91
        }
    },
    "275": {
        "BestCoverage": 0.75,
        "Population": {
            "action": 1.4618864059448242,
            "observation": 84
        }
    },
    "280": {
        "BestCoverage": 0.75,