{
    "15": {
        "BestCoverage": 0.8,
        "RandomPerturbation": {
            "action": -0.02102026343345642,
            "observation": 0.2
        }
    },
    "20": {
        "BestCoverage": 0.8,
        "RandomPerturbation": {
            "action": -0.0917622208595276,
            "observation": 0.1789797365665436
        }
    },
    "25": {
        "BestCoverage": 0.8,
        "RandomPerturbation": {
            "action": -0.08068652749061585,
            "observation": 0.087217515707016
        }
    },
    "30": {
        "BestCoverage": 0.8,
        "RandomPerturbation": {
            "action": 0.07263717651367188,
            "observation": 0.006530988216400149
        }
    },
    "35": {
        "BestCoverage": 0.8,
        "RandomPerturbation": {
            "action": -0.061347538232803346,
            "observation": 0.07916816473007203
        }
    },
    "40": {
        "BestCoverage": 0.8,
        "RandomPerturbation": {
            "action": 0.018553006649017337,
            "observation": 0.017820626497268684
        }
    },
    "45": {
        "BestCoverage": 0.8,
        "RandomPerturbation": {
            "action": 0.019944715499877932,
            "observation": 0.03637363314628602
        }
    },
    "50": {
        "BestCoverage": 0.8,
        "RandomPerturbation": {
            "action": -0.0044242084026336614,
            "observation": 0.05631834864616395
        }
    },
    "55": {
        "BestCoverage": 0.8,
        "RandomPerturbation": {
            "action": -0.09076011180877686,
            "observation": 0.05189414024353029
        }
    },
    "60": {
        "BestCoverage": 0.8,
        "RandomPerturbation": {
            "action": 0.0038134694099426214,
            "observation": 0.0
        }
    },
    "65": {
        "BestCoverage": 0.8,
        "RandomPerturbation": {
            "action": -0.020963537693023684,
            "observation": 0.0038134694099426214
        }
    },
    "70": {
        "BestCoverage": 0.8,
        "RandomPerturbation": {
            "action": 0.06823450326919556,
            "observation": 0.0
        }
    },
    "75": {
        "BestCoverage": 0.8,
        "RandomPerturbation": {
            "action": 0.04210511445999146,
            "observation": 0.06823450326919556
        }
    },
    "80": {
        "BestCoverage": 0.8,
        "RandomPerturbation": {
            "action": 0.06444909572601318,
            "observation": 0.11033961772918702
        }
    },
    "85": {
        "BestCoverage": 0.8,
        "RandomPerturbation": {
            "action": 0.036218345165252686,
            "observation": 0.1747887134552002
        }
    },
    "90": {
        "BestCoverage": 0.8,
        "RandomPerturbation": {
            "action": 0.052514362335205095,
            "observation": 0.21100705862045288
        }
    },
    "95": {
        "BestCoverage": 0.8,
        "RandomPerturbation": {
            "action": -0.05285803079605103,
            "observation": 0.263521420955658
        }
    },
    "100": {
        "BestCoverage": 0.8,
        "RandomPerturbation": {
            "action": -0.002667891979217532,
            "observation": 0.21066339015960697
        }
    },
    "105": {
        "BestCoverage": 0.8,
        "RandomPerturbation": {
            "action": -0.07273510694503785,
            "observation": 0.20799549818038943
        }
    },
    "110": {
        "BestCoverage": 0.8,
        "RandomPerturbation": {
            "action": 0.09242579936981202,
            "observation": 0.13526039123535158
        }
    },
    "115": {
        "BestCoverage": 0.8,
        "RandomPerturbation": {
            "action": 0.08806475400924682,
            "observation": 0.2276861906051636
        }
    },
    "120": {
        "BestCoverage": 0.8,
        "RandomPerturbation": {
            "action": 0.029013562202453602,
            "observation": 0.31575094461441044
        }
    },
    "125": {
        "BestCoverage": 0.8,
        "RandomPerturbation": {
            "action": 0.05926692485809326,
            "observation": 0.34476450681686405
        }
    },
    "130": {
        "BestCoverage": 0.8,
        "RandomPerturbation": {
            "action": -0.0797648847103119,
            "observation": 0.4040314316749573
        }
    },
    "135": {
        "BestCoverage": 0.8,
        "RandomPerturbation": {
            "action": 0.06572501659393312,
            "observation": 0.3242665469646454
        }
    },
    "140": {
        "BestCoverage": 0.8,
        "RandomPerturbation": {
            "action": 0.021600747108459467,
            "observation": 0.38999156355857856
        }
    },
    "145": {
        "BestCoverage": 0.8,
        "RandomPerturbation": {
            "action": 0.07160823345184328,
            "observation": 0.41159231066703805
        }
    },
    "150": {
        "BestCoverage": 0.8,
        "RandomPerturbation": {
            "action": -0.0642776370048523,
            "observation": 0.48320054411888136
        }
    },
    "155": {
        "BestCoverage": 0.8,
        "RandomPerturbation": {
            "action": 0.09280118942260743,
            "observation": 0.4189229071140291
        }
    },
    "160": {
        "BestCoverage": 0.8,
        "RandomPerturbation": {
            "action": -0.015695190429687506,
            "observation": 0.5117240965366365
        }
    },
    "165": {
        "BestCoverage": 0.8,
        "RandomPerturbation": {
            "action": 0.08656070232391358,
            "observation": 0.49602890610694905
        }
    },
    "170": {
        "BestCoverage": 0.8,
        "RandomPerturbation": {
            "action": -0.061276406049728394,
            "observation": 0.5825896084308626
        }
    },
    "175": {
        "BestCoverage": 0.8,
        "RandomPerturbation": {
            "action": 0.06276926994323731,
            "observation": 0.5213132023811342
        }
    },
    "180": {
        "BestCoverage": 0.8,
        "RandomPerturbation": {
            "action": -0.02327332496643067,
            "observation": 0.5840824723243715
        }
    },
    "185": {
        "BestCoverage": 0.8,
        "RandomPerturbation": {
            "action": 0.03771789073944093,
            "observation": 0.5608091473579409
        }
    },
    "190": {
        "BestCoverage": 0.8,
        "RandomPerturbation": {
            "action": -0.09910179972648621,
            "observation": 0.5985270380973817
        }
    },
    "195": {
        "BestCoverage": 0.8,
        "RandomPerturbation": {
            "action": -0.0779873788356781,
            "observation": 0.49942523837089553
        }
    },
    "200": {
        "BestCoverage": 0.8,
        "RandomPerturbation": {
            "action": -0.07205581665039062,
            "observation": 0.4214378595352174
        }
    },
    "205": {
        "BestCoverage": 0.8,
        "RandomPerturbation": {
            "action": -0.03860363960266114,
            "observation": 0.34938204288482677
        }
    },
    "210": {
        "BestCoverage": 0.8,
        "RandomPerturbation": {
            "action": -0.0993954360485077,
            "observation": 0.31077840328216566
        }
    },
    "215": {
        "BestCoverage": 0.8,
        "RandomPerturbation": {
            "action": -0.03780704736709595,
            "observation": 0.21138296723365796
        }
    },
    "220": {
        "BestCoverage": 0.8,
        "RandomPerturbation": {
            "action": 0.01545990705490112,
            "observation": 0.173575919866562
        }
    },
    "225": {
        "BestCoverage": 0.8,
        "RandomPerturbation": {
            "action": -0.06131715774536133,
            "observation": 0.18903582692146315
        }
    },
    "230": {
        "BestCoverage": 0.8,
        "RandomPerturbation": {
            "action": -0.0794210433959961,
            "observation": 0.1277186691761018
        }
    },
    "235": {
        "BestCoverage": 0.8,