{
    "15": {
        "BestCoverage": 0.75,
        "Elite": {
            "action": -0.6260520219802856,
            "observation": 1
        }
    },
    "20": {
        "BestCoverage": 0.75,
        "Elite": {
            "action": -0.9728893637657166,
            "observation": 0
        }
    },
    "25": {
        "BestCoverage": 0.75,
        "Elite": {
            "action": -0.013295769691467285,
            "observation": 0
        }
    },
    "30": {
        "BestCoverage": 0.75,
        "Elite": {
            "action": -0.5604462623596191,
            "observation": 0
        }
    },
    "35": {
        "BestCoverage": 0.75,
        "Elite": {
            "action": 0.6695911884307861,
            "observation": 0
        }
    },
    "40": {
        "BestCoverage": 0.75,
        "Elite": {
            "action": 0.6475232839584351,
            "observation": 1
        }
    },
    "45": {
        "BestCoverage": 0.75,
        "Elite": {
            "action": 0.4488208293914795,
            "observation": 2
        }
    },
    "50": {
        "BestCoverage": 0.75,
        "Elite": {
            "action": 0.21291637420654297,
            "observation": 2
        }
    },
    "55": {
        "BestCoverage": 0.75,
        "Elite": {
            "action": -0.2466442584991455,
            "observation": 2
        }
    },
    "60": {
        "BestCoverage": 0.75,
        "Elite": {
            "action": 0.5937998294830322,
            "observation": 2
        }
    },
    "65": {
        "BestCoverage": 0.75,
        "Elite": {
            "action": 0.6793354749679565,
            "observation": 3
        }
    },
    "70": {
        "BestCoverage": 0.75,
        "Elite": {
            "action": 0.7651994228363037,
            "observation": 4
        }
    },
    "75": {
        "BestCoverage": 0.75,
        "Elite": {
            "action": -0.48845821619033813,
            "observation": 5
        }
    },
    "80": {
        "BestCoverage": 0.75,
        "Elite": {
            "action": -0.32747018337249756,
            "observation": 5
        }
    },
    "85": {
        "BestCoverage": 0.75,
        "Elite": {
            "action": -0.21657192707061768,
            "observation": 5
        }
    },
    "90": {
        "BestCoverage": 0.75,
        "Elite": {
            "action": 0.8176014423370361,
            "observation": 5
        }
    },
    "95": {
        "BestCoverage": 0.75,
        "Elite": {
            "action": -0.8242901563644409,
            "observation": 6
        }
    },
    "100": {
        "BestCoverage": 0.75,
        "Elite": {
            "action": -0.8050910830497742,
            "observation": 5
        }
    },
    "105": {
        "BestCoverage": 0.75,
        "Elite": {
            "action": 0.48432695865631104,
            "observation": 4
        }
    },
    "110": {
        "BestCoverage": 0.75,
        "Elite": {
            "action": -0.8334869146347046,
            "observation": 4
        }
    },
    "115": {
        "BestCoverage": 0.75,
        "Elite": {
            "action": 0.4320976734161377,
            "observation": 3
        }
    },
    "120": {
        "BestCoverage": 0.75,
        "Elite": {
            "action": -0.0006387233734130859,
            "observation": 3
        }
    },
    "125": {
        "BestCoverage": 0.75,
        "Elite": {
            "action": 0.8011664152145386,
            "observation": 3
        }
    },
    "130": {
        "BestCoverage": 0.75,
        "Elite": {
            "action": 0.14864301681518555,
            "observation": 4
        }
    },
    "135": {
        "BestCoverage": 0.75,
        "Elite": {
            "action": -0.7579779028892517,
            "observation": 4
        }
    },
    "140": {
        "BestCoverage": 0.75,
        "Elite": {
            "action": 0.3951030969619751,
            "observation": 3
        }
    },
    "145": {
        "BestCoverage": 0.75,
        "Elite": {
            "action": -0.6803340911865234,
            "observation": 3
        }
    },
    "150": {
        "BestCoverage": 0.75,
        "Elite": {
            "action": 0.008753418922424316,
            "observation": 2
        }
    },
    "155": {
        "BestCoverage": 0.75,
        "Elite": {
            "action": 0.4412142038345337,
            "observation": 2
        }
    },
    "160": {
        "BestCoverage": 0.75,
        "Elite": {
            "action": 0.8991943597793579,
            "observation": 2
        }
    },
    "165": {
        "BestCoverage": 0.75,
        "Elite": {
            "action": 0.3813169002532959,
            "observation": 3
        }
    },
    "170": {
        "BestCoverage": 0.75,
        "Elite": {
            "action": 0.7800509929656982,
            "observation": 3
        }
    },
    "175": {
        "BestCoverage": 0.75,
        "Elite": {
            "action": 0.5188868045806885,
            "observation": 4
        }
    },
    "180": {
        "BestCoverage": 0.75,
        "Elite": {
            "action": -0.7779375910758972,
            "observation": 5
        }
    },
    "185": {
        "BestCoverage": 0.75,
        "Elite": {
            "action": -0.22852081060409546,
            "observation": 4
        }
    },
    "190": {
        "BestCoverage": 0.75,
        "Elite": {
            "action": 0.9049557447433472,
            "observation": 4
        }
    },
    "195": {
        "BestCoverage": 0.75,
        "Elite": {
            "action": 0.5431787967681885,
            "observation": 5
        }
    },
    "200": {
        "BestCoverage": 0.75,
        "Elite": {
            "action": -0.9400712251663208,
            "observation": 6
        }
    },
    "205": {
        "BestCoverage": 0.75,
        "Elite": {
            "action": 0.7115879058837891,
            "observation": 5
        }
    },
    "210": {
        "BestCoverage": 0.75,
        "Elite": {
            "action": -0.9733217358589172,
            "observation": 6
        }
    },
    "215": {
        "BestCoverage": 0.75,
        "Elite": {
            "action": -0.36814284324645996,
            "observation": 5
        }
    },
    "220": {
        "BestCoverage": 0.75,
        "Elite": {
            "action": 0.6802113056182861,
            "observation": 5
        }
    },
    "225": {
        "BestCoverage": 0.75,
        "Elite": {
            "action": 0.4181298017501831,
            "observation": 6
        }
    },
    "230": {
        "BestCoverage": 0.75,
        "Elite": {
            "action": -0.22823703289031982,
            "observation": 6
        }
    },
    "235": {
        "BestCoverage": 0.75,
        "Elite": {
            "action": 0.9672949314117432,
            "observation": 6
        }
    },
    "240": {
        "BestCoverage": 0.75,
        "Elite": {
            "action": -0.17367088794708252,
            "observation": 7
        }
    },
    "245": {
        "BestCoverage": 0.75,
        "Elite": {
            "action": 0.8833630084991455,
            "observation": 7
        }
    },
    "250": {
        "BestCoverage": 0.75,
        "Elite": {
            "action": 0.12233030796051025,
            "observation": 8
        }
    },
    "255": {
        "BestCoverage": 0.75,
        "Elite": {
            "action": 0.8826713562011719,
            "observation": 8
        }
    },
    "260": {
        "BestCoverage": 0.75,
        "Elite": {
            "action": 0.6834639310836792,
            "observation": 9
        }
    },
    "265": {
        "BestCoverage": 0.75,
        "Elite": {
            "action": -0.29015791416168213,
            "observation": 10
        }
    },
    "270": {
        "BestCoverage": 0.75,
        "Elite": {
            "action": 0.4528743028640747,
            "observation": 10
        }
    },
    "275": {
        "BestCoverage": 0.75,
        "Elite": {
            "action": -0.652985692024231,
            "observation": 10
        }
    },