{
    "25": {
        "BestCoverage": 0.7125,
        "TournamentSize": {
            "action": 0.5362707376480103,
            "observation": 5
        }
    },
    "30": {
        "BestCoverage": 0.7375,
        "TournamentSize": {
            "action": 0.925631046295166,
            "observation": 6
        }
    },
    "35": {
        "BestCoverage": 0.7375,
        "TournamentSize": {
            "action": 0.8848543167114258,
            "observation": 7
        }
    },
    "40": {
        "BestCoverage": 0.7375,
        "TournamentSize": {
            "action": 0.8127245903015137,
            "observation": 8
        }
    },
    "45": {
        "BestCoverage": 0.7375,
        "TournamentSize": {
            "action": 0.009959578514099121,
            "observation": 9
        }
    },
    "50": {
        "BestCoverage": 0.7375,
        "TournamentSize": {
            "action": 0.9325950145721436,
            "observation": 9
        }
    },
    "55": {
        "BestCoverage": 0.7375,
        "TournamentSize": {
            "action": -0.3059711456298828,
            "observation": 10
        }
    },
    "60": {
        "BestCoverage": 0.7375,
        "TournamentSize": {
            "action": 0.28654909133911133,
            "observation": 10
        }
    },
    "65": {
        "BestCoverage": 0.7375,
        "TournamentSize": {
            "action": 0.8493106365203857,
            "observation": 10
        }
    },
    "70": {
        "BestCoverage": 0.7375,
        "TournamentSize": {
            "action": 0.9570173025131226,
            "observation": 10
        }
    },
    "75": {
        "BestCoverage": 0.75,
        "TournamentSize": {
            "action": -0.9499783515930176,
            "observation": 10
        }
    },
    "80": {
        "BestCoverage": 0.75,
        "TournamentSize": {
            "action": -0.1578226089477539,
            "observation": 9
        }
    },
    "85": {
        "BestCoverage": 0.75,
        "TournamentSize": {
            "action": 0.15745103359222412,
            "observation": 9
        }
    },
    "90": {
        "BestCoverage": 0.75,
        "TournamentSize": {
            "action": 0.16257810592651367,
            "observation": 9
        }
    },
    "95": {
        "BestCoverage": 0.75,
        "TournamentSize": {
            "action": -0.44454050064086914,
            "observation": 9
        }
    },
    "100": {
        "BestCoverage": 0.75,
        "TournamentSize": {
            "action": -0.7870286703109741,
            "observation": 9
        }
    },
    "105": {
        "BestCoverage": 0.75,
        "TournamentSize": {
            "action": -0.36949026584625244,
            "observation": 8
        }
    },
    "110": {
        "BestCoverage": 0.75,
        "TournamentSize": {
            "action": -0.8093734383583069,
            "observation": 8
        }
    },
    "115": {
        "BestCoverage": 0.75,
        "TournamentSize": {
            "action": 0.3674767017364502,
            "observation": 7
        }
    },
    "120": {
        "BestCoverage": 0.75,
        "TournamentSize": {
            "action": 0.5683438777923584,
            "observation": 7
        }
    },
    "125": {
        "BestCoverage": 0.75,
        "TournamentSize": {
            "action": -0.7955339550971985,
            "observation": 8
        }
    },
    "130": {
        "BestCoverage": 0.75,
        "TournamentSize": {
            "action": 0.9666776657104492,
            "observation": 7
        }
    },
    "135": {
        "BestCoverage": 0.75,
        "TournamentSize": {
            "action": -0.025831878185272217,
            "observation": 8
        }
    },
    "140": {
        "BestCoverage": 0.75,
        "TournamentSize": {
            "action": 0.09953594207763672,
            "observation": 8
        }
    },
    "145": {
        "BestCoverage": 0.75,
        "TournamentSize": {
            "action": 0.3797348737716675,
            "observation": 8
        }
    },
    "150": {
        "BestCoverage": 0.75,
        "TournamentSize": {
            "action": -0.12048232555389404,
            "observation": 8
        }
    },
    "155": {
        "BestCoverage": 0.75,
        "TournamentSize": {
            "action": -0.5353417992591858,
            "observation": 8
        }
    },
    "160": {
        "BestCoverage": 0.75,
        "TournamentSize": {
            "action": 0.43474864959716797,
            "observation": 7
        }
    },
    "165": {
        "BestCoverage": 0.75,
        "TournamentSize": {
            "action": 0.25380194187164307,
            "observation": 7
        }
    },
    "170": {
        "BestCoverage": 0.75,
        "TournamentSize": {
            "action": -0.5809186100959778,
            "observation": 7
        }
    },
    "175": {
        "BestCoverage": 0.75,
        "TournamentSize": {
            "action": -0.5193495750427246,
            "observation": 6
        }
    },
    "180": {
        "BestCoverage": 0.7625,
        "TournamentSize": {
            "action": -0.5639980435371399,
            "observation": 5
        }
    },
    "185": {
        "BestCoverage": 0.7625,
        "TournamentSize": {
            "action": 0.9303648471832275,
            "observation": 4
        }
    },
    "190": {
        "BestCoverage": 0.7625,
        "TournamentSize": {
            "action": 0.9797160625457764,
            "observation": 5
        }
    },
    "195": {
        "BestCoverage": 0.7625,
        "TournamentSize": {
            "action": 0.8604955673217773,
            "observation": 6
        }
    },
    "200": {
        "BestCoverage": 0.7625,
        "TournamentSize": {
            "action": 0.515304446220398,
            "observation": 7
        }
    },
    "205": {
        "BestCoverage": 0.7625,
        "TournamentSize": {
            "action": 0.0548170804977417,
            "observation": 8
        }
    },
    "210": {
        "BestCoverage": 0.7625,
        "TournamentSize": {
            "action": 0.6716442108154297,
            "observation": 8
        }
    },
    "215": {
        "BestCoverage": 0.7625,
        "TournamentSize": {
            "action": -0.7959581017494202,
            "observation": 9
        }
    },
    "220": {
        "BestCoverage": 0.7625,
        "TournamentSize": {
            "action": 0.09551823139190674,
            "observation": 8
        }
    },
    "225": {
        "BestCoverage": 0.7625,
        "TournamentSize": {
            "action": -0.39927148818969727,
            "observation": 8
        }
    },
    "230": {
        "BestCoverage": 0.7625,
        "TournamentSize": {
            "action": 0.7906801700592041,
            "observation": 8
        }
    },
    "235": {
        "BestCoverage": 0.7625,
        "TournamentSize": {
            "action": 0.32712554931640625,
            "observation": 9
        }
    },
    "240": {
        "BestCoverage": 0.7625,
        "TournamentSize": {
            "action": -0.5698630213737488,
            "observation": 9
        }
    },
    "245": {
        "BestCoverage": 0.7625,
        "TournamentSize": {
            "action": 0.9198002815246582,
            "observation": 8
        }
    },
    "250": {
        "BestCoverage": 0.775,
        "TournamentSize": {
            "action": -0.891509473323822,
            "observation": 9
        }
    },
    "255": {
        "BestCoverage": 0.775,
        "TournamentSize": {
            "action": 0.04110240936279297,
            "observation": 8
        }
    },
    "260": {
        "BestCoverage": 0.775,
        "TournamentSize": {
            "action": 0.6282885074615479,
            "observation": 8
        }
    },
    "265": {
        "BestCoverage": 0.775,
        "TournamentSize": {
            "action": -0.5232632756233215,
            "observation": 9
        }
    },
    "270": {
        "BestCoverage": 0.775,
        "TournamentSize": {
            "action": 0.3680131435394287,