{
    "15": {
        "BestCoverage": 0.8,
        "TestInsertProbability": {
            "action": 0.05888230800628663,
            "observation": 0.3333333333333333
        }
    },
    "20": {
        "BestCoverage": 0.8,
        "TestInsertProbability": {
            "action": 0.0530566453933716,
            "observation": 0.39221564133961995
        }
    },
    "25": {
        "BestCoverage": 0.8,
        "TestInsertProbability": {
            "action": -0.06398916244506836,
            "observation": 0.4452722867329916
        }
    },
    "30": {
        "BestCoverage": 0.8,
        "TestInsertProbability": {
            "action": -0.049745649099349976,
            "observation": 0.3812831242879232
        }
    },
    "35": {
        "BestCoverage": 0.8,
        "TestInsertProbability": {
            "action": -0.06374180912971497,
            "observation": 0.33153747518857324
        }
    },
    "40": {
        "BestCoverage": 0.8,
        "TestInsertProbability": {
            "action": -0.035597527027130135,
            "observation": 0.2677956660588583
        }
    },
    "45": {
        "BestCoverage": 0.8,
        "TestInsertProbability": {
            "action": 0.04289803504943848,
            "observation": 0.23219813903172815
        }
    },
    "50": {
        "BestCoverage": 0.8,
        "TestInsertProbability": {
            "action": 0.07299669981002807,
            "observation": 0.2750961740811666
        }
    },
    "55": {
        "BestCoverage": 0.8,
        "TestInsertProbability": {
            "action": -0.08221373558044434,
            "observation": 0.3480928738911947
        }
    },
    "60": {
        "BestCoverage": 0.8,
        "TestInsertProbability": {
            "action": 0.09593106508255006,
            "observation": 0.2658791383107504
        }
    },
    "65": {
        "BestCoverage": 0.8,
        "TestInsertProbability": {
            "action": -0.08231414556503297,
            "observation": 0.36181020339330044
        }
    },
    "70": {
        "BestCoverage": 0.8,
        "TestInsertProbability": {
            "action": -0.05411872863769532,
            "observation": 0.2794960578282675
        }
    },
    "75": {
        "BestCoverage": 0.8,
        "TestInsertProbability": {
            "action": 0.08508815765380859,
            "observation": 0.22537732919057216
        }
    },
    "80": {
        "BestCoverage": 0.8,
        "TestInsertProbability": {
            "action": 0.024739634990692136,
            "observation": 0.31046548684438074
        }
    },
    "85": {
        "BestCoverage": 0.8,
        "TestInsertProbability": {
            "action": -0.0866275429725647,
            "observation": 0.3352051218350729
        }
    },
    "90": {
        "BestCoverage": 0.8,
        "TestInsertProbability": {
            "action": 0.0517377495765686,
            "observation": 0.2485775788625082
        }
    },
    "95": {
        "BestCoverage": 0.8,
        "TestInsertProbability": {
            "action": 0.0757084369659424,
            "observation": 0.3003153284390768
        }
    },
    "100": {
        "BestCoverage": 0.8,
        "TestInsertProbability": {
            "action": -0.0416071891784668,
            "observation": 0.37602376540501925
        }
    },
    "105": {
        "BestCoverage": 0.8,
        "TestInsertProbability": {
            "action": 0.008255362510681152,
            "observation": 0.33441657622655246
        }
    },
    "110": {
        "BestCoverage": 0.8,
        "TestInsertProbability": {
            "action": -0.07878031134605408,
            "observation": 0.3426719387372336
        }
    },
    "115": {
        "BestCoverage": 0.8,
        "TestInsertProbability": {
            "action": 0.07291157245635987,
            "observation": 0.26389162739117955
        }
    },
    "120": {
        "BestCoverage": 0.8,
        "TestInsertProbability": {
            "action": -0.06805501580238343,
            "observation": 0.3368031998475394
        }
    },
    "125": {
        "BestCoverage": 0.8,
        "TestInsertProbability": {
            "action": -0.04807185530662537,
            "observation": 0.268748184045156
        }
    },
    "130": {
        "BestCoverage": 0.8,
        "TestInsertProbability": {
            "action": 0.01718239784240723,
            "observation": 0.22067632873853063
        }
    },
    "135": {
        "BestCoverage": 0.8,
        "TestInsertProbability": {
            "action": -0.033501267433166504,
            "observation": 0.23785872658093787
        }
    },
    "140": {
        "BestCoverage": 0.8,
        "TestInsertProbability": {
            "action": -0.03523995876312257,
            "observation": 0.20435745914777137
        }
    },
    "145": {
        "BestCoverage": 0.8,
        "TestInsertProbability": {
            "action": 0.006169605255126956,
            "observation": 0.1691175003846488
        }
    },
    "150": {
        "BestCoverage": 0.8,
        "TestInsertProbability": {
            "action": -0.0110541820526123,
            "observation": 0.17528710563977573
        }
    },
    "155": {
        "BestCoverage": 0.8,
        "TestInsertProbability": {
            "action": 0.03627592325210571,
            "observation": 0.16423292358716343
        }
    },
    "160": {
        "BestCoverage": 0.8,
        "TestInsertProbability": {
            "action": 0.06691217422485352,
            "observation": 0.20050884683926914
        }
    },
    "165": {
        "BestCoverage": 0.8,
        "TestInsertProbability": {
            "action": -0.04668281674385071,
            "observation": 0.2674210210641227
        }
    },
    "170": {
        "BestCoverage": 0.8,
        "TestInsertProbability": {
            "action": -0.06040273904800415,
            "observation": 0.22073820432027197
        }
    },
    "175": {
        "BestCoverage": 0.8,
        "TestInsertProbability": {
            "action": -0.025791382789611822,
            "observation": 0.16033546527226783
        }
    },
    "180": {
        "BestCoverage": 0.8,
        "TestInsertProbability": {
            "action": -0.07234473228454591,
            "observation": 0.134544082482656
        }
    },
    "185": {
        "BestCoverage": 0.8,
        "TestInsertProbability": {
            "action": -0.008249324560165402,
            "observation": 0.0621993501981101
        }
    },
    "190": {
        "BestCoverage": 0.8,
        "TestInsertProbability": {
            "action": -0.055341547727584844,
            "observation": 0.053950025637944696
        }
    },
    "195": {
        "BestCoverage": 0.8,
        "TestInsertProbability": {
            "action": 0.05547466278076171,
            "observation": 0.0
        }
    },
    "200": {
        "BestCoverage": 0.8,
        "TestInsertProbability": {
            "action": -0.09094938039779664,
            "observation": 0.05547466278076171
        }
    },
    "205": {
        "BestCoverage": 0.8,
        "TestInsertProbability": {
            "action": -0.004743099212646484,
            "observation": 0.0
        }
    },
    "210": {
        "BestCoverage": 0.8,
        "TestInsertProbability": {
            "action": 0.08178126811981201,
            "observation": 0.0
        }
    },
    "215": {
        "BestCoverage": 0.8,
        "TestInsertProbability": {
            "action": -0.08186310529708862,
            "observation": 0.08178126811981201
        }
    },
    "220": {
        "BestCoverage": 0.8,
        "TestInsertProbability": {
            "action": -0.07352159023284913,
            "observation": 0.0
        }
    },
    "225": {
        "BestCoverage": 0.8,
        "TestInsertProbability": {
            "action": 0.0352924346923828,
            "observation": 0.0
        }
    },
    "230": {
        "BestCoverage": 0.8,
        "TestInsertProbability": {
            "action": 0.04145843982696534,