{
    "20": {
        "BestCoverage": 0.7375,
        "ChangeParameterProbability": {
            "action": 0.05939650535583496,
            "observation": 0.1
        }
    },
    "25": {
        "BestCoverage": 0.7375,
        "ChangeParameterProbability": {
            "action": -0.06637868285179138,
            "observation": 0.15939650535583497
        }
    },
    "30": {
        "BestCoverage": 0.7375,
        "ChangeParameterProbability": {
            "action": -0.035851049423217776,
            "observation": 0.09301782250404358
        }
    },
    "35": {
        "BestCoverage": 0.7375,
        "ChangeParameterProbability": {
            "action": -0.07213840484619141,
            "observation": 0.05716677308082581
        }
    },
    "40": {
        "BestCoverage": 0.7375,
        "ChangeParameterProbability": {
            "action": -0.0838249683380127,
            "observation": 0.0
        }
    },
    "45": {
        "BestCoverage": 0.7375,
        "ChangeParameterProbability": {
            "action": -0.01280832290649414,
            "observation": 0.0
        }
    },
    "50": {
        "BestCoverage": 0.7375,
        "ChangeParameterProbability": {
            "action": 0.036857271194458,
            "observation": 0.0
        }
    },
    "55": {
        "BestCoverage": 0.7375,
        "ChangeParameterProbability": {
            "action": 0.06628379821777344,
            "observation": 0.036857271194458
        }
    },
    "60": {
        "BestCoverage": 0.7375,
        "ChangeParameterProbability": {
            "action": 0.09755690097808839,
            "observation": 0.10314106941223145
        }
    },
    "65": {
        "BestCoverage": 0.7375,
        "ChangeParameterProbability": {
            "action": -0.09579808712005616,
            "observation": 0.20069797039031984
        }
    },
    "70": {
        "BestCoverage": 0.7375,
        "ChangeParameterProbability": {
            "action": 0.051767826080322266,
            "observation": 0.10489988327026367
        }
    },
    "75": {
        "BestCoverage": 0.7375,
        "ChangeParameterProbability": {
            "action": 0.07411161661148072,
            "observation": 0.15666770935058594
        }
    },
    "80": {
        "BestCoverage": 0.7375,
        "ChangeParameterProbability": {
            "action": -0.016715598106384275,
            "observation": 0.23077932596206666
        }
    },
    "85": {
        "BestCoverage": 0.7375,
        "ChangeParameterProbability": {
            "action": -0.00019914507865906317,
            "observation": 0.2140637278556824
        }
    },
    "90": {
        "BestCoverage": 0.7375,
        "ChangeParameterProbability": {
            "action": 0.02556478977203369,
            "observation": 0.21386458277702333
        }
    },
    "95": {
        "BestCoverage": 0.7375,
        "ChangeParameterProbability": {
            "action": -0.06176857352256775,
            "observation": 0.23942937254905702
        }
    },
    "100": {
        "BestCoverage": 0.7375,
        "ChangeParameterProbability": {
            "action": 0.015778112411499026,
            "observation": 0.17766079902648926
        }
    },
    "105": {
        "BestCoverage": 0.7375,
        "ChangeParameterProbability": {
            "action": 0.062334942817688005,
            "observation": 0.1934389114379883
        }
    },
    "110": {
        "BestCoverage": 0.7375,
        "ChangeParameterProbability": {
            "action": -0.01761196851730347,
            "observation": 0.25577385425567634
        }
    },
    "115": {
        "BestCoverage": 0.75,
        "ChangeParameterProbability": {
            "action": 0.009104406833648687,
            "observation": 0.23816188573837288
        }
    },
    "120": {
        "BestCoverage": 0.75,
        "ChangeParameterProbability": {
            "action": -0.05909920930862427,
            "observation": 0.24726629257202157
        }
    },
    "125": {
        "BestCoverage": 0.75,
        "ChangeParameterProbability": {
            "action": 0.03415651321411134,
            "observation": 0.1881670832633973
        }
    },
    "130": {
        "BestCoverage": 0.75,
        "ChangeParameterProbability": {
            "action": 0.09883196353912355,
            "observation": 0.22232359647750863
        }
    },
    "135": {
        "BestCoverage": 0.75,
        "ChangeParameterProbability": {
            "action": -0.05395951271057129,
            "observation": 0.32115556001663215
        }
    },
    "140": {
        "BestCoverage": 0.75,
        "ChangeParameterProbability": {
            "action": 0.07675073146820069,
            "observation": 0.26719604730606084
        }
    },
    "145": {
        "BestCoverage": 0.75,
        "ChangeParameterProbability": {
            "action": 0.0018466830253601046,
            "observation": 0.3439467787742615
        }
    },
    "150": {
        "BestCoverage": 0.75,
        "ChangeParameterProbability": {
            "action": 0.009148275852203375,
            "observation": 0.3457934617996216
        }
    },
    "155": {
        "BestCoverage": 0.75,
        "ChangeParameterProbability": {
            "action": -0.03023520708084107,
            "observation": 0.354941737651825
        }
    },
    "160": {
        "BestCoverage": 0.75,
        "ChangeParameterProbability": {
            "action": -0.09568443298339845,
            "observation": 0.324706530570984
        }
    },
    "165": {
        "BestCoverage": 0.75,
        "ChangeParameterProbability": {
            "action": 0.07229218482971192,
            "observation": 0.22902209758758552
        }
    },
    "170": {
        "BestCoverage": 0.75,
        "ChangeParameterProbability": {
            "action": -0.04997698068618775,
            "observation": 0.3013142824172974
        }
    },
    "175": {
        "BestCoverage": 0.75,
        "ChangeParameterProbability": {
            "action": -0.011710214614868167,
            "observation": 0.2513373017311097
        }
    },
    "180": {
        "BestCoverage": 0.75,
        "ChangeParameterProbability": {
            "action": 0.04604076147079467,
            "observation": 0.23962708711624153
        }
    },
    "185": {
        "BestCoverage": 0.75,
        "ChangeParameterProbability": {
            "action": 0.02761225700378417,
            "observation": 0.2856678485870362
        }
    },
    "190": {
        "BestCoverage": 0.75,
        "ChangeParameterProbability": {
            "action": 0.07365972995758058,
            "observation": 0.31328010559082037
        }
    },
    "195": {
        "BestCoverage": 0.75,
        "ChangeParameterProbability": {
            "action": 0.013364434242248535,
            "observation": 0.38693983554840095
        }
    },
    "200": {
        "BestCoverage": 0.75,
        "ChangeParameterProbability": {
            "action": -0.08593837022781373,
            "observation": 0.4003042697906495
        }
    },
    "205": {
        "BestCoverage": 0.75,
        "ChangeParameterProbability": {
            "action": -0.038282328844070436,
            "observation": 0.3143658995628358
        }
    },
    "210": {
        "BestCoverage": 0.75,
        "ChangeParameterProbability": {
            "action": -0.08604288697242737,
            "observation": 0.2760835707187653
        }
    },
    "215": {
        "BestCoverage": 0.75,
        "ChangeParameterProbability": {
            "action": 0.0500659465789795,
            "observation": 0.19004068374633795
        }
    },
    "220": {
        "BestCoverage": 0.75,
        "ChangeParameterProbability": {
            "action": -0.02371799945831299,
            "observation": 0.24010663032531745
        }
    },
    "225": {
        "BestCoverage": 0.75,
        "ChangeParameterProbability": {
            "action": 0.054988980293273926,
            "observation": 0.21638863086700447
        }
    },
    "230": {
        "BestCoverage": 0.75,