{
    "20": {
        "BestCoverage": 0.75,
        "StatementInsertionProbability": {
            "action": -0.05877439975738526,
            "observation": 0.5
        }
    },
    "25": {
        "BestCoverage": 0.75,
        "StatementInsertionProbability": {
            "action": 0.025505042076110845,
            "observation": 0.44122560024261476
        }
    },
    "30": {
        "BestCoverage": 0.75,
        "StatementInsertionProbability": {
            "action": -0.04796531200408936,
            "observation": 0.46673064231872563
        }
    },
    "35": {
        "BestCoverage": 0.75,
        "StatementInsertionProbability": {
            "action": -0.059282296895980836,
            "observation": 0.41876533031463625
        }
    },
    "40": {
        "BestCoverage": 0.75,
        "StatementInsertionProbability": {
            "action": -0.07939379215240479,
            "observation": 0.3594830334186554
        }
    },
    "45": {
        "BestCoverage": 0.75,
        "StatementInsertionProbability": {
            "action": 0.05488519668579103,
            "observation": 0.2800892412662506
        }
    },
    "50": {
        "BestCoverage": 0.75,
        "StatementInsertionProbability": {
            "action": -0.08937885761260987,
            "observation": 0.3349744379520416
        }
    },
    "55": {
        "BestCoverage": 0.75,
        "StatementInsertionProbability": {
            "action": 0.013450324535369873,
            "observation": 0.24559558033943174
        }
    },
    "60": {
        "BestCoverage": 0.75,
        "StatementInsertionProbability": {
            "action": -0.08627329468727113,
            "observation": 0.2590459048748016
        }
    },
    "65": {
        "BestCoverage": 0.75,
        "StatementInsertionProbability": {
            "action": -0.07526787519454957,
            "observation": 0.17277261018753048
        }
    },
    "70": {
        "BestCoverage": 0.75,
        "StatementInsertionProbability": {
            "action": -0.042493355274200444,
            "observation": 0.09750473499298092
        }
    },
    "75": {
        "BestCoverage": 0.75,
        "StatementInsertionProbability": {
            "action": 0.09825221300125123,
            "observation": 0.05501137971878047
        }
    },
    "80": {
        "BestCoverage": 0.75,
        "StatementInsertionProbability": {
            "action": 0.008986937999725345,
            "observation": 0.1532635927200317
        }
    },
    "85": {
        "BestCoverage": 0.75,
        "StatementInsertionProbability": {
            "action": -0.05324118733406067,
            "observation": 0.16225053071975704
        }
    },
    "90": {
        "BestCoverage": 0.75,
        "StatementInsertionProbability": {
            "action": 0.08735208511352541,
            "observation": 0.10900934338569637
        }
    },
    "95": {
        "BestCoverage": 0.75,
        "StatementInsertionProbability": {
            "action": -0.05423620939254761,
            "observation": 0.19636142849922178
        }
    },
    "100": {
        "BestCoverage": 0.75,
        "StatementInsertionProbability": {
            "action": -0.055808198451995854,
            "observation": 0.14212521910667417
        }
    },
    "105": {
        "BestCoverage": 0.75,
        "StatementInsertionProbability": {
            "action": -0.05256847739219666,
            "observation": 0.0863170206546783
        }
    },
    "110": {
        "BestCoverage": 0.75,
        "StatementInsertionProbability": {
            "action": -0.02855170965194702,
            "observation": 0.033748543262481646
        }
    },
    "115": {
        "BestCoverage": 0.75,
        "StatementInsertionProbability": {
            "action": 0.029911243915557856,
            "observation": 0.005196833610534628
        }
    },
    "120": {
        "BestCoverage": 0.75,
        "StatementInsertionProbability": {
            "action": -0.07160244584083558,
            "observation": 0.035108077526092484
        }
    },
    "125": {
        "BestCoverage": 0.75,
        "StatementInsertionProbability": {
            "action": -0.04368562698364258,
            "observation": 0.0
        }
    },
    "130": {
        "BestCoverage": 0.75,
        "StatementInsertionProbability": {
            "action": 0.026403236389160145,
            "observation": 0.0
        }
    },
    "135": {
        "BestCoverage": 0.75,
        "StatementInsertionProbability": {
            "action": 0.07837963104248047,
            "observation": 0.026403236389160145
        }
    },
    "140": {
        "BestCoverage": 0.75,
        "StatementInsertionProbability": {
            "action": -0.04095463752746582,
            "observation": 0.10478286743164061
        }
    },
    "145": {
        "BestCoverage": 0.75,
        "StatementInsertionProbability": {
            "action": -0.063478285074234,
            "observation": 0.06382822990417479
        }
    },
    "150": {
        "BestCoverage": 0.75,
        "StatementInsertionProbability": {
            "action": -0.04647997617721558,
            "observation": 0.00034994482994078757
        }
    },
    "155": {
        "BestCoverage": 0.75,
        "StatementInsertionProbability": {
            "action": 0.0437954306602478,
            "observation": 0.0
        }
    },
    "160": {
        "BestCoverage": 0.75,
        "StatementInsertionProbability": {
            "action": -0.08938207030296326,
            "observation": 0.0437954306602478
        }
    },
    "165": {
        "BestCoverage": 0.75,
        "StatementInsertionProbability": {
            "action": 0.044952416419982905,
            "observation": 0.0
        }
    },
    "170": {
        "BestCoverage": 0.75,
        "StatementInsertionProbability": {
            "action": 0.004858005046844485,
            "observation": 0.044952416419982905
        }
    },
    "175": {
        "BestCoverage": 0.75,
        "StatementInsertionProbability": {
            "action": -0.0384741485118866,
            "observation": 0.04981042146682739
        }
    },
    "180": {
        "BestCoverage": 0.75,
        "StatementInsertionProbability": {
            "action": -0.08513594269752503,
            "observation": 0.011336272954940788
        }
    },
    "185": {
        "BestCoverage": 0.75,
        "StatementInsertionProbability": {
            "action": -0.05691166520118714,
            "observation": 0.0
        }
    },
    "190": {
        "BestCoverage": 0.75,
        "StatementInsertionProbability": {
            "action": -0.05911376476287842,
            "observation": 0.0
        }
    },
    "195": {
        "BestCoverage": 0.75,
        "StatementInsertionProbability": {
            "action": 0.023738205432891846,
            "observation": 0.0
        }
    },
    "200": {
        "BestCoverage": 0.75,
        "StatementInsertionProbability": {
            "action": 0.08498721122741701,
            "observation": 0.023738205432891846
        }
    },
    "205": {
        "BestCoverage": 0.75,
        "StatementInsertionProbability": {
            "action": -0.0002897560596466092,
            "observation": 0.10872541666030885
        }
    },
    "210": {
        "BestCoverage": 0.75,
        "StatementInsertionProbability": {
            "action": -0.09063177704811097,
            "observation": 0.10843566060066225
        }
    },
    "215": {
        "BestCoverage": 0.75,
        "StatementInsertionProbability": {
            "action": -0.08339901566505432,
            "observation": 0.017803883552551275
        }
    },
    "220": {
        "BestCoverage": 0.75,
        "StatementInsertionProbability": {
            "action": 0.024787962436676025,
            "observation": 0.0
        }
    },
    "225": {
        "BestCoverage": 0.75,
        "StatementInsertionProbability": {
            "action": 0.08297183513641357,
            "observation": 0.024787962436676025
        }
    },