{
    "15": {
        "BestCoverage": 0.8,
        "TestInsertionProbability": {
            "action": 0.02068623304367065,
            "observation": 0.1
        }
    },
    "20": {
        "BestCoverage": 0.8,
        "TestInsertionProbability": {
            "action": 0.0690532922744751,
            "observation": 0.12068623304367065
        }
    },
    "25": {
        "BestCoverage": 0.8,
        "TestInsertionProbability": {
            "action": -0.06874759793281555,
            "observation": 0.18973952531814575
        }
    },
    "30": {
        "BestCoverage": 0.8,
        "TestInsertionProbability": {
            "action": -0.068360435962677,
            "observation": 0.1209919273853302
        }
    },
    "35": {
        "BestCoverage": 0.8,
        "TestInsertionProbability": {
            "action": 0.06054475307464599,
            "observation": 0.05263149142265319
        }
    },
    "40": {
        "BestCoverage": 0.8,
        "TestInsertionProbability": {
            "action": 0.03340951204299927,
            "observation": 0.11317624449729918
        }
    },
    "45": {
        "BestCoverage": 0.8,
        "TestInsertionProbability": {
            "action": 0.09292871952056886,
            "observation": 0.14658575654029846
        }
    },
    "50": {
        "BestCoverage": 0.8,
        "TestInsertionProbability": {
            "action": -0.09229486584663392,
            "observation": 0.23951447606086732
        }
    },
    "55": {
        "BestCoverage": 0.8,
        "TestInsertionProbability": {
            "action": -0.06934418678283692,
            "observation": 0.1472196102142334
        }
    },
    "60": {
        "BestCoverage": 0.8,
        "TestInsertionProbability": {
            "action": 0.02649831771850586,
            "observation": 0.07787542343139649
        }
    },
    "65": {
        "BestCoverage": 0.8,
        "TestInsertionProbability": {
            "action": -0.08916993141174318,
            "observation": 0.10437374114990235
        }
    },
    "70": {
        "BestCoverage": 0.8,
        "TestInsertionProbability": {
            "action": 0.0057032108306884766,
            "observation": 0.015203809738159171
        }
    },
    "75": {
        "BestCoverage": 0.8,
        "TestInsertionProbability": {
            "action": -0.081685870885849,
            "observation": 0.020907020568847648
        }
    },
    "80": {
        "BestCoverage": 0.8,
        "TestInsertionProbability": {
            "action": -0.05212363600730896,
            "observation": 0.0
        }
    },
    "85": {
        "BestCoverage": 0.8,
        "TestInsertionProbability": {
            "action": -0.06996930241584778,
            "observation": 0.0
        }
    },
    "90": {
        "BestCoverage": 0.8,
        "TestInsertionProbability": {
            "action": -0.08748133182525636,
            "observation": 0.0
        }
    },
    "95": {
        "BestCoverage": 0.8,
        "TestInsertionProbability": {
            "action": -0.09411963224411012,
            "observation": 0.0
        }
    },
    "100": {
        "BestCoverage": 0.8,
        "TestInsertionProbability": {
            "action": 0.012065029144287115,
            "observation": 0.0
        }
    },
    "105": {
        "BestCoverage": 0.8,
        "TestInsertionProbability": {
            "action": -0.03904853463172913,
            "observation": 0.012065029144287115
        }
    },
    "110": {
        "BestCoverage": 0.8,
        "TestInsertionProbability": {
            "action": 0.00955799818038941,
            "observation": 0.0
        }
    },
    "115": {
        "BestCoverage": 0.8,
        "TestInsertionProbability": {
            "action": -0.09729843139648438,
            "observation": 0.00955799818038941
        }
    },
    "120": {
        "BestCoverage": 0.8,
        "TestInsertionProbability": {
            "action": 0.08324286937713624,
            "observation": 0.0
        }
    },
    "125": {
        "BestCoverage": 0.8,
        "TestInsertionProbability": {
            "action": -0.08289902210235596,
            "observation": 0.08324286937713624
        }
    },
    "130": {
        "BestCoverage": 0.8,
        "TestInsertionProbability": {
            "action": 0.016132915019989008,
            "observation": 0.0003438472747802762
        }
    },
    "135": {
        "BestCoverage": 0.8,
        "TestInsertionProbability": {
            "action": 0.05410730838775635,
            "observation": 0.016476762294769284
        }
    },
    "140": {
        "BestCoverage": 0.8,
        "TestInsertionProbability": {
            "action": -0.008738487958908081,
            "observation": 0.07058407068252563
        }
    },
    "145": {
        "BestCoverage": 0.8,
        "TestInsertionProbability": {
            "action": -0.08718364834785462,
            "observation": 0.06184558272361755
        }
    },
    "150": {
        "BestCoverage": 0.8,
        "TestInsertionProbability": {
            "action": 0.05542794466018677,
            "observation": 0.0
        }
    },
    "155": {
        "BestCoverage": 0.8,
        "TestInsertionProbability": {
            "action": -0.02673162221908569,
            "observation": 0.05542794466018677
        }
    },
    "160": {
        "BestCoverage": 0.8,
        "TestInsertionProbability": {
            "action": 0.012889778614044195,
            "observation": 0.028696322441101083
        }
    },
    "165": {
        "BestCoverage": 0.8,
        "TestInsertionProbability": {
            "action": 0.018212926387786862,
            "observation": 0.04158610105514528
        }
    },
    "170": {
        "BestCoverage": 0.8,
        "TestInsertionProbability": {
            "action": 0.03645243644714355,
            "observation": 0.05979902744293214
        }
    },
    "175": {
        "BestCoverage": 0.8,
        "TestInsertionProbability": {
            "action": -0.027513754367828366,
            "observation": 0.09625146389007569
        }
    },
    "180": {
        "BestCoverage": 0.8,
        "TestInsertionProbability": {
            "action": 0.011143887042999262,
            "observation": 0.06873770952224732
        }
    },
    "185": {
        "BestCoverage": 0.8,
        "TestInsertionProbability": {
            "action": 0.04101848602294922,
            "observation": 0.07988159656524658
        }
    },
    "190": {
        "BestCoverage": 0.8,
        "TestInsertionProbability": {
            "action": 0.0756608009338379,
            "observation": 0.1209000825881958
        }
    },
    "195": {
        "BestCoverage": 0.8,
        "TestInsertionProbability": {
            "action": -0.09509419798851014,
            "observation": 0.1965608835220337
        }
    },
    "200": {
        "BestCoverage": 0.8,
        "TestInsertionProbability": {
            "action": -0.05938112735748291,
            "observation": 0.10146668553352357
        }
    },
    "205": {
        "BestCoverage": 0.8,
        "TestInsertionProbability": {
            "action": 0.06608133316040041,
            "observation": 0.04208555817604066
        }
    },
    "210": {
        "BestCoverage": 0.8,
        "TestInsertionProbability": {
            "action": 0.08056950569152832,
            "observation": 0.10816689133644107
        }
    },
    "215": {
        "BestCoverage": 0.8,
        "TestInsertionProbability": {
            "action": 0.019952058792114258,
            "observation": 0.1887363970279694
        }
    },
    "220": {
        "BestCoverage": 0.8,
        "TestInsertionProbability": {
            "action": 0.09427275657653808,
            "observation": 0.20868845582008366
        }
    },
    "225": {
        "BestCoverage": 0.8,
        "TestInsertionProbability": {
            "action": 0.059683918952941895,
            "observation": 0.30296121239662177
        }
    },
    "230": {
        "BestCoverage": 0.8,