{
    "15": {
        "BestCoverage": 0.8,
        "ChangeParameterProbability": {
            "action": -0.06646640300750734,
            "observation": 0.1
        }
    },
    "20": {
        "BestCoverage": 0.8,
        "ChangeParameterProbability": {
            "action": 0.08638675212860109,
            "observation": 0.03353359699249267
        }
    },
    "25": {
        "BestCoverage": 0.8,
        "ChangeParameterProbability": {
            "action": 0.022217953205108637,
            "observation": 0.11992034912109376
        }
    },
    "30": {
        "BestCoverage": 0.8,
        "ChangeParameterProbability": {
            "action": -0.05969362258911133,
            "observation": 0.1421383023262024
        }
    },
    "35": {
        "BestCoverage": 0.8,
        "ChangeParameterProbability": {
            "action": -0.03136721849441529,
            "observation": 0.08244467973709106
        }
    },
    "40": {
        "BestCoverage": 0.8,
        "ChangeParameterProbability": {
            "action": 0.09083025455474855,
            "observation": 0.05107746124267577
        }
    },
    "45": {
        "BestCoverage": 0.8,
        "ChangeParameterProbability": {
            "action": 0.013312542438507075,
            "observation": 0.14190771579742434
        }
    },
    "50": {
        "BestCoverage": 0.8,
        "ChangeParameterProbability": {
            "action": -0.09836883544921876,
            "observation": 0.1552202582359314
        }
    },
    "55": {
        "BestCoverage": 0.8,
        "ChangeParameterProbability": {
            "action": -0.0017459034919738714,
            "observation": 0.05685142278671265
        }
    },
    "60": {
        "BestCoverage": 0.8,
        "ChangeParameterProbability": {
            "action": 0.01064165830612182,
            "observation": 0.05510551929473878
        }
    },
    "65": {
        "BestCoverage": 0.8,
        "ChangeParameterProbability": {
            "action": 0.05445187091827394,
            "observation": 0.0657471776008606
        }
    },
    "70": {
        "BestCoverage": 0.8,
        "ChangeParameterProbability": {
            "action": 0.08264172077178955,
            "observation": 0.12019904851913454
        }
    },
    "75": {
        "BestCoverage": 0.8,
        "ChangeParameterProbability": {
            "action": -0.0033595621585846003,
            "observation": 0.2028407692909241
        }
    },
    "80": {
        "BestCoverage": 0.8,
        "ChangeParameterProbability": {
            "action": -0.09290769696235657,
            "observation": 0.1994812071323395
        }
    },
    "85": {
        "BestCoverage": 0.8,
        "ChangeParameterProbability": {
            "action": -0.09899373650550843,
            "observation": 0.10657351016998293
        }
    },
    "90": {
        "BestCoverage": 0.8,
        "ChangeParameterProbability": {
            "action": 0.048960745334625244,
            "observation": 0.007579773664474501
        }
    },
    "95": {
        "BestCoverage": 0.8,
        "ChangeParameterProbability": {
            "action": -0.05072926878929138,
            "observation": 0.056540518999099745
        }
    },
    "100": {
        "BestCoverage": 0.8,
        "ChangeParameterProbability": {
            "action": -0.023197054862976074,
            "observation": 0.005811250209808362
        }
    },
    "105": {
        "BestCoverage": 0.8,
        "ChangeParameterProbability": {
            "action": -0.024039614200592044,
            "observation": 0.0
        }
    },
    "110": {
        "BestCoverage": 0.8,
        "ChangeParameterProbability": {
            "action": 0.011226725578308103,
            "observation": 0.0
        }
    },
    "115": {
        "BestCoverage": 0.8,
        "ChangeParameterProbability": {
            "action": -0.058657073974609376,
            "observation": 0.011226725578308103
        }
    },
    "120": {
        "BestCoverage": 0.8,
        "ChangeParameterProbability": {
            "action": -0.06808450818061829,
            "observation": 0.0
        }
    },
    "125": {
        "BestCoverage": 0.8,
        "ChangeParameterProbability": {
            "action": 0.005602133274078366,
            "observation": 0.0
        }
    },
    "130": {
        "BestCoverage": 0.8,
        "ChangeParameterProbability": {
            "action": 0.08513224124908447,
            "observation": 0.005602133274078366
        }
    },
    "135": {
        "BestCoverage": 0.8,
        "ChangeParameterProbability": {
            "action": 0.04969807863235473,
            "observation": 0.09073437452316284
        }
    },
    "140": {
        "BestCoverage": 0.8,
        "ChangeParameterProbability": {
            "action": 0.043874430656433094,
            "observation": 0.14043245315551756
        }
    },
    "145": {
        "BestCoverage": 0.8,
        "ChangeParameterProbability": {
            "action": -0.06987084746360779,
            "observation": 0.18430688381195065
        }
    },
    "150": {
        "BestCoverage": 0.8,
        "ChangeParameterProbability": {
            "action": 0.09519541263580322,
            "observation": 0.11443603634834286
        }
    },
    "155": {
        "BestCoverage": 0.8,
        "ChangeParameterProbability": {
            "action": -0.09228667616844177,
            "observation": 0.2096314489841461
        }
    },
    "160": {
        "BestCoverage": 0.8,
        "ChangeParameterProbability": {
            "action": -0.06358901262283326,
            "observation": 0.11734477281570432
        }
    },
    "165": {
        "BestCoverage": 0.8,
        "ChangeParameterProbability": {
            "action": 0.007588720321655279,
            "observation": 0.053755760192871066
        }
    },
    "170": {
        "BestCoverage": 0.8,
        "ChangeParameterProbability": {
            "action": 0.07802851200103761,
            "observation": 0.061344480514526345
        }
    },
    "175": {
        "BestCoverage": 0.8,
        "ChangeParameterProbability": {
            "action": -0.07614044547080995,
            "observation": 0.13937299251556395
        }
    },
    "180": {
        "BestCoverage": 0.8,
        "ChangeParameterProbability": {
            "action": 0.0452059030532837,
            "observation": 0.063232547044754
        }
    },
    "185": {
        "BestCoverage": 0.8,
        "ChangeParameterProbability": {
            "action": -0.09818565249443055,
            "observation": 0.10843845009803771
        }
    },
    "190": {
        "BestCoverage": 0.8,
        "ChangeParameterProbability": {
            "action": 0.03802127838134767,
            "observation": 0.010252797603607158
        }
    },
    "195": {
        "BestCoverage": 0.8,
        "ChangeParameterProbability": {
            "action": 0.043142580986022944,
            "observation": 0.048274075984954826
        }
    },
    "200": {
        "BestCoverage": 0.8,
        "ChangeParameterProbability": {
            "action": 0.06981017589569091,
            "observation": 0.09141665697097777
        }
    },
    "205": {
        "BestCoverage": 0.8,
        "ChangeParameterProbability": {
            "action": -0.0803857982158661,
            "observation": 0.16122683286666867
        }
    },
    "210": {
        "BestCoverage": 0.8,
        "ChangeParameterProbability": {
            "action": -0.005889689922332769,
            "observation": 0.08084103465080257
        }
    },
    "215": {
        "BestCoverage": 0.8,
        "ChangeParameterProbability": {
            "action": 0.024313080310821536,
            "observation": 0.0749513447284698
        }
    },
    "220": {
        "BestCoverage": 0.8,
        "ChangeParameterProbability": {
            "action": 0.014108693599700933,
            "observation": 0.09926442503929134
        }
    },
    "225": {
        "BestCoverage": 0.8,