{
    "15": {
        "BestCoverage": 0.8,
        "Elite": {
            "action": 0.8225979804992676,
            "observation": 1
        }
    },
    "20": {
        "BestCoverage": 0.8,
        "Elite": {
            "action": -0.942777693271637,
            "observation": 2
        }
    },
    "25": {
        "BestCoverage": 0.8,
        "Elite": {
            "action": 0.35509324073791504,
            "observation": 1
        }
    },
    "30": {
        "BestCoverage": 0.8,
        "Elite": {
            "action": 0.7551743984222412,
            "observation": 1
        }
    },
    "35": {
        "BestCoverage": 0.8,
        "Elite": {
            "action": 0.7733268737792969,
            "observation": 2
        }
    },
    "40": {
        "BestCoverage": 0.8,
        "Elite": {
            "action": -0.24973797798156738,
            "observation": 3
        }
    },
    "45": {
        "BestCoverage": 0.8,
        "Elite": {
            "action": 0.6213412284851074,
            "observation": 3
        }
    },
    "50": {
        "BestCoverage": 0.8,
        "Elite": {
            "action": -0.15250706672668457,
            "observation": 4
        }
    },
    "55": {
        "BestCoverage": 0.8,
        "Elite": {
            "action": 0.846327543258667,
            "observation": 4
        }
    },
    "60": {
        "BestCoverage": 0.8,
        "Elite": {
            "action": -0.5193816423416138,
            "observation": 5
        }
    },
    "65": {
        "BestCoverage": 0.8,
        "Elite": {
            "action": -0.6874253153800964,
            "observation": 4
        }
    },
    "70": {
        "BestCoverage": 0.8,
        "Elite": {
            "action": 0.21391868591308594,
            "observation": 3
        }
    },
    "75": {
        "BestCoverage": 0.8,
        "Elite": {
            "action": -0.7297877073287964,
            "observation": 3
        }
    },
    "80": {
        "BestCoverage": 0.8,
        "Elite": {
            "action": 0.2783384323120117,
            "observation": 2
        }
    },
    "85": {
        "BestCoverage": 0.8,
        "Elite": {
            "action": 0.1827232837677002,
            "observation": 2
        }
    },
    "90": {
        "BestCoverage": 0.8,
        "Elite": {
            "action": -0.5325746536254883,
            "observation": 2
        }
    },
    "95": {
        "BestCoverage": 0.8,
        "Elite": {
            "action": -0.03323906660079956,
            "observation": 1
        }
    },
    "100": {
        "BestCoverage": 0.8,
        "Elite": {
            "action": 0.3750011920928955,
            "observation": 1
        }
    },
    "105": {
        "BestCoverage": 0.8,
        "Elite": {
            "action": 0.9779484272003174,
            "observation": 1
        }
    },
    "110": {
        "BestCoverage": 0.8,
        "Elite": {
            "action": 0.36815667152404785,
            "observation": 2
        }
    },
    "115": {
        "BestCoverage": 0.8,
        "Elite": {
            "action": -0.6281567811965942,
            "observation": 2
        }
    },
    "120": {
        "BestCoverage": 0.8,
        "Elite": {
            "action": 0.8533898591995239,
            "observation": 1
        }
    },
    "125": {
        "BestCoverage": 0.8,
        "Elite": {
            "action": 0.1538536548614502,
            "observation": 2
        }
    },
    "130": {
        "BestCoverage": 0.8,
        "Elite": {
            "action": 0.4170396327972412,
            "observation": 2
        }
    },
    "135": {
        "BestCoverage": 0.8,
        "Elite": {
            "action": -0.8539459705352783,
            "observation": 2
        }
    },
    "140": {
        "BestCoverage": 0.8,
        "Elite": {
            "action": -0.5936357378959656,
            "observation": 1
        }
    },
    "145": {
        "BestCoverage": 0.8,
        "Elite": {
            "action": -0.15800774097442627,
            "observation": 0
        }
    },
    "150": {
        "BestCoverage": 0.8,
        "Elite": {
            "action": 0.3181864023208618,
            "observation": 0
        }
    },
    "155": {
        "BestCoverage": 0.8,
        "Elite": {
            "action": -0.4744091033935547,
            "observation": 0
        }
    },
    "160": {
        "BestCoverage": 0.8,
        "Elite": {
            "action": -0.7871747016906738,
            "observation": 0
        }
    },
    "165": {
        "BestCoverage": 0.8,
        "Elite": {
            "action": 0.40007781982421875,
            "observation": 0
        }
    },
    "170": {
        "BestCoverage": 0.8,
        "Elite": {
            "action": -0.46652019023895264,
            "observation": 0
        }
    },
    "175": {
        "BestCoverage": 0.8,
        "Elite": {
            "action": -0.6949782967567444,
            "observation": 0
        }
    },
    "180": {
        "BestCoverage": 0.8,
        "Elite": {
            "action": 0.028465747833251953,
            "observation": 0
        }
    },
    "185": {
        "BestCoverage": 0.8,
        "Elite": {
            "action": -0.8291547894477844,
            "observation": 0
        }
    },
    "190": {
        "BestCoverage": 0.8,
        "Elite": {
            "action": 0.5752925872802734,
            "observation": 0
        }
    },
    "195": {
        "BestCoverage": 0.8,
        "Elite": {
            "action": 0.9040985107421875,
            "observation": 1
        }
    },
    "200": {
        "BestCoverage": 0.8,
        "Elite": {
            "action": -0.3315715789794922,
            "observation": 2
        }
    },
    "205": {
        "BestCoverage": 0.8,
        "Elite": {
            "action": -0.2609584331512451,
            "observation": 2
        }
    },
    "210": {
        "BestCoverage": 0.8,
        "Elite": {
            "action": 0.8174742460250854,
            "observation": 2
        }
    },
    "215": {
        "BestCoverage": 0.8,
        "Elite": {
            "action": -0.6843713521957397,
            "observation": 3
        }
    },
    "220": {
        "BestCoverage": 0.8,
        "Elite": {
            "action": -0.40687042474746704,
            "observation": 2
        }
    },
    "225": {
        "BestCoverage": 0.8,
        "Elite": {
            "action": -0.5526689291000366,
            "observation": 2
        }
    },
    "230": {
        "BestCoverage": 0.8,
        "Elite": {
            "action": -0.07662999629974365,
            "observation": 1
        }
    },
    "235": {
        "BestCoverage": 0.8,
        "Elite": {
            "action": 0.26358866691589355,
            "observation": 1
        }
    },
    "240": {
        "BestCoverage": 0.8,
        "Elite": {
            "action": 0.9517648220062256,
            "observation": 1
        }
    },
    "245": {
        "BestCoverage": 0.8,
        "Elite": {
            "action": -0.07215285301208496,
            "observation": 2
        }
    },
    "250": {
        "BestCoverage": 0.8,
        "Elite": {
            "action": 0.9529271125793457,
            "observation": 2
        }
    },
    "255": {
        "BestCoverage": 0.8,
        "Elite": {
            "action": -0.9333626627922058,
            "observation": 3
        }
    },
    "260": {
        "BestCoverage": 0.8,
        "Elite": {
            "action": -0.39180052280426025,
            "observation": 2
        }
    },
    "265": {
        "BestCoverage": 0.8,
        "Elite": {
            "action": -0.6603571176528931,
            "observation": 2
        }
    },
    "270": {
        "BestCoverage": 0.8,
        "Elite": {
            "action": -0.6765267848968506,
            "observation": 1
        }
    },
    "275": {
        "BestCoverage": 0.8,
        "Elite": {
            "action": -0.34314024448394775,
            "observation": 0
        }
    },
    "280": {
        "BestCoverage": 0.8,