{
    "15": {
        "BestCoverage": 0.8,
        "Elite": {
            "action": -0.7731332778930664,
            "observation": 1
        }
    },
    "20": {
        "BestCoverage": 0.8,
        "Elite": {
            "action": 0.33704137802124023,
            "observation": 0
        }
    },
    "25": {
        "BestCoverage": 0.8,
        "Elite": {
            "action": 0.25460171699523926,
            "observation": 0
        }
    },
    "30": {
        "BestCoverage": 0.8,
        "Elite": {
            "action": 0.5604979991912842,
            "observation": 0
        }
    },
    "35": {
        "BestCoverage": 0.8,
        "Elite": {
            "action": -0.1304219365119934,
            "observation": 1
        }
    },
    "40": {
        "BestCoverage": 0.8,
        "Elite": {
            "action": -0.5232107043266296,
            "observation": 1
        }
    },
    "45": {
        "BestCoverage": 0.8,
        "Elite": {
            "action": 0.3819432258605957,
            "observation": 0
        }
    },
    "50": {
        "BestCoverage": 0.8,
        "Elite": {
            "action": 0.2646605968475342,
            "observation": 0
        }
    },
    "55": {
        "BestCoverage": 0.8,
        "Elite": {
            "action": -0.9562135934829712,
            "observation": 0
        }
    },
    "60": {
        "BestCoverage": 0.8,
        "Elite": {
            "action": 0.7812119722366333,
            "observation": 0
        }
    },
    "65": {
        "BestCoverage": 0.8,
        "Elite": {
            "action": 0.08231544494628906,
            "observation": 1
        }
    },
    "70": {
        "BestCoverage": 0.8,
        "Elite": {
            "action": 0.7116777896881104,
            "observation": 1
        }
    },
    "75": {
        "BestCoverage": 0.8,
        "Elite": {
            "action": 0.04835522174835205,
            "observation": 2
        }
    },
    "80": {
        "BestCoverage": 0.8,
        "Elite": {
            "action": 0.983681321144104,
            "observation": 2
        }
    },
    "85": {
        "BestCoverage": 0.8,
        "Elite": {
            "action": -0.457375168800354,
            "observation": 3
        }
    },
    "90": {
        "BestCoverage": 0.8,
        "Elite": {
            "action": 0.4909656047821045,
            "observation": 3
        }
    },
    "95": {
        "BestCoverage": 0.8,
        "Elite": {
            "action": -0.2606942653656006,
            "observation": 3
        }
    },
    "100": {
        "BestCoverage": 0.8,
        "Elite": {
            "action": -0.02455592155456543,
            "observation": 3
        }
    },
    "105": {
        "BestCoverage": 0.8,
        "Elite": {
            "action": 0.3261758089065552,
            "observation": 3
        }
    },
    "110": {
        "BestCoverage": 0.8,
        "Elite": {
            "action": 0.02428138256072998,
            "observation": 3
        }
    },
    "115": {
        "BestCoverage": 0.8,
        "Elite": {
            "action": -0.2563033103942871,
            "observation": 3
        }
    },
    "120": {
        "BestCoverage": 0.8,
        "Elite": {
            "action": 0.25368642807006836,
            "observation": 3
        }
    },
    "125": {
        "BestCoverage": 0.8,
        "Elite": {
            "action": -0.20689630508422852,
            "observation": 3
        }
    },
    "130": {
        "BestCoverage": 0.8,
        "Elite": {
            "action": 0.12070107460021973,
            "observation": 3
        }
    },
    "135": {
        "BestCoverage": 0.8,
        "Elite": {
            "action": 0.5731375217437744,
            "observation": 3
        }
    },
    "140": {
        "BestCoverage": 0.8,
        "Elite": {
            "action": -0.15012657642364502,
            "observation": 4
        }
    },
    "145": {
        "BestCoverage": 0.8,
        "Elite": {
            "action": 0.3342660665512085,
            "observation": 4
        }
    },
    "150": {
        "BestCoverage": 0.8,
        "Elite": {
            "action": 0.18748557567596436,
            "observation": 4
        }
    },
    "155": {
        "BestCoverage": 0.8,
        "Elite": {
            "action": 0.09684181213378906,
            "observation": 4
        }
    },
    "160": {
        "BestCoverage": 0.8,
        "Elite": {
            "action": 0.6270540952682495,
            "observation": 4
        }
    },
    "165": {
        "BestCoverage": 0.8,
        "Elite": {
            "action": 0.8646328449249268,
            "observation": 5
        }
    },
    "170": {
        "BestCoverage": 0.8,
        "Elite": {
            "action": -0.8417351245880127,
            "observation": 6
        }
    },
    "175": {
        "BestCoverage": 0.8,
        "Elite": {
            "action": 0.4174560308456421,
            "observation": 5
        }
    },
    "180": {
        "BestCoverage": 0.8,
        "Elite": {
            "action": -0.20152616500854492,
            "observation": 5
        }
    },
    "185": {
        "BestCoverage": 0.8,
        "Elite": {
            "action": -0.023717224597930908,
            "observation": 5
        }
    },
    "190": {
        "BestCoverage": 0.8,
        "Elite": {
            "action": -0.9022015929222107,
            "observation": 5
        }
    },
    "195": {
        "BestCoverage": 0.8,
        "Elite": {
            "action": -0.6140747666358948,
            "observation": 4
        }
    },
    "200": {
        "BestCoverage": 0.8,
        "Elite": {
            "action": 0.8787468671798706,
            "observation": 3
        }
    },
    "205": {
        "BestCoverage": 0.8,
        "Elite": {
            "action": 0.4074000120162964,
            "observation": 4
        }
    },
    "210": {
        "BestCoverage": 0.8,
        "Elite": {
            "action": 0.18417620658874512,
            "observation": 4
        }
    },
    "215": {
        "BestCoverage": 0.8,
        "Elite": {
            "action": -0.7663670778274536,
            "observation": 4
        }
    },
    "220": {
        "BestCoverage": 0.8,
        "Elite": {
            "action": 0.11919856071472168,
            "observation": 3
        }
    },
    "225": {
        "BestCoverage": 0.8,
        "Elite": {
            "action": 0.5379774570465088,
            "observation": 3
        }
    },
    "230": {
        "BestCoverage": 0.8,
        "Elite": {
            "action": 0.21478772163391113,
            "observation": 4
        }
    },
    "235": {
        "BestCoverage": 0.8,
        "Elite": {
            "action": -0.2634615898132324,
            "observation": 4
        }
    },
    "240": {
        "BestCoverage": 0.8,
        "Elite": {
            "action": 0.1222759485244751,
            "observation": 4
        }
    },
    "245": {
        "BestCoverage": 0.8,
        "Elite": {
            "action": 0.49993157386779785,
            "observation": 4
        }
    },
    "250": {
        "BestCoverage": 0.8,
        "Elite": {
            "action": -0.3406325578689575,
            "observation": 4
        }
    },
    "255": {
        "BestCoverage": 0.8,
        "Elite": {
            "action": 0.10818445682525635,
            "observation": 4
        }
    },
    "260": {
        "BestCoverage": 0.8,
        "Elite": {
            "action": 0.016472816467285156,
            "observation": 4
        }
    },
    "265": {
        "BestCoverage": 0.8,
        "Elite": {
            "action": -0.2994396686553955,
            "observation": 4
        }
    },
    "270": {
        "BestCoverage": 0.8,
        "Elite": {
            "action": 0.9629027843475342,
            "observation": 4
        }
    },
    "275": {
        "BestCoverage": 0.8,
        "Elite": {
            "action": -0.4262949824333191,
            "observation": 5
        }
    },
    "280": {
        "BestCoverage": 0.8,