{
    "15": {
        "BestCoverage": 0.8,
        "TestDeleteProbability": {
            "action": 0.024773025512695307,
            "observation": 0.3333333333333333
        }
    },
    "20": {
        "BestCoverage": 0.8,
        "TestDeleteProbability": {
            "action": -0.08747955560684205,
            "observation": 0.3581063588460286
        }
    },
    "25": {
        "BestCoverage": 0.8,
        "TestDeleteProbability": {
            "action": 0.01738033294677735,
            "observation": 0.27062680323918653
        }
    },
    "30": {
        "BestCoverage": 0.8,
        "TestDeleteProbability": {
            "action": -0.040726661682128906,
            "observation": 0.28800713618596385
        }
    },
    "35": {
        "BestCoverage": 0.8,
        "TestDeleteProbability": {
            "action": 0.036793363094329845,
            "observation": 0.24728047450383495
        }
    },
    "40": {
        "BestCoverage": 0.8,
        "TestDeleteProbability": {
            "action": 0.0839017391204834,
            "observation": 0.2840738375981648
        }
    },
    "45": {
        "BestCoverage": 0.8,
        "TestDeleteProbability": {
            "action": -0.004353564977645871,
            "observation": 0.3679755767186482
        }
    },
    "50": {
        "BestCoverage": 0.8,
        "TestDeleteProbability": {
            "action": 0.08059868812561036,
            "observation": 0.36362201174100234
        }
    },
    "55": {
        "BestCoverage": 0.8,
        "TestDeleteProbability": {
            "action": -0.019490337371826177,
            "observation": 0.4442206998666127
        }
    },
    "60": {
        "BestCoverage": 0.8,
        "TestDeleteProbability": {
            "action": 0.05777764320373535,
            "observation": 0.4247303624947866
        }
    },
    "65": {
        "BestCoverage": 0.8,
        "TestDeleteProbability": {
            "action": 0.06336222887039186,
            "observation": 0.4825080056985219
        }
    },
    "70": {
        "BestCoverage": 0.8,
        "TestDeleteProbability": {
            "action": -0.03963765501976013,
            "observation": 0.5458702345689138
        }
    },
    "75": {
        "BestCoverage": 0.8,
        "TestDeleteProbability": {
            "action": -0.08106102943420411,
            "observation": 0.5062325795491537
        }
    },
    "80": {
        "BestCoverage": 0.8,
        "TestDeleteProbability": {
            "action": -0.010017293691635135,
            "observation": 0.42517155011494956
        }
    },
    "85": {
        "BestCoverage": 0.8,
        "TestDeleteProbability": {
            "action": -0.02460804581642151,
            "observation": 0.41515425642331444
        }
    },
    "90": {
        "BestCoverage": 0.8,
        "TestDeleteProbability": {
            "action": 0.026692783832550054,
            "observation": 0.39054621060689293
        }
    },
    "95": {
        "BestCoverage": 0.8,
        "TestDeleteProbability": {
            "action": 0.018405807018280027,
            "observation": 0.417238994439443
        }
    },
    "100": {
        "BestCoverage": 0.8,
        "TestDeleteProbability": {
            "action": -0.0446401596069336,
            "observation": 0.43564480145772305
        }
    },
    "105": {
        "BestCoverage": 0.8,
        "TestDeleteProbability": {
            "action": -0.04361562728881836,
            "observation": 0.3910046418507894
        }
    },
    "110": {
        "BestCoverage": 0.8,
        "TestDeleteProbability": {
            "action": 0.00971643924713135,
            "observation": 0.3473890145619711
        }
    },
    "115": {
        "BestCoverage": 0.8,
        "TestDeleteProbability": {
            "action": 0.05117051601409914,
            "observation": 0.3571054538091024
        }
    },
    "120": {
        "BestCoverage": 0.8,
        "TestDeleteProbability": {
            "action": -0.0010532915592193631,
            "observation": 0.4082759698232016
        }
    },
    "125": {
        "BestCoverage": 0.8,
        "TestDeleteProbability": {
            "action": 0.08478825092315675,
            "observation": 0.40722267826398223
        }
    },
    "130": {
        "BestCoverage": 0.8,
        "TestDeleteProbability": {
            "action": 0.003745043277740473,
            "observation": 0.49201092918713896
        }
    },
    "135": {
        "BestCoverage": 0.8,
        "TestDeleteProbability": {
            "action": 0.0930428981781006,
            "observation": 0.49575597246487946
        }
    },
    "140": {
        "BestCoverage": 0.8,
        "TestDeleteProbability": {
            "action": 0.06271517276763916,
            "observation": 0.5887988706429801
        }
    },
    "145": {
        "BestCoverage": 0.8,
        "TestDeleteProbability": {
            "action": 0.059450459480285656,
            "observation": 0.6515140434106192
        }
    },
    "150": {
        "BestCoverage": 0.8,
        "TestDeleteProbability": {
            "action": -0.06805189847946166,
            "observation": 0.7109645028909048
        }
    },
    "155": {
        "BestCoverage": 0.8,
        "TestDeleteProbability": {
            "action": 0.05616612434387208,
            "observation": 0.6429126044114432
        }
    },
    "160": {
        "BestCoverage": 0.8,
        "TestDeleteProbability": {
            "action": -0.08336776494979858,
            "observation": 0.6990787287553153
        }
    },
    "165": {
        "BestCoverage": 0.8,
        "TestDeleteProbability": {
            "action": 0.013941955566406247,
            "observation": 0.6157109638055167
        }
    },
    "170": {
        "BestCoverage": 0.8,
        "TestDeleteProbability": {
            "action": -0.09667789340019227,
            "observation": 0.6296529193719229
        }
    },
    "175": {
        "BestCoverage": 0.8,
        "TestDeleteProbability": {
            "action": 0.0477484107017517,
            "observation": 0.5329750259717306
        }
    },
    "180": {
        "BestCoverage": 0.8,
        "TestDeleteProbability": {
            "action": -0.025383347272872933,
            "observation": 0.5807234366734824
        }
    },
    "185": {
        "BestCoverage": 0.8,
        "TestDeleteProbability": {
            "action": 0.0683033585548401,
            "observation": 0.5553400894006094
        }
    },
    "190": {
        "BestCoverage": 0.8,
        "TestDeleteProbability": {
            "action": 0.03441414833068848,
            "observation": 0.6236434479554496
        }
    },
    "195": {
        "BestCoverage": 0.8,
        "TestDeleteProbability": {
            "action": 0.013342189788818362,
            "observation": 0.658057596286138
        }
    },
    "200": {
        "BestCoverage": 0.8,
        "TestDeleteProbability": {
            "action": -0.049443197250366215,
            "observation": 0.6713997860749564
        }
    },
    "205": {
        "BestCoverage": 0.8,
        "TestDeleteProbability": {
            "action": -0.008945471048355108,
            "observation": 0.6219565888245903
        }
    },
    "210": {
        "BestCoverage": 0.8,
        "TestDeleteProbability": {
            "action": -0.03953582048416138,
            "observation": 0.6130111177762352
        }
    },
    "215": {
        "BestCoverage": 0.8,
        "TestDeleteProbability": {
            "action": -0.016667622327804568,
            "observation": 0.5734752972920738
        }
    },
    "220": {
        "BestCoverage": 0.8,
        "TestDeleteProbability": {
            "action": -0.020378530025482178,
            "observation": 0.5568076749642692
        }
    },
    "225": {
        "BestCoverage": 0.8,
        "TestDeleteProbability": {
            "action": 0.00295865535736084,
            "observation": 0.536429144938787
        }
    },
    "230": {
        "BestCoverage": 0.8,