{
    "15": {
        "BestCoverage": 0.8,
        "CrossoverRate": {
            "action": 0.05411031246185302,
            "observation": 0.75
        }
    },
    "20": {
        "BestCoverage": 0.8,
        "CrossoverRate": {
            "action": 0.056327629089355485,
            "observation": 0.804110312461853
        }
    },
    "25": {
        "BestCoverage": 0.8,
        "CrossoverRate": {
            "action": 0.026108002662658697,
            "observation": 0.8604379415512086
        }
    },
    "30": {
        "BestCoverage": 0.8,
        "CrossoverRate": {
            "action": -0.09939314126968385,
            "observation": 0.8865459442138672
        }
    },
    "35": {
        "BestCoverage": 0.8,
        "CrossoverRate": {
            "action": -0.05197921991348267,
            "observation": 0.7871528029441834
        }
    },
    "40": {
        "BestCoverage": 0.8,
        "CrossoverRate": {
            "action": 0.05874879360198976,
            "observation": 0.7351735830307008
        }
    },
    "45": {
        "BestCoverage": 0.8,
        "CrossoverRate": {
            "action": 0.08145728111267089,
            "observation": 0.7939223766326906
        }
    },
    "50": {
        "BestCoverage": 0.8,
        "CrossoverRate": {
            "action": 0.019491219520568842,
            "observation": 0.8753796577453615
        }
    },
    "55": {
        "BestCoverage": 0.8,
        "CrossoverRate": {
            "action": 0.06835964918136597,
            "observation": 0.8948708772659304
        }
    },
    "60": {
        "BestCoverage": 0.8,
        "CrossoverRate": {
            "action": -0.017536705732345587,
            "observation": 0.9632305264472963
        }
    },
    "65": {
        "BestCoverage": 0.8,
        "CrossoverRate": {
            "action": -0.074263733625412,
            "observation": 0.9456938207149508
        }
    },
    "70": {
        "BestCoverage": 0.8,
        "CrossoverRate": {
            "action": 0.06588518619537354,
            "observation": 0.8714300870895388
        }
    },
    "75": {
        "BestCoverage": 0.8,
        "CrossoverRate": {
            "action": 0.011446750164031988,
            "observation": 0.9373152732849124
        }
    },
    "80": {
        "BestCoverage": 0.8,
        "CrossoverRate": {
            "action": 0.045097327232360845,
            "observation": 0.9487620234489443
        }
    },
    "85": {
        "BestCoverage": 0.8,
        "CrossoverRate": {
            "action": 0.07646987438201905,
            "observation": 0.9938593506813052
        }
    },
    "90": {
        "BestCoverage": 0.8,
        "CrossoverRate": {
            "action": 0.05408098697662353,
            "observation": 1.0
        }
    },
    "95": {
        "BestCoverage": 0.8,
        "CrossoverRate": {
            "action": -0.0617956817150116,
            "observation": 1.0
        }
    },
    "100": {
        "BestCoverage": 0.8,
        "CrossoverRate": {
            "action": 0.09404816627502441,
            "observation": 0.9382043182849884
        }
    },
    "105": {
        "BestCoverage": 0.8,
        "CrossoverRate": {
            "action": 0.019839763641357422,
            "observation": 1.0
        }
    },
    "110": {
        "BestCoverage": 0.8,
        "CrossoverRate": {
            "action": 0.0662470817565918,
            "observation": 1.0
        }
    },
    "115": {
        "BestCoverage": 0.8,
        "CrossoverRate": {
            "action": -0.06359832882881164,
            "observation": 1.0
        }
    },
    "120": {
        "BestCoverage": 0.8,
        "CrossoverRate": {
            "action": -0.016004514694213864,
            "observation": 0.9364016711711883
        }
    },
    "125": {
        "BestCoverage": 0.8,
        "CrossoverRate": {
            "action": 0.04913644790649413,
            "observation": 0.9203971564769745
        }
    },
    "130": {
        "BestCoverage": 0.8,
        "CrossoverRate": {
            "action": -0.0009824693202972468,
            "observation": 0.9695336043834686
        }
    },
    "135": {
        "BestCoverage": 0.8,
        "CrossoverRate": {
            "action": -0.06139731407165527,
            "observation": 0.9685511350631714
        }
    },
    "140": {
        "BestCoverage": 0.8,
        "CrossoverRate": {
            "action": -0.08135070800781251,
            "observation": 0.9071538209915161
        }
    },
    "145": {
        "BestCoverage": 0.8,
        "CrossoverRate": {
            "action": 0.03322812318801879,
            "observation": 0.8258031129837036
        }
    },
    "150": {
        "BestCoverage": 0.8,
        "CrossoverRate": {
            "action": 0.0566752552986145,
            "observation": 0.8590312361717224
        }
    },
    "155": {
        "BestCoverage": 0.8,
        "CrossoverRate": {
            "action": 0.018652451038360593,
            "observation": 0.9157064914703369
        }
    },
    "160": {
        "BestCoverage": 0.8,
        "CrossoverRate": {
            "action": -0.03128331899642944,
            "observation": 0.9343589425086974
        }
    },
    "165": {
        "BestCoverage": 0.8,
        "CrossoverRate": {
            "action": -0.00842072963714599,
            "observation": 0.903075623512268
        }
    },
    "170": {
        "BestCoverage": 0.8,
        "CrossoverRate": {
            "action": 0.05585768222808837,
            "observation": 0.894654893875122
        }
    },
    "175": {
        "BestCoverage": 0.8,
        "CrossoverRate": {
            "action": -0.01307127475738526,
            "observation": 0.9505125761032104
        }
    },
    "180": {
        "BestCoverage": 0.8,
        "CrossoverRate": {
            "action": 0.030441641807556152,
            "observation": 0.9374413013458252
        }
    },
    "185": {
        "BestCoverage": 0.8,
        "CrossoverRate": {
            "action": -0.00018863677978515903,
            "observation": 0.9678829431533813
        }
    },
    "190": {
        "BestCoverage": 0.8,
        "CrossoverRate": {
            "action": -0.0739797592163086,
            "observation": 0.9676943063735961
        }
    },
    "195": {
        "BestCoverage": 0.8,
        "CrossoverRate": {
            "action": 0.030787158012390126,
            "observation": 0.8937145471572875
        }
    },
    "200": {
        "BestCoverage": 0.8,
        "CrossoverRate": {
            "action": -0.05819481611251831,
            "observation": 0.9245017051696776
        }
    },
    "205": {
        "BestCoverage": 0.8,
        "CrossoverRate": {
            "action": 0.015064740180969233,
            "observation": 0.8663068890571592
        }
    },
    "210": {
        "BestCoverage": 0.8,
        "CrossoverRate": {
            "action": -0.055329120159149175,
            "observation": 0.8813716292381285
        }
    },
    "215": {
        "BestCoverage": 0.8,
        "CrossoverRate": {
            "action": -0.004811954498291013,
            "observation": 0.8260425090789794
        }
    },
    "220": {
        "BestCoverage": 0.8,
        "CrossoverRate": {
            "action": 0.05763592720031738,
            "observation": 0.8212305545806884
        }
    },
    "225": {
        "BestCoverage": 0.8,
        "CrossoverRate": {
            "action": -0.09111378192901612,
            "observation": 0.8788664817810058
        }
    },
    "230": {
        "BestCoverage": 0.8,
        "CrossoverRate": {
            "action": -0.06749098896980285,
            "observation": 0.7877526998519897
        }
    },
    "235": {
        "BestCoverage": 0.8,
        "CrossoverRate": {
            "action": -0.09145482778549195,
            "observation": 0.7202617108821868
        }
    },
    "240": {
        "BestCoverage": 0.8,
        "CrossoverRate": {
            "action": -0.061241048574447635,
            "observation": 0.6288068830966949
        }
    },