{
    "15": {
        "BestCoverage": 0.8,
        "TestInsertProbability": {
            "action": -0.025219976902008057,
            "observation": 0.3333333333333333
        }
    },
    "20": {
        "BestCoverage": 0.8,
        "TestInsertProbability": {
            "action": 0.0828333854675293,
            "observation": 0.30811335643132526
        }
    },
    "25": {
        "BestCoverage": 0.8,
        "TestInsertProbability": {
            "action": -0.09439354538917542,
            "observation": 0.3909467418988546
        }
    },
    "30": {
        "BestCoverage": 0.8,
        "TestInsertProbability": {
            "action": -0.0836276650428772,
            "observation": 0.29655319650967915
        }
    },
    "35": {
        "BestCoverage": 0.8,
        "TestInsertProbability": {
            "action": -0.06371667981147766,
            "observation": 0.21292553146680193
        }
    },
    "40": {
        "BestCoverage": 0.8,
        "TestInsertProbability": {
            "action": 0.03002835512161256,
            "observation": 0.14920885165532427
        }
    },
    "45": {
        "BestCoverage": 0.8,
        "TestInsertProbability": {
            "action": 0.07861645221710206,
            "observation": 0.17923720677693683
        }
    },
    "50": {
        "BestCoverage": 0.8,
        "TestInsertProbability": {
            "action": -0.08927449584007263,
            "observation": 0.2578536589940389
        }
    },
    "55": {
        "BestCoverage": 0.8,
        "TestInsertProbability": {
            "action": -0.00017951726913452426,
            "observation": 0.16857916315396626
        }
    },
    "60": {
        "BestCoverage": 0.8,
        "TestInsertProbability": {
            "action": -0.045161557197570805,
            "observation": 0.16839964588483175
        }
    },
    "65": {
        "BestCoverage": 0.8,
        "TestInsertProbability": {
            "action": -0.023076969385147098,
            "observation": 0.12323808868726094
        }
    },
    "70": {
        "BestCoverage": 0.8,
        "TestInsertProbability": {
            "action": -0.04640893340110779,
            "observation": 0.10016111930211384
        }
    },
    "75": {
        "BestCoverage": 0.8,
        "TestInsertProbability": {
            "action": -0.028206247091293338,
            "observation": 0.05375218590100605
        }
    },
    "80": {
        "BestCoverage": 0.8,
        "TestInsertProbability": {
            "action": -0.08754862546920777,
            "observation": 0.02554593880971271
        }
    },
    "85": {
        "BestCoverage": 0.8,
        "TestInsertProbability": {
            "action": -0.053108847141265875,
            "observation": 0.0
        }
    },
    "90": {
        "BestCoverage": 0.8,
        "TestInsertProbability": {
            "action": 0.06592878103256225,
            "observation": 0.0
        }
    },
    "95": {
        "BestCoverage": 0.8,
        "TestInsertProbability": {
            "action": -0.05039675831794739,
            "observation": 0.06592878103256225
        }
    },
    "100": {
        "BestCoverage": 0.8,
        "TestInsertProbability": {
            "action": 0.007135987281799316,
            "observation": 0.01553202271461486
        }
    },
    "105": {
        "BestCoverage": 0.8,
        "TestInsertProbability": {
            "action": -0.08668004870414735,
            "observation": 0.022668009996414176
        }
    },
    "110": {
        "BestCoverage": 0.8,
        "TestInsertProbability": {
            "action": -0.040184426307678225,
            "observation": 0.0
        }
    },
    "115": {
        "BestCoverage": 0.8,
        "TestInsertProbability": {
            "action": 0.040255558490753185,
            "observation": 0.0
        }
    },
    "120": {
        "BestCoverage": 0.8,
        "TestInsertProbability": {
            "action": 0.035432517528533936,
            "observation": 0.040255558490753185
        }
    },
    "125": {
        "BestCoverage": 0.8,
        "TestInsertProbability": {
            "action": -0.09050716757774353,
            "observation": 0.07568807601928712
        }
    },
    "130": {
        "BestCoverage": 0.8,
        "TestInsertProbability": {
            "action": 0.02569885253906251,
            "observation": 0.0
        }
    },
    "135": {
        "BestCoverage": 0.8,
        "TestInsertProbability": {
            "action": -0.034887772798538205,
            "observation": 0.02569885253906251
        }
    },
    "140": {
        "BestCoverage": 0.8,
        "TestInsertProbability": {
            "action": -0.08067054748535157,
            "observation": 0.0
        }
    },
    "145": {
        "BestCoverage": 0.8,
        "TestInsertProbability": {
            "action": 0.029097485542297352,
            "observation": 0.0
        }
    },
    "150": {
        "BestCoverage": 0.8,
        "TestInsertProbability": {
            "action": 0.0792828917503357,
            "observation": 0.029097485542297352
        }
    },
    "155": {
        "BestCoverage": 0.8,
        "TestInsertProbability": {
            "action": -0.04657163619995117,
            "observation": 0.10838037729263306
        }
    },
    "160": {
        "BestCoverage": 0.8,
        "TestInsertProbability": {
            "action": -0.07777565121650697,
            "observation": 0.06180874109268188
        }
    },
    "165": {
        "BestCoverage": 0.8,
        "TestInsertProbability": {
            "action": 0.015603721141815186,
            "observation": 0.0
        }
    },
    "170": {
        "BestCoverage": 0.8,
        "TestInsertProbability": {
            "action": 0.003870153427124018,
            "observation": 0.015603721141815186
        }
    },
    "175": {
        "BestCoverage": 0.8,
        "TestInsertProbability": {
            "action": -0.08954460620880128,
            "observation": 0.019473874568939203
        }
    },
    "180": {
        "BestCoverage": 0.8,
        "TestInsertProbability": {
            "action": 0.07212451696395875,
            "observation": 0.0
        }
    },
    "185": {
        "BestCoverage": 0.8,
        "TestInsertProbability": {
            "action": -0.04351708889007569,
            "observation": 0.07212451696395875
        }
    },
    "190": {
        "BestCoverage": 0.8,
        "TestInsertProbability": {
            "action": -0.005508476495742792,
            "observation": 0.028607428073883057
        }
    },
    "195": {
        "BestCoverage": 0.8,
        "TestInsertProbability": {
            "action": 0.04520164728164672,
            "observation": 0.023098951578140264
        }
    },
    "200": {
        "BestCoverage": 0.8,
        "TestInsertProbability": {
            "action": 0.07925699949264528,
            "observation": 0.06830059885978698
        }
    },
    "205": {
        "BestCoverage": 0.8,
        "TestInsertProbability": {
            "action": -0.015323281288146973,
            "observation": 0.14755759835243226
        }
    },
    "210": {
        "BestCoverage": 0.8,
        "TestInsertProbability": {
            "action": 0.09418015480041506,
            "observation": 0.1322343170642853
        }
    },
    "215": {
        "BestCoverage": 0.8,
        "TestInsertProbability": {
            "action": 0.08368465900421143,
            "observation": 0.22641447186470035
        }
    },
    "220": {
        "BestCoverage": 0.8,
        "TestInsertProbability": {
            "action": 0.006700408458709714,
            "observation": 0.3100991308689118
        }
    },
    "225": {
        "BestCoverage": 0.8,
        "TestInsertProbability": {
            "action": 0.007320880889892578,
            "observation": 0.3167995393276215
        }
    },
    "230": {
        "BestCoverage": 0.8,
        "TestInsertProbability": {
            "action": -0.08059234023094178,
            "observation": 0.3241204202175141
        }
    },