{
    "25": {
        "BestCoverage": 0.75,
        "TestChangeProbability": {
            "action": -0.002054363489151001,
            "observation": 0.3333333333333333
        }
    },
    "30": {
        "BestCoverage": 0.75,
        "TestChangeProbability": {
            "action": 0.021069347858428955,
            "observation": 0.3312789698441823
        }
    },
    "35": {
        "BestCoverage": 0.75,
        "TestChangeProbability": {
            "action": -0.03802495002746582,
            "observation": 0.35234831770261127
        }
    },
    "40": {
        "BestCoverage": 0.75,
        "TestChangeProbability": {
            "action": 0.004397618770599368,
            "observation": 0.31432336767514546
        }
    },
    "45": {
        "BestCoverage": 0.75,
        "TestChangeProbability": {
            "action": 0.060993564128875744,
            "observation": 0.3187209864457448
        }
    },
    "50": {
        "BestCoverage": 0.75,
        "TestChangeProbability": {
            "action": -0.031898969411849984,
            "observation": 0.37971455057462056
        }
    },
    "55": {
        "BestCoverage": 0.75,
        "TestChangeProbability": {
            "action": -0.08773353695869446,
            "observation": 0.34781558116277056
        }
    },
    "60": {
        "BestCoverage": 0.75,
        "TestChangeProbability": {
            "action": 0.078900945186615,
            "observation": 0.2600820442040761
        }
    },
    "65": {
        "BestCoverage": 0.75,
        "TestChangeProbability": {
            "action": 0.007362496852874753,
            "observation": 0.3389829893906911
        }
    },
    "70": {
        "BestCoverage": 0.75,
        "TestChangeProbability": {
            "action": 0.055234229564666754,
            "observation": 0.34634548624356587
        }
    },
    "75": {
        "BestCoverage": 0.75,
        "TestChangeProbability": {
            "action": -0.009062927961349485,
            "observation": 0.4015797158082326
        }
    },
    "80": {
        "BestCoverage": 0.75,
        "TestChangeProbability": {
            "action": 0.0636384963989258,
            "observation": 0.3925167878468831
        }
    },
    "85": {
        "BestCoverage": 0.75,
        "TestChangeProbability": {
            "action": 0.015359187126159662,
            "observation": 0.45615528424580887
        }
    },
    "90": {
        "BestCoverage": 0.75,
        "TestChangeProbability": {
            "action": -0.006138229370117182,
            "observation": 0.47151447137196856
        }
    },
    "95": {
        "BestCoverage": 0.75,
        "TestChangeProbability": {
            "action": 0.05395882129669191,
            "observation": 0.46537624200185135
        }
    },
    "100": {
        "BestCoverage": 0.75,
        "TestChangeProbability": {
            "action": 0.03328179121017455,
            "observation": 0.5193350632985433
        }
    },
    "105": {
        "BestCoverage": 0.75,
        "TestChangeProbability": {
            "action": -0.06322131156921387,
            "observation": 0.5526168545087178
        }
    },
    "110": {
        "BestCoverage": 0.75,
        "TestChangeProbability": {
            "action": -0.05360686182975769,
            "observation": 0.48939554293950394
        }
    },
    "115": {
        "BestCoverage": 0.75,
        "TestChangeProbability": {
            "action": 0.08051905632019044,
            "observation": 0.4357886811097462
        }
    },
    "120": {
        "BestCoverage": 0.75,
        "TestChangeProbability": {
            "action": -0.013833189010620112,
            "observation": 0.5163077374299366
        }
    },
    "125": {
        "BestCoverage": 0.75,
        "TestChangeProbability": {
            "action": 0.054729342460632324,
            "observation": 0.5024745484193165
        }
    },
    "130": {
        "BestCoverage": 0.75,
        "TestChangeProbability": {
            "action": 0.09264738559722902,
            "observation": 0.5572038908799488
        }
    },
    "135": {
        "BestCoverage": 0.75,
        "TestChangeProbability": {
            "action": 0.023138034343719485,
            "observation": 0.6498512764771778
        }
    },
    "140": {
        "BestCoverage": 0.75,
        "TestChangeProbability": {
            "action": -0.01922421455383301,
            "observation": 0.6729893108208973
        }
    },
    "145": {
        "BestCoverage": 0.75,
        "TestChangeProbability": {
            "action": 0.07037067413330078,
            "observation": 0.6537650962670642
        }
    },
    "150": {
        "BestCoverage": 0.75,
        "TestChangeProbability": {
            "action": 0.047774720191955555,
            "observation": 0.724135770400365
        }
    },
    "155": {
        "BestCoverage": 0.75,
        "TestChangeProbability": {
            "action": -0.024487543106079104,
            "observation": 0.7719104905923206
        }
    },
    "160": {
        "BestCoverage": 0.7625,
        "TestChangeProbability": {
            "action": 0.023040258884429926,
            "observation": 0.7474229474862415
        }
    },
    "165": {
        "BestCoverage": 0.7625,
        "TestChangeProbability": {
            "action": -0.07648507952690126,
            "observation": 0.7704632063706714
        }
    },
    "170": {
        "BestCoverage": 0.7625,
        "TestChangeProbability": {
            "action": 0.03623774051666259,
            "observation": 0.6939781268437701
        }
    },
    "175": {
        "BestCoverage": 0.7625,
        "TestChangeProbability": {
            "action": -0.06896641850471497,
            "observation": 0.7302158673604328
        }
    },
    "180": {
        "BestCoverage": 0.7625,
        "TestChangeProbability": {
            "action": -0.02530782222747803,
            "observation": 0.6612494488557178
        }
    },
    "185": {
        "BestCoverage": 0.7625,
        "TestChangeProbability": {
            "action": 0.0578980326652527,
            "observation": 0.6359416266282397
        }
    },
    "190": {
        "BestCoverage": 0.7625,
        "TestChangeProbability": {
            "action": 0.04566677808761596,
            "observation": 0.6938396592934925
        }
    },
    "195": {
        "BestCoverage": 0.7625,
        "TestChangeProbability": {
            "action": -0.07985654473304749,
            "observation": 0.7395064373811084
        }
    },
    "200": {
        "BestCoverage": 0.7625,
        "TestChangeProbability": {
            "action": 0.07579784393310549,
            "observation": 0.659649892648061
        }
    },
    "205": {
        "BestCoverage": 0.7625,
        "TestChangeProbability": {
            "action": -0.0915177881717682,
            "observation": 0.7354477365811665
        }
    },
    "210": {
        "BestCoverage": 0.7625,
        "TestChangeProbability": {
            "action": -0.08451250791549683,
            "observation": 0.6439299484093983
        }
    },
    "215": {
        "BestCoverage": 0.7625,
        "TestChangeProbability": {
            "action": 0.07483025789260864,
            "observation": 0.5594174404939015
        }
    },
    "220": {
        "BestCoverage": 0.7625,
        "TestChangeProbability": {
            "action": -0.09618425965309144,
            "observation": 0.6342476983865102
        }
    },
    "225": {
        "BestCoverage": 0.7625,
        "TestChangeProbability": {
            "action": -0.003870642185211187,
            "observation": 0.5380634387334188
        }
    },
    "230": {
        "BestCoverage": 0.7625,
        "TestChangeProbability": {
            "action": -0.077464097738266,
            "observation": 0.5341927965482076
        }
    },
    "235": {
        "BestCoverage": 0.7625,
        "TestChangeProbability": {
            "action": -0.014010387659072879,
            "observation": 0.4567286988099416
        }
    },