{
    "15": {
        "BestCoverage": 0.8,
        "Elite": {
            "action": 0.39383864402770996,
            "observation": 1
        }
    },
    "20": {
        "BestCoverage": 0.8,
        "Elite": {
            "action": -0.6867882609367371,
            "observation": 1
        }
    },
    "25": {
        "BestCoverage": 0.8,
        "Elite": {
            "action": -0.30980896949768066,
            "observation": 0
        }
    },
    "30": {
        "BestCoverage": 0.8,
        "Elite": {
            "action": -0.2906254529953003,
            "observation": 0
        }
    },
    "35": {
        "BestCoverage": 0.8,
        "Elite": {
            "action": -0.3658551573753357,
            "observation": 0
        }
    },
    "40": {
        "BestCoverage": 0.8,
        "Elite": {
            "action": -0.8095497488975525,
            "observation": 0
        }
    },
    "45": {
        "BestCoverage": 0.8,
        "Elite": {
            "action": -0.49669408798217773,
            "observation": 0
        }
    },
    "50": {
        "BestCoverage": 0.8,
        "Elite": {
            "action": -0.4303547143936157,
            "observation": 0
        }
    },
    "55": {
        "BestCoverage": 0.8,
        "Elite": {
            "action": -0.45076507329940796,
            "observation": 0
        }
    },
    "60": {
        "BestCoverage": 0.8,
        "Elite": {
            "action": 0.5461504459381104,
            "observation": 0
        }
    },
    "65": {
        "BestCoverage": 0.8,
        "Elite": {
            "action": 0.3102240562438965,
            "observation": 1
        }
    },
    "70": {
        "BestCoverage": 0.8,
        "Elite": {
            "action": -0.22157996892929077,
            "observation": 1
        }
    },
    "75": {
        "BestCoverage": 0.8,
        "Elite": {
            "action": -0.31240737438201904,
            "observation": 1
        }
    },
    "80": {
        "BestCoverage": 0.8,
        "Elite": {
            "action": -0.7671793699264526,
            "observation": 1
        }
    },
    "85": {
        "BestCoverage": 0.8,
        "Elite": {
            "action": -0.18132156133651733,
            "observation": 0
        }
    },
    "90": {
        "BestCoverage": 0.8,
        "Elite": {
            "action": 0.18718743324279785,
            "observation": 0
        }
    },
    "95": {
        "BestCoverage": 0.8,
        "Elite": {
            "action": -0.3326965570449829,
            "observation": 0
        }
    },
    "100": {
        "BestCoverage": 0.8,
        "Elite": {
            "action": 0.7671895027160645,
            "observation": 0
        }
    },
    "105": {
        "BestCoverage": 0.8,
        "Elite": {
            "action": 0.7558281421661377,
            "observation": 1
        }
    },
    "110": {
        "BestCoverage": 0.8,
        "Elite": {
            "action": 0.8033139705657959,
            "observation": 2
        }
    },
    "115": {
        "BestCoverage": 0.8,
        "Elite": {
            "action": 0.5959703922271729,
            "observation": 3
        }
    },
    "120": {
        "BestCoverage": 0.8,
        "Elite": {
            "action": 0.5097819566726685,
            "observation": 4
        }
    },
    "125": {
        "BestCoverage": 0.8,
        "Elite": {
            "action": 0.27255046367645264,
            "observation": 5
        }
    },
    "130": {
        "BestCoverage": 0.8,
        "Elite": {
            "action": 0.807563304901123,
            "observation": 5
        }
    },
    "135": {
        "BestCoverage": 0.8,
        "Elite": {
            "action": -0.4675658941268921,
            "observation": 6
        }
    },
    "140": {
        "BestCoverage": 0.8,
        "Elite": {
            "action": -0.9853965044021606,
            "observation": 6
        }
    },
    "145": {
        "BestCoverage": 0.8,
        "Elite": {
            "action": 0.2580118179321289,
            "observation": 5
        }
    },
    "150": {
        "BestCoverage": 0.8,
        "Elite": {
            "action": 0.28141283988952637,
            "observation": 5
        }
    },
    "155": {
        "BestCoverage": 0.8,
        "Elite": {
            "action": 0.515434980392456,
            "observation": 5
        }
    },
    "160": {
        "BestCoverage": 0.8,
        "Elite": {
            "action": -0.8934510946273804,
            "observation": 6
        }
    },
    "165": {
        "BestCoverage": 0.8,
        "Elite": {
            "action": 0.9019303321838379,
            "observation": 5
        }
    },
    "170": {
        "BestCoverage": 0.8,
        "Elite": {
            "action": -0.8167831301689148,
            "observation": 6
        }
    },
    "175": {
        "BestCoverage": 0.8,
        "Elite": {
            "action": -0.2361876368522644,
            "observation": 5
        }
    },
    "180": {
        "BestCoverage": 0.8,
        "Elite": {
            "action": -0.3939601182937622,
            "observation": 5
        }
    },
    "185": {
        "BestCoverage": 0.8,
        "Elite": {
            "action": 0.869552493095398,
            "observation": 5
        }
    },
    "190": {
        "BestCoverage": 0.8,
        "Elite": {
            "action": 0.446050763130188,
            "observation": 6
        }
    },
    "195": {
        "BestCoverage": 0.8,
        "Elite": {
            "action": 0.1910942792892456,
            "observation": 6
        }
    },
    "200": {
        "BestCoverage": 0.8,
        "Elite": {
            "action": -0.9934470653533936,
            "observation": 6
        }
    },
    "205": {
        "BestCoverage": 0.8,
        "Elite": {
            "action": 0.6752519607543945,
            "observation": 5
        }
    },
    "210": {
        "BestCoverage": 0.8,
        "Elite": {
            "action": 0.24744057655334473,
            "observation": 6
        }
    },
    "215": {
        "BestCoverage": 0.8,
        "Elite": {
            "action": 0.07455575466156006,
            "observation": 6
        }
    },
    "220": {
        "BestCoverage": 0.8,
        "Elite": {
            "action": -0.9864345788955688,
            "observation": 6
        }
    },
    "225": {
        "BestCoverage": 0.8,
        "Elite": {
            "action": 0.06915938854217529,
            "observation": 5
        }
    },
    "230": {
        "BestCoverage": 0.8,
        "Elite": {
            "action": 0.8706831932067871,
            "observation": 5
        }
    },
    "235": {
        "BestCoverage": 0.8,
        "Elite": {
            "action": -0.24940776824951172,
            "observation": 6
        }
    },
    "240": {
        "BestCoverage": 0.8,
        "Elite": {
            "action": 0.10273194313049316,
            "observation": 6
        }
    },
    "245": {
        "BestCoverage": 0.8,
        "Elite": {
            "action": 0.9849318265914917,
            "observation": 6
        }
    },
    "250": {
        "BestCoverage": 0.8,
        "Elite": {
            "action": -0.45563602447509766,
            "observation": 7
        }
    },
    "255": {
        "BestCoverage": 0.8,
        "Elite": {
            "action": -0.527694821357727,
            "observation": 7
        }
    },
    "260": {
        "BestCoverage": 0.8,
        "Elite": {
            "action": -0.00913912057876587,
            "observation": 6
        }
    },
    "265": {
        "BestCoverage": 0.8,
        "Elite": {
            "action": 0.11128616333007812,
            "observation": 6
        }
    },
    "270": {
        "BestCoverage": 0.8,
        "Elite": {
            "action": -0.11406195163726807,
            "observation": 6
        }
    },
    "275": {
        "BestCoverage": 0.8,
        "Elite": {
            "action": 0.1707923412322998,
            "observation": 6
        }
    },
    "280": {
        "BestCoverage": 0.8,