{
    "15": {
        "BestCoverage": 0.8,
        "StatementInsertionProbability": {
            "action": 0.03577923774719238,
            "observation": 0.5
        }
    },
    "20": {
        "BestCoverage": 0.8,
        "StatementInsertionProbability": {
            "action": 0.007633280754089353,
            "observation": 0.5357792377471924
        }
    },
    "25": {
        "BestCoverage": 0.8,
        "StatementInsertionProbability": {
            "action": -0.05709853768348694,
            "observation": 0.5434125185012817
        }
    },
    "30": {
        "BestCoverage": 0.8,
        "StatementInsertionProbability": {
            "action": -0.09794019460678101,
            "observation": 0.48631398081779476
        }
    },
    "35": {
        "BestCoverage": 0.8,
        "StatementInsertionProbability": {
            "action": -0.015632236003875727,
            "observation": 0.38837378621101376
        }
    },
    "40": {
        "BestCoverage": 0.8,
        "StatementInsertionProbability": {
            "action": 0.06788460016250611,
            "observation": 0.37274155020713806
        }
    },
    "45": {
        "BestCoverage": 0.8,
        "StatementInsertionProbability": {
            "action": 0.07463086843490602,
            "observation": 0.44062615036964414
        }
    },
    "50": {
        "BestCoverage": 0.8,
        "StatementInsertionProbability": {
            "action": -0.09612963199615479,
            "observation": 0.5152570188045502
        }
    },
    "55": {
        "BestCoverage": 0.8,
        "StatementInsertionProbability": {
            "action": -0.028895711898803716,
            "observation": 0.41912738680839545
        }
    },
    "60": {
        "BestCoverage": 0.8,
        "StatementInsertionProbability": {
            "action": 0.0986374020576477,
            "observation": 0.39023167490959176
        }
    },
    "65": {
        "BestCoverage": 0.8,
        "StatementInsertionProbability": {
            "action": -0.026998007297515877,
            "observation": 0.48886907696723947
        }
    },
    "70": {
        "BestCoverage": 0.8,
        "StatementInsertionProbability": {
            "action": -0.07906573414802552,
            "observation": 0.4618710696697236
        }
    },
    "75": {
        "BestCoverage": 0.8,
        "StatementInsertionProbability": {
            "action": 0.06597650051116943,
            "observation": 0.38280533552169804
        }
    },
    "80": {
        "BestCoverage": 0.8,
        "StatementInsertionProbability": {
            "action": -0.05807418823242188,
            "observation": 0.4487818360328675
        }
    },
    "85": {
        "BestCoverage": 0.8,
        "StatementInsertionProbability": {
            "action": 0.02753374576568604,
            "observation": 0.3907076478004456
        }
    },
    "90": {
        "BestCoverage": 0.8,
        "StatementInsertionProbability": {
            "action": 0.02368756532669067,
            "observation": 0.41824139356613166
        }
    },
    "95": {
        "BestCoverage": 0.8,
        "StatementInsertionProbability": {
            "action": 0.09693336486816406,
            "observation": 0.44192895889282235
        }
    },
    "100": {
        "BestCoverage": 0.8,
        "StatementInsertionProbability": {
            "action": 0.059746742248535156,
            "observation": 0.5388623237609864
        }
    },
    "105": {
        "BestCoverage": 0.8,
        "StatementInsertionProbability": {
            "action": -0.08353641033172608,
            "observation": 0.5986090660095216
        }
    },
    "110": {
        "BestCoverage": 0.8,
        "StatementInsertionProbability": {
            "action": 0.07914116382598876,
            "observation": 0.5150726556777955
        }
    },
    "115": {
        "BestCoverage": 0.8,
        "StatementInsertionProbability": {
            "action": -0.08967078924179078,
            "observation": 0.5942138195037843
        }
    },
    "120": {
        "BestCoverage": 0.8,
        "StatementInsertionProbability": {
            "action": -0.044745332002639776,
            "observation": 0.5045430302619935
        }
    },
    "125": {
        "BestCoverage": 0.8,
        "StatementInsertionProbability": {
            "action": 0.07557463645935059,
            "observation": 0.4597976982593538
        }
    },
    "130": {
        "BestCoverage": 0.8,
        "StatementInsertionProbability": {
            "action": 0.07096687555313111,
            "observation": 0.5353723347187044
        }
    },
    "135": {
        "BestCoverage": 0.8,
        "StatementInsertionProbability": {
            "action": -0.005408579111099238,
            "observation": 0.6063392102718355
        }
    },
    "140": {
        "BestCoverage": 0.8,
        "StatementInsertionProbability": {
            "action": 0.03976522684097289,
            "observation": 0.6009306311607362
        }
    },
    "145": {
        "BestCoverage": 0.8,
        "StatementInsertionProbability": {
            "action": -0.09813305139541627,
            "observation": 0.640695858001709
        }
    },
    "150": {
        "BestCoverage": 0.8,
        "StatementInsertionProbability": {
            "action": 0.031472039222717296,
            "observation": 0.5425628066062927
        }
    },
    "155": {
        "BestCoverage": 0.8,
        "StatementInsertionProbability": {
            "action": 0.014057111740112302,
            "observation": 0.5740348458290101
        }
    },
    "160": {
        "BestCoverage": 0.8,
        "StatementInsertionProbability": {
            "action": -0.014821392297744748,
            "observation": 0.5880919575691224
        }
    },
    "165": {
        "BestCoverage": 0.8,
        "StatementInsertionProbability": {
            "action": 0.09421076774597167,
            "observation": 0.5732705652713777
        }
    },
    "170": {
        "BestCoverage": 0.8,
        "StatementInsertionProbability": {
            "action": -0.013735508918762213,
            "observation": 0.6674813330173494
        }
    },
    "175": {
        "BestCoverage": 0.8,
        "StatementInsertionProbability": {
            "action": -0.07541046142578126,
            "observation": 0.6537458240985872
        }
    },
    "180": {
        "BestCoverage": 0.8,
        "StatementInsertionProbability": {
            "action": -0.01104391217231751,
            "observation": 0.5783353626728059
        }
    },
    "185": {
        "BestCoverage": 0.8,
        "StatementInsertionProbability": {
            "action": -0.08411380052566529,
            "observation": 0.5672914505004885
        }
    },
    "190": {
        "BestCoverage": 0.8,
        "StatementInsertionProbability": {
            "action": 0.08378362655639648,
            "observation": 0.48317764997482315
        }
    },
    "195": {
        "BestCoverage": 0.8,
        "StatementInsertionProbability": {
            "action": 0.015402054786682134,
            "observation": 0.5669612765312196
        }
    },
    "200": {
        "BestCoverage": 0.8,
        "StatementInsertionProbability": {
            "action": -0.0018406331539154025,
            "observation": 0.5823633313179017
        }
    },
    "205": {
        "BestCoverage": 0.8,
        "StatementInsertionProbability": {
            "action": 0.0016012787818908691,
            "observation": 0.5805226981639864
        }
    },
    "210": {
        "BestCoverage": 0.8,
        "StatementInsertionProbability": {
            "action": 0.04726870059967042,
            "observation": 0.5821239769458773
        }
    },
    "215": {
        "BestCoverage": 0.8,
        "StatementInsertionProbability": {
            "action": 0.02107834815979004,
            "observation": 0.6293926775455476
        }
    },
    "220": {
        "BestCoverage": 0.8,
        "StatementInsertionProbability": {
            "action": 0.05746431350708009,