{
    "15": {
        "BestCoverage": 0.8,
        "TestDeleteProbability": {
            "action": -0.0864772379398346,
            "observation": 0.3333333333333333
        }
    },
    "20": {
        "BestCoverage": 0.8,
        "TestDeleteProbability": {
            "action": 0.05131807327270507,
            "observation": 0.24685609539349873
        }
    },
    "25": {
        "BestCoverage": 0.8,
        "TestDeleteProbability": {
            "action": 0.026911461353301996,
            "observation": 0.29817416866620383
        }
    },
    "30": {
        "BestCoverage": 0.8,
        "TestDeleteProbability": {
            "action": -0.08545660972595215,
            "observation": 0.32508563001950586
        }
    },
    "35": {
        "BestCoverage": 0.8,
        "TestDeleteProbability": {
            "action": -0.04984502196311951,
            "observation": 0.2396290202935537
        }
    },
    "40": {
        "BestCoverage": 0.8,
        "TestDeleteProbability": {
            "action": 0.03534159660339356,
            "observation": 0.1897839983304342
        }
    },
    "45": {
        "BestCoverage": 0.8,
        "TestDeleteProbability": {
            "action": -0.017750322818756104,
            "observation": 0.22512559493382775
        }
    },
    "50": {
        "BestCoverage": 0.8,
        "TestDeleteProbability": {
            "action": -0.0630175769329071,
            "observation": 0.20737527211507165
        }
    },
    "55": {
        "BestCoverage": 0.8,
        "TestDeleteProbability": {
            "action": 0.01980037689208984,
            "observation": 0.14435769518216454
        }
    },
    "60": {
        "BestCoverage": 0.8,
        "TestDeleteProbability": {
            "action": -0.09622583389282227,
            "observation": 0.16415807207425437
        }
    },
    "65": {
        "BestCoverage": 0.8,
        "TestDeleteProbability": {
            "action": 0.04362479448318482,
            "observation": 0.0679322381814321
        }
    },
    "70": {
        "BestCoverage": 0.8,
        "TestDeleteProbability": {
            "action": -0.05140131711959839,
            "observation": 0.11155703266461692
        }
    },
    "75": {
        "BestCoverage": 0.8,
        "TestDeleteProbability": {
            "action": -0.03136334419250489,
            "observation": 0.06015571554501853
        }
    },
    "80": {
        "BestCoverage": 0.8,
        "TestDeleteProbability": {
            "action": -0.08137235045433044,
            "observation": 0.02879237135251364
        }
    },
    "85": {
        "BestCoverage": 0.8,
        "TestDeleteProbability": {
            "action": 0.024133539199829107,
            "observation": 0.0
        }
    },
    "90": {
        "BestCoverage": 0.8,
        "TestDeleteProbability": {
            "action": -0.03584139347076416,
            "observation": 0.024133539199829107
        }
    },
    "95": {
        "BestCoverage": 0.8,
        "TestDeleteProbability": {
            "action": -0.07763238549232483,
            "observation": 0.0
        }
    },
    "100": {
        "BestCoverage": 0.8,
        "TestDeleteProbability": {
            "action": 0.054598164558410656,
            "observation": 0.0
        }
    },
    "105": {
        "BestCoverage": 0.8,
        "TestDeleteProbability": {
            "action": -0.05827766060829163,
            "observation": 0.054598164558410656
        }
    },
    "110": {
        "BestCoverage": 0.8,
        "TestDeleteProbability": {
            "action": 0.03337993621826171,
            "observation": 0.0
        }
    },
    "115": {
        "BestCoverage": 0.8,
        "TestDeleteProbability": {
            "action": -0.037015312910079964,
            "observation": 0.03337993621826171
        }
    },
    "120": {
        "BestCoverage": 0.8,
        "TestDeleteProbability": {
            "action": 0.09611474275588991,
            "observation": 0.0
        }
    },
    "125": {
        "BestCoverage": 0.8,
        "TestDeleteProbability": {
            "action": -0.08508995771408082,
            "observation": 0.09611474275588991
        }
    },
    "130": {
        "BestCoverage": 0.8,
        "TestDeleteProbability": {
            "action": 0.0850144624710083,
            "observation": 0.011024785041809093
        }
    },
    "135": {
        "BestCoverage": 0.8,
        "TestDeleteProbability": {
            "action": 0.015452718734741216,
            "observation": 0.0960392475128174
        }
    },
    "140": {
        "BestCoverage": 0.8,
        "TestDeleteProbability": {
            "action": -0.014302754402160639,
            "observation": 0.11149196624755861
        }
    },
    "145": {
        "BestCoverage": 0.8,
        "TestDeleteProbability": {
            "action": 0.04208271503448485,
            "observation": 0.09718921184539797
        }
    },
    "150": {
        "BestCoverage": 0.8,
        "TestDeleteProbability": {
            "action": 0.09376343488693237,
            "observation": 0.13927192687988282
        }
    },
    "155": {
        "BestCoverage": 0.8,
        "TestDeleteProbability": {
            "action": -0.08378832936286927,
            "observation": 0.2330353617668152
        }
    },
    "160": {
        "BestCoverage": 0.8,
        "TestDeleteProbability": {
            "action": 0.06419870853424073,
            "observation": 0.14924703240394593
        }
    },
    "165": {
        "BestCoverage": 0.8,
        "TestDeleteProbability": {
            "action": -0.0006638586521148654,
            "observation": 0.21344574093818666
        }
    },
    "170": {
        "BestCoverage": 0.8,
        "TestDeleteProbability": {
            "action": -0.06515138149261475,
            "observation": 0.2127818822860718
        }
    },
    "175": {
        "BestCoverage": 0.8,
        "TestDeleteProbability": {
            "action": -0.09620608687400818,
            "observation": 0.14763050079345708
        }
    },
    "180": {
        "BestCoverage": 0.8,
        "TestDeleteProbability": {
            "action": 0.0685371994972229,
            "observation": 0.051424413919448894
        }
    },
    "185": {
        "BestCoverage": 0.8,
        "TestDeleteProbability": {
            "action": -0.02911499738693238,
            "observation": 0.11996161341667179
        }
    },
    "190": {
        "BestCoverage": 0.8,
        "TestDeleteProbability": {
            "action": 0.06179387569427491,
            "observation": 0.09084661602973941
        }
    },
    "195": {
        "BestCoverage": 0.8,
        "TestDeleteProbability": {
            "action": 0.022758233547210696,
            "observation": 0.15264049172401434
        }
    },
    "200": {
        "BestCoverage": 0.8,
        "TestDeleteProbability": {
            "action": 0.04282641410827637,
            "observation": 0.17539872527122502
        }
    },
    "205": {
        "BestCoverage": 0.8,
        "TestDeleteProbability": {
            "action": 0.028143155574798573,
            "observation": 0.2182251393795014
        }
    },
    "210": {
        "BestCoverage": 0.8,
        "TestDeleteProbability": {
            "action": 0.09588363170623779,
            "observation": 0.24636829495429996
        }
    },
    "215": {
        "BestCoverage": 0.8,
        "TestDeleteProbability": {
            "action": -0.0016211450099945096,
            "observation": 0.3422519266605377
        }
    },
    "220": {
        "BestCoverage": 0.8,
        "TestDeleteProbability": {
            "action": -0.016656893491744998,
            "observation": 0.3406307816505432
        }
    },
    "225": {
        "BestCoverage": 0.8,
        "TestDeleteProbability": {
            "action": -0.09980899691581727,
            "observation": 0.32397388815879824
        }
    },
    "230": {
        "BestCoverage": 0.8,
        "TestDeleteProbability": {
            "action": -0.05440176725387574,