{
    "15": {
        "BestCoverage": 0.8,
        "Population": {
            "action": 5.2757415771484375,
            "observation": 50
        }
    },
    "20": {
        "BestCoverage": 0.8,
        "Population": {
            "action": -2.138032913208008,
            "observation": 55
        }
    },
    "25": {
        "BestCoverage": 0.8,
        "Population": {
            "action": 4.6488752365112305,
            "observation": 53
        }
    },
    "30": {
        "BestCoverage": 0.8,
        "Population": {
            "action": 0.6965723037719727,
            "observation": 58
        }
    },
    "35": {
        "BestCoverage": 0.8,
        "Population": {
            "action": 5.245388031005859,
            "observation": 59
        }
    },
    "40": {
        "BestCoverage": 0.8,
        "Population": {
            "action": -2.378559112548828,
            "observation": 64
        }
    },
    "45": {
        "BestCoverage": 0.8,
        "Population": {
            "action": 1.4648094177246094,
            "observation": 62
        }
    },
    "50": {
        "BestCoverage": 0.8,
        "Population": {
            "action": 2.045694351196289,
            "observation": 63
        }
    },
    "55": {
        "BestCoverage": 0.8,
        "Population": {
            "action": -6.480337619781494,
            "observation": 65
        }
    },
    "60": {
        "BestCoverage": 0.8,
        "Population": {
            "action": 3.7290239334106445,
            "observation": 59
        }
    },
    "65": {
        "BestCoverage": 0.8,
        "Population": {
            "action": 1.456416130065918,
            "observation": 63
        }
    },
    "70": {
        "BestCoverage": 0.8,
        "Population": {
            "action": -2.20681095123291,
            "observation": 64
        }
    },
    "75": {
        "BestCoverage": 0.8,
        "Population": {
            "action": -6.900116920471191,
            "observation": 62
        }
    },
    "80": {
        "BestCoverage": 0.8,
        "Population": {
            "action": -2.3766942024230957,
            "observation": 55
        }
    },
    "85": {
        "BestCoverage": 0.8,
        "Population": {
            "action": 4.114614486694336,
            "observation": 53
        }
    },
    "90": {
        "BestCoverage": 0.8,
        "Population": {
            "action": 3.084761619567871,
            "observation": 57
        }
    },
    "95": {
        "BestCoverage": 0.8,
        "Population": {
            "action": -5.6561150550842285,
            "observation": 60
        }
    },
    "100": {
        "BestCoverage": 0.8,
        "Population": {
            "action": -6.797263145446777,
            "observation": 54
        }
    },
    "105": {
        "BestCoverage": 0.8,
        "Population": {
            "action": -7.75239896774292,
            "observation": 47
        }
    },
    "110": {
        "BestCoverage": 0.8,
        "Population": {
            "action": 1.3820648193359375,
            "observation": 39
        }
    },
    "115": {
        "BestCoverage": 0.8,
        "Population": {
            "action": 0.21612930297851562,
            "observation": 40
        }
    },
    "120": {
        "BestCoverage": 0.8,
        "Population": {
            "action": 3.200742721557617,
            "observation": 40
        }
    },
    "125": {
        "BestCoverage": 0.8,
        "Population": {
            "action": 5.788694381713867,
            "observation": 43
        }
    },
    "130": {
        "BestCoverage": 0.8,
        "Population": {
            "action": 4.603950500488281,
            "observation": 49
        }
    },
    "135": {
        "BestCoverage": 0.8,
        "Population": {
            "action": -1.5161433219909668,
            "observation": 54
        }
    },
    "140": {
        "BestCoverage": 0.8,
        "Population": {
            "action": -6.204026699066162,
            "observation": 52
        }
    },
    "145": {
        "BestCoverage": 0.8,
        "Population": {
            "action": 6.602883338928223,
            "observation": 46
        }
    },
    "150": {
        "BestCoverage": 0.8,
        "Population": {
            "action": 3.633739471435547,
            "observation": 53
        }
    },
    "155": {
        "BestCoverage": 0.8,
        "Population": {
            "action": -0.616185188293457,
            "observation": 57
        }
    },
    "160": {
        "BestCoverage": 0.8,
        "Population": {
            "action": 6.520513534545898,
            "observation": 56
        }
    },
    "165": {
        "BestCoverage": 0.8,
        "Population": {
            "action": -2.803548812866211,
            "observation": 63
        }
    },
    "170": {
        "BestCoverage": 0.8,
        "Population": {
            "action": 5.957135200500488,
            "observation": 60
        }
    },
    "175": {
        "BestCoverage": 0.8,
        "Population": {
            "action": -5.864356994628906,
            "observation": 66
        }
    },
    "180": {
        "BestCoverage": 0.8,
        "Population": {
            "action": -5.710494041442871,
            "observation": 60
        }
    },
    "185": {
        "BestCoverage": 0.8,
        "Population": {
            "action": -3.4861788749694824,
            "observation": 54
        }
    },
    "190": {
        "BestCoverage": 0.8,
        "Population": {
            "action": -5.7528276443481445,
            "observation": 51
        }
    },
    "195": {
        "BestCoverage": 0.8,
        "Population": {
            "action": -2.829359531402588,
            "observation": 45
        }
    },
    "200": {
        "BestCoverage": 0.8,
        "Population": {
            "action": 5.43216609954834,
            "observation": 42
        }
    },
    "205": {
        "BestCoverage": 0.8,
        "Population": {
            "action": 2.4247188568115234,
            "observation": 47
        }
    },
    "210": {
        "BestCoverage": 0.8,
        "Population": {
            "action": -0.21622133255004883,
            "observation": 49
        }
    },
    "215": {
        "BestCoverage": 0.8,
        "Population": {
            "action": -2.066737174987793,
            "observation": 49
        }
    },
    "220": {
        "BestCoverage": 0.8,
        "Population": {
            "action": -6.2831854820251465,
            "observation": 47
        }
    },
    "225": {
        "BestCoverage": 0.8,
        "Population": {
            "action": 0.4294004440307617,
            "observation": 41
        }
    },
    "230": {
        "BestCoverage": 0.8,
        "Population": {
            "action": 1.9337234497070312,
            "observation": 41
        }
    },
    "235": {
        "BestCoverage": 0.8,
        "Population": {
            "action": 3.033296585083008,
            "observation": 43
        }
    },
    "240": {
        "BestCoverage": 0.8,
        "Population": {
            "action": -1.0513806343078613,
            "observation": 46
        }
    },
    "245": {
        "BestCoverage": 0.8,
        "Population": {
            "action": 0.9228935241699219,
            "observation": 45
        }
    },
    "250": {
        "BestCoverage": 0.8,
        "Population": {
            "action": 3.118539810180664,
            "observation": 46
        }
    },
    "255": {
        "BestCoverage": 0.8,
        "Population": {
            "action": -6.470178604125977,
            "observation": 49
        }
    },
    "260": {
        "BestCoverage": 0.8,
        "Population": {
            "action": 4.616466522216797,
            "observation": 43
        }
    },
    "265": {
        "BestCoverage": 0.8,
        "Population": {
            "action": -1.086318016052246,
            "observation": 48
        }
    },
    "270": {
        "BestCoverage": 0.8,
        "Population": {
            "action": -7.533514976501465,