{
    "15": {
        "BestCoverage": 0.8,
        "RandomPerturbation": {
            "action": 0.055551064014434826,
            "observation": 0.2
        }
    },
    "20": {
        "BestCoverage": 0.8,
        "RandomPerturbation": {
            "action": -0.005960643291473389,
            "observation": 0.25555106401443484
        }
    },
    "25": {
        "BestCoverage": 0.8,
        "RandomPerturbation": {
            "action": -0.09020856022834778,
            "observation": 0.24959042072296145
        }
    },
    "30": {
        "BestCoverage": 0.8,
        "RandomPerturbation": {
            "action": 0.08688118457794189,
            "observation": 0.15938186049461367
        }
    },
    "35": {
        "BestCoverage": 0.8,
        "RandomPerturbation": {
            "action": -0.0792300045490265,
            "observation": 0.24626304507255556
        }
    },
    "40": {
        "BestCoverage": 0.8,
        "RandomPerturbation": {
            "action": 0.0901195287704468,
            "observation": 0.16703304052352907
        }
    },
    "45": {
        "BestCoverage": 0.8,
        "RandomPerturbation": {
            "action": -0.09044231772422791,
            "observation": 0.2571525692939759
        }
    },
    "50": {
        "BestCoverage": 0.8,
        "RandomPerturbation": {
            "action": 0.0792516827583313,
            "observation": 0.166710251569748
        }
    },
    "55": {
        "BestCoverage": 0.8,
        "RandomPerturbation": {
            "action": 0.007702445983886724,
            "observation": 0.2459619343280793
        }
    },
    "60": {
        "BestCoverage": 0.8,
        "RandomPerturbation": {
            "action": -0.06419559121131897,
            "observation": 0.25366438031196603
        }
    },
    "65": {
        "BestCoverage": 0.8,
        "RandomPerturbation": {
            "action": 0.04936270713806151,
            "observation": 0.18946878910064707
        }
    },
    "70": {
        "BestCoverage": 0.8,
        "RandomPerturbation": {
            "action": 0.09618278741836547,
            "observation": 0.23883149623870858
        }
    },
    "75": {
        "BestCoverage": 0.8,
        "RandomPerturbation": {
            "action": -0.07147347331047059,
            "observation": 0.3350142836570741
        }
    },
    "80": {
        "BestCoverage": 0.8,
        "RandomPerturbation": {
            "action": 0.07920660972595214,
            "observation": 0.2635408103466035
        }
    },
    "85": {
        "BestCoverage": 0.8,
        "RandomPerturbation": {
            "action": 0.07763676643371584,
            "observation": 0.34274742007255565
        }
    },
    "90": {
        "BestCoverage": 0.8,
        "RandomPerturbation": {
            "action": -0.05626543164253235,
            "observation": 0.4203841865062715
        }
    },
    "95": {
        "BestCoverage": 0.8,
        "RandomPerturbation": {
            "action": -0.06955033540725708,
            "observation": 0.3641187548637392
        }
    },
    "100": {
        "BestCoverage": 0.8,
        "RandomPerturbation": {
            "action": -0.053696954250335695,
            "observation": 0.2945684194564821
        }
    },
    "105": {
        "BestCoverage": 0.8,
        "RandomPerturbation": {
            "action": -0.016673082113265986,
            "observation": 0.2408714652061464
        }
    },
    "110": {
        "BestCoverage": 0.8,
        "RandomPerturbation": {
            "action": -0.027973961830139157,
            "observation": 0.22419838309288043
        }
    },
    "115": {
        "BestCoverage": 0.8,
        "RandomPerturbation": {
            "action": -0.02055246233940125,
            "observation": 0.19622442126274126
        }
    },
    "120": {
        "BestCoverage": 0.8,
        "RandomPerturbation": {
            "action": -0.0408209502696991,
            "observation": 0.17567195892334
        }
    },
    "125": {
        "BestCoverage": 0.8,
        "RandomPerturbation": {
            "action": -0.030041301250457772,
            "observation": 0.1348510086536409
        }
    },
    "130": {
        "BestCoverage": 0.8,
        "RandomPerturbation": {
            "action": -0.01793640255928039,
            "observation": 0.10480970740318314
        }
    },
    "135": {
        "BestCoverage": 0.8,
        "RandomPerturbation": {
            "action": 0.0160064697265625,
            "observation": 0.08687330484390275
        }
    },
    "140": {
        "BestCoverage": 0.8,
        "RandomPerturbation": {
            "action": 0.08770427703857422,
            "observation": 0.10287977457046525
        }
    },
    "145": {
        "BestCoverage": 0.8,
        "RandomPerturbation": {
            "action": 0.005175876617431643,
            "observation": 0.19058405160903946
        }
    },
    "150": {
        "BestCoverage": 0.8,
        "RandomPerturbation": {
            "action": -0.05738198757171631,
            "observation": 0.1957599282264711
        }
    },
    "155": {
        "BestCoverage": 0.8,
        "RandomPerturbation": {
            "action": 0.08804466724395751,
            "observation": 0.13837794065475478
        }
    },
    "160": {
        "BestCoverage": 0.8,
        "RandomPerturbation": {
            "action": 0.08029022216796874,
            "observation": 0.2264226078987123
        }
    },
    "165": {
        "BestCoverage": 0.8,
        "RandomPerturbation": {
            "action": -0.035879313945770264,
            "observation": 0.30671283006668104
        }
    },
    "170": {
        "BestCoverage": 0.8,
        "RandomPerturbation": {
            "action": -0.05002207756042481,
            "observation": 0.2708335161209108
        }
    },
    "175": {
        "BestCoverage": 0.8,
        "RandomPerturbation": {
            "action": 0.03966057300567627,
            "observation": 0.22081143856048596
        }
    },
    "180": {
        "BestCoverage": 0.8,
        "RandomPerturbation": {
            "action": -0.017538172006607053,
            "observation": 0.26047201156616223
        }
    },
    "185": {
        "BestCoverage": 0.8,
        "RandomPerturbation": {
            "action": 0.06977968215942384,
            "observation": 0.24293383955955516
        }
    },
    "190": {
        "BestCoverage": 0.8,
        "RandomPerturbation": {
            "action": -0.08907976150512696,
            "observation": 0.31271352171897904
        }
    },
    "195": {
        "BestCoverage": 0.8,
        "RandomPerturbation": {
            "action": -0.04650679826736451,
            "observation": 0.22363376021385206
        }
    },
    "200": {
        "BestCoverage": 0.8,
        "RandomPerturbation": {
            "action": 0.08193674087524414,
            "observation": 0.17712696194648755
        }
    },
    "205": {
        "BestCoverage": 0.8,
        "RandomPerturbation": {
            "action": -0.06035407185554505,
            "observation": 0.2590637028217317
        }
    },
    "210": {
        "BestCoverage": 0.8,
        "RandomPerturbation": {
            "action": -0.09834719300270081,
            "observation": 0.19870963096618666
        }
    },
    "215": {
        "BestCoverage": 0.8,
        "RandomPerturbation": {
            "action": -0.04716899394989014,
            "observation": 0.10036243796348585
        }
    },
    "220": {
        "BestCoverage": 0.8,
        "RandomPerturbation": {
            "action": 0.03241207599639892,
            "observation": 0.05319344401359571
        }
    },
    "225": {
        "BestCoverage": 0.8,
        "RandomPerturbation": {
            "action": -0.0924714982509613,
            "observation": 0.08560552000999463
        }
    },
    "230": {
        "BestCoverage": 0.8,
        "RandomPerturbation": {
            "action": -0.009587812423706057,
            "observation": 0.0
        }
    },
    "235": {
        "BestCoverage": 0.8,