{
    "15": {
        "BestCoverage": 0.8,
        "TestDeleteProbability": {
            "action": 0.04326901435852051,
            "observation": 0.3333333333333333
        }
    },
    "20": {
        "BestCoverage": 0.8,
        "TestDeleteProbability": {
            "action": -0.0012082159519195557,
            "observation": 0.37660234769185386
        }
    },
    "25": {
        "BestCoverage": 0.8,
        "TestDeleteProbability": {
            "action": 0.07756794691085817,
            "observation": 0.3753941317399343
        }
    },
    "30": {
        "BestCoverage": 0.8,
        "TestDeleteProbability": {
            "action": -0.06976959705352784,
            "observation": 0.45296207865079247
        }
    },
    "35": {
        "BestCoverage": 0.8,
        "TestDeleteProbability": {
            "action": -0.012895560264587408,
            "observation": 0.3831924815972646
        }
    },
    "40": {
        "BestCoverage": 0.8,
        "TestDeleteProbability": {
            "action": 0.02247043848037719,
            "observation": 0.3702969213326772
        }
    },
    "45": {
        "BestCoverage": 0.8,
        "TestDeleteProbability": {
            "action": -0.07024851441383362,
            "observation": 0.39276735981305444
        }
    },
    "50": {
        "BestCoverage": 0.8,
        "TestDeleteProbability": {
            "action": 0.054909992218017595,
            "observation": 0.3225188453992208
        }
    },
    "55": {
        "BestCoverage": 0.8,
        "TestDeleteProbability": {
            "action": 0.0411795973777771,
            "observation": 0.37742883761723844
        }
    },
    "60": {
        "BestCoverage": 0.8,
        "TestDeleteProbability": {
            "action": -0.0803306818008423,
            "observation": 0.41860843499501554
        }
    },
    "65": {
        "BestCoverage": 0.8,
        "TestDeleteProbability": {
            "action": -0.07028720974922181,
            "observation": 0.33827775319417325
        }
    },
    "70": {
        "BestCoverage": 0.8,
        "TestDeleteProbability": {
            "action": -0.05714877843856812,
            "observation": 0.26799054344495143
        }
    },
    "75": {
        "BestCoverage": 0.8,
        "TestDeleteProbability": {
            "action": -0.07314381003379822,
            "observation": 0.21084176500638332
        }
    },
    "80": {
        "BestCoverage": 0.8,
        "TestDeleteProbability": {
            "action": 0.09310572147369386,
            "observation": 0.1376979549725851
        }
    },
    "85": {
        "BestCoverage": 0.8,
        "TestDeleteProbability": {
            "action": 0.06927709579467775,
            "observation": 0.23080367644627897
        }
    },
    "90": {
        "BestCoverage": 0.8,
        "TestDeleteProbability": {
            "action": 0.04169846773147584,
            "observation": 0.30008077224095675
        }
    },
    "95": {
        "BestCoverage": 0.8,
        "TestDeleteProbability": {
            "action": -0.00896151661872864,
            "observation": 0.3417792399724326
        }
    },
    "100": {
        "BestCoverage": 0.8,
        "TestDeleteProbability": {
            "action": -0.054610759019851685,
            "observation": 0.33281772335370396
        }
    },
    "105": {
        "BestCoverage": 0.8,
        "TestDeleteProbability": {
            "action": 0.09699442386627197,
            "observation": 0.2782069643338523
        }
    },
    "110": {
        "BestCoverage": 0.8,
        "TestDeleteProbability": {
            "action": -0.024605244398117065,
            "observation": 0.3752013882001243
        }
    },
    "115": {
        "BestCoverage": 0.8,
        "TestDeleteProbability": {
            "action": -0.0645775318145752,
            "observation": 0.3505961438020072
        }
    },
    "120": {
        "BestCoverage": 0.8,
        "TestDeleteProbability": {
            "action": 0.09343957901000977,
            "observation": 0.286018611987432
        }
    },
    "125": {
        "BestCoverage": 0.8,
        "TestDeleteProbability": {
            "action": -0.0675405204296112,
            "observation": 0.37945819099744177
        }
    },
    "130": {
        "BestCoverage": 0.8,
        "TestDeleteProbability": {
            "action": 0.04705266952514647,
            "observation": 0.3119176705678306
        }
    },
    "135": {
        "BestCoverage": 0.8,
        "TestDeleteProbability": {
            "action": -0.02437563538551331,
            "observation": 0.35897034009297707
        }
    },
    "140": {
        "BestCoverage": 0.8,
        "TestDeleteProbability": {
            "action": -0.066316556930542,
            "observation": 0.3345947047074638
        }
    },
    "145": {
        "BestCoverage": 0.8,
        "TestDeleteProbability": {
            "action": 0.056681025028228776,
            "observation": 0.26827814777692177
        }
    },
    "150": {
        "BestCoverage": 0.8,
        "TestDeleteProbability": {
            "action": -0.026314485073089602,
            "observation": 0.3249591728051505
        }
    },
    "155": {
        "BestCoverage": 0.8,
        "TestDeleteProbability": {
            "action": 0.0796258568763733,
            "observation": 0.29864468773206093
        }
    },
    "160": {
        "BestCoverage": 0.8,
        "TestDeleteProbability": {
            "action": -0.09539336562156678,
            "observation": 0.37827054460843423
        }
    },
    "165": {
        "BestCoverage": 0.8,
        "TestDeleteProbability": {
            "action": -0.06404885649681091,
            "observation": 0.2828771789868675
        }
    },
    "170": {
        "BestCoverage": 0.8,
        "TestDeleteProbability": {
            "action": 0.0579918384552002,
            "observation": 0.21882832249005657
        }
    },
    "175": {
        "BestCoverage": 0.8,
        "TestDeleteProbability": {
            "action": 0.07388198375701904,
            "observation": 0.27682016094525674
        }
    },
    "180": {
        "BestCoverage": 0.8,
        "TestDeleteProbability": {
            "action": -0.01563104391098022,
            "observation": 0.3507021447022758
        }
    },
    "185": {
        "BestCoverage": 0.8,
        "TestDeleteProbability": {
            "action": 0.08765618801116945,
            "observation": 0.33507110079129554
        }
    },
    "190": {
        "BestCoverage": 0.8,
        "TestDeleteProbability": {
            "action": -0.04051797389984131,
            "observation": 0.422727288802465
        }
    },
    "195": {
        "BestCoverage": 0.8,
        "TestDeleteProbability": {
            "action": -0.05525808334350586,
            "observation": 0.3822093149026237
        }
    },
    "200": {
        "BestCoverage": 0.8,
        "TestDeleteProbability": {
            "action": 0.09783375263214111,
            "observation": 0.32695123155911787
        }
    },
    "205": {
        "BestCoverage": 0.8,
        "TestDeleteProbability": {
            "action": 0.07413644790649415,
            "observation": 0.424784984191259
        }
    },
    "210": {
        "BestCoverage": 0.8,
        "TestDeleteProbability": {
            "action": 0.09694457054138184,
            "observation": 0.49892143209775314
        }
    },
    "215": {
        "BestCoverage": 0.8,
        "TestDeleteProbability": {
            "action": 0.030422818660736095,
            "observation": 0.5958660026391349
        }
    },
    "220": {
        "BestCoverage": 0.8,
        "TestDeleteProbability": {
            "action": 0.07181818485260011,
            "observation": 0.626288821299871
        }
    },
    "225": {
        "BestCoverage": 0.8,
        "TestDeleteProbability": {
            "action": 0.012134623527526853,
            "observation": 0.698107006152471
        }
    },
    "230": {
        "BestCoverage": 0.8,