{
    "15": {
        "BestCoverage": 0.8,
        "TestInsertProbability": {
            "action": 0.0366213321685791,
            "observation": 0.3333333333333333
        }
    },
    "20": {
        "BestCoverage": 0.8,
        "TestInsertProbability": {
            "action": -0.06872462630271911,
            "observation": 0.3699546655019124
        }
    },
    "25": {
        "BestCoverage": 0.8,
        "TestInsertProbability": {
            "action": 0.08579580783843996,
            "observation": 0.30123003919919333
        }
    },
    "30": {
        "BestCoverage": 0.8,
        "TestInsertProbability": {
            "action": 0.02846918106079102,
            "observation": 0.3870258470376333
        }
    },
    "35": {
        "BestCoverage": 0.8,
        "TestInsertProbability": {
            "action": 0.016855490207672116,
            "observation": 0.4154950280984243
        }
    },
    "40": {
        "BestCoverage": 0.8,
        "TestInsertProbability": {
            "action": 0.0689529061317444,
            "observation": 0.43235051830609644
        }
    },
    "45": {
        "BestCoverage": 0.8,
        "TestInsertProbability": {
            "action": -0.08425324559211732,
            "observation": 0.5013034244378408
        }
    },
    "50": {
        "BestCoverage": 0.8,
        "TestInsertProbability": {
            "action": -0.03712829351425172,
            "observation": 0.4170501788457235
        }
    },
    "55": {
        "BestCoverage": 0.8,
        "TestInsertProbability": {
            "action": 0.047119116783142095,
            "observation": 0.37992188533147175
        }
    },
    "60": {
        "BestCoverage": 0.8,
        "TestInsertProbability": {
            "action": 0.0324775218963623,
            "observation": 0.4270410021146138
        }
    },
    "65": {
        "BestCoverage": 0.8,
        "TestInsertProbability": {
            "action": 0.060488259792327886,
            "observation": 0.45951852401097615
        }
    },
    "70": {
        "BestCoverage": 0.8,
        "TestInsertProbability": {
            "action": -0.04578988552093506,
            "observation": 0.520006783803304
        }
    },
    "75": {
        "BestCoverage": 0.8,
        "TestInsertProbability": {
            "action": -0.01122899651527405,
            "observation": 0.47421689828236896
        }
    },
    "80": {
        "BestCoverage": 0.8,
        "TestInsertProbability": {
            "action": -0.008774387836456302,
            "observation": 0.4629879017670949
        }
    },
    "85": {
        "BestCoverage": 0.8,
        "TestInsertProbability": {
            "action": 0.047894179821014404,
            "observation": 0.45421351393063863
        }
    },
    "90": {
        "BestCoverage": 0.8,
        "TestInsertProbability": {
            "action": 0.010667979717254639,
            "observation": 0.5021076937516531
        }
    },
    "95": {
        "BestCoverage": 0.8,
        "TestInsertProbability": {
            "action": -0.08699827790260316,
            "observation": 0.5127756734689077
        }
    },
    "100": {
        "BestCoverage": 0.8,
        "TestInsertProbability": {
            "action": -0.08774183988571167,
            "observation": 0.42577739556630456
        }
    },
    "105": {
        "BestCoverage": 0.8,
        "TestInsertProbability": {
            "action": -0.04713919162750244,
            "observation": 0.3380355556805929
        }
    },
    "110": {
        "BestCoverage": 0.8,
        "TestInsertProbability": {
            "action": 0.0860051155090332,
            "observation": 0.29089636405309044
        }
    },
    "115": {
        "BestCoverage": 0.8,
        "TestInsertProbability": {
            "action": 0.0503936529159546,
            "observation": 0.3769014795621236
        }
    },
    "120": {
        "BestCoverage": 0.8,
        "TestInsertProbability": {
            "action": 0.08488204479217529,
            "observation": 0.4272951324780782
        }
    },
    "125": {
        "BestCoverage": 0.8,
        "TestInsertProbability": {
            "action": -0.009649014472961431,
            "observation": 0.5121771772702535
        }
    },
    "130": {
        "BestCoverage": 0.8,
        "TestInsertProbability": {
            "action": 0.0813719153404236,
            "observation": 0.5025281627972921
        }
    },
    "135": {
        "BestCoverage": 0.8,
        "TestInsertProbability": {
            "action": 0.044359445571899414,
            "observation": 0.5839000781377157
        }
    },
    "140": {
        "BestCoverage": 0.8,
        "TestInsertProbability": {
            "action": 0.06599125862121583,
            "observation": 0.6282595237096151
        }
    },
    "145": {
        "BestCoverage": 0.8,
        "TestInsertProbability": {
            "action": -0.05909932851791382,
            "observation": 0.6942507823308309
        }
    },
    "150": {
        "BestCoverage": 0.8,
        "TestInsertProbability": {
            "action": -0.08526502847671509,
            "observation": 0.6351514538129172
        }
    },
    "155": {
        "BestCoverage": 0.8,
        "TestInsertProbability": {
            "action": -0.0922119438648224,
            "observation": 0.549886425336202
        }
    },
    "160": {
        "BestCoverage": 0.8,
        "TestInsertProbability": {
            "action": -0.04937502145767212,
            "observation": 0.4576744814713796
        }
    },
    "165": {
        "BestCoverage": 0.8,
        "TestInsertProbability": {
            "action": 0.0717939853668213,
            "observation": 0.4082994600137075
        }
    },
    "170": {
        "BestCoverage": 0.8,
        "TestInsertProbability": {
            "action": 0.005716502666473389,
            "observation": 0.4800934453805288
        }
    },
    "175": {
        "BestCoverage": 0.8,
        "TestInsertProbability": {
            "action": 0.06267786026000977,
            "observation": 0.48580994804700217
        }
    },
    "180": {
        "BestCoverage": 0.8,
        "TestInsertProbability": {
            "action": 0.05937895774841309,
            "observation": 0.5484878083070119
        }
    },
    "185": {
        "BestCoverage": 0.8,
        "TestInsertProbability": {
            "action": 0.05673775672912598,
            "observation": 0.607866766055425
        }
    },
    "190": {
        "BestCoverage": 0.8,
        "TestInsertProbability": {
            "action": 0.036642456054687494,
            "observation": 0.664604522784551
        }
    },
    "195": {
        "BestCoverage": 0.8,
        "TestInsertProbability": {
            "action": -0.023641806840896604,
            "observation": 0.7012469788392385
        }
    },
    "200": {
        "BestCoverage": 0.8,
        "TestInsertProbability": {
            "action": 0.01691700220108032,
            "observation": 0.6776051719983419
        }
    },
    "205": {
        "BestCoverage": 0.8,
        "TestInsertProbability": {
            "action": 0.0642966628074646,
            "observation": 0.6945221741994222
        }
    },
    "210": {
        "BestCoverage": 0.8,
        "TestInsertProbability": {
            "action": 0.04440265893936157,
            "observation": 0.7588188370068868
        }
    },
    "215": {
        "BestCoverage": 0.8,
        "TestInsertProbability": {
            "action": 0.08430601358413697,
            "observation": 0.8032214959462484
        }
    },
    "220": {
        "BestCoverage": 0.8,
        "TestInsertProbability": {
            "action": 0.07267295122146608,
            "observation": 0.8875275095303854
        }
    },
    "225": {
        "BestCoverage": 0.8,
        "TestInsertProbability": {
            "action": -0.027043151855468753,
            "observation": 0.9602004607518515
        }
    },
    "230": {
        "BestCoverage": 0.8,
        "TestInsertProbability": {
            "action": -0.08146920204162598,