{
    "15": {
        "BestCoverage": 0.12,
        "Population": {
            "action": 3.685453414916992,
            "observation": 50
        }
    },
    "20": {
        "BestCoverage": 0.12,
        "Population": {
            "action": 3.385580062866211,
            "observation": 54
        }
    },
    "25": {
        "BestCoverage": 0.12,
        "Population": {
            "action": -5.028026103973389,
            "observation": 57
        }
    },
    "30": {
        "BestCoverage": 0.12,
        "Population": {
            "action": -7.811340808868408,
            "observation": 52
        }
    },
    "35": {
        "BestCoverage": 0.12,
        "Population": {
            "action": 3.4854393005371094,
            "observation": 44
        }
    },
    "40": {
        "BestCoverage": 0.12,
        "Population": {
            "action": -3.8964834213256836,
            "observation": 47
        }
    },
    "45": {
        "BestCoverage": 0.12,
        "Population": {
            "action": 0.2959880828857422,
            "observation": 43
        }
    },
    "50": {
        "BestCoverage": 0.12,
        "Population": {
            "action": 7.492681503295898,
            "observation": 43
        }
    },
    "55": {
        "BestCoverage": 0.12,
        "Population": {
            "action": 6.033754348754883,
            "observation": 50
        }
    },
    "60": {
        "BestCoverage": 0.12,
        "Population": {
            "action": 1.9381532669067383,
            "observation": 56
        }
    },
    "65": {
        "BestCoverage": 0.12,
        "Population": {
            "action": -6.8856425285339355,
            "observation": 58
        }
    },
    "70": {
        "BestCoverage": 0.12,
        "Population": {
            "action": 7.106768608093262,
            "observation": 51
        }
    },
    "75": {
        "BestCoverage": 0.12,
        "Population": {
            "action": -4.2767510414123535,
            "observation": 58
        }
    },
    "80": {
        "BestCoverage": 0.12,
        "Population": {
            "action": -5.100417137145996,
            "observation": 54
        }
    },
    "85": {
        "BestCoverage": 0.12,
        "Population": {
            "action": -4.190353870391846,
            "observation": 49
        }
    },
    "90": {
        "BestCoverage": 0.12,
        "Population": {
            "action": -1.406801700592041,
            "observation": 45
        }
    },
    "95": {
        "BestCoverage": 0.12,
        "Population": {
            "action": -0.9637398719787598,
            "observation": 44
        }
    },
    "100": {
        "BestCoverage": 0.12,
        "Population": {
            "action": 3.8829851150512695,
            "observation": 43
        }
    },
    "105": {
        "BestCoverage": 0.12,
        "Population": {
            "action": 7.079078674316406,
            "observation": 47
        }
    },
    "110": {
        "BestCoverage": 0.12,
        "Population": {
            "action": -0.8620905876159668,
            "observation": 54
        }
    },
    "115": {
        "BestCoverage": 0.12,
        "Population": {
            "action": 4.954944610595703,
            "observation": 53
        }
    },
    "120": {
        "BestCoverage": 0.12,
        "Population": {
            "action": 1.4377050399780273,
            "observation": 58
        }
    },
    "125": {
        "BestCoverage": 0.12,
        "Population": {
            "action": 5.862728118896484,
            "observation": 59
        }
    },
    "130": {
        "BestCoverage": 0.12,
        "Population": {
            "action": 1.3142108917236328,
            "observation": 65
        }
    },
    "135": {
        "BestCoverage": 0.12,
        "Population": {
            "action": 4.2309112548828125,
            "observation": 66
        }
    },
    "140": {
        "BestCoverage": 0.12,
        "Population": {
            "action": 4.393441200256348,
            "observation": 70
        }
    },
    "145": {
        "BestCoverage": 0.12,
        "Population": {
            "action": 3.4049158096313477,
            "observation": 74
        }
    },
    "150": {
        "BestCoverage": 0.12,
        "Population": {
            "action": -2.0422754287719727,
            "observation": 77
        }
    },
    "155": {
        "BestCoverage": 0.12,
        "Population": {
            "action": 3.131350517272949,
            "observation": 75
        }
    },
    "160": {
        "BestCoverage": 0.12,
        "Population": {
            "action": 2.1734676361083984,
            "observation": 78
        }
    },
    "165": {
        "BestCoverage": 0.12,
        "Population": {
            "action": 4.981513977050781,
            "observation": 80
        }
    },
    "170": {
        "BestCoverage": 0.12,
        "Population": {
            "action": -3.7128500938415527,
            "observation": 85
        }
    },
    "175": {
        "BestCoverage": 0.12,
        "Population": {
            "action": -4.863128662109375,
            "observation": 81
        }
    },
    "180": {
        "BestCoverage": 0.12,
        "Population": {
            "action": -2.4733190536499023,
            "observation": 76
        }
    },
    "185": {
        "BestCoverage": 0.12,
        "Population": {
            "action": -3.326432704925537,
            "observation": 74
        }
    },
    "190": {
        "BestCoverage": 0.12,
        "Population": {
            "action": 0.8387651443481445,
            "observation": 71
        }
    },
    "195": {
        "BestCoverage": 0.12,
        "Population": {
            "action": 0.8206281661987305,
            "observation": 72
        }
    },
    "200": {
        "BestCoverage": 0.12,
        "Population": {
            "action": -3.422506332397461,
            "observation": 73
        }
    },
    "205": {
        "BestCoverage": 0.12,
        "Population": {
            "action": -2.3558173179626465,
            "observation": 70
        }
    },
    "210": {
        "BestCoverage": 0.12,
        "Population": {
            "action": 5.190289497375488,
            "observation": 68
        }
    },
    "215": {
        "BestCoverage": 0.12,
        "Population": {
            "action": 2.1531763076782227,
            "observation": 73
        }
    },
    "220": {
        "BestCoverage": 0.12,
        "Population": {
            "action": 1.2796945571899414,
            "observation": 75
        }
    },
    "225": {
        "BestCoverage": 0.12,
        "Population": {
            "action": -1.9463844299316406,
            "observation": 76
        }
    },
    "230": {
        "BestCoverage": 0.12,
        "Population": {
            "action": 7.669393539428711,
            "observation": 74
        }
    },
    "235": {
        "BestCoverage": 0.12,
        "Population": {
            "action": -3.5050010681152344,
            "observation": 82
        }
    },
    "240": {
        "BestCoverage": 0.12,
        "Population": {
            "action": 1.542902946472168,
            "observation": 78
        }
    },
    "245": {
        "BestCoverage": 0.12,
        "Population": {
            "action": 4.5080108642578125,
            "observation": 80
        }
    },
    "250": {
        "BestCoverage": 0.12,
        "Population": {
            "action": -6.6629509925842285,
            "observation": 85
        }
    },
    "255": {
        "BestCoverage": 0.12,
        "Population": {
            "action": 6.760476112365723,
            "observation": 78
        }
    },
    "260": {
        "BestCoverage": 0.12,
        "Population": {
            "action": -4.115825653076172,
            "observation": 85
        }
    },
    "265": {
        "BestCoverage": 0.12,
        "Population": {
            "action": 3.2868785858154297,
            "observation": 81
        }
    },
    "270": {
        "BestCoverage": 0.12,