{
    "15": {
        "BestCoverage": 0.8,
        "ChangeParameterProbability": {
            "action": -0.04810277223587037,
            "observation": 0.1
        }
    },
    "20": {
        "BestCoverage": 0.8,
        "ChangeParameterProbability": {
            "action": 0.0908650040626526,
            "observation": 0.05189722776412964
        }
    },
    "25": {
        "BestCoverage": 0.8,
        "ChangeParameterProbability": {
            "action": -0.046744716167449955,
            "observation": 0.14276223182678224
        }
    },
    "30": {
        "BestCoverage": 0.8,
        "ChangeParameterProbability": {
            "action": 0.04850282669067382,
            "observation": 0.09601751565933228
        }
    },
    "35": {
        "BestCoverage": 0.8,
        "ChangeParameterProbability": {
            "action": -0.0841931402683258,
            "observation": 0.1445203423500061
        }
    },
    "40": {
        "BestCoverage": 0.8,
        "ChangeParameterProbability": {
            "action": -0.02733483314514161,
            "observation": 0.0603272020816803
        }
    },
    "45": {
        "BestCoverage": 0.8,
        "ChangeParameterProbability": {
            "action": -0.02245320081710815,
            "observation": 0.03299236893653869
        }
    },
    "50": {
        "BestCoverage": 0.8,
        "ChangeParameterProbability": {
            "action": -0.09881778955459596,
            "observation": 0.010539168119430536
        }
    },
    "55": {
        "BestCoverage": 0.8,
        "ChangeParameterProbability": {
            "action": 0.00624161958694458,
            "observation": 0.0
        }
    },
    "60": {
        "BestCoverage": 0.8,
        "ChangeParameterProbability": {
            "action": -0.09896017909049988,
            "observation": 0.00624161958694458
        }
    },
    "65": {
        "BestCoverage": 0.8,
        "ChangeParameterProbability": {
            "action": -0.06369022130966187,
            "observation": 0.0
        }
    },
    "70": {
        "BestCoverage": 0.8,
        "ChangeParameterProbability": {
            "action": -0.050306242704391484,
            "observation": 0.0
        }
    },
    "75": {
        "BestCoverage": 0.8,
        "ChangeParameterProbability": {
            "action": 0.007603716850280759,
            "observation": 0.0
        }
    },
    "80": {
        "BestCoverage": 0.8,
        "ChangeParameterProbability": {
            "action": -0.06294887661933898,
            "observation": 0.007603716850280759
        }
    },
    "85": {
        "BestCoverage": 0.8,
        "ChangeParameterProbability": {
            "action": -0.039721852540969854,
            "observation": 0.0
        }
    },
    "90": {
        "BestCoverage": 0.8,
        "ChangeParameterProbability": {
            "action": 0.09387693405151368,
            "observation": 0.0
        }
    },
    "95": {
        "BestCoverage": 0.8,
        "ChangeParameterProbability": {
            "action": -0.07341129779815675,
            "observation": 0.09387693405151368
        }
    },
    "100": {
        "BestCoverage": 0.8,
        "ChangeParameterProbability": {
            "action": -0.08456413745880127,
            "observation": 0.020465636253356928
        }
    },
    "105": {
        "BestCoverage": 0.8,
        "ChangeParameterProbability": {
            "action": -0.06535207629203796,
            "observation": 0.0
        }
    },
    "110": {
        "BestCoverage": 0.8,
        "ChangeParameterProbability": {
            "action": 0.09408972263336182,
            "observation": 0.0
        }
    },
    "115": {
        "BestCoverage": 0.8,
        "ChangeParameterProbability": {
            "action": -0.09180129766464235,
            "observation": 0.09408972263336182
        }
    },
    "120": {
        "BestCoverage": 0.8,
        "ChangeParameterProbability": {
            "action": -0.047867453098297125,
            "observation": 0.002288424968719477
        }
    },
    "125": {
        "BestCoverage": 0.8,
        "ChangeParameterProbability": {
            "action": -0.08306557536125184,
            "observation": 0.0
        }
    },
    "130": {
        "BestCoverage": 0.8,
        "ChangeParameterProbability": {
            "action": -0.000720548629760745,
            "observation": 0.0
        }
    },
    "135": {
        "BestCoverage": 0.8,
        "ChangeParameterProbability": {
            "action": 0.052583110332489025,
            "observation": 0.0
        }
    },
    "140": {
        "BestCoverage": 0.8,
        "ChangeParameterProbability": {
            "action": 0.06556689739227295,
            "observation": 0.052583110332489025
        }
    },
    "145": {
        "BestCoverage": 0.8,
        "ChangeParameterProbability": {
            "action": -0.016114932298660276,
            "observation": 0.11815000772476197
        }
    },
    "150": {
        "BestCoverage": 0.8,
        "ChangeParameterProbability": {
            "action": 0.020011103153228765,
            "observation": 0.1020350754261017
        }
    },
    "155": {
        "BestCoverage": 0.8,
        "ChangeParameterProbability": {
            "action": -0.035437619686126715,
            "observation": 0.12204617857933046
        }
    },
    "160": {
        "BestCoverage": 0.8,
        "ChangeParameterProbability": {
            "action": -0.08234748244285583,
            "observation": 0.08660855889320375
        }
    },
    "165": {
        "BestCoverage": 0.8,
        "ChangeParameterProbability": {
            "action": 0.056735539436340326,
            "observation": 0.004261076450347914
        }
    },
    "170": {
        "BestCoverage": 0.8,
        "ChangeParameterProbability": {
            "action": 0.0019704222679138156,
            "observation": 0.06099661588668824
        }
    },
    "175": {
        "BestCoverage": 0.8,
        "ChangeParameterProbability": {
            "action": -0.046451675891876223,
            "observation": 0.06296703815460206
        }
    },
    "180": {
        "BestCoverage": 0.8,
        "ChangeParameterProbability": {
            "action": 0.06876671314239502,
            "observation": 0.016515362262725833
        }
    },
    "185": {
        "BestCoverage": 0.8,
        "ChangeParameterProbability": {
            "action": -0.07712786197662354,
            "observation": 0.08528207540512085
        }
    },
    "190": {
        "BestCoverage": 0.8,
        "ChangeParameterProbability": {
            "action": 0.07902708053588867,
            "observation": 0.008154213428497314
        }
    },
    "195": {
        "BestCoverage": 0.8,
        "ChangeParameterProbability": {
            "action": 0.055250096321105974,
            "observation": 0.08718129396438598
        }
    },
    "200": {
        "BestCoverage": 0.8,
        "ChangeParameterProbability": {
            "action": -0.021955025196075437,
            "observation": 0.14243139028549195
        }
    },
    "205": {
        "BestCoverage": 0.8,
        "ChangeParameterProbability": {
            "action": -0.08363037705421449,
            "observation": 0.12047636508941652
        }
    },
    "210": {
        "BestCoverage": 0.8,
        "ChangeParameterProbability": {
            "action": -0.031045484542846682,
            "observation": 0.03684598803520203
        }
    },
    "215": {
        "BestCoverage": 0.8,
        "ChangeParameterProbability": {
            "action": -0.03583939671516419,
            "observation": 0.0058005034923553495
        }
    },
    "220": {
        "BestCoverage": 0.8,
        "ChangeParameterProbability": {
            "action": -0.020288354158401495,
            "observation": 0.0
        }
    },
    "225": {
        "BestCoverage": 0.8,
        "ChangeParameterProbability": {
            "action": -0.08054432272911072,
            "observation": 0.0
        }
    },
    "230": {
        "BestCoverage": 0.8,