{
    "20": {
        "BestCoverage": 0.75,
        "Population": {
            "observation": 50,
            "action": -4.302321434020996
        },
        "TestInsertProbability": {
            "observation": 0.3333333333333333,
            "action": 0.09355443716049194
        }
    },
    "25": {
        "BestCoverage": 0.75,
        "Population": {
            "observation": 46,
            "action": -3.4260940551757812
        },
        "TestInsertProbability": {
            "observation": 0.42688777049382526,
            "action": 0.06138762235641479
        }
    },
    "30": {
        "BestCoverage": 0.75,
        "Population": {
            "observation": 43,
            "action": 4.354652404785156
        },
        "TestInsertProbability": {
            "observation": 0.48827539285024,
            "action": 0.0023611545562744196
        }
    },
    "35": {
        "BestCoverage": 0.75,
        "Population": {
            "observation": 47,
            "action": -4.2720794677734375
        },
        "TestInsertProbability": {
            "observation": 0.4906365474065144,
            "action": 0.06880762577056884
        }
    },
    "40": {
        "BestCoverage": 0.75,
        "Population": {
            "observation": 43,
            "action": -2.810441017150879
        },
        "TestInsertProbability": {
            "observation": 0.5594441731770833,
            "action": -0.05426563620567322
        }
    },
    "45": {
        "BestCoverage": 0.75,
        "Population": {
            "observation": 40,
            "action": 5.36513614654541
        },
        "TestInsertProbability": {
            "observation": 0.50517853697141,
            "action": 0.0018321394920349093
        }
    },
    "50": {
        "BestCoverage": 0.75,
        "Population": {
            "observation": 45,
            "action": -0.040789127349853516
        },
        "TestInsertProbability": {
            "observation": 0.5070106764634449,
            "action": -0.06068574190139771
        }
    },
    "55": {
        "BestCoverage": 0.75,
        "Population": {
            "observation": 45,
            "action": 7.854707717895508
        },
        "TestInsertProbability": {
            "observation": 0.4463249345620472,
            "action": 0.03860399723052979
        }
    },
    "60": {
        "BestCoverage": 0.75,
        "Population": {
            "observation": 53,
            "action": 0.8778858184814453
        },
        "TestInsertProbability": {
            "observation": 0.484928931792577,
            "action": -0.03566591739654541
        }
    },
    "65": {
        "BestCoverage": 0.75,
        "Population": {
            "observation": 54,
            "action": 2.5464963912963867
        },
        "TestInsertProbability": {
            "observation": 0.4492630143960316,
            "action": -0.08012151122093202
        }
    },
    "70": {
        "BestCoverage": 0.75,
        "Population": {
            "observation": 57,
            "action": -2.1043143272399902
        },
        "TestInsertProbability": {
            "observation": 0.3691415031750996,
            "action": 0.07062524557113647
        }
    },
    "75": {
        "BestCoverage": 0.75,
        "Population": {
            "observation": 55,
            "action": 1.7060737609863281
        },
        "TestInsertProbability": {
            "observation": 0.43976674874623606,
            "action": 0.0022791862487792913
        }
    },
    "80": {
        "BestCoverage": 0.75,
        "Population": {
            "observation": 57,
            "action": -6.3563232421875
        },
        "TestInsertProbability": {
            "observation": 0.4420459349950153,
            "action": -0.07352858185768128
        }
    },
    "85": {
        "BestCoverage": 0.75,
        "Population": {
            "observation": 51,
            "action": -1.2347135543823242
        },
        "TestInsertProbability": {
            "observation": 0.368517353137334,
            "action": -0.08402827978134156
        }
    },
    "90": {
        "BestCoverage": 0.75,
        "Population": {
            "observation": 50,
            "action": -7.857879638671875
        },
        "TestInsertProbability": {
            "observation": 0.2844890733559925,
            "action": -0.04517617225646973
        }
    },
    "95": {
        "BestCoverage": 0.75,
        "Population": {
            "observation": 42,
            "action": -6.874948978424072
        },
        "TestInsertProbability": {
            "observation": 0.23931290109952277,
            "action": 0.07664786577224733
        }
    },
    "100": {
        "BestCoverage": 0.75,
        "Population": {
            "observation": 35,
            "action": -2.247838020324707
        },
        "TestInsertProbability": {
            "observation": 0.3159607668717701,
            "action": 0.08974287509918213
        }
    },
    "105": {
        "BestCoverage": 0.75,
        "Population": {
            "observation": 33,
            "action": -3.8344030380249023
        },
        "TestInsertProbability": {
            "observation": 0.4057036419709522,
            "action": -0.05609177350997925
        }
    },
    "110": {
        "BestCoverage": 0.75,
        "Population": {
            "observation": 29,
            "action": 7.397375106811523
        },
        "TestInsertProbability": {
            "observation": 0.349611868460973,
            "action": 0.09857668876647949
        }
    },
    "115": {
        "BestCoverage": 0.75,
        "Population": {
            "observation": 36,
            "action": -0.22847652435302734
        },
        "TestInsertProbability": {
            "observation": 0.44818855722745243,
            "action": -0.06770139336585998
        }
    },
    "120": {
        "BestCoverage": 0.75,
        "Population": {
            "observation": 36,
            "action": 3.53021240234375
        },
        "TestInsertProbability": {
            "observation": 0.3804871638615924,
            "action": 0.08154022693634033
        }
    },
    "125": {
        "BestCoverage": 0.75,
        "Population": {
            "observation": 40,
            "action": 2.839505195617676
        },
        "TestInsertProbability": {
            "observation": 0.46202739079793276,
            "action": 0.08348419666290283
        }
    },
    "130": {
        "BestCoverage": 0.75,
        "Population": {
            "observation": 43,
            "action": 6.973938941955566
        },
        "TestInsertProbability": {
            "observation": 0.5455115874608356,
            "action": 0.01917890310287476
        }
    },
    "135": {
        "BestCoverage": 0.75,
        "Population": {
            "observation": 50,
            "action": 3.6856393814086914
        },
        "TestInsertProbability": {
            "observation": 0.5646904905637103,
            "action": 0.08419835567474365
        }
    },
    "140": {
        "BestCoverage": 0.75,
        "Population": {
            "observation": 54,
            "action": 2.479665756225586
        },
        "TestInsertProbability": {
            "observation": 0.648888846238454,
            "action": 0.08806686401367189
        }
    },
    "145": {
        "BestCoverage": 0.75,
        "Population": {
            "observation": 56,
            "action": -0.7242460250854492
        },
        "TestInsertProbability": {
            "observation": 0.7369557102521259,
            "action": -0.017769759893417364
        }
    },
    "150": {
        "BestCoverage": 0.75,
        "Population": {
            "observation": 55,
            "action": 2.0754776000976562
        },
        "TestInsertProbability": {
            "observation": 0.7191859503587086,
            "action": -0.053236168622970585
        }
    },
    "155": {
        "BestCoverage": 0.75,
        "Population": {
            "observation": 57,