{
    "15": {
        "BestCoverage": 0.8,
        "TestDeleteProbability": {
            "action": 0.08904384374618532,
            "observation": 0.3333333333333333
        }
    },
    "20": {
        "BestCoverage": 0.8,
        "TestDeleteProbability": {
            "action": 0.028595960140228277,
            "observation": 0.4223771770795186
        }
    },
    "25": {
        "BestCoverage": 0.8,
        "TestDeleteProbability": {
            "action": -0.025226932764053342,
            "observation": 0.45097313721974686
        }
    },
    "30": {
        "BestCoverage": 0.8,
        "TestDeleteProbability": {
            "action": 0.0023628234863281306,
            "observation": 0.4257462044556935
        }
    },
    "35": {
        "BestCoverage": 0.8,
        "TestDeleteProbability": {
            "action": 0.09050998687744141,
            "observation": 0.42810902794202166
        }
    },
    "40": {
        "BestCoverage": 0.8,
        "TestDeleteProbability": {
            "action": 0.09334421157836914,
            "observation": 0.518619014819463
        }
    },
    "45": {
        "BestCoverage": 0.8,
        "TestDeleteProbability": {
            "action": -0.057731044292449955,
            "observation": 0.6119632263978322
        }
    },
    "50": {
        "BestCoverage": 0.8,
        "TestDeleteProbability": {
            "action": -0.004283958673477167,
            "observation": 0.5542321821053823
        }
    },
    "55": {
        "BestCoverage": 0.8,
        "TestDeleteProbability": {
            "action": 0.08767275810241701,
            "observation": 0.5499482234319051
        }
    },
    "60": {
        "BestCoverage": 0.8,
        "TestDeleteProbability": {
            "action": -0.009461486339569086,
            "observation": 0.6376209815343221
        }
    },
    "65": {
        "BestCoverage": 0.8,
        "TestDeleteProbability": {
            "action": 0.027286255359649653,
            "observation": 0.628159495194753
        }
    },
    "70": {
        "BestCoverage": 0.8,
        "TestDeleteProbability": {
            "action": 0.0942289710044861,
            "observation": 0.6554457505544027
        }
    },
    "75": {
        "BestCoverage": 0.8,
        "TestDeleteProbability": {
            "action": -0.06417838335037232,
            "observation": 0.7496747215588888
        }
    },
    "80": {
        "BestCoverage": 0.8,
        "TestDeleteProbability": {
            "action": 0.008067834377288821,
            "observation": 0.6854963382085165
        }
    },
    "85": {
        "BestCoverage": 0.8,
        "TestDeleteProbability": {
            "action": 0.0842667579650879,
            "observation": 0.6935641725858054
        }
    },
    "90": {
        "BestCoverage": 0.8,
        "TestDeleteProbability": {
            "action": -0.019698333740234372,
            "observation": 0.7778309305508933
        }
    },
    "95": {
        "BestCoverage": 0.8,
        "TestDeleteProbability": {
            "action": 0.09515841007232667,
            "observation": 0.7581325968106589
        }
    },
    "100": {
        "BestCoverage": 0.8,
        "TestDeleteProbability": {
            "action": -0.04165548086166382,
            "observation": 0.8532910068829855
        }
    },
    "105": {
        "BestCoverage": 0.8,
        "TestDeleteProbability": {
            "action": -0.09552118182182312,
            "observation": 0.8116355260213217
        }
    },
    "110": {
        "BestCoverage": 0.8,
        "TestDeleteProbability": {
            "action": -0.08375499248504639,
            "observation": 0.7161143441994986
        }
    },
    "115": {
        "BestCoverage": 0.8,
        "TestDeleteProbability": {
            "action": 0.004345369338989255,
            "observation": 0.6323593517144522
        }
    },
    "120": {
        "BestCoverage": 0.8,
        "TestDeleteProbability": {
            "action": 0.06340905427932739,
            "observation": 0.6367047210534414
        }
    },
    "125": {
        "BestCoverage": 0.8,
        "TestDeleteProbability": {
            "action": -0.08998033404350281,
            "observation": 0.7001137753327689
        }
    },
    "130": {
        "BestCoverage": 0.8,
        "TestDeleteProbability": {
            "action": 0.022707724571228022,
            "observation": 0.610133441289266
        }
    },
    "135": {
        "BestCoverage": 0.8,
        "TestDeleteProbability": {
            "action": -0.07414119243621826,
            "observation": 0.6328411658604941
        }
    },
    "140": {
        "BestCoverage": 0.8,
        "TestDeleteProbability": {
            "action": -0.07550495862960815,
            "observation": 0.5586999734242758
        }
    },
    "145": {
        "BestCoverage": 0.8,
        "TestDeleteProbability": {
            "action": -0.05260944366455078,
            "observation": 0.48319501479466764
        }
    },
    "150": {
        "BestCoverage": 0.8,
        "TestDeleteProbability": {
            "action": 0.0641923189163208,
            "observation": 0.43058557113011686
        }
    },
    "155": {
        "BestCoverage": 0.8,
        "TestDeleteProbability": {
            "action": 0.09272937774658205,
            "observation": 0.4947778900464377
        }
    },
    "160": {
        "BestCoverage": 0.8,
        "TestDeleteProbability": {
            "action": 0.06424038410186769,
            "observation": 0.5875072677930198
        }
    },
    "165": {
        "BestCoverage": 0.8,
        "TestDeleteProbability": {
            "action": -0.016532611846923825,
            "observation": 0.6517476518948875
        }
    },
    "170": {
        "BestCoverage": 0.8,
        "TestDeleteProbability": {
            "action": 0.03102290630340576,
            "observation": 0.6352150400479637
        }
    },
    "175": {
        "BestCoverage": 0.8,
        "TestDeleteProbability": {
            "action": -0.04288078546524048,
            "observation": 0.6662379463513695
        }
    },
    "180": {
        "BestCoverage": 0.8,
        "TestDeleteProbability": {
            "action": 0.04673564434051514,
            "observation": 0.623357160886129
        }
    },
    "185": {
        "BestCoverage": 0.8,
        "TestDeleteProbability": {
            "action": 0.06239579916000368,
            "observation": 0.6700928052266442
        }
    },
    "190": {
        "BestCoverage": 0.8,
        "TestDeleteProbability": {
            "action": -0.04887316226959229,
            "observation": 0.7324886043866479
        }
    },
    "195": {
        "BestCoverage": 0.8,
        "TestDeleteProbability": {
            "action": -0.016777765750885007,
            "observation": 0.6836154421170556
        }
    },
    "200": {
        "BestCoverage": 0.8,
        "TestDeleteProbability": {
            "action": 0.07837166786193847,
            "observation": 0.6668376763661706
        }
    },
    "205": {
        "BestCoverage": 0.8,
        "TestDeleteProbability": {
            "action": -0.00934256315231323,
            "observation": 0.7452093442281091
        }
    },
    "210": {
        "BestCoverage": 0.8,
        "TestDeleteProbability": {
            "action": 0.0077099084854126,
            "observation": 0.735866781075796
        }
    },
    "215": {
        "BestCoverage": 0.8,
        "TestDeleteProbability": {
            "action": 0.05453332662582397,
            "observation": 0.7435766895612086
        }
    },
    "220": {
        "BestCoverage": 0.8,
        "TestDeleteProbability": {
            "action": -0.08805302381515503,
            "observation": 0.7981100161870326
        }
    },
    "225": {
        "BestCoverage": 0.8,
        "TestDeleteProbability": {
            "action": -0.0805299460887909,
            "observation": 0.7100569923718776
        }
    },
    "230": {
        "BestCoverage": 0.8,