{
    "15": {
        "BestCoverage": 0.8,
        "StatementInsertionProbability": {
            "action": -0.09769660234451294,
            "observation": 0.5
        }
    },
    "20": {
        "BestCoverage": 0.8,
        "StatementInsertionProbability": {
            "action": 0.005937457084655762,
            "observation": 0.40230339765548706
        }
    },
    "25": {
        "BestCoverage": 0.8,
        "StatementInsertionProbability": {
            "action": 0.08852418661117553,
            "observation": 0.4082408547401428
        }
    },
    "30": {
        "BestCoverage": 0.8,
        "StatementInsertionProbability": {
            "action": 0.0887068748474121,
            "observation": 0.4967650413513184
        }
    },
    "35": {
        "BestCoverage": 0.8,
        "StatementInsertionProbability": {
            "action": 0.0014974713325500433,
            "observation": 0.5854719161987305
        }
    },
    "40": {
        "BestCoverage": 0.8,
        "StatementInsertionProbability": {
            "action": -0.09042308926582338,
            "observation": 0.5869693875312806
        }
    },
    "45": {
        "BestCoverage": 0.8,
        "StatementInsertionProbability": {
            "action": 0.0450803518295288,
            "observation": 0.4965462982654572
        }
    },
    "50": {
        "BestCoverage": 0.8,
        "StatementInsertionProbability": {
            "action": 0.05536928176879882,
            "observation": 0.541626650094986
        }
    },
    "55": {
        "BestCoverage": 0.8,
        "StatementInsertionProbability": {
            "action": 0.0520208477973938,
            "observation": 0.5969959318637849
        }
    },
    "60": {
        "BestCoverage": 0.8,
        "StatementInsertionProbability": {
            "action": 0.049950361251831055,
            "observation": 0.6490167796611787
        }
    },
    "65": {
        "BestCoverage": 0.8,
        "StatementInsertionProbability": {
            "action": 0.05576798915863038,
            "observation": 0.6989671409130097
        }
    },
    "70": {
        "BestCoverage": 0.8,
        "StatementInsertionProbability": {
            "action": -0.09720319509506226,
            "observation": 0.7547351300716401
        }
    },
    "75": {
        "BestCoverage": 0.8,
        "StatementInsertionProbability": {
            "action": -0.06684731841087341,
            "observation": 0.6575319349765778
        }
    },
    "80": {
        "BestCoverage": 0.8,
        "StatementInsertionProbability": {
            "action": 0.02292853593826294,
            "observation": 0.5906846165657044
        }
    },
    "85": {
        "BestCoverage": 0.8,
        "StatementInsertionProbability": {
            "action": -0.09027526378631592,
            "observation": 0.6136131525039673
        }
    },
    "90": {
        "BestCoverage": 0.8,
        "StatementInsertionProbability": {
            "action": -0.032370257377624514,
            "observation": 0.5233378887176514
        }
    },
    "95": {
        "BestCoverage": 0.8,
        "StatementInsertionProbability": {
            "action": -0.04592181444168091,
            "observation": 0.4909676313400269
        }
    },
    "100": {
        "BestCoverage": 0.8,
        "StatementInsertionProbability": {
            "action": -0.01895486712455749,
            "observation": 0.445045816898346
        }
    },
    "105": {
        "BestCoverage": 0.8,
        "StatementInsertionProbability": {
            "action": -0.04933779835700989,
            "observation": 0.4260909497737885
        }
    },
    "110": {
        "BestCoverage": 0.8,
        "StatementInsertionProbability": {
            "action": 0.03847568035125731,
            "observation": 0.37675315141677856
        }
    },
    "115": {
        "BestCoverage": 0.8,
        "StatementInsertionProbability": {
            "action": 0.07698318958282471,
            "observation": 0.4152288317680359
        }
    },
    "120": {
        "BestCoverage": 0.8,
        "StatementInsertionProbability": {
            "action": 0.007075452804565424,
            "observation": 0.4922120213508606
        }
    },
    "125": {
        "BestCoverage": 0.8,
        "StatementInsertionProbability": {
            "action": -0.041355669498443604,
            "observation": 0.49928747415542607
        }
    },
    "130": {
        "BestCoverage": 0.8,
        "StatementInsertionProbability": {
            "action": 0.03486230373382568,
            "observation": 0.45793180465698247
        }
    },
    "135": {
        "BestCoverage": 0.8,
        "StatementInsertionProbability": {
            "action": -0.09376497268676759,
            "observation": 0.49279410839080817
        }
    },
    "140": {
        "BestCoverage": 0.8,
        "StatementInsertionProbability": {
            "action": -0.012168824672698975,
            "observation": 0.3990291357040406
        }
    },
    "145": {
        "BestCoverage": 0.8,
        "StatementInsertionProbability": {
            "action": 0.07921879291534425,
            "observation": 0.3868603110313416
        }
    },
    "150": {
        "BestCoverage": 0.8,
        "StatementInsertionProbability": {
            "action": -0.09596600532531739,
            "observation": 0.46607910394668584
        }
    },
    "155": {
        "BestCoverage": 0.8,
        "StatementInsertionProbability": {
            "action": 0.06838796138763428,
            "observation": 0.37011309862136843
        }
    },
    "160": {
        "BestCoverage": 0.8,
        "StatementInsertionProbability": {
            "action": 0.09518620967864991,
            "observation": 0.4385010600090027
        }
    },
    "165": {
        "BestCoverage": 0.8,
        "StatementInsertionProbability": {
            "action": 0.05820400714874269,
            "observation": 0.5336872696876526
        }
    },
    "170": {
        "BestCoverage": 0.8,
        "StatementInsertionProbability": {
            "action": 0.09875484704971313,
            "observation": 0.5918912768363953
        }
    },
    "175": {
        "BestCoverage": 0.8,
        "StatementInsertionProbability": {
            "action": -0.027528578042984017,
            "observation": 0.6906461238861085
        }
    },
    "180": {
        "BestCoverage": 0.8,
        "StatementInsertionProbability": {
            "action": -0.09832612276077271,
            "observation": 0.6631175458431244
        }
    },
    "185": {
        "BestCoverage": 0.8,
        "StatementInsertionProbability": {
            "action": -0.0011228621006011963,
            "observation": 0.5647914230823518
        }
    },
    "190": {
        "BestCoverage": 0.8,
        "StatementInsertionProbability": {
            "action": -0.005788582563400271,
            "observation": 0.5636685609817506
        }
    },
    "195": {
        "BestCoverage": 0.8,
        "StatementInsertionProbability": {
            "action": 0.07672679424285889,
            "observation": 0.5578799784183502
        }
    },
    "200": {
        "BestCoverage": 0.8,
        "StatementInsertionProbability": {
            "action": 0.09896688461303713,
            "observation": 0.6346067726612091
        }
    },
    "205": {
        "BestCoverage": 0.8,
        "StatementInsertionProbability": {
            "action": -0.08275558948516847,
            "observation": 0.7335736572742463
        }
    },
    "210": {
        "BestCoverage": 0.8,
        "StatementInsertionProbability": {
            "action": 0.024065172672271734,
            "observation": 0.6508180677890778
        }
    },
    "215": {
        "BestCoverage": 0.8,
        "StatementInsertionProbability": {
            "action": -0.08517822027206422,
            "observation": 0.6748832404613495
        }
    },
    "220": {
        "BestCoverage": 0.8,
        "StatementInsertionProbability": {
            "action": -0.07918987274169922,