{
    "15": {
        "BestCoverage": 0.8,
        "StatementInsertionProbability": {
            "action": -0.03821150064468384,
            "observation": 0.5
        }
    },
    "20": {
        "BestCoverage": 0.8,
        "StatementInsertionProbability": {
            "action": 0.08994894027709963,
            "observation": 0.4617884993553162
        }
    },
    "25": {
        "BestCoverage": 0.8,
        "StatementInsertionProbability": {
            "action": 0.06234613656997681,
            "observation": 0.5517374396324158
        }
    },
    "30": {
        "BestCoverage": 0.8,
        "StatementInsertionProbability": {
            "action": -0.054478746652603154,
            "observation": 0.6140835762023926
        }
    },
    "35": {
        "BestCoverage": 0.8,
        "StatementInsertionProbability": {
            "action": -0.07367497086524964,
            "observation": 0.5596048295497895
        }
    },
    "40": {
        "BestCoverage": 0.8,
        "StatementInsertionProbability": {
            "action": -0.019102239608764643,
            "observation": 0.48592985868453986
        }
    },
    "45": {
        "BestCoverage": 0.8,
        "StatementInsertionProbability": {
            "action": -0.008225393295288083,
            "observation": 0.4668276190757752
        }
    },
    "50": {
        "BestCoverage": 0.8,
        "StatementInsertionProbability": {
            "action": 0.06119219064712525,
            "observation": 0.4586022257804871
        }
    },
    "55": {
        "BestCoverage": 0.8,
        "StatementInsertionProbability": {
            "action": -0.04475023746490479,
            "observation": 0.5197944164276124
        }
    },
    "60": {
        "BestCoverage": 0.8,
        "StatementInsertionProbability": {
            "action": 0.05976321697235107,
            "observation": 0.47504417896270756
        }
    },
    "65": {
        "BestCoverage": 0.8,
        "StatementInsertionProbability": {
            "action": -0.03238503932952881,
            "observation": 0.5348073959350587
        }
    },
    "70": {
        "BestCoverage": 0.8,
        "StatementInsertionProbability": {
            "action": 0.03276573419570922,
            "observation": 0.5024223566055298
        }
    },
    "75": {
        "BestCoverage": 0.8,
        "StatementInsertionProbability": {
            "action": -0.038843137025833134,
            "observation": 0.535188090801239
        }
    },
    "80": {
        "BestCoverage": 0.8,
        "StatementInsertionProbability": {
            "action": -0.09878239631652833,
            "observation": 0.49634495377540583
        }
    },
    "85": {
        "BestCoverage": 0.8,
        "StatementInsertionProbability": {
            "action": 0.045169949531555176,
            "observation": 0.3975625574588775
        }
    },
    "90": {
        "BestCoverage": 0.8,
        "StatementInsertionProbability": {
            "action": -0.059058344364166265,
            "observation": 0.44273250699043265
        }
    },
    "95": {
        "BestCoverage": 0.8,
        "StatementInsertionProbability": {
            "action": 0.046687960624694824,
            "observation": 0.3836741626262664
        }
    },
    "100": {
        "BestCoverage": 0.8,
        "StatementInsertionProbability": {
            "action": -0.0335514783859253,
            "observation": 0.43036212325096124
        }
    },
    "105": {
        "BestCoverage": 0.8,
        "StatementInsertionProbability": {
            "action": 0.030199480056762706,
            "observation": 0.3968106448650359
        }
    },
    "110": {
        "BestCoverage": 0.8,
        "StatementInsertionProbability": {
            "action": -0.017409086227416992,
            "observation": 0.42701012492179863
        }
    },
    "115": {
        "BestCoverage": 0.8,
        "StatementInsertionProbability": {
            "action": 0.025553357601165783,
            "observation": 0.40960103869438164
        }
    },
    "120": {
        "BestCoverage": 0.8,
        "StatementInsertionProbability": {
            "action": 0.060035562515258795,
            "observation": 0.4351543962955474
        }
    },
    "125": {
        "BestCoverage": 0.8,
        "StatementInsertionProbability": {
            "action": 0.03140885829925538,
            "observation": 0.4951899588108062
        }
    },
    "130": {
        "BestCoverage": 0.8,
        "StatementInsertionProbability": {
            "action": 0.07397584915161134,
            "observation": 0.5265988171100615
        }
    },
    "135": {
        "BestCoverage": 0.8,
        "StatementInsertionProbability": {
            "action": 0.0012042999267578153,
            "observation": 0.6005746662616729
        }
    },
    "140": {
        "BestCoverage": 0.8,
        "StatementInsertionProbability": {
            "action": 0.019975173473358157,
            "observation": 0.6017789661884307
        }
    },
    "145": {
        "BestCoverage": 0.8,
        "StatementInsertionProbability": {
            "action": -0.0032917141914367704,
            "observation": 0.6217541396617889
        }
    },
    "150": {
        "BestCoverage": 0.8,
        "StatementInsertionProbability": {
            "action": 0.08419612646102906,
            "observation": 0.6184624254703521
        }
    },
    "155": {
        "BestCoverage": 0.8,
        "StatementInsertionProbability": {
            "action": -0.01375998258590698,
            "observation": 0.7026585519313812
        }
    },
    "160": {
        "BestCoverage": 0.8,
        "StatementInsertionProbability": {
            "action": 0.06706535816192627,
            "observation": 0.6888985693454742
        }
    },
    "165": {
        "BestCoverage": 0.8,
        "StatementInsertionProbability": {
            "action": 0.06968235969543457,
            "observation": 0.7559639275074005
        }
    },
    "170": {
        "BestCoverage": 0.8,
        "StatementInsertionProbability": {
            "action": -0.028424203395843506,
            "observation": 0.8256462872028351
        }
    },
    "175": {
        "BestCoverage": 0.8,
        "StatementInsertionProbability": {
            "action": -0.018773955106735227,
            "observation": 0.7972220838069916
        }
    },
    "180": {
        "BestCoverage": 0.8,
        "StatementInsertionProbability": {
            "action": -0.004345339536666867,
            "observation": 0.7784481287002564
        }
    },
    "185": {
        "BestCoverage": 0.8,
        "StatementInsertionProbability": {
            "action": 0.07998321056365967,
            "observation": 0.7741027891635895
        }
    },
    "190": {
        "BestCoverage": 0.8,
        "StatementInsertionProbability": {
            "action": -0.02777299880981446,
            "observation": 0.8540859997272492
        }
    },
    "195": {
        "BestCoverage": 0.8,
        "StatementInsertionProbability": {
            "action": -0.008697658777236938,
            "observation": 0.8263130009174348
        }
    },
    "200": {
        "BestCoverage": 0.8,
        "StatementInsertionProbability": {
            "action": 0.030685687065124506,
            "observation": 0.8176153421401978
        }
    },
    "205": {
        "BestCoverage": 0.8,
        "StatementInsertionProbability": {
            "action": 0.07824742794036865,
            "observation": 0.8483010292053224
        }
    },
    "210": {
        "BestCoverage": 0.8,
        "StatementInsertionProbability": {
            "action": -0.09503505229949952,
            "observation": 0.926548457145691
        }
    },
    "215": {
        "BestCoverage": 0.8,
        "StatementInsertionProbability": {
            "action": -0.038481521606445315,
            "observation": 0.8315134048461915
        }
    },
    "220": {
        "BestCoverage": 0.8,
        "StatementInsertionProbability": {
            "action": -0.010012388229370117,