{
    "15": {
        "BestCoverage": 0.8,
        "TestInsertionProbability": {
            "action": -0.04526478052139282,
            "observation": 0.1
        }
    },
    "20": {
        "BestCoverage": 0.8,
        "TestInsertionProbability": {
            "action": -0.05147573947906495,
            "observation": 0.05473521947860718
        }
    },
    "25": {
        "BestCoverage": 0.8,
        "TestInsertionProbability": {
            "action": -0.05133139491081238,
            "observation": 0.0032594799995422363
        }
    },
    "30": {
        "BestCoverage": 0.8,
        "TestInsertionProbability": {
            "action": 0.04471886157989502,
            "observation": 0.0
        }
    },
    "35": {
        "BestCoverage": 0.8,
        "TestInsertionProbability": {
            "action": 0.08936405181884766,
            "observation": 0.04471886157989502
        }
    },
    "40": {
        "BestCoverage": 0.8,
        "TestInsertionProbability": {
            "action": -0.009067666530609128,
            "observation": 0.13408291339874268
        }
    },
    "45": {
        "BestCoverage": 0.8,
        "TestInsertionProbability": {
            "action": -0.007133841514587402,
            "observation": 0.12501524686813353
        }
    },
    "50": {
        "BestCoverage": 0.8,
        "TestInsertionProbability": {
            "action": 0.07421567440032958,
            "observation": 0.11788140535354613
        }
    },
    "55": {
        "BestCoverage": 0.8,
        "TestInsertionProbability": {
            "action": -0.02304394841194153,
            "observation": 0.19209707975387572
        }
    },
    "60": {
        "BestCoverage": 0.8,
        "TestInsertionProbability": {
            "action": 0.009247326850891108,
            "observation": 0.16905313134193417
        }
    },
    "65": {
        "BestCoverage": 0.8,
        "TestInsertionProbability": {
            "action": -0.08647230267524719,
            "observation": 0.17830045819282528
        }
    },
    "70": {
        "BestCoverage": 0.8,
        "TestInsertionProbability": {
            "action": 0.09707221984863282,
            "observation": 0.09182815551757809
        }
    },
    "75": {
        "BestCoverage": 0.8,
        "TestInsertionProbability": {
            "action": 0.06063272953033447,
            "observation": 0.1889003753662109
        }
    },
    "80": {
        "BestCoverage": 0.8,
        "TestInsertionProbability": {
            "action": 0.020623087882995605,
            "observation": 0.24953310489654537
        }
    },
    "85": {
        "BestCoverage": 0.8,
        "TestInsertionProbability": {
            "action": -0.057152295112609865,
            "observation": 0.27015619277954095
        }
    },
    "90": {
        "BestCoverage": 0.8,
        "TestInsertionProbability": {
            "action": -0.07496283054351807,
            "observation": 0.2130038976669311
        }
    },
    "95": {
        "BestCoverage": 0.8,
        "TestInsertionProbability": {
            "action": -0.0540642261505127,
            "observation": 0.13804106712341302
        }
    },
    "100": {
        "BestCoverage": 0.8,
        "TestInsertionProbability": {
            "action": -0.07815771698951722,
            "observation": 0.08397684097290031
        }
    },
    "105": {
        "BestCoverage": 0.8,
        "TestInsertionProbability": {
            "action": -0.005129176378250125,
            "observation": 0.005819123983383093
        }
    },
    "110": {
        "BestCoverage": 0.8,
        "TestInsertionProbability": {
            "action": -0.07996917963027955,
            "observation": 0.0006899476051329678
        }
    },
    "115": {
        "BestCoverage": 0.8,
        "TestInsertionProbability": {
            "action": 0.02436642646789551,
            "observation": 0.0
        }
    },
    "120": {
        "BestCoverage": 0.8,
        "TestInsertionProbability": {
            "action": 0.09852752685546876,
            "observation": 0.02436642646789551
        }
    },
    "125": {
        "BestCoverage": 0.8,
        "TestInsertionProbability": {
            "action": 0.032734608650207525,
            "observation": 0.12289395332336427
        }
    },
    "130": {
        "BestCoverage": 0.8,
        "TestInsertionProbability": {
            "action": 0.08450518846511842,
            "observation": 0.15562856197357178
        }
    },
    "135": {
        "BestCoverage": 0.8,
        "TestInsertionProbability": {
            "action": -0.013588792085647589,
            "observation": 0.2401337504386902
        }
    },
    "140": {
        "BestCoverage": 0.8,
        "TestInsertionProbability": {
            "action": -0.05491077899932861,
            "observation": 0.2265449583530426
        }
    },
    "145": {
        "BestCoverage": 0.8,
        "TestInsertionProbability": {
            "action": 0.0907296895980835,
            "observation": 0.171634179353714
        }
    },
    "150": {
        "BestCoverage": 0.8,
        "TestInsertionProbability": {
            "action": -0.003317964076995847,
            "observation": 0.26236386895179753
        }
    },
    "155": {
        "BestCoverage": 0.8,
        "TestInsertionProbability": {
            "action": -0.09583470225334167,
            "observation": 0.25904590487480167
        }
    },
    "160": {
        "BestCoverage": 0.8,
        "TestInsertionProbability": {
            "action": 0.059312272071838396,
            "observation": 0.16321120262146
        }
    },
    "165": {
        "BestCoverage": 0.8,
        "TestInsertionProbability": {
            "action": -0.043349021673202516,
            "observation": 0.2225234746932984
        }
    },
    "170": {
        "BestCoverage": 0.8,
        "TestInsertionProbability": {
            "action": 0.07762722969055177,
            "observation": 0.17917445302009588
        }
    },
    "175": {
        "BestCoverage": 0.8,
        "TestInsertionProbability": {
            "action": 0.04292179346084596,
            "observation": 0.2568016827106476
        }
    },
    "180": {
        "BestCoverage": 0.8,
        "TestInsertionProbability": {
            "action": 0.08597810268402101,
            "observation": 0.2997234761714936
        }
    },
    "185": {
        "BestCoverage": 0.8,
        "TestInsertionProbability": {
            "action": -0.0170475959777832,
            "observation": 0.3857015788555146
        }
    },
    "190": {
        "BestCoverage": 0.8,
        "TestInsertionProbability": {
            "action": 0.08065567016601563,
            "observation": 0.3686539828777314
        }
    },
    "195": {
        "BestCoverage": 0.8,
        "TestInsertionProbability": {
            "action": -0.00042679905891418457,
            "observation": 0.44930965304374704
        }
    },
    "200": {
        "BestCoverage": 0.8,
        "TestInsertionProbability": {
            "action": 0.04455696344375609,
            "observation": 0.44888285398483285
        }
    },
    "205": {
        "BestCoverage": 0.8,
        "TestInsertionProbability": {
            "action": 0.033800113201141346,
            "observation": 0.49343981742858894
        }
    },
    "210": {
        "BestCoverage": 0.8,
        "TestInsertionProbability": {
            "action": 0.010562324523925776,
            "observation": 0.5272399306297303
        }
    },
    "215": {
        "BestCoverage": 0.8,
        "TestInsertionProbability": {
            "action": 0.05120959281921386,
            "observation": 0.5378022551536561
        }
    },
    "220": {
        "BestCoverage": 0.8,
        "TestInsertionProbability": {
            "action": 0.047962069511413574,
            "observation": 0.58901184797287
        }
    },
    "225": {
        "BestCoverage": 0.8,
        "TestInsertionProbability": {
            "action": -0.08526665568351746,
            "observation": 0.6369739174842836
        }
    },