{
    "15": {
        "BestCoverage": 0.8,
        "Population": {
            "action": -7.3214826583862305,
            "observation": 50
        }
    },
    "20": {
        "BestCoverage": 0.8,
        "Population": {
            "action": 0.25012683868408203,
            "observation": 43
        }
    },
    "25": {
        "BestCoverage": 0.8,
        "Population": {
            "action": -0.7667827606201172,
            "observation": 43
        }
    },
    "30": {
        "BestCoverage": 0.8,
        "Population": {
            "action": 2.148885726928711,
            "observation": 42
        }
    },
    "35": {
        "BestCoverage": 0.8,
        "Population": {
            "action": 1.5388641357421875,
            "observation": 44
        }
    },
    "40": {
        "BestCoverage": 0.8,
        "Population": {
            "action": -0.03122997283935547,
            "observation": 46
        }
    },
    "45": {
        "BestCoverage": 0.8,
        "Population": {
            "action": 3.1917762756347656,
            "observation": 46
        }
    },
    "50": {
        "BestCoverage": 0.8,
        "Population": {
            "action": 3.363964080810547,
            "observation": 49
        }
    },
    "55": {
        "BestCoverage": 0.8,
        "Population": {
            "action": 4.243829727172852,
            "observation": 52
        }
    },
    "60": {
        "BestCoverage": 0.8,
        "Population": {
            "action": -6.690397262573242,
            "observation": 56
        }
    },
    "65": {
        "BestCoverage": 0.8,
        "Population": {
            "action": 1.8960065841674805,
            "observation": 49
        }
    },
    "70": {
        "BestCoverage": 0.8,
        "Population": {
            "action": -1.9548778533935547,
            "observation": 51
        }
    },
    "75": {
        "BestCoverage": 0.8,
        "Population": {
            "action": 7.420970916748047,
            "observation": 49
        }
    },
    "80": {
        "BestCoverage": 0.8,
        "Population": {
            "action": 7.5344390869140625,
            "observation": 56
        }
    },
    "85": {
        "BestCoverage": 0.8,
        "Population": {
            "action": 1.562398910522461,
            "observation": 64
        }
    },
    "90": {
        "BestCoverage": 0.8,
        "Population": {
            "action": 1.924844741821289,
            "observation": 66
        }
    },
    "95": {
        "BestCoverage": 0.8,
        "Population": {
            "action": 0.44619178771972656,
            "observation": 68
        }
    },
    "100": {
        "BestCoverage": 0.8,
        "Population": {
            "action": 6.729397773742676,
            "observation": 68
        }
    },
    "105": {
        "BestCoverage": 0.8,
        "Population": {
            "action": -7.806738376617432,
            "observation": 75
        }
    },
    "110": {
        "BestCoverage": 0.8,
        "Population": {
            "action": -2.485992431640625,
            "observation": 67
        }
    },
    "115": {
        "BestCoverage": 0.8,
        "Population": {
            "action": 3.3520984649658203,
            "observation": 65
        }
    },
    "120": {
        "BestCoverage": 0.8,
        "Population": {
            "action": 0.668513298034668,
            "observation": 68
        }
    },
    "125": {
        "BestCoverage": 0.8,
        "Population": {
            "action": -7.513182163238525,
            "observation": 69
        }
    },
    "130": {
        "BestCoverage": 0.8,
        "Population": {
            "action": 1.7742500305175781,
            "observation": 61
        }
    },
    "135": {
        "BestCoverage": 0.8,
        "Population": {
            "action": 5.772930145263672,
            "observation": 63
        }
    },
    "140": {
        "BestCoverage": 0.8,
        "Population": {
            "action": -0.5331487655639648,
            "observation": 69
        }
    },
    "145": {
        "BestCoverage": 0.8,
        "Population": {
            "action": 3.3910140991210938,
            "observation": 68
        }
    },
    "150": {
        "BestCoverage": 0.8,
        "Population": {
            "action": -5.877652645111084,
            "observation": 71
        }
    },
    "155": {
        "BestCoverage": 0.8,
        "Population": {
            "action": 7.177907943725586,
            "observation": 65
        }
    },
    "160": {
        "BestCoverage": 0.8,
        "Population": {
            "action": -4.9572649002075195,
            "observation": 72
        }
    },
    "165": {
        "BestCoverage": 0.8,
        "Population": {
            "action": 3.3530263900756836,
            "observation": 67
        }
    },
    "170": {
        "BestCoverage": 0.8,
        "Population": {
            "action": 6.055315017700195,
            "observation": 70
        }
    },
    "175": {
        "BestCoverage": 0.8,
        "Population": {
            "action": 4.207828521728516,
            "observation": 76
        }
    },
    "180": {
        "BestCoverage": 0.8,
        "Population": {
            "action": 1.0580005645751953,
            "observation": 80
        }
    },
    "185": {
        "BestCoverage": 0.8,
        "Population": {
            "action": 2.3789615631103516,
            "observation": 81
        }
    },
    "190": {
        "BestCoverage": 0.8,
        "Population": {
            "action": 4.998228073120117,
            "observation": 83
        }
    },
    "195": {
        "BestCoverage": 0.8,
        "Population": {
            "action": 1.3853216171264648,
            "observation": 88
        }
    },
    "200": {
        "BestCoverage": 0.8,
        "Population": {
            "action": 2.352346420288086,
            "observation": 89
        }
    },
    "205": {
        "BestCoverage": 0.8,
        "Population": {
            "action": -6.981579303741455,
            "observation": 91
        }
    },
    "210": {
        "BestCoverage": 0.8,
        "Population": {
            "action": -1.944209098815918,
            "observation": 84
        }
    },
    "215": {
        "BestCoverage": 0.8,
        "Population": {
            "action": -0.8666768074035645,
            "observation": 82
        }
    },
    "220": {
        "BestCoverage": 0.8,
        "Population": {
            "action": 4.490302085876465,
            "observation": 81
        }
    },
    "225": {
        "BestCoverage": 0.8,
        "Population": {
            "action": 4.5875396728515625,
            "observation": 85
        }
    },
    "230": {
        "BestCoverage": 0.8,
        "Population": {
            "action": 6.867462158203125,
            "observation": 90
        }
    },
    "235": {
        "BestCoverage": 0.8,
        "Population": {
            "action": -5.155911922454834,
            "observation": 97
        }
    },
    "240": {
        "BestCoverage": 0.8,
        "Population": {
            "action": 5.990806579589844,
            "observation": 92
        }
    },
    "245": {
        "BestCoverage": 0.8,
        "Population": {
            "action": 1.6868438720703125,
            "observation": 98
        }
    },
    "250": {
        "BestCoverage": 0.8,
        "Population": {
            "action": 4.439945220947266,
            "observation": 100
        }
    },
    "255": {
        "BestCoverage": 0.8,
        "Population": {
            "action": -4.771397113800049,
            "observation": 100
        }
    },
    "260": {
        "BestCoverage": 0.8,
        "Population": {
            "action": 4.911285400390625,
            "observation": 95
        }
    },
    "265": {
        "BestCoverage": 0.8,
        "Population": {
            "action": -4.128060817718506,
            "observation": 100
        }
    },
    "270": {
        "BestCoverage": 0.8,
        "Population": {
            "action": -7.137239456176758,