{
    "15": {
        "BestCoverage": 0.8,
        "TournamentSize": {
            "action": 0.8872935771942139,
            "observation": 5
        }
    },
    "20": {
        "BestCoverage": 0.8,
        "TournamentSize": {
            "action": 0.09643352031707764,
            "observation": 6
        }
    },
    "25": {
        "BestCoverage": 0.8,
        "TournamentSize": {
            "action": -0.7394179701805115,
            "observation": 6
        }
    },
    "30": {
        "BestCoverage": 0.8,
        "TournamentSize": {
            "action": -0.7804563045501709,
            "observation": 5
        }
    },
    "35": {
        "BestCoverage": 0.8,
        "TournamentSize": {
            "action": 0.8223270177841187,
            "observation": 4
        }
    },
    "40": {
        "BestCoverage": 0.8,
        "TournamentSize": {
            "action": 0.34085261821746826,
            "observation": 5
        }
    },
    "45": {
        "BestCoverage": 0.8,
        "TournamentSize": {
            "action": 0.23791933059692383,
            "observation": 5
        }
    },
    "50": {
        "BestCoverage": 0.8,
        "TournamentSize": {
            "action": -0.37904417514801025,
            "observation": 5
        }
    },
    "55": {
        "BestCoverage": 0.8,
        "TournamentSize": {
            "action": 0.9911816120147705,
            "observation": 5
        }
    },
    "60": {
        "BestCoverage": 0.8,
        "TournamentSize": {
            "action": 0.49259746074676514,
            "observation": 6
        }
    },
    "65": {
        "BestCoverage": 0.8,
        "TournamentSize": {
            "action": -0.20703023672103882,
            "observation": 6
        }
    },
    "70": {
        "BestCoverage": 0.8,
        "TournamentSize": {
            "action": -0.22189056873321533,
            "observation": 6
        }
    },
    "75": {
        "BestCoverage": 0.8,
        "TournamentSize": {
            "action": 0.06305229663848877,
            "observation": 6
        }
    },
    "80": {
        "BestCoverage": 0.8,
        "TournamentSize": {
            "action": 0.2782466411590576,
            "observation": 6
        }
    },
    "85": {
        "BestCoverage": 0.8,
        "TournamentSize": {
            "action": 0.8974859714508057,
            "observation": 6
        }
    },
    "90": {
        "BestCoverage": 0.8,
        "TournamentSize": {
            "action": 0.8375790119171143,
            "observation": 7
        }
    },
    "95": {
        "BestCoverage": 0.8,
        "TournamentSize": {
            "action": -0.2708011865615845,
            "observation": 8
        }
    },
    "100": {
        "BestCoverage": 0.8,
        "TournamentSize": {
            "action": 0.13745975494384766,
            "observation": 8
        }
    },
    "105": {
        "BestCoverage": 0.8,
        "TournamentSize": {
            "action": 0.3867318630218506,
            "observation": 8
        }
    },
    "110": {
        "BestCoverage": 0.8,
        "TournamentSize": {
            "action": -0.19840878248214722,
            "observation": 8
        }
    },
    "115": {
        "BestCoverage": 0.8,
        "TournamentSize": {
            "action": -0.1485406756401062,
            "observation": 8
        }
    },
    "120": {
        "BestCoverage": 0.8,
        "TournamentSize": {
            "action": -0.7817608118057251,
            "observation": 8
        }
    },
    "125": {
        "BestCoverage": 0.8,
        "TournamentSize": {
            "action": -0.12720942497253418,
            "observation": 7
        }
    },
    "130": {
        "BestCoverage": 0.8,
        "TournamentSize": {
            "action": 0.06109905242919922,
            "observation": 7
        }
    },
    "135": {
        "BestCoverage": 0.8,
        "TournamentSize": {
            "action": -0.0368046760559082,
            "observation": 7
        }
    },
    "140": {
        "BestCoverage": 0.8,
        "TournamentSize": {
            "action": -0.9217379689216614,
            "observation": 7
        }
    },
    "145": {
        "BestCoverage": 0.8,
        "TournamentSize": {
            "action": 0.6061731576919556,
            "observation": 6
        }
    },
    "150": {
        "BestCoverage": 0.8,
        "TournamentSize": {
            "action": 0.4607429504394531,
            "observation": 7
        }
    },
    "155": {
        "BestCoverage": 0.8,
        "TournamentSize": {
            "action": 0.6480613946914673,
            "observation": 7
        }
    },
    "160": {
        "BestCoverage": 0.8,
        "TournamentSize": {
            "action": -0.9542405605316162,
            "observation": 8
        }
    },
    "165": {
        "BestCoverage": 0.8,
        "TournamentSize": {
            "action": -0.5415769219398499,
            "observation": 7
        }
    },
    "170": {
        "BestCoverage": 0.8,
        "TournamentSize": {
            "action": -0.599663496017456,
            "observation": 6
        }
    },
    "175": {
        "BestCoverage": 0.8,
        "TournamentSize": {
            "action": -0.22947990894317627,
            "observation": 5
        }
    },
    "180": {
        "BestCoverage": 0.8,
        "TournamentSize": {
            "action": 0.8756346702575684,
            "observation": 5
        }
    },
    "185": {
        "BestCoverage": 0.8,
        "TournamentSize": {
            "action": -0.3074758052825928,
            "observation": 6
        }
    },
    "190": {
        "BestCoverage": 0.8,
        "TournamentSize": {
            "action": -0.7569497227668762,
            "observation": 6
        }
    },
    "195": {
        "BestCoverage": 0.8,
        "TournamentSize": {
            "action": 0.23842072486877441,
            "observation": 5
        }
    },
    "200": {
        "BestCoverage": 0.8,
        "TournamentSize": {
            "action": -0.3739525079727173,
            "observation": 5
        }
    },
    "205": {
        "BestCoverage": 0.8,
        "TournamentSize": {
            "action": 0.6722455024719238,
            "observation": 5
        }
    },
    "210": {
        "BestCoverage": 0.8,
        "TournamentSize": {
            "action": -0.27536332607269287,
            "observation": 6
        }
    },
    "215": {
        "BestCoverage": 0.8,
        "TournamentSize": {
            "action": 0.9687545299530029,
            "observation": 6
        }
    },
    "220": {
        "BestCoverage": 0.8,
        "TournamentSize": {
            "action": -0.9552558064460754,
            "observation": 7
        }
    },
    "225": {
        "BestCoverage": 0.8,
        "TournamentSize": {
            "action": 0.4508640766143799,
            "observation": 6
        }
    },
    "230": {
        "BestCoverage": 0.8,
        "TournamentSize": {
            "action": -0.10975527763366699,
            "observation": 6
        }
    },
    "235": {
        "BestCoverage": 0.8,
        "TournamentSize": {
            "action": -0.7966461777687073,
            "observation": 6
        }
    },
    "240": {
        "BestCoverage": 0.8,
        "TournamentSize": {
            "action": -0.26992034912109375,
            "observation": 5
        }
    },
    "245": {
        "BestCoverage": 0.8,
        "TournamentSize": {
            "action": -0.08910036087036133,
            "observation": 5
        }
    },
    "250": {
        "BestCoverage": 0.8,
        "TournamentSize": {
            "action": 0.7019703388214111,
            "observation": 5
        }
    },
    "255": {
        "BestCoverage": 0.8,
        "TournamentSize": {
            "action": 0.20992660522460938,
            "observation": 6
        }
    },
    "260": {
        "BestCoverage": 0.8,
        "TournamentSize": {
            "action": 0.558964729309082,
            "observation": 6
        }
    },
    "265": {
        "BestCoverage": 0.8,