{
    "15": {
        "BestCoverage": 0.8,
        "TestChangeProbability": {
            "action": 0.09044928550720216,
            "observation": 0.3333333333333333
        }
    },
    "20": {
        "BestCoverage": 0.8,
        "TestChangeProbability": {
            "action": 0.05312192440032959,
            "observation": 0.4237826188405355
        }
    },
    "25": {
        "BestCoverage": 0.8,
        "TestChangeProbability": {
            "action": -0.07617625594139099,
            "observation": 0.47690454324086506
        }
    },
    "30": {
        "BestCoverage": 0.8,
        "TestChangeProbability": {
            "action": -0.04600560665130615,
            "observation": 0.4007282872994741
        }
    },
    "35": {
        "BestCoverage": 0.8,
        "TestChangeProbability": {
            "action": -0.0042930543422698975,
            "observation": 0.3547226806481679
        }
    },
    "40": {
        "BestCoverage": 0.8,
        "TestChangeProbability": {
            "action": -0.034074789285659796,
            "observation": 0.350429626305898
        }
    },
    "45": {
        "BestCoverage": 0.8,
        "TestChangeProbability": {
            "action": 0.0848889708518982,
            "observation": 0.31635483702023826
        }
    },
    "50": {
        "BestCoverage": 0.8,
        "TestChangeProbability": {
            "action": 0.035692524909973156,
            "observation": 0.4012438078721364
        }
    },
    "55": {
        "BestCoverage": 0.8,
        "TestChangeProbability": {
            "action": 0.010805237293243411,
            "observation": 0.4369363327821096
        }
    },
    "60": {
        "BestCoverage": 0.8,
        "TestChangeProbability": {
            "action": 0.08131053447723388,
            "observation": 0.447741570075353
        }
    },
    "65": {
        "BestCoverage": 0.8,
        "TestChangeProbability": {
            "action": -0.09880919456481935,
            "observation": 0.5290521045525869
        }
    },
    "70": {
        "BestCoverage": 0.8,
        "TestChangeProbability": {
            "action": -0.058241760730743414,
            "observation": 0.43024290998776754
        }
    },
    "75": {
        "BestCoverage": 0.8,
        "TestChangeProbability": {
            "action": 0.03707844018936157,
            "observation": 0.3720011492570241
        }
    },
    "80": {
        "BestCoverage": 0.8,
        "TestChangeProbability": {
            "action": 0.0023003697395324735,
            "observation": 0.40907958944638567
        }
    },
    "85": {
        "BestCoverage": 0.8,
        "TestChangeProbability": {
            "action": 0.024985504150390622,
            "observation": 0.41137995918591813
        }
    },
    "90": {
        "BestCoverage": 0.8,
        "TestChangeProbability": {
            "action": -0.07034860849380493,
            "observation": 0.43636546333630877
        }
    },
    "95": {
        "BestCoverage": 0.8,
        "TestChangeProbability": {
            "action": -0.029587131738662717,
            "observation": 0.36601685484250385
        }
    },
    "100": {
        "BestCoverage": 0.8,
        "TestChangeProbability": {
            "action": -0.08238278031349183,
            "observation": 0.3364297231038411
        }
    },
    "105": {
        "BestCoverage": 0.8,
        "TestChangeProbability": {
            "action": -0.013441085815429688,
            "observation": 0.2540469427903493
        }
    },
    "110": {
        "BestCoverage": 0.8,
        "TestChangeProbability": {
            "action": -0.0667190968990326,
            "observation": 0.2406058569749196
        }
    },
    "115": {
        "BestCoverage": 0.8,
        "TestChangeProbability": {
            "action": -0.04411071538925171,
            "observation": 0.173886760075887
        }
    },
    "120": {
        "BestCoverage": 0.8,
        "TestChangeProbability": {
            "action": 0.025008678436279297,
            "observation": 0.12977604468663528
        }
    },
    "125": {
        "BestCoverage": 0.8,
        "TestChangeProbability": {
            "action": -0.09406196475028993,
            "observation": 0.15478472312291458
        }
    },
    "130": {
        "BestCoverage": 0.8,
        "TestChangeProbability": {
            "action": -0.08314581513404846,
            "observation": 0.060722758372624655
        }
    },
    "135": {
        "BestCoverage": 0.8,
        "TestChangeProbability": {
            "action": 0.0899487614631653,
            "observation": 0.0
        }
    },
    "140": {
        "BestCoverage": 0.8,
        "TestChangeProbability": {
            "action": 0.08763689994812013,
            "observation": 0.0899487614631653
        }
    },
    "145": {
        "BestCoverage": 0.8,
        "TestChangeProbability": {
            "action": 0.07827625274658204,
            "observation": 0.17758566141128543
        }
    },
    "150": {
        "BestCoverage": 0.8,
        "TestChangeProbability": {
            "action": -0.025799399614334112,
            "observation": 0.25586191415786746
        }
    },
    "155": {
        "BestCoverage": 0.8,
        "TestChangeProbability": {
            "action": -0.07441245317459107,
            "observation": 0.23006251454353335
        }
    },
    "160": {
        "BestCoverage": 0.8,
        "TestChangeProbability": {
            "action": 0.09899978637695314,
            "observation": 0.15565006136894227
        }
    },
    "165": {
        "BestCoverage": 0.8,
        "TestChangeProbability": {
            "action": -0.004217600822448736,
            "observation": 0.2546498477458954
        }
    },
    "170": {
        "BestCoverage": 0.8,
        "TestChangeProbability": {
            "action": -0.02889906167984009,
            "observation": 0.2504322469234467
        }
    },
    "175": {
        "BestCoverage": 0.8,
        "TestChangeProbability": {
            "action": 0.06333479881286622,
            "observation": 0.2215331852436066
        }
    },
    "180": {
        "BestCoverage": 0.8,
        "TestChangeProbability": {
            "action": 0.07862811088562013,
            "observation": 0.28486798405647284
        }
    },
    "185": {
        "BestCoverage": 0.8,
        "TestChangeProbability": {
            "action": 0.0398796558380127,
            "observation": 0.363496094942093
        }
    },
    "190": {
        "BestCoverage": 0.8,
        "TestChangeProbability": {
            "action": 0.07072979211807251,
            "observation": 0.4033757507801057
        }
    },
    "195": {
        "BestCoverage": 0.8,
        "TestChangeProbability": {
            "action": 0.07501871585845948,
            "observation": 0.4741055428981782
        }
    },
    "200": {
        "BestCoverage": 0.8,
        "TestChangeProbability": {
            "action": -0.0035753846168518066,
            "observation": 0.5491242587566376
        }
    },
    "205": {
        "BestCoverage": 0.8,
        "TestChangeProbability": {
            "action": -0.07935161590576173,
            "observation": 0.5455488741397858
        }
    },
    "210": {
        "BestCoverage": 0.8,
        "TestChangeProbability": {
            "action": -0.03980275392532349,
            "observation": 0.4661972582340241
        }
    },
    "215": {
        "BestCoverage": 0.8,
        "TestChangeProbability": {
            "action": -0.0943046510219574,
            "observation": 0.4263945043087006
        }
    },
    "220": {
        "BestCoverage": 0.8,
        "TestChangeProbability": {
            "action": 0.0036998391151428223,
            "observation": 0.3320898532867432
        }
    },
    "225": {
        "BestCoverage": 0.8,
        "TestChangeProbability": {
            "action": 0.05566804409027101,
            "observation": 0.335789692401886
        }
    },
    "230": {
        "BestCoverage": 0.8,