{
    "25": {
        "BestCoverage": 0.75,
        "StatementInsertionProbability": {
            "action": -0.08838554620742799,
            "observation": 0.5
        }
    },
    "30": {
        "BestCoverage": 0.75,
        "StatementInsertionProbability": {
            "action": 0.043022704124450695,
            "observation": 0.411614453792572
        }
    },
    "35": {
        "BestCoverage": 0.75,
        "StatementInsertionProbability": {
            "action": 0.03951112031936646,
            "observation": 0.4546371579170227
        }
    },
    "40": {
        "BestCoverage": 0.75,
        "StatementInsertionProbability": {
            "action": -0.056249272823333744,
            "observation": 0.4941482782363892
        }
    },
    "45": {
        "BestCoverage": 0.75,
        "StatementInsertionProbability": {
            "action": 0.02526003122329712,
            "observation": 0.43789900541305543
        }
    },
    "50": {
        "BestCoverage": 0.75,
        "StatementInsertionProbability": {
            "action": -0.09644818902015687,
            "observation": 0.46315903663635255
        }
    },
    "55": {
        "BestCoverage": 0.75,
        "StatementInsertionProbability": {
            "action": 0.049216461181640636,
            "observation": 0.36671084761619566
        }
    },
    "60": {
        "BestCoverage": 0.75,
        "StatementInsertionProbability": {
            "action": -0.0682733714580536,
            "observation": 0.4159273087978363
        }
    },
    "65": {
        "BestCoverage": 0.75,
        "StatementInsertionProbability": {
            "action": 0.024526977539062494,
            "observation": 0.34765393733978267
        }
    },
    "70": {
        "BestCoverage": 0.75,
        "StatementInsertionProbability": {
            "action": -0.09360287189483643,
            "observation": 0.3721809148788452
        }
    },
    "75": {
        "BestCoverage": 0.75,
        "StatementInsertionProbability": {
            "action": -0.08649386763572693,
            "observation": 0.2785780429840088
        }
    },
    "80": {
        "BestCoverage": 0.75,
        "StatementInsertionProbability": {
            "action": 0.08181107044219971,
            "observation": 0.19208417534828187
        }
    },
    "85": {
        "BestCoverage": 0.75,
        "StatementInsertionProbability": {
            "action": 0.07894642353057862,
            "observation": 0.2738952457904816
        }
    },
    "90": {
        "BestCoverage": 0.75,
        "StatementInsertionProbability": {
            "action": -0.0247974693775177,
            "observation": 0.3528416693210602
        }
    },
    "95": {
        "BestCoverage": 0.75,
        "StatementInsertionProbability": {
            "action": -0.027310621738433835,
            "observation": 0.3280441999435425
        }
    },
    "100": {
        "BestCoverage": 0.75,
        "StatementInsertionProbability": {
            "action": -0.021229255199432376,
            "observation": 0.30073357820510865
        }
    },
    "105": {
        "BestCoverage": 0.75,
        "StatementInsertionProbability": {
            "action": 0.07517197132110595,
            "observation": 0.2795043230056763
        }
    },
    "110": {
        "BestCoverage": 0.75,
        "StatementInsertionProbability": {
            "action": 0.02979772090911864,
            "observation": 0.35467629432678227
        }
    },
    "115": {
        "BestCoverage": 0.7625,
        "StatementInsertionProbability": {
            "action": 0.00875928401947021,
            "observation": 0.3844740152359009
        }
    },
    "120": {
        "BestCoverage": 0.7625,
        "StatementInsertionProbability": {
            "action": 0.09149720668792724,
            "observation": 0.3932332992553711
        }
    },
    "125": {
        "BestCoverage": 0.7625,
        "StatementInsertionProbability": {
            "action": 0.05857273340225219,
            "observation": 0.48473050594329836
        }
    },
    "130": {
        "BestCoverage": 0.7625,
        "StatementInsertionProbability": {
            "action": -0.07988820672035218,
            "observation": 0.5433032393455506
        }
    },
    "135": {
        "BestCoverage": 0.7625,
        "StatementInsertionProbability": {
            "action": 0.0734198570251465,
            "observation": 0.4634150326251984
        }
    },
    "140": {
        "BestCoverage": 0.7625,
        "StatementInsertionProbability": {
            "action": -0.09374055862426758,
            "observation": 0.5368348896503449
        }
    },
    "145": {
        "BestCoverage": 0.7625,
        "StatementInsertionProbability": {
            "action": 0.05538448095321655,
            "observation": 0.4430943310260773
        }
    },
    "150": {
        "BestCoverage": 0.7625,
        "StatementInsertionProbability": {
            "action": -0.055553996562957765,
            "observation": 0.4984788119792939
        }
    },
    "155": {
        "BestCoverage": 0.7625,
        "StatementInsertionProbability": {
            "action": 0.06823549270629883,
            "observation": 0.4429248154163361
        }
    },
    "160": {
        "BestCoverage": 0.7625,
        "StatementInsertionProbability": {
            "action": 0.05777506828308107,
            "observation": 0.5111603081226349
        }
    },
    "165": {
        "BestCoverage": 0.7625,
        "StatementInsertionProbability": {
            "action": -0.09632034301757814,
            "observation": 0.568935376405716
        }
    },
    "170": {
        "BestCoverage": 0.7625,
        "StatementInsertionProbability": {
            "action": 0.04197969436645507,
            "observation": 0.4726150333881379
        }
    },
    "175": {
        "BestCoverage": 0.7625,
        "StatementInsertionProbability": {
            "action": -0.044192719459533694,
            "observation": 0.5145947277545929
        }
    },
    "180": {
        "BestCoverage": 0.7625,
        "StatementInsertionProbability": {
            "action": 0.014385104179382324,
            "observation": 0.47040200829505924
        }
    },
    "185": {
        "BestCoverage": 0.7625,
        "StatementInsertionProbability": {
            "action": -0.02449032068252563,
            "observation": 0.48478711247444156
        }
    },
    "190": {
        "BestCoverage": 0.7625,
        "StatementInsertionProbability": {
            "action": -0.06397270560264587,
            "observation": 0.46029679179191596
        }
    },
    "195": {
        "BestCoverage": 0.7625,
        "StatementInsertionProbability": {
            "action": 0.013634788990020755,
            "observation": 0.39632408618927006
        }
    },
    "200": {
        "BestCoverage": 0.775,
        "StatementInsertionProbability": {
            "action": -0.09629624485969544,
            "observation": 0.4099588751792908
        }
    },
    "205": {
        "BestCoverage": 0.775,
        "StatementInsertionProbability": {
            "action": 0.07427551746368408,
            "observation": 0.31366263031959535
        }
    },
    "210": {
        "BestCoverage": 0.775,
        "StatementInsertionProbability": {
            "action": -0.047124302387237554,
            "observation": 0.3879381477832794
        }
    },
    "215": {
        "BestCoverage": 0.775,
        "StatementInsertionProbability": {
            "action": -0.014217168092727661,
            "observation": 0.34081384539604187
        }
    },
    "220": {
        "BestCoverage": 0.775,
        "StatementInsertionProbability": {
            "action": -0.04999223947525025,
            "observation": 0.3265966773033142
        }
    },
    "225": {
        "BestCoverage": 0.775,
        "StatementInsertionProbability": {
            "action": 0.09298582077026368,
            "observation": 0.276604437828064
        }
    },
    "230": {
        "BestCoverage": 0.775,