{
    "15": {
        "BestCoverage": 0.05714285714285714,
        "Population": {
            "action": 6.6154279708862305,
            "observation": 50
        }
    },
    "20": {
        "BestCoverage": 0.05714285714285714,
        "Population": {
            "action": 7.543529510498047,
            "observation": 57
        }
    },
    "25": {
        "BestCoverage": 0.05714285714285714,
        "Population": {
            "action": -0.07941913604736328,
            "observation": 65
        }
    },
    "30": {
        "BestCoverage": 0.05714285714285714,
        "Population": {
            "action": 0.590907096862793,
            "observation": 65
        }
    },
    "35": {
        "BestCoverage": 0.05714285714285714,
        "Population": {
            "action": -1.2800021171569824,
            "observation": 66
        }
    },
    "40": {
        "BestCoverage": 0.05714285714285714,
        "Population": {
            "action": -5.103609085083008,
            "observation": 65
        }
    },
    "45": {
        "BestCoverage": 0.05714285714285714,
        "Population": {
            "action": 7.113211631774902,
            "observation": 60
        }
    },
    "50": {
        "BestCoverage": 0.05714285714285714,
        "Population": {
            "action": -1.3448686599731445,
            "observation": 67
        }
    },
    "55": {
        "BestCoverage": 0.05714285714285714,
        "Population": {
            "action": 7.4408721923828125,
            "observation": 66
        }
    },
    "60": {
        "BestCoverage": 0.05714285714285714,
        "Population": {
            "action": 2.5494794845581055,
            "observation": 73
        }
    },
    "65": {
        "BestCoverage": 0.05714285714285714,
        "Population": {
            "action": -4.962411880493164,
            "observation": 76
        }
    },
    "70": {
        "BestCoverage": 0.05714285714285714,
        "Population": {
            "action": -4.745226860046387,
            "observation": 71
        }
    },
    "75": {
        "BestCoverage": 0.05714285714285714,
        "Population": {
            "action": 7.120678901672363,
            "observation": 66
        }
    },
    "80": {
        "BestCoverage": 0.05714285714285714,
        "Population": {
            "action": 7.819033622741699,
            "observation": 73
        }
    },
    "85": {
        "BestCoverage": 0.05714285714285714,
        "Population": {
            "action": 7.721282958984375,
            "observation": 81
        }
    },
    "90": {
        "BestCoverage": 0.05714285714285714,
        "Population": {
            "action": 0.3051595687866211,
            "observation": 89
        }
    },
    "95": {
        "BestCoverage": 0.05714285714285714,
        "Population": {
            "action": -6.139764308929443,
            "observation": 89
        }
    },
    "100": {
        "BestCoverage": 0.05714285714285714,
        "Population": {
            "action": -6.175608158111572,
            "observation": 83
        }
    },
    "105": {
        "BestCoverage": 0.05714285714285714,
        "Population": {
            "action": -1.117889404296875,
            "observation": 77
        }
    },
    "110": {
        "BestCoverage": 0.05714285714285714,
        "Population": {
            "action": -5.412866592407227,
            "observation": 76
        }
    },
    "115": {
        "BestCoverage": 0.05714285714285714,
        "Population": {
            "action": -2.360208511352539,
            "observation": 71
        }
    },
    "120": {
        "BestCoverage": 0.05714285714285714,
        "Population": {
            "action": 1.8107833862304688,
            "observation": 69
        }
    },
    "125": {
        "BestCoverage": 0.05714285714285714,
        "Population": {
            "action": -4.41019344329834,
            "observation": 71
        }
    },
    "130": {
        "BestCoverage": 0.05714285714285714,
        "Population": {
            "action": 2.280217170715332,
            "observation": 67
        }
    },
    "135": {
        "BestCoverage": 0.05714285714285714,
        "Population": {
            "action": -7.354180812835693,
            "observation": 69
        }
    },
    "140": {
        "BestCoverage": 0.05714285714285714,
        "Population": {
            "action": -6.6101975440979,
            "observation": 62
        }
    },
    "145": {
        "BestCoverage": 0.05714285714285714,
        "Population": {
            "action": 2.551473617553711,
            "observation": 55
        }
    },
    "150": {
        "BestCoverage": 0.05714285714285714,
        "Population": {
            "action": 5.548168182373047,
            "observation": 58
        }
    },
    "155": {
        "BestCoverage": 0.05714285714285714,
        "Population": {
            "action": -3.1355628967285156,
            "observation": 64
        }
    },
    "160": {
        "BestCoverage": 0.05714285714285714,
        "Population": {
            "action": 4.056179046630859,
            "observation": 61
        }
    },
    "165": {
        "BestCoverage": 0.05714285714285714,
        "Population": {
            "action": 3.9751319885253906,
            "observation": 65
        }
    },
    "170": {
        "BestCoverage": 0.05714285714285714,
        "Population": {
            "action": 3.6152095794677734,
            "observation": 69
        }
    },
    "175": {
        "BestCoverage": 0.05714285714285714,
        "Population": {
            "action": -1.0641002655029297,
            "observation": 73
        }
    },
    "180": {
        "BestCoverage": 0.05714285714285714,
        "Population": {
            "action": 4.386639595031738,
            "observation": 72
        }
    },
    "185": {
        "BestCoverage": 0.05714285714285714,
        "Population": {
            "action": 2.1966075897216797,
            "observation": 76
        }
    },
    "190": {
        "BestCoverage": 0.05714285714285714,
        "Population": {
            "action": 0.09343147277832031,
            "observation": 78
        }
    },
    "195": {
        "BestCoverage": 0.05714285714285714,
        "Population": {
            "action": -0.9470763206481934,
            "observation": 78
        }
    },
    "200": {
        "BestCoverage": 0.05714285714285714,
        "Population": {
            "action": 0.2912311553955078,
            "observation": 77
        }
    },
    "205": {
        "BestCoverage": 0.05714285714285714,
        "Population": {
            "action": -6.69293737411499,
            "observation": 77
        }
    },
    "210": {
        "BestCoverage": 0.05714285714285714,
        "Population": {
            "action": -4.090481758117676,
            "observation": 70
        }
    },
    "215": {
        "BestCoverage": 0.05714285714285714,
        "Population": {
            "action": 3.926513671875,
            "observation": 66
        }
    },
    "220": {
        "BestCoverage": 0.05714285714285714,
        "Population": {
            "action": 2.1671714782714844,
            "observation": 70
        }
    },
    "225": {
        "BestCoverage": 0.05714285714285714,
        "Population": {
            "action": -4.464192867279053,
            "observation": 72
        }
    },
    "230": {
        "BestCoverage": 0.05714285714285714,
        "Population": {
            "action": 1.452291488647461,
            "observation": 68
        }
    },
    "235": {
        "BestCoverage": 0.05714285714285714,
        "Population": {
            "action": 1.083369255065918,
            "observation": 69
        }
    },
    "240": {
        "BestCoverage": 0.05714285714285714,
        "Population": {
            "action": 0.8022451400756836,
            "observation": 70
        }
    },
    "245": {
        "BestCoverage": 0.05714285714285714,
        "Population": {
            "action": 1.4111976623535156,