{
    "15": {
        "BestCoverage": 0.8,
        "ChangeParameterProbability": {
            "action": -0.05812003612518311,
            "observation": 0.1
        }
    },
    "20": {
        "BestCoverage": 0.8,
        "ChangeParameterProbability": {
            "action": -0.016351366043090815,
            "observation": 0.0418799638748169
        }
    },
    "25": {
        "BestCoverage": 0.8,
        "ChangeParameterProbability": {
            "action": -0.01986640095710754,
            "observation": 0.025528597831726084
        }
    },
    "30": {
        "BestCoverage": 0.8,
        "ChangeParameterProbability": {
            "action": -0.02811707258224487,
            "observation": 0.0056621968746185455
        }
    },
    "35": {
        "BestCoverage": 0.8,
        "ChangeParameterProbability": {
            "action": 0.08997890949249268,
            "observation": 0.0
        }
    },
    "40": {
        "BestCoverage": 0.8,
        "ChangeParameterProbability": {
            "action": 0.07436379194259643,
            "observation": 0.08997890949249268
        }
    },
    "45": {
        "BestCoverage": 0.8,
        "ChangeParameterProbability": {
            "action": -0.018749010562896726,
            "observation": 0.1643427014350891
        }
    },
    "50": {
        "BestCoverage": 0.8,
        "ChangeParameterProbability": {
            "action": 0.01702848672866822,
            "observation": 0.14559369087219237
        }
    },
    "55": {
        "BestCoverage": 0.8,
        "ChangeParameterProbability": {
            "action": 0.05496778488159179,
            "observation": 0.1626221776008606
        }
    },
    "60": {
        "BestCoverage": 0.8,
        "ChangeParameterProbability": {
            "action": -0.04496839642524719,
            "observation": 0.21758996248245238
        }
    },
    "65": {
        "BestCoverage": 0.8,
        "ChangeParameterProbability": {
            "action": 0.012317395210266119,
            "observation": 0.1726215660572052
        }
    },
    "70": {
        "BestCoverage": 0.8,
        "ChangeParameterProbability": {
            "action": -0.06564871668815614,
            "observation": 0.1849389612674713
        }
    },
    "75": {
        "BestCoverage": 0.8,
        "ChangeParameterProbability": {
            "action": -0.07027552723884584,
            "observation": 0.11929024457931517
        }
    },
    "80": {
        "BestCoverage": 0.8,
        "ChangeParameterProbability": {
            "action": -0.04404613375663757,
            "observation": 0.04901471734046933
        }
    },
    "85": {
        "BestCoverage": 0.8,
        "ChangeParameterProbability": {
            "action": -0.008297735452651972,
            "observation": 0.004968583583831759
        }
    },
    "90": {
        "BestCoverage": 0.8,
        "ChangeParameterProbability": {
            "action": -0.05473159551620484,
            "observation": 0.0
        }
    },
    "95": {
        "BestCoverage": 0.8,
        "ChangeParameterProbability": {
            "action": -0.010475575923919678,
            "observation": 0.0
        }
    },
    "100": {
        "BestCoverage": 0.8,
        "ChangeParameterProbability": {
            "action": 0.05235999822616577,
            "observation": 0.0
        }
    },
    "105": {
        "BestCoverage": 0.8,
        "ChangeParameterProbability": {
            "action": -0.09955466389656067,
            "observation": 0.05235999822616577
        }
    },
    "110": {
        "BestCoverage": 0.8,
        "ChangeParameterProbability": {
            "action": 0.06350629329681398,
            "observation": 0.0
        }
    },
    "115": {
        "BestCoverage": 0.8,
        "ChangeParameterProbability": {
            "action": -0.07410326004028321,
            "observation": 0.06350629329681398
        }
    },
    "120": {
        "BestCoverage": 0.8,
        "ChangeParameterProbability": {
            "action": 0.08827019929885865,
            "observation": 0.0
        }
    },
    "125": {
        "BestCoverage": 0.8,
        "ChangeParameterProbability": {
            "action": -0.012738400697708124,
            "observation": 0.08827019929885865
        }
    },
    "130": {
        "BestCoverage": 0.8,
        "ChangeParameterProbability": {
            "action": -0.06490319371223449,
            "observation": 0.07553179860115053
        }
    },
    "135": {
        "BestCoverage": 0.8,
        "ChangeParameterProbability": {
            "action": 0.07476638555526735,
            "observation": 0.010628604888916038
        }
    },
    "140": {
        "BestCoverage": 0.8,
        "ChangeParameterProbability": {
            "action": -0.05010975599288941,
            "observation": 0.08539499044418339
        }
    },
    "145": {
        "BestCoverage": 0.8,
        "ChangeParameterProbability": {
            "action": 0.08201262950897217,
            "observation": 0.03528523445129398
        }
    },
    "150": {
        "BestCoverage": 0.8,
        "ChangeParameterProbability": {
            "action": 0.07393640279769897,
            "observation": 0.11729786396026615
        }
    },
    "155": {
        "BestCoverage": 0.8,
        "ChangeParameterProbability": {
            "action": -0.04607478976249695,
            "observation": 0.19123426675796512
        }
    },
    "160": {
        "BestCoverage": 0.8,
        "ChangeParameterProbability": {
            "action": -0.02997620105743408,
            "observation": 0.14515947699546816
        }
    },
    "165": {
        "BestCoverage": 0.8,
        "ChangeParameterProbability": {
            "action": -0.007399946451187134,
            "observation": 0.11518327593803408
        }
    },
    "170": {
        "BestCoverage": 0.8,
        "ChangeParameterProbability": {
            "action": 0.08889310359954836,
            "observation": 0.10778332948684695
        }
    },
    "175": {
        "BestCoverage": 0.8,
        "ChangeParameterProbability": {
            "action": 0.016628110408782953,
            "observation": 0.19667643308639532
        }
    },
    "180": {
        "BestCoverage": 0.8,
        "ChangeParameterProbability": {
            "action": 0.036038875579833984,
            "observation": 0.21330454349517827
        }
    },
    "185": {
        "BestCoverage": 0.8,
        "ChangeParameterProbability": {
            "action": -0.0492601752281189,
            "observation": 0.24934341907501226
        }
    },
    "190": {
        "BestCoverage": 0.8,
        "ChangeParameterProbability": {
            "action": 0.04128413200378417,
            "observation": 0.20008324384689335
        }
    },
    "195": {
        "BestCoverage": 0.8,
        "ChangeParameterProbability": {
            "action": -0.07958580851554871,
            "observation": 0.24136737585067752
        }
    },
    "200": {
        "BestCoverage": 0.8,
        "ChangeParameterProbability": {
            "action": 0.04873182773590087,
            "observation": 0.16178156733512883
        }
    },
    "205": {
        "BestCoverage": 0.8,
        "ChangeParameterProbability": {
            "action": -0.09221715331077576,
            "observation": 0.2105133950710297
        }
    },
    "210": {
        "BestCoverage": 0.8,
        "ChangeParameterProbability": {
            "action": 0.06493895053863527,
            "observation": 0.11829624176025394
        }
    },
    "215": {
        "BestCoverage": 0.8,
        "ChangeParameterProbability": {
            "action": -0.0945795476436615,
            "observation": 0.1832351922988892
        }
    },
    "220": {
        "BestCoverage": 0.8,
        "ChangeParameterProbability": {
            "action": 0.06940052509307862,
            "observation": 0.08865564465522771
        }
    },
    "225": {
        "BestCoverage": 0.8,
        "ChangeParameterProbability": {
            "action": -0.018177652359008784,