{
    "15": {
        "BestCoverage": 0.8,
        "Elite": {
            "action": -0.7857639789581299,
            "observation": 1
        }
    },
    "20": {
        "BestCoverage": 0.8,
        "Elite": {
            "action": -0.8850569128990173,
            "observation": 0
        }
    },
    "25": {
        "BestCoverage": 0.8,
        "Elite": {
            "action": 0.5655319690704346,
            "observation": 0
        }
    },
    "30": {
        "BestCoverage": 0.8,
        "Elite": {
            "action": 0.730825662612915,
            "observation": 1
        }
    },
    "35": {
        "BestCoverage": 0.8,
        "Elite": {
            "action": -0.766509473323822,
            "observation": 2
        }
    },
    "40": {
        "BestCoverage": 0.8,
        "Elite": {
            "action": -0.2971675395965576,
            "observation": 1
        }
    },
    "45": {
        "BestCoverage": 0.8,
        "Elite": {
            "action": -0.9607145190238953,
            "observation": 1
        }
    },
    "50": {
        "BestCoverage": 0.8,
        "Elite": {
            "action": 0.6451590061187744,
            "observation": 0
        }
    },
    "55": {
        "BestCoverage": 0.8,
        "Elite": {
            "action": -0.08381044864654541,
            "observation": 1
        }
    },
    "60": {
        "BestCoverage": 0.8,
        "Elite": {
            "action": -0.6195223927497864,
            "observation": 1
        }
    },
    "65": {
        "BestCoverage": 0.8,
        "Elite": {
            "action": -0.6039679050445557,
            "observation": 0
        }
    },
    "70": {
        "BestCoverage": 0.8,
        "Elite": {
            "action": -0.4357185363769531,
            "observation": 0
        }
    },
    "75": {
        "BestCoverage": 0.8,
        "Elite": {
            "action": -0.47237181663513184,
            "observation": 0
        }
    },
    "80": {
        "BestCoverage": 0.8,
        "Elite": {
            "action": 0.12139904499053955,
            "observation": 0
        }
    },
    "85": {
        "BestCoverage": 0.8,
        "Elite": {
            "action": -0.932499349117279,
            "observation": 0
        }
    },
    "90": {
        "BestCoverage": 0.8,
        "Elite": {
            "action": -0.008301973342895508,
            "observation": 0
        }
    },
    "95": {
        "BestCoverage": 0.8,
        "Elite": {
            "action": 0.7110137939453125,
            "observation": 0
        }
    },
    "100": {
        "BestCoverage": 0.8,
        "Elite": {
            "action": -0.5184496641159058,
            "observation": 1
        }
    },
    "105": {
        "BestCoverage": 0.8,
        "Elite": {
            "action": 0.46016228199005127,
            "observation": 0
        }
    },
    "110": {
        "BestCoverage": 0.8,
        "Elite": {
            "action": -0.6282637119293213,
            "observation": 0
        }
    },
    "115": {
        "BestCoverage": 0.8,
        "Elite": {
            "action": -0.40511977672576904,
            "observation": 0
        }
    },
    "120": {
        "BestCoverage": 0.8,
        "Elite": {
            "action": -0.8216107487678528,
            "observation": 0
        }
    },
    "125": {
        "BestCoverage": 0.8,
        "Elite": {
            "action": -0.397530198097229,
            "observation": 0
        }
    },
    "130": {
        "BestCoverage": 0.8,
        "Elite": {
            "action": 0.8265092372894287,
            "observation": 0
        }
    },
    "135": {
        "BestCoverage": 0.8,
        "Elite": {
            "action": 0.2921321392059326,
            "observation": 1
        }
    },
    "140": {
        "BestCoverage": 0.8,
        "Elite": {
            "action": -0.9223165512084961,
            "observation": 1
        }
    },
    "145": {
        "BestCoverage": 0.8,
        "Elite": {
            "action": -0.21236586570739746,
            "observation": 0
        }
    },
    "150": {
        "BestCoverage": 0.8,
        "Elite": {
            "action": -0.6632071733474731,
            "observation": 0
        }
    },
    "155": {
        "BestCoverage": 0.8,
        "Elite": {
            "action": -0.0872354507446289,
            "observation": 0
        }
    },
    "160": {
        "BestCoverage": 0.8,
        "Elite": {
            "action": 0.3278806209564209,
            "observation": 0
        }
    },
    "165": {
        "BestCoverage": 0.8,
        "Elite": {
            "action": 0.29294896125793457,
            "observation": 0
        }
    },
    "170": {
        "BestCoverage": 0.8,
        "Elite": {
            "action": 0.872864842414856,
            "observation": 0
        }
    },
    "175": {
        "BestCoverage": 0.8,
        "Elite": {
            "action": -0.7855197191238403,
            "observation": 1
        }
    },
    "180": {
        "BestCoverage": 0.8,
        "Elite": {
            "action": -0.07480770349502563,
            "observation": 0
        }
    },
    "185": {
        "BestCoverage": 0.8,
        "Elite": {
            "action": 0.005884885787963867,
            "observation": 0
        }
    },
    "190": {
        "BestCoverage": 0.8,
        "Elite": {
            "action": -0.4028788208961487,
            "observation": 0
        }
    },
    "195": {
        "BestCoverage": 0.8,
        "Elite": {
            "action": 0.11962997913360596,
            "observation": 0
        }
    },
    "200": {
        "BestCoverage": 0.8,
        "Elite": {
            "action": -0.06591248512268066,
            "observation": 0
        }
    },
    "205": {
        "BestCoverage": 0.8,
        "Elite": {
            "action": -0.14562320709228516,
            "observation": 0
        }
    },
    "210": {
        "BestCoverage": 0.8,
        "Elite": {
            "action": -0.5235834717750549,
            "observation": 0
        }
    },
    "215": {
        "BestCoverage": 0.8,
        "Elite": {
            "action": 0.8024784326553345,
            "observation": 0
        }
    },
    "220": {
        "BestCoverage": 0.8,
        "Elite": {
            "action": -0.3337351679801941,
            "observation": 1
        }
    },
    "225": {
        "BestCoverage": 0.8,
        "Elite": {
            "action": 0.17293298244476318,
            "observation": 1
        }
    },
    "230": {
        "BestCoverage": 0.8,
        "Elite": {
            "action": 0.8339933156967163,
            "observation": 1
        }
    },
    "235": {
        "BestCoverage": 0.8,
        "Elite": {
            "action": 0.9439349174499512,
            "observation": 2
        }
    },
    "240": {
        "BestCoverage": 0.8,
        "Elite": {
            "action": -0.9075790643692017,
            "observation": 3
        }
    },
    "245": {
        "BestCoverage": 0.8,
        "Elite": {
            "action": -0.31106674671173096,
            "observation": 2
        }
    },
    "250": {
        "BestCoverage": 0.8,
        "Elite": {
            "action": 0.49347901344299316,
            "observation": 2
        }
    },
    "255": {
        "BestCoverage": 0.8,
        "Elite": {
            "action": -0.9039440751075745,
            "observation": 2
        }
    },
    "260": {
        "BestCoverage": 0.8,
        "Elite": {
            "action": -0.17008286714553833,
            "observation": 1
        }
    },
    "265": {
        "BestCoverage": 0.8,
        "Elite": {
            "action": 0.2524529695510864,
            "observation": 1
        }
    },
    "270": {
        "BestCoverage": 0.8,
        "Elite": {
            "action": 0.7738044261932373,
            "observation": 1
        }
    },
    "275": {
        "BestCoverage": 0.8,
        "Elite": {
            "action": 0.34006404876708984,
            "observation": 2
        }
    },
    "280": {
        "BestCoverage": 0.8,