{
    "30": {
        "BestCoverage": 0.75,
        "TestInsertProbability": {
            "action": -0.03488157987594605,
            "observation": 0.3333333333333333
        }
    },
    "35": {
        "BestCoverage": 0.75,
        "TestInsertProbability": {
            "action": -0.033425945043563846,
            "observation": 0.2984517534573873
        }
    },
    "40": {
        "BestCoverage": 0.75,
        "TestInsertProbability": {
            "action": -0.040687298774719244,
            "observation": 0.26502580841382345
        }
    },
    "45": {
        "BestCoverage": 0.75,
        "TestInsertProbability": {
            "action": 0.02572007179260255,
            "observation": 0.2243385096391042
        }
    },
    "50": {
        "BestCoverage": 0.75,
        "TestInsertProbability": {
            "action": 0.02984026670455933,
            "observation": 0.2500585814317068
        }
    },
    "55": {
        "BestCoverage": 0.75,
        "TestInsertProbability": {
            "action": 0.07791558504104615,
            "observation": 0.2798988481362661
        }
    },
    "60": {
        "BestCoverage": 0.75,
        "TestInsertProbability": {
            "action": -0.095448899269104,
            "observation": 0.3578144331773122
        }
    },
    "65": {
        "BestCoverage": 0.75,
        "TestInsertProbability": {
            "action": 0.07310773134231568,
            "observation": 0.2623655339082082
        }
    },
    "70": {
        "BestCoverage": 0.75,
        "TestInsertProbability": {
            "action": -0.00896399021148682,
            "observation": 0.3354732652505239
        }
    },
    "75": {
        "BestCoverage": 0.75,
        "TestInsertProbability": {
            "action": 0.08830599784851076,
            "observation": 0.3265092750390371
        }
    },
    "80": {
        "BestCoverage": 0.75,
        "TestInsertProbability": {
            "action": 0.007844424247741705,
            "observation": 0.4148152728875478
        }
    },
    "85": {
        "BestCoverage": 0.75,
        "TestInsertProbability": {
            "action": 0.05635740756988525,
            "observation": 0.4226596971352895
        }
    },
    "90": {
        "BestCoverage": 0.75,
        "TestInsertProbability": {
            "action": 0.0585932731628418,
            "observation": 0.4790171047051748
        }
    },
    "95": {
        "BestCoverage": 0.75,
        "TestInsertProbability": {
            "action": 0.026008141040802013,
            "observation": 0.5376103778680166
        }
    },
    "100": {
        "BestCoverage": 0.75,
        "TestInsertProbability": {
            "action": 0.06191558837890626,
            "observation": 0.5636185189088185
        }
    },
    "105": {
        "BestCoverage": 0.75,
        "TestInsertProbability": {
            "action": -0.09796640276908875,
            "observation": 0.6255341072877247
        }
    },
    "110": {
        "BestCoverage": 0.75,
        "TestInsertProbability": {
            "action": -0.047405040264129644,
            "observation": 0.527567704518636
        }
    },
    "115": {
        "BestCoverage": 0.75,
        "TestInsertProbability": {
            "action": -0.02113993167877197,
            "observation": 0.4801626642545064
        }
    },
    "120": {
        "BestCoverage": 0.75,
        "TestInsertProbability": {
            "action": 0.09612100124359133,
            "observation": 0.4590227325757344
        }
    },
    "125": {
        "BestCoverage": 0.75,
        "TestInsertProbability": {
            "action": -0.05356668829917908,
            "observation": 0.5551437338193257
        }
    },
    "130": {
        "BestCoverage": 0.75,
        "TestInsertProbability": {
            "action": -0.00896191000938415,
            "observation": 0.5015770455201466
        }
    },
    "135": {
        "BestCoverage": 0.75,
        "TestInsertProbability": {
            "action": -0.09720439910888673,
            "observation": 0.4926151355107624
        }
    },
    "140": {
        "BestCoverage": 0.75,
        "TestInsertProbability": {
            "action": 0.0046433687210083036,
            "observation": 0.3954107364018757
        }
    },
    "145": {
        "BestCoverage": 0.75,
        "TestInsertProbability": {
            "action": 0.008442115783691403,
            "observation": 0.400054105122884
        }
    },
    "150": {
        "BestCoverage": 0.75,
        "TestInsertProbability": {
            "action": 0.08384441137313844,
            "observation": 0.4084962209065754
        }
    },
    "155": {
        "BestCoverage": 0.75,
        "TestInsertProbability": {
            "action": -0.009862411022186282,
            "observation": 0.4923406322797138
        }
    },
    "160": {
        "BestCoverage": 0.75,
        "TestInsertProbability": {
            "action": -0.011121112108230594,
            "observation": 0.48247822125752754
        }
    },
    "165": {
        "BestCoverage": 0.75,
        "TestInsertProbability": {
            "action": -0.0781458079814911,
            "observation": 0.47135710914929696
        }
    },
    "170": {
        "BestCoverage": 0.75,
        "TestInsertProbability": {
            "action": -0.012536984682083127,
            "observation": 0.3932113011678059
        }
    },
    "175": {
        "BestCoverage": 0.75,
        "TestInsertProbability": {
            "action": 0.06170226335525514,
            "observation": 0.38067431648572275
        }
    },
    "180": {
        "BestCoverage": 0.75,
        "TestInsertProbability": {
            "action": -0.014563357830047613,
            "observation": 0.4423765798409779
        }
    },
    "185": {
        "BestCoverage": 0.75,
        "TestInsertProbability": {
            "action": -0.021488815546035767,
            "observation": 0.4278132220109303
        }
    },
    "190": {
        "BestCoverage": 0.75,
        "TestInsertProbability": {
            "action": -0.03364225625991822,
            "observation": 0.40632440646489454
        }
    },
    "195": {
        "BestCoverage": 0.75,
        "TestInsertProbability": {
            "action": 0.027897977828979487,
            "observation": 0.3726821502049763
        }
    },
    "200": {
        "BestCoverage": 0.75,
        "TestInsertProbability": {
            "action": -0.09602267146110535,
            "observation": 0.4005801280339558
        }
    },
    "205": {
        "BestCoverage": 0.75,
        "TestInsertProbability": {
            "action": 0.008053350448608401,
            "observation": 0.3045574565728505
        }
    },
    "210": {
        "BestCoverage": 0.75,
        "TestInsertProbability": {
            "action": 0.06947691440582277,
            "observation": 0.3126108070214589
        }
    },
    "215": {
        "BestCoverage": 0.75,
        "TestInsertProbability": {
            "action": -0.05461827516555787,
            "observation": 0.38208772142728165
        }
    },
    "220": {
        "BestCoverage": 0.75,
        "TestInsertProbability": {
            "action": 0.010849237442016602,
            "observation": 0.3274694462617238
        }
    },
    "225": {
        "BestCoverage": 0.75,
        "TestInsertProbability": {
            "action": 0.07620549201965332,
            "observation": 0.3383186837037404
        }
    },
    "230": {
        "BestCoverage": 0.75,
        "TestInsertProbability": {
            "action": -0.014877343177795405,
            "observation": 0.41452417572339373
        }
    },
    "235": {
        "BestCoverage": 0.75,
        "TestInsertProbability": {
            "action": 0.022351002693176275,
            "observation": 0.3996468325455983
        }
    },
    "240": {
        "BestCoverage": 0.75,
        "TestInsertProbability": {
            "action": -0.02705723643302918,
            "observation": 0.42199783523877454
        }
    },
    "245": {
        "BestCoverage": 0.75,