{
    "20": {
        "BestCoverage": 0.75,
        "Population": {
            "action": 7.192359924316406,
            "observation": 50
        }
    },
    "25": {
        "BestCoverage": 0.75,
        "Population": {
            "action": 7.218633651733398,
            "observation": 57
        }
    },
    "30": {
        "BestCoverage": 0.75,
        "Population": {
            "action": 0.7583198547363281,
            "observation": 64
        }
    },
    "35": {
        "BestCoverage": 0.75,
        "Population": {
            "action": -3.6563029289245605,
            "observation": 65
        }
    },
    "40": {
        "BestCoverage": 0.75,
        "Population": {
            "action": -4.650263786315918,
            "observation": 61
        }
    },
    "45": {
        "BestCoverage": 0.75,
        "Population": {
            "action": 3.863938331604004,
            "observation": 56
        }
    },
    "50": {
        "BestCoverage": 0.75,
        "Population": {
            "action": -6.73990535736084,
            "observation": 60
        }
    },
    "55": {
        "BestCoverage": 0.75,
        "Population": {
            "action": 0.30419921875,
            "observation": 53
        }
    },
    "60": {
        "BestCoverage": 0.75,
        "Population": {
            "action": -0.3275308609008789,
            "observation": 53
        }
    },
    "65": {
        "BestCoverage": 0.75,
        "Population": {
            "action": -3.8754382133483887,
            "observation": 53
        }
    },
    "70": {
        "BestCoverage": 0.75,
        "Population": {
            "action": 3.0797119140625,
            "observation": 49
        }
    },
    "75": {
        "BestCoverage": 0.75,
        "Population": {
            "action": -5.608438491821289,
            "observation": 52
        }
    },
    "80": {
        "BestCoverage": 0.75,
        "Population": {
            "action": 6.556543350219727,
            "observation": 46
        }
    },
    "85": {
        "BestCoverage": 0.75,
        "Population": {
            "action": 1.082270622253418,
            "observation": 53
        }
    },
    "90": {
        "BestCoverage": 0.75,
        "Population": {
            "action": 1.8585758209228516,
            "observation": 54
        }
    },
    "95": {
        "BestCoverage": 0.75,
        "Population": {
            "action": -7.183719158172607,
            "observation": 56
        }
    },
    "100": {
        "BestCoverage": 0.75,
        "Population": {
            "action": 1.2880001068115234,
            "observation": 49
        }
    },
    "105": {
        "BestCoverage": 0.75,
        "Population": {
            "action": 4.638736724853516,
            "observation": 50
        }
    },
    "110": {
        "BestCoverage": 0.75,
        "Population": {
            "action": 4.687707901000977,
            "observation": 55
        }
    },
    "115": {
        "BestCoverage": 0.75,
        "Population": {
            "action": 1.9534549713134766,
            "observation": 60
        }
    },
    "120": {
        "BestCoverage": 0.75,
        "Population": {
            "action": 4.711080551147461,
            "observation": 62
        }
    },
    "125": {
        "BestCoverage": 0.75,
        "Population": {
            "action": -2.3068556785583496,
            "observation": 67
        }
    },
    "130": {
        "BestCoverage": 0.75,
        "Population": {
            "action": -4.566349506378174,
            "observation": 65
        }
    },
    "135": {
        "BestCoverage": 0.75,
        "Population": {
            "action": 7.412256240844727,
            "observation": 60
        }
    },
    "140": {
        "BestCoverage": 0.75,
        "Population": {
            "action": -4.783237457275391,
            "observation": 67
        }
    },
    "145": {
        "BestCoverage": 0.75,
        "Population": {
            "action": 1.7421693801879883,
            "observation": 62
        }
    },
    "150": {
        "BestCoverage": 0.75,
        "Population": {
            "action": 7.155858039855957,
            "observation": 64
        }
    },
    "155": {
        "BestCoverage": 0.75,
        "Population": {
            "action": -0.9155120849609375,
            "observation": 71
        }
    },
    "160": {
        "BestCoverage": 0.75,
        "Population": {
            "action": 6.490638732910156,
            "observation": 70
        }
    },
    "165": {
        "BestCoverage": 0.75,
        "Population": {
            "action": 6.166563034057617,
            "observation": 76
        }
    },
    "170": {
        "BestCoverage": 0.75,
        "Population": {
            "action": -7.164453983306885,
            "observation": 82
        }
    },
    "175": {
        "BestCoverage": 0.75,
        "Population": {
            "action": 0.5065574645996094,
            "observation": 75
        }
    },
    "180": {
        "BestCoverage": 0.75,
        "Population": {
            "action": 5.365008354187012,
            "observation": 76
        }
    },
    "185": {
        "BestCoverage": 0.75,
        "Population": {
            "action": 5.906179428100586,
            "observation": 81
        }
    },
    "190": {
        "BestCoverage": 0.75,
        "Population": {
            "action": -0.9525384902954102,
            "observation": 87
        }
    },
    "195": {
        "BestCoverage": 0.75,
        "Population": {
            "action": -3.940739631652832,
            "observation": 86
        }
    },
    "200": {
        "BestCoverage": 0.75,
        "Population": {
            "action": 2.550363540649414,
            "observation": 82
        }
    },
    "205": {
        "BestCoverage": 0.75,
        "Population": {
            "action": 4.595952033996582,
            "observation": 85
        }
    },
    "210": {
        "BestCoverage": 0.75,
        "Population": {
            "action": -4.850621700286865,
            "observation": 90
        }
    },
    "215": {
        "BestCoverage": 0.75,
        "Population": {
            "action": -3.2329721450805664,
            "observation": 85
        }
    },
    "220": {
        "BestCoverage": 0.75,
        "Population": {
            "action": -2.613420009613037,
            "observation": 82
        }
    },
    "225": {
        "BestCoverage": 0.75,
        "Population": {
            "action": -3.2804126739501953,
            "observation": 79
        }
    },
    "230": {
        "BestCoverage": 0.75,
        "Population": {
            "action": 7.517979621887207,
            "observation": 76
        }
    },
    "235": {
        "BestCoverage": 0.75,
        "Population": {
            "action": -0.09303617477416992,
            "observation": 84
        }
    },
    "240": {
        "BestCoverage": 0.75,
        "Population": {
            "action": 0.5661230087280273,
            "observation": 84
        }
    },
    "245": {
        "BestCoverage": 0.75,
        "Population": {
            "action": -0.7068510055541992,
            "observation": 85
        }
    },
    "250": {
        "BestCoverage": 0.75,
        "Population": {
            "action": 5.198602676391602,
            "observation": 84
        }
    },
    "255": {
        "BestCoverage": 0.75,
        "Population": {
            "action": -5.928723335266113,
            "observation": 89
        }
    },
    "260": {
        "BestCoverage": 0.75,
        "Population": {
            "action": 6.621328353881836,
            "observation": 83
        }
    },
    "265": {
        "BestCoverage": 0.75,
        "Population": {
            "action": 0.32858848571777344,
            "observation": 90
        }
    },
    "270": {
        "BestCoverage": 0.75,
        "Population": {
            "action": -7.690229415893555,
            "observation": 90
        }
    },
    "275": {
        "BestCoverage": 0.75,