{
    "15": {
        "BestCoverage": 0.8,
        "TestInsertProbability": {
            "action": -0.05731477737426758,
            "observation": 0.3333333333333333
        }
    },
    "20": {
        "BestCoverage": 0.8,
        "TestInsertProbability": {
            "action": -0.06101690530776978,
            "observation": 0.2760185559590657
        }
    },
    "25": {
        "BestCoverage": 0.8,
        "TestInsertProbability": {
            "action": 0.008723056316375738,
            "observation": 0.21500165065129595
        }
    },
    "30": {
        "BestCoverage": 0.8,
        "TestInsertProbability": {
            "action": -0.07795941829681396,
            "observation": 0.2237247069676717
        }
    },
    "35": {
        "BestCoverage": 0.8,
        "TestInsertProbability": {
            "action": -0.04370503425598145,
            "observation": 0.14576528867085772
        }
    },
    "40": {
        "BestCoverage": 0.8,
        "TestInsertProbability": {
            "action": -0.016163575649261477,
            "observation": 0.10206025441487628
        }
    },
    "45": {
        "BestCoverage": 0.8,
        "TestInsertProbability": {
            "action": 0.08843046426773071,
            "observation": 0.0858966787656148
        }
    },
    "50": {
        "BestCoverage": 0.8,
        "TestInsertProbability": {
            "action": 0.08341960906982424,
            "observation": 0.1743271430333455
        }
    },
    "55": {
        "BestCoverage": 0.8,
        "TestInsertProbability": {
            "action": -0.054038470983505255,
            "observation": 0.2577467521031698
        }
    },
    "60": {
        "BestCoverage": 0.8,
        "TestInsertProbability": {
            "action": 0.025487542152404785,
            "observation": 0.20370828111966452
        }
    },
    "65": {
        "BestCoverage": 0.8,
        "TestInsertProbability": {
            "action": 0.017063331604003903,
            "observation": 0.2291958232720693
        }
    },
    "70": {
        "BestCoverage": 0.8,
        "TestInsertProbability": {
            "action": -0.06692630052566528,
            "observation": 0.2462591548760732
        }
    },
    "75": {
        "BestCoverage": 0.8,
        "TestInsertProbability": {
            "action": 0.0516063928604126,
            "observation": 0.1793328543504079
        }
    },
    "80": {
        "BestCoverage": 0.8,
        "TestInsertProbability": {
            "action": 0.0960140347480774,
            "observation": 0.23093924721082051
        }
    },
    "85": {
        "BestCoverage": 0.8,
        "TestInsertProbability": {
            "action": 0.09909753799438478,
            "observation": 0.32695328195889795
        }
    },
    "90": {
        "BestCoverage": 0.8,
        "TestInsertProbability": {
            "action": 0.04060124158859252,
            "observation": 0.42605081995328276
        }
    },
    "95": {
        "BestCoverage": 0.8,
        "TestInsertProbability": {
            "action": -0.08199348449707032,
            "observation": 0.4666520615418753
        }
    },
    "100": {
        "BestCoverage": 0.8,
        "TestInsertProbability": {
            "action": -0.04192301630973816,
            "observation": 0.38465857704480494
        }
    },
    "105": {
        "BestCoverage": 0.8,
        "TestInsertProbability": {
            "action": -0.06660544872283936,
            "observation": 0.3427355607350668
        }
    },
    "110": {
        "BestCoverage": 0.8,
        "TestInsertProbability": {
            "action": -0.09075310230255128,
            "observation": 0.2761301120122274
        }
    },
    "115": {
        "BestCoverage": 0.8,
        "TestInsertProbability": {
            "action": 0.014052617549896243,
            "observation": 0.18537700970967613
        }
    },
    "120": {
        "BestCoverage": 0.8,
        "TestInsertProbability": {
            "action": 0.04059346914291381,
            "observation": 0.19942962725957236
        }
    },
    "125": {
        "BestCoverage": 0.8,
        "TestInsertProbability": {
            "action": 0.05967222452163698,
            "observation": 0.24002309640248617
        }
    },
    "130": {
        "BestCoverage": 0.8,
        "TestInsertProbability": {
            "action": -0.09839978814125061,
            "observation": 0.29969532092412315
        }
    },
    "135": {
        "BestCoverage": 0.8,
        "TestInsertProbability": {
            "action": 0.015614759922027585,
            "observation": 0.20129553278287254
        }
    },
    "140": {
        "BestCoverage": 0.8,
        "TestInsertProbability": {
            "action": 0.08668527603149415,
            "observation": 0.21691029270490014
        }
    },
    "145": {
        "BestCoverage": 0.8,
        "TestInsertProbability": {
            "action": 0.06821669340133668,
            "observation": 0.30359556873639426
        }
    },
    "150": {
        "BestCoverage": 0.8,
        "TestInsertProbability": {
            "action": 0.008038997650146484,
            "observation": 0.37181226213773094
        }
    },
    "155": {
        "BestCoverage": 0.8,
        "TestInsertProbability": {
            "action": -0.09539639353752137,
            "observation": 0.3798512597878774
        }
    },
    "160": {
        "BestCoverage": 0.8,
        "TestInsertProbability": {
            "action": 0.040257191658020025,
            "observation": 0.28445486625035604
        }
    },
    "165": {
        "BestCoverage": 0.8,
        "TestInsertProbability": {
            "action": -0.06618332862854004,
            "observation": 0.3247120579083761
        }
    },
    "170": {
        "BestCoverage": 0.8,
        "TestInsertProbability": {
            "action": -0.04959686398506165,
            "observation": 0.25852872927983606
        }
    },
    "175": {
        "BestCoverage": 0.8,
        "TestInsertProbability": {
            "action": 0.0982046365737915,
            "observation": 0.20893186529477442
        }
    },
    "180": {
        "BestCoverage": 0.8,
        "TestInsertProbability": {
            "action": -0.021270310878753668,
            "observation": 0.3071365018685659
        }
    },
    "185": {
        "BestCoverage": 0.8,
        "TestInsertProbability": {
            "action": -0.07332956194877625,
            "observation": 0.28586619098981225
        }
    },
    "190": {
        "BestCoverage": 0.8,
        "TestInsertProbability": {
            "action": 0.012980723381042475,
            "observation": 0.21253662904103598
        }
    },
    "195": {
        "BestCoverage": 0.8,
        "TestInsertProbability": {
            "action": -0.053100001811981205,
            "observation": 0.22551735242207846
        }
    },
    "200": {
        "BestCoverage": 0.8,
        "TestInsertProbability": {
            "action": 0.03969701528549194,
            "observation": 0.17241735061009725
        }
    },
    "205": {
        "BestCoverage": 0.8,
        "TestInsertProbability": {
            "action": -0.0354869544506073,
            "observation": 0.21211436589558919
        }
    },
    "210": {
        "BestCoverage": 0.8,
        "TestInsertProbability": {
            "action": -0.09182704091072083,
            "observation": 0.1766274114449819
        }
    },
    "215": {
        "BestCoverage": 0.8,
        "TestInsertProbability": {
            "action": -0.043689179420471194,
            "observation": 0.08480037053426107
        }
    },
    "220": {
        "BestCoverage": 0.8,
        "TestInsertProbability": {
            "action": 0.07082819938659668,
            "observation": 0.04111119111378987
        }
    },
    "225": {
        "BestCoverage": 0.8,
        "TestInsertProbability": {
            "action": -0.004723107814788824,
            "observation": 0.11193939050038655
        }
    },
    "230": {
        "BestCoverage": 0.8,