{
    "15": {
        "BestCoverage": 0.8,
        "TestInsertionProbability": {
            "action": 0.03934069871902465,
            "observation": 0.1
        }
    },
    "20": {
        "BestCoverage": 0.8,
        "TestInsertionProbability": {
            "action": 0.043214011192321766,
            "observation": 0.13934069871902466
        }
    },
    "25": {
        "BestCoverage": 0.8,
        "TestInsertionProbability": {
            "action": -0.01646739840507508,
            "observation": 0.18255470991134642
        }
    },
    "30": {
        "BestCoverage": 0.8,
        "TestInsertionProbability": {
            "action": -0.016406983137130737,
            "observation": 0.16608731150627135
        }
    },
    "35": {
        "BestCoverage": 0.8,
        "TestInsertionProbability": {
            "action": 0.0371478796005249,
            "observation": 0.1496803283691406
        }
    },
    "40": {
        "BestCoverage": 0.8,
        "TestInsertionProbability": {
            "action": -0.030713862180709844,
            "observation": 0.1868282079696655
        }
    },
    "45": {
        "BestCoverage": 0.8,
        "TestInsertionProbability": {
            "action": 0.04161137342453003,
            "observation": 0.15611434578895567
        }
    },
    "50": {
        "BestCoverage": 0.8,
        "TestInsertionProbability": {
            "action": 0.01909282207489013,
            "observation": 0.1977257192134857
        }
    },
    "55": {
        "BestCoverage": 0.8,
        "TestInsertionProbability": {
            "action": -0.09971038103103638,
            "observation": 0.21681854128837583
        }
    },
    "60": {
        "BestCoverage": 0.8,
        "TestInsertionProbability": {
            "action": -0.010699379444122317,
            "observation": 0.11710816025733944
        }
    },
    "65": {
        "BestCoverage": 0.8,
        "TestInsertionProbability": {
            "action": -0.034664154052734375,
            "observation": 0.10640878081321713
        }
    },
    "70": {
        "BestCoverage": 0.8,
        "TestInsertionProbability": {
            "action": -0.028305184841156003,
            "observation": 0.07174462676048275
        }
    },
    "75": {
        "BestCoverage": 0.8,
        "TestInsertionProbability": {
            "action": 0.014690494537353521,
            "observation": 0.04343944191932675
        }
    },
    "80": {
        "BestCoverage": 0.8,
        "TestInsertionProbability": {
            "action": 0.07711325883865358,
            "observation": 0.05812993645668027
        }
    },
    "85": {
        "BestCoverage": 0.8,
        "TestInsertionProbability": {
            "action": -0.06653709411621095,
            "observation": 0.13524319529533385
        }
    },
    "90": {
        "BestCoverage": 0.8,
        "TestInsertionProbability": {
            "action": -0.010431927442550656,
            "observation": 0.0687061011791229
        }
    },
    "95": {
        "BestCoverage": 0.8,
        "TestInsertionProbability": {
            "action": -0.051934909820556645,
            "observation": 0.058274173736572246
        }
    },
    "100": {
        "BestCoverage": 0.8,
        "TestInsertionProbability": {
            "action": 0.007340455055236811,
            "observation": 0.006339263916015601
        }
    },
    "105": {
        "BestCoverage": 0.8,
        "TestInsertionProbability": {
            "action": 0.05365414619445802,
            "observation": 0.013679718971252412
        }
    },
    "110": {
        "BestCoverage": 0.8,
        "TestInsertionProbability": {
            "action": -0.04818207025527954,
            "observation": 0.06733386516571044
        }
    },
    "115": {
        "BestCoverage": 0.8,
        "TestInsertionProbability": {
            "action": -0.04640719294548035,
            "observation": 0.019151794910430897
        }
    },
    "120": {
        "BestCoverage": 0.8,
        "TestInsertionProbability": {
            "action": -0.08246395587921143,
            "observation": 0.0
        }
    },
    "125": {
        "BestCoverage": 0.8,
        "TestInsertionProbability": {
            "action": 0.003189647197723383,
            "observation": 0.0
        }
    },
    "130": {
        "BestCoverage": 0.8,
        "TestInsertionProbability": {
            "action": 0.010809898376464844,
            "observation": 0.003189647197723383
        }
    },
    "135": {
        "BestCoverage": 0.8,
        "TestInsertionProbability": {
            "action": -0.08723154067993165,
            "observation": 0.013999545574188227
        }
    },
    "140": {
        "BestCoverage": 0.8,
        "TestInsertionProbability": {
            "action": 0.014373326301574701,
            "observation": 0.0
        }
    },
    "145": {
        "BestCoverage": 0.8,
        "TestInsertionProbability": {
            "action": -0.04881274700164795,
            "observation": 0.014373326301574701
        }
    },
    "150": {
        "BestCoverage": 0.8,
        "TestInsertionProbability": {
            "action": 0.05514745712280275,
            "observation": 0.0
        }
    },
    "155": {
        "BestCoverage": 0.8,
        "TestInsertionProbability": {
            "action": 0.007081294059753412,
            "observation": 0.05514745712280275
        }
    },
    "160": {
        "BestCoverage": 0.8,
        "TestInsertionProbability": {
            "action": 0.018368673324584958,
            "observation": 0.06222875118255616
        }
    },
    "165": {
        "BestCoverage": 0.8,
        "TestInsertionProbability": {
            "action": -0.00953682661056518,
            "observation": 0.08059742450714112
        }
    },
    "170": {
        "BestCoverage": 0.8,
        "TestInsertionProbability": {
            "action": -0.052312374114990234,
            "observation": 0.07106059789657594
        }
    },
    "175": {
        "BestCoverage": 0.8,
        "TestInsertionProbability": {
            "action": 0.032364809513092035,
            "observation": 0.018748223781585707
        }
    },
    "180": {
        "BestCoverage": 0.8,
        "TestInsertionProbability": {
            "action": 0.03313829898834228,
            "observation": 0.05111303329467774
        }
    },
    "185": {
        "BestCoverage": 0.8,
        "TestInsertionProbability": {
            "action": -0.03312062025070191,
            "observation": 0.08425133228302002
        }
    },
    "190": {
        "BestCoverage": 0.8,
        "TestInsertionProbability": {
            "action": -0.014490962028503418,
            "observation": 0.051130712032318115
        }
    },
    "195": {
        "BestCoverage": 0.8,
        "TestInsertionProbability": {
            "action": -0.0001989901065826416,
            "observation": 0.0366397500038147
        }
    },
    "200": {
        "BestCoverage": 0.8,
        "TestInsertionProbability": {
            "action": -0.019343113899230963,
            "observation": 0.036440759897232056
        }
    },
    "205": {
        "BestCoverage": 0.8,
        "TestInsertionProbability": {
            "action": 0.039926111698150635,
            "observation": 0.017097645998001093
        }
    },
    "210": {
        "BestCoverage": 0.8,
        "TestInsertionProbability": {
            "action": -0.0715513527393341,
            "observation": 0.05702375769615173
        }
    },
    "215": {
        "BestCoverage": 0.8,
        "TestInsertionProbability": {
            "action": 0.03897397518157958,
            "observation": 0.0
        }
    },
    "220": {
        "BestCoverage": 0.8,
        "TestInsertionProbability": {
            "action": 0.09246664047241213,
            "observation": 0.03897397518157958
        }
    },
    "225": {
        "BestCoverage": 0.8,
        "TestInsertionProbability": {
            "action": -0.003545057773590085,
            "observation": 0.1314406156539917
        }
    },