{
    "15": {
        "BestCoverage": 0.8,
        "CrossoverRate": {
            "action": -0.03562160134315491,
            "observation": 0.75
        }
    },
    "20": {
        "BestCoverage": 0.8,
        "CrossoverRate": {
            "action": 0.011404609680175787,
            "observation": 0.714378398656845
        }
    },
    "25": {
        "BestCoverage": 0.8,
        "CrossoverRate": {
            "action": -0.033745324611663824,
            "observation": 0.7257830083370208
        }
    },
    "30": {
        "BestCoverage": 0.8,
        "CrossoverRate": {
            "action": -0.08620166778564453,
            "observation": 0.692037683725357
        }
    },
    "35": {
        "BestCoverage": 0.8,
        "CrossoverRate": {
            "action": 0.08574607372283935,
            "observation": 0.6058360159397125
        }
    },
    "40": {
        "BestCoverage": 0.8,
        "CrossoverRate": {
            "action": -0.06066354513168335,
            "observation": 0.6915820896625519
        }
    },
    "45": {
        "BestCoverage": 0.8,
        "CrossoverRate": {
            "action": -0.09142895936965943,
            "observation": 0.6309185445308685
        }
    },
    "50": {
        "BestCoverage": 0.8,
        "CrossoverRate": {
            "action": -0.028309720754623416,
            "observation": 0.539489585161209
        }
    },
    "55": {
        "BestCoverage": 0.8,
        "CrossoverRate": {
            "action": 0.012053823471069341,
            "observation": 0.5111798644065856
        }
    },
    "60": {
        "BestCoverage": 0.8,
        "CrossoverRate": {
            "action": -0.027789175510406494,
            "observation": 0.5232336878776549
        }
    },
    "65": {
        "BestCoverage": 0.8,
        "CrossoverRate": {
            "action": 0.08888164758682252,
            "observation": 0.4954445123672484
        }
    },
    "70": {
        "BestCoverage": 0.8,
        "CrossoverRate": {
            "action": -0.015833967924118036,
            "observation": 0.5843261599540709
        }
    },
    "75": {
        "BestCoverage": 0.8,
        "CrossoverRate": {
            "action": -0.0019639372825622503,
            "observation": 0.5684921920299528
        }
    },
    "80": {
        "BestCoverage": 0.8,
        "CrossoverRate": {
            "action": 0.08073679208755494,
            "observation": 0.5665282547473905
        }
    },
    "85": {
        "BestCoverage": 0.8,
        "CrossoverRate": {
            "action": 0.09105308055877687,
            "observation": 0.6472650468349455
        }
    },
    "90": {
        "BestCoverage": 0.8,
        "CrossoverRate": {
            "action": 0.02475805282592773,
            "observation": 0.7383181273937223
        }
    },
    "95": {
        "BestCoverage": 0.8,
        "CrossoverRate": {
            "action": 0.07088189125061037,
            "observation": 0.76307618021965
        }
    },
    "100": {
        "BestCoverage": 0.8,
        "CrossoverRate": {
            "action": 0.06615090370178223,
            "observation": 0.8339580714702604
        }
    },
    "105": {
        "BestCoverage": 0.8,
        "CrossoverRate": {
            "action": -0.0234851062297821,
            "observation": 0.9001089751720426
        }
    },
    "110": {
        "BestCoverage": 0.8,
        "CrossoverRate": {
            "action": -0.023143064975738523,
            "observation": 0.8766238689422605
        }
    },
    "115": {
        "BestCoverage": 0.8,
        "CrossoverRate": {
            "action": 0.04771068096160888,
            "observation": 0.853480803966522
        }
    },
    "120": {
        "BestCoverage": 0.8,
        "CrossoverRate": {
            "action": 0.041184186935424805,
            "observation": 0.901191484928131
        }
    },
    "125": {
        "BestCoverage": 0.8,
        "CrossoverRate": {
            "action": 0.0872065305709839,
            "observation": 0.9423756718635558
        }
    },
    "130": {
        "BestCoverage": 0.8,
        "CrossoverRate": {
            "action": 0.0875686526298523,
            "observation": 1.0
        }
    },
    "135": {
        "BestCoverage": 0.8,
        "CrossoverRate": {
            "action": -0.022906172275543216,
            "observation": 1.0
        }
    },
    "140": {
        "BestCoverage": 0.8,
        "CrossoverRate": {
            "action": 0.09774106740951538,
            "observation": 0.9770938277244567
        }
    },
    "145": {
        "BestCoverage": 0.8,
        "CrossoverRate": {
            "action": 0.003358256816864011,
            "observation": 1.0
        }
    },
    "150": {
        "BestCoverage": 0.8,
        "CrossoverRate": {
            "action": -0.09316441416740417,
            "observation": 1.0
        }
    },
    "155": {
        "BestCoverage": 0.8,
        "CrossoverRate": {
            "action": -0.042226099967956544,
            "observation": 0.9068355858325958
        }
    },
    "160": {
        "BestCoverage": 0.8,
        "CrossoverRate": {
            "action": 0.023034906387329107,
            "observation": 0.8646094858646393
        }
    },
    "165": {
        "BestCoverage": 0.8,
        "CrossoverRate": {
            "action": -0.04359707832336426,
            "observation": 0.8876443922519683
        }
    },
    "170": {
        "BestCoverage": 0.8,
        "CrossoverRate": {
            "action": 0.0049977064132690485,
            "observation": 0.8440473139286041
        }
    },
    "175": {
        "BestCoverage": 0.8,
        "CrossoverRate": {
            "action": -0.08898683786392213,
            "observation": 0.8490450203418731
        }
    },
    "180": {
        "BestCoverage": 0.8,
        "CrossoverRate": {
            "action": 0.06985912322998047,
            "observation": 0.760058182477951
        }
    },
    "185": {
        "BestCoverage": 0.8,
        "CrossoverRate": {
            "action": 0.0255600929260254,
            "observation": 0.8299173057079314
        }
    },
    "190": {
        "BestCoverage": 0.8,
        "CrossoverRate": {
            "action": 0.02076137065887451,
            "observation": 0.8554773986339568
        }
    },
    "195": {
        "BestCoverage": 0.8,
        "CrossoverRate": {
            "action": -0.09252697229385376,
            "observation": 0.8762387692928313
        }
    },
    "200": {
        "BestCoverage": 0.8,
        "CrossoverRate": {
            "action": 0.067665696144104,
            "observation": 0.7837117969989775
        }
    },
    "205": {
        "BestCoverage": 0.8,
        "CrossoverRate": {
            "action": 0.07473995685577392,
            "observation": 0.8513774931430815
        }
    },
    "210": {
        "BestCoverage": 0.8,
        "CrossoverRate": {
            "action": -0.0041404664516448975,
            "observation": 0.9261174499988555
        }
    },
    "215": {
        "BestCoverage": 0.8,
        "CrossoverRate": {
            "action": 0.05241014957427978,
            "observation": 0.9219769835472106
        }
    },
    "220": {
        "BestCoverage": 0.8,
        "CrossoverRate": {
            "action": 0.05910367965698243,
            "observation": 0.9743871331214904
        }
    },
    "225": {
        "BestCoverage": 0.8,
        "CrossoverRate": {
            "action": -0.08419154286384584,
            "observation": 1.0
        }
    },
    "230": {
        "BestCoverage": 0.8,
        "CrossoverRate": {
            "action": -0.02575055360794068,
            "observation": 0.9158084571361542
        }
    },
    "235": {
        "BestCoverage": 0.8,
        "CrossoverRate": {
            "action": 0.051874399185180664,
            "observation": 0.8900579035282136
        }
    },
    "240": {
        "BestCoverage": 0.8,
        "CrossoverRate": {
            "action": 0.08013401031494141,
            "observation": 0.9419323027133942
        }
    },